Symbol,Name,Price (Intraday),Change,% Change,Volume,Avg Vol (3 month),Market Cap,Date
TCEHY,Tencent Holdings Limited,55.65,0.06,0.11,299325,3504000,501274000000,2026-09-27T15:35:34.425774
TCTZF,Tencent Holdings Limited,55.63,-0.16,-0.29,1900,10973,501094000000,2026-09-27T15:35:34.425774
IDCBY,Industrial and Commercial Bank of China Limited,19.2,-0.25,-1.29,227,50168,447000000000,2026-09-27T15:35:34.425774
SSNLF,"Samsung Electronics Co., Ltd.",65.21,0.0,0.0,200,25,428206000000,2026-09-27T15:35:34.425774
BAC,Bank of America Corporation,56.7,0.67,1.2,28142000,33074000,396489000000,2026-09-27T15:35:34.425774
KO,The Coca-Cola Company,87.81,-0.29,-0.33,12068000,15932000,377807000000,2026-09-27T15:35:34.425774
RHHBY,Roche Holding AG,54.45,-0.35,-0.64,131100,1998000,347071000000,2026-09-27T15:35:34.425774
HBCYF,HSBC Holdings plc,19.68,0.22,1.13,100,13255,336658000000,2026-09-27T15:35:34.425774
CICHY,China Construction Bank Corporation,24.3,-0.25,-1.02,400,70449,317844000000,2026-09-27T15:35:34.425774
JPM-PC,JPMorgan Chase & Co.,23.05,-0.02,-0.09,514684,191177,302365000000,2026-09-27T15:35:34.425774
NFLX,"Netflix, Inc.",71.14,-0.58,-0.8,23135000,37685000,296243000000,2026-09-27T15:35:34.425774
ACGBY,Agricultural Bank of China Limited,20.78,-0.22,-1.05,4121,27363,290906000000,2026-09-27T15:35:34.425774
JPM-PD,JPMorgan Chase & Co.,21.88,0.07,0.32,325802,192366,290689000000,2026-09-27T15:35:34.425774
CTATF,"Contemporary Amperex Technology Co., Limited",62.75,-0.99,-1.56,100,4639,290360000000,2026-09-27T15:35:34.425774
CYATY,"Contemporary Amperex Technology Co., Limited",15.56,-0.11,-0.7,32548,322328,288000000000,2026-09-27T15:35:34.425774
BABAF,Alibaba Group Holding Limited,14.19,0.4,2.86,200,91461,282153000000,2026-09-27T15:35:34.425774
SHEL,Shell plc,95.78,0.18,0.19,5057000,6252000,273190000000,2026-09-27T15:35:34.425774
RYDAF,Shell plc,47.13,0.38,0.81,2767,6668,268854000000,2026-09-27T15:35:34.425774
CGXYY,"China Galaxy Securities Co., Ltd.",24.23,0.0,0.0,4,4,264941000000,2026-09-27T15:35:34.425774
MUFG,"Mitsubishi UFJ Financial Group, Inc.",23.48,0.91,4.03,2877000,3038000,264285000000,2026-09-27T15:35:34.425774
MBFJF,"Mitsubishi UFJ Financial Group, Inc.",23.47,1.01,4.5,200,99758,264173000000,2026-09-27T15:35:34.425774
BML-PH,Bank of America Corporation,18.59,0.12,0.65,35525,29235,252051000000,2026-09-27T15:35:34.425774
WFC,Wells Fargo & Company,82.97,0.79,0.96,9336000,14158000,250901000000,2026-09-27T15:35:34.425774
BML-PG,Bank of America Corporation,18.53,-0.03,-0.16,6304,5946,250284000000,2026-09-27T15:35:34.425774
BACHY,Bank of China Limited,19.02,-0.13,-0.68,7439,51736,245139000000,2026-09-27T15:35:34.425774
BML-PL,Bank of America Corporation,19.82,0.11,0.56,18462,34231,244206000000,2026-09-27T15:35:34.425774
NSRGY,Nestlé S.A.,93.12,-0.76,-0.81,87758,385880,239525000000,2026-09-27T15:35:34.425774
NSRGF,Nestlé S.A.,91.75,-0.08,-0.09,257,10466,236001000000,2026-09-27T15:35:34.425774
LRLCY,L'Oréal S.A.,87.55,-0.13,-0.15,10190,150450,233167000000,2026-09-27T15:35:34.425774
TOYOF,Toyota Motor Corporation,19.56,0.78,4.15,1391,51753,231626000000,2026-09-27T15:35:34.425774
BML-PJ,Bank of America Corporation,19.79,0.2,1.02,501820,30205,228865000000,2026-09-27T15:35:34.425774
SFTBF,SoftBank Group Corp.,40.0,0.13,0.33,1160,9630,227957000000,2026-09-27T15:35:34.425774
BAC-PB,Bank of America Corporation,22.8,-0.09,-0.39,253358,126102,227890000000,2026-09-27T15:35:34.425774
SFTBY,SoftBank Group Corp.,19.75,0.19,0.97,533653,4091000,225107000000,2026-09-27T15:35:34.425774
LVMUY,"LVMH Moët Hennessy - Louis Vuitton, Société Européenne",91.1,0.2,0.22,58899,419128,224546000000,2026-09-27T15:35:34.425774
BAC-PK,Bank of America Corporation,22.19,-0.1,-0.45,76593,80821,222626000000,2026-09-27T15:35:34.425774
BHPLF,BHP Group Limited,43.59,0.0,0.0,500,98076,221566000000,2026-09-27T15:35:34.425774
BAC-PE,Bank of America Corporation,18.64,0.0,0.0,23488,31244,221404000000,2026-09-27T15:35:34.425774
BHP,BHP Group Limited,84.97,-0.12,-0.14,2964000,2528000,215949000000,2026-09-27T15:35:34.425774
SAN,"Banco Santander, S.A.",14.42,0.14,0.98,7992000,12361000,209038000000,2026-09-27T15:35:34.425774
BCDRF,"Banco Santander, S.A.",14.34,0.15,1.06,100,543201,207878000000,2026-09-27T15:35:34.425774
APH,Amphenol Corporation,84.09,1.01,1.22,10048000,12891000,207363000000,2026-09-27T15:35:34.425774
TTE,TotalEnergies SE,90.94,-0.95,-1.03,1557000,1576000,200820000000,2026-09-27T15:35:34.425774
VZ,Verizon Communications Inc.,47.08,-0.24,-0.51,13367000,25228000,195607000000,2026-09-27T15:35:34.425774
IDEXF,"Industria de Diseño Textil, S.A.",61.78,2.38,4.01,300,2352,192445000000,2026-09-27T15:35:34.425774
KXIAY,Kioxia Holdings Corporation,35.79,1.16,3.35,201675,2189000,190584000000,2026-09-27T15:35:34.425774
IDEXY,"Industria de Diseño Textil, S.A.",15.19,0.14,0.93,14510,416384,189268000000,2026-09-27T15:35:34.425774
SBGSY,Schneider Electric S.E.,66.75,0.32,0.48,23064,253553,188002000000,2026-09-27T15:35:34.425774
ALIZY,Allianz SE,48.35,0.66,1.38,18572,271420,183385000000,2026-09-27T15:35:34.425774
ABLZF,ABB Ltd,97.49,-1.51,-1.53,500,3398,176474000000,2026-09-27T15:35:34.425774
ABBNY,ABB Ltd,97.09,-0.79,-0.81,16591,299553,175750000000,2026-09-27T15:35:34.425774
EADSY,Airbus SE,55.14,-0.32,-0.58,14180,425998,174569000000,2026-09-27T15:35:34.425774
T,AT&T Inc.,25.38,-0.07,-0.28,22836000,56504000,173914000000,2026-09-27T15:35:34.425774
NVO,Novo Nordisk A/S,38.8,0.18,0.47,9850000,12158000,171371000000,2026-09-27T15:35:34.425774
SCHW,The Charles Schwab Corporation,99.03,-0.46,-0.46,7527000,8250000,171256000000,2026-09-27T15:35:34.425774
NONOF,Novo Nordisk A/S,38.66,0.26,0.68,100,96458,170753000000,2026-09-27T15:35:34.425774
SMFNF,"Sumitomo Mitsui Financial Group, Inc.",44.55,7.04,18.77,11,36574,169268000000,2026-09-27T15:35:34.425774
DBSDF,DBS Group Holdings Ltd,59.27,-1.96,-3.2,200,5179,168564000000,2026-09-27T15:35:34.425774
SMFG,"Sumitomo Mitsui Financial Group, Inc.",26.61,1.1,4.31,1924000,1546000,168508000000,2026-09-27T15:35:34.425774
WFC-PY,Wells Fargo & Company,20.28,-0.18,-0.88,59389,79618,165594000000,2026-09-27T15:35:34.425774
PFE,Pfizer Inc.,28.67,0.26,0.92,27182000,38183000,163410000000,2026-09-27T15:35:34.425774
CIHKY,"China Merchants Bank Co., Ltd.",32.21,-0.41,-1.26,1600,31100,162466000000,2026-09-27T15:35:34.425774
RYCEY,Rolls-Royce Holdings plc,19.71,-0.03,-0.15,151569,2387000,162264000000,2026-09-27T15:35:34.425774
BBVXF,"Banco Bilbao Vizcaya Argentaria, S.A.",29.22,1.39,4.99,659,12163,161245000000,2026-09-27T15:35:34.425774
SAFRY,Safran SA,96.53,0.8,0.84,10641,196195,159999000000,2026-09-27T15:35:34.425774
BBVA,"Banco Bilbao Vizcaya Argentaria, S.A.",28.87,0.4,1.4,1759000,1394000,159313000000,2026-09-27T15:35:34.425774
RYCEF,Rolls-Royce Holdings plc,19.31,-0.36,-1.83,1000,34882,158971000000,2026-09-27T15:35:34.425774
NEE,"NextEra Energy, Inc.",76.08,0.46,0.61,16431000,11015000,158701000000,2026-09-27T15:35:34.425774
HTHIY,"Hitachi, Ltd.",35.5,0.58,1.66,74401,529125,158528000000,2026-09-27T15:35:34.425774
HTHIF,"Hitachi, Ltd.",34.96,0.22,0.63,545,31315,156116000000,2026-09-27T15:35:34.425774
IBDSF,"Iberdrola, S.A.",23.39,0.2,0.86,8750,9236,156085000000,2026-09-27T15:35:34.425774
IBDRY,"Iberdrola, S.A.",93.16,0.82,0.89,6075,70293,155417000000,2026-09-27T15:35:34.425774
RIO,Rio Tinto Group,94.56,0.09,0.1,2126000,2356000,153789000000,2026-09-27T15:35:34.425774
BUD,Anheuser-Busch InBev SA/NV,78.0,0.58,0.75,2004000,2090000,153592000000,2026-09-27T15:35:34.425774
RTPPF,Rio Tinto Group,93.9,-2.44,-2.53,1171,952,152715000000,2026-09-27T15:35:34.425774
UBS,UBS Group AG,49.67,1.21,2.5,2613000,1848000,152077000000,2026-09-27T15:35:34.425774
BUDFF,Anheuser-Busch InBev SA/NV,77.0,-0.24,-0.31,200,23615,151623000000,2026-09-27T15:35:34.425774
DTEGY,Deutsche Telekom AG,30.9,0.26,0.85,60860,662703,149495000000,2026-09-27T15:35:34.425774
DTEGF,Deutsche Telekom AG,30.82,0.13,0.42,200,13926,149108000000,2026-09-27T15:35:34.425774
UNCFF,UniCredit S.p.A.,97.58,3.41,3.62,1292,2757,147146000000,2026-09-27T15:35:34.425774
UNCRY,UniCredit S.p.A.,48.07,0.87,1.84,22762,333158,144975000000,2026-09-27T15:35:34.425774
RCRUY,"Recruit Holdings Co., Ltd.",20.87,0.56,2.76,36335,547306,144929000000,2026-09-27T15:35:34.425774
UBER,"Uber Technologies, Inc.",69.62,0.4,0.58,10835000,18244000,142203000000,2026-09-27T15:35:34.425774
SMERY,Siemens Energy AG,32.68,0.05,0.15,48192,760133,139029000000,2026-09-27T15:35:34.425774
SNEJF,Sony Group Corporation,23.75,1.87,8.55,318,29361,138827000000,2026-09-27T15:35:34.425774
MZHOF,"Mizuho Financial Group, Inc.",57.27,4.27,8.06,7,10149,138628000000,2026-09-27T15:35:34.425774
SONY,Sony Group Corporation,23.55,0.56,2.44,2297000,4510000,137658000000,2026-09-27T15:35:34.425774
ISNPY,Intesa Sanpaolo S.p.A.,46.72,0.52,1.13,7918,165309,135204000000,2026-09-27T15:35:34.425774
UL,Unilever PLC,62.54,0.29,0.47,2724000,3923000,134665000000,2026-09-27T15:35:34.425774
MFG,"Mizuho Financial Group, Inc.",11.07,0.51,4.83,4251000,3487000,133981000000,2026-09-27T15:35:34.425774
FRCOY,"Fast Retailing Co., Ltd.",43.62,0.88,2.06,12173,171136,133848000000,2026-09-27T15:35:34.425774
UNLYF,Unilever PLC,61.4,-0.49,-0.79,336,5830,132210000000,2026-09-27T15:35:34.425774
PBR,Petróleo Brasileiro S.A. - Petrobras,20.37,-0.47,-2.26,14918000,18278000,131272000000,2026-09-27T15:35:34.425774
BMY,Bristol-Myers Squibb Company,62.86,1.36,2.21,10030000,10840000,128405000000,2026-09-27T15:35:34.425774
PBR-A,Petróleo Brasileiro S.A. - Petrobras,18.52,-0.47,-2.47,5974000,7002000,126797000000,2026-09-27T15:35:34.425774
IVSBF,Investor AB (publ),40.91,-0.44,-1.06,1474,17319,125329000000,2026-09-27T15:35:34.425774
BNPQY,BNP Paribas SA,57.07,0.65,1.15,10621,283719,125097000000,2026-09-27T15:35:34.425774
BTAFF,British American Tobacco p.l.c.,58.02,2.45,4.41,400,2738,124879000000,2026-09-27T15:35:34.425774
IVSXF,Investor AB (publ),40.56,0.0,0.0,245,447,124257000000,2026-09-27T15:35:34.425774
PNGAY,"Ping An Insurance (Group) Company of China, Ltd.",13.55,-0.09,-0.66,6623,240100,122679000000,2026-09-27T15:35:34.425774
CFRUY,Compagnie Financière Richemont SA,20.78,0.11,0.53,32306,490826,122174000000,2026-09-27T15:35:34.425774
AIQUY,L'Air Liquide S.A.,38.27,0.01,0.03,8984,267096,122113000000,2026-09-27T15:35:34.425774
MSBHF,Mitsubishi Corporation,33.3,2.22,7.14,508,7065,121968000000,2026-09-27T15:35:34.425774
CSUAY,China Shenhua Energy Company Limited,22.32,-0.56,-2.45,3333,17761,121027000000,2026-09-27T15:35:34.425774
BTI,British American Tobacco p.l.c.,55.63,-0.39,-0.7,2920000,4654000,119735000000,2026-09-27T15:35:34.425774
HDB,HDFC Bank Limited,23.01,0.18,0.79,4817000,9637000,118260000000,2026-09-27T15:35:34.425774
ASX,"ASE Technology Holding Co., Ltd.",44.31,0.81,1.86,4276000,8288000,115368000000,2026-09-27T15:35:34.425774
MO,"Altria Group, Inc.",68.82,-0.06,-0.09,5052000,8419000,114912000000,2026-09-27T15:35:34.425774
CVS,CVS Health Corporation,89.13,4.08,4.8,15723000,7570000,113995000000,2026-09-27T15:35:34.425774
BNS,The Bank of Nova Scotia,93.48,1.25,1.36,1512000,2245000,113936000000,2026-09-27T15:35:34.425774
MTSUY,Mitsubishi Corporation,31.1,0.52,1.7,28586,296204,113910000000,2026-09-27T15:35:34.425774
BP,BP p.l.c.,44.15,-0.26,-0.59,7826000,9285000,113704000000,2026-09-27T15:35:34.425774
MDT,Medtronic plc,88.64,0.85,0.97,12428000,8122000,113383000000,2026-09-27T15:35:34.425774
OVCHY,Oversea-Chinese Banking Corporation Limited,50.21,0.64,1.29,813,30877,112859000000,2026-09-27T15:35:34.425774
OVCHF,Oversea-Chinese Banking Corporation Limited,24.94,0.0,0.0,500,165,112139000000,2026-09-27T15:35:34.425774
ZIJMY,Zijin Mining Group Company Limited,83.54,0.32,0.38,8154,43026,111069000000,2026-09-27T15:35:34.425774
HNHPF,"Hon Hai Precision Industry Co., Ltd.",15.83,0.12,0.76,9204,27041,110902000000,2026-09-27T15:35:34.425774
PDD,PDD Holdings Inc.,77.57,-0.63,-0.81,3957000,6647000,110413000000,2026-09-27T15:35:34.425774
SBUX,Starbucks Corporation,94.86,1.21,1.29,7260000,6921000,108140000000,2026-09-27T15:35:34.425774
CIXPF,"CaixaBank, S.A.",15.44,0.0,0.0,100,47,107238000000,2026-09-27T15:35:34.425774
WFC-PC,Wells Fargo & Company,15.7,0.03,0.19,146797,117708,106318000000,2026-09-27T15:35:34.425774
AXAHY,AXA SA,50.3,0.2,0.4,976,88320,105175000000,2026-09-27T15:35:34.425774
ZURVY,Zurich Insurance Group AG,35.17,0.19,0.54,10824,99268,105066000000,2026-09-27T15:35:34.425774
AXAHF,AXA SA,49.92,0.0,0.0,300,1061,104381000000,2026-09-27T15:35:34.425774
ENB,Enbridge Inc.,46.74,-0.61,-1.29,4651000,5001000,104176000000,2026-09-27T15:35:34.425774
ING,ING Groep N.V.,36.55,0.44,1.22,2140000,2156000,104082000000,2026-09-27T15:35:34.425774
FCX,Freeport-McMoRan Inc.,72.31,0.23,0.32,7496000,13729000,103838000000,2026-09-27T15:35:34.425774
ESOCF,Enel SpA,10.45,0.02,0.19,3096,9379,103671000000,2026-09-27T15:35:34.425774
ATLKY,Atlas Copco AB (publ),20.99,0.3,1.45,19355,306565,102402000000,2026-09-27T15:35:34.425774
TKOMF,"Tokio Marine Holdings, Inc.",53.83,-1.46,-2.64,1,22539,102265000000,2026-09-27T15:35:34.425774
STOHF,Equinor ASA,43.01,0.0,0.0,100,46861,101957000000,2026-09-27T15:35:34.425774
ITOCF,ITOCHU Corporation,14.53,-0.31,-2.09,500,18873,101563000000,2026-09-27T15:35:34.425774
ENLAY,Enel SpA,10.18,0.18,1.8,49012,485365,100992000000,2026-09-27T15:35:34.425774
TKOMY,"Tokio Marine Holdings, Inc.",53.01,3.0,6.0,46608,147363,100707000000,2026-09-27T15:35:34.425774
ATLPF,Atlas Copco AB (publ),20.61,0.0,0.0,100,2762,100537000000,2026-09-27T15:35:34.425774
IBN,ICICI Bank Limited,27.92,0.04,0.14,5312000,5840000,100211000000,2026-09-27T15:35:34.425774
INGVF,ING Groep N.V.,35.19,0.0,0.0,4306,906,100210000000,2026-09-27T15:35:34.425774
EQNR,Equinor ASA,42.19,-0.98,-2.27,4784000,3398000,100013000000,2026-09-27T15:35:34.425774
GMBXF,"Grupo México, S.A.B. de C.V.",12.63,-0.44,-3.37,200,23023,98831000000,2026-09-27T15:35:34.425774
GSK,GSK plc,49.24,-0.41,-0.83,3293000,3574000,98618000000,2026-09-27T15:35:34.425774
SNY,Sanofi,41.11,0.17,0.42,2217000,2835000,98505000000,2026-09-27T15:35:34.425774
ITOCY,ITOCHU Corporation,14.08,0.1,0.72,10447,426206,98418000000,2026-09-27T15:35:34.425774
GPMXY,"Grupo México, S.A.B. de C.V.",25.1,0.0,0.0,100,2208,98205000000,2026-09-27T15:35:34.425774
EBBNF,Enbridge Inc.,24.95,-0.08,-0.32,7600,9522,98057000000,2026-09-27T15:35:34.425774
CNQ,Canadian Natural Resources Limited,47.41,-0.52,-1.08,4034000,6989000,97736000000,2026-09-27T15:35:34.425774
GLAXF,GSK plc,24.39,0.13,0.54,300,709,97697000000,2026-09-27T15:35:34.425774
AAGIY,AIA Group Limited,37.39,-1.24,-3.21,195055,440525,96309000000,2026-09-27T15:35:34.425774
SNYNF,Sanofi,79.96,-1.75,-2.14,100,35268,95798000000,2026-09-27T15:35:34.425774
SO,The Southern Company,82.88,-0.01,-0.01,4902000,5479000,95342000000,2026-09-27T15:35:34.425774
MRAAY,"Murata Manufacturing Co., Ltd.",25.75,1.01,4.08,185613,711231,93353000000,2026-09-27T15:35:34.425774
MRAAF,"Murata Manufacturing Co., Ltd.",51.4,3.43,7.15,100,11834,93179000000,2026-09-27T15:35:34.425774
BCMXY,"Bank of Communications Co., Ltd.",26.33,0.0,0.0,400,109,93047000000,2026-09-27T15:35:34.425774
USB,U.S. Bancorp,59.33,0.93,1.59,6360000,7447000,92439000000,2026-09-27T15:35:34.425774
MGCLY,"Midea Group Co., Ltd.",12.11,-0.14,-1.14,4092,88827,92397000000,2026-09-27T15:35:34.425774
MITSF,"Mitsui & Co., Ltd.",32.38,0.0,0.0,100,7590,92037000000,2026-09-27T15:35:34.425774
NAUBF,National Australia Bank Limited,29.79,0.0,0.0,2000,1142,91197000000,2026-09-27T15:35:34.425774
BYDDF,BYD Company Limited,10.0,-0.13,-1.28,35613,200590,91172000000,2026-09-27T15:35:34.425774
PSTVY,"Postal Savings Bank of China Co., Ltd.",13.52,0.0,0.0,158,2070,91015000000,2026-09-27T15:35:34.425774
NTTYY,"NTT, Inc.",28.0,0.56,2.04,37592,141434,90751000000,2026-09-27T15:35:34.425774
ATLCY,Atlas Copco AB (publ),18.14,0.24,1.34,1323,21992,88498000000,2026-09-27T15:35:34.425774
ATLFF,Atlas Copco AB (publ),18.12,0.0,0.0,200,23,88425000000,2026-09-27T15:35:34.425774
PROSF,Prosus N.V.,41.97,0.0,0.0,187,2015,87803000000,2026-09-27T15:35:34.425774
IFNNF,Infineon Technologies AG,67.35,4.51,7.18,400,4557,87521000000,2026-09-27T15:35:34.425774
GLNCY,Glencore plc,14.86,0.32,2.2,50206,807996,87165000000,2026-09-27T15:35:34.425774
KKR,KKR & Co. Inc.,96.67,1.03,1.08,3240000,4134000,86774000000,2026-09-27T15:35:34.425774
CSX,CSX Corporation,46.78,-0.17,-0.36,8567000,11400000,86659000000,2026-09-27T15:35:34.425774
XIACY,Xiaomi Corporation,16.52,-0.37,-2.19,25350,317584,84978000000,2026-09-27T15:35:34.425774
WMB,"The Williams Companies, Inc.",69.26,-1.32,-1.87,6432000,7196000,84717000000,2026-09-27T15:35:34.425774
IFNNY,Infineon Technologies AG,65.17,0.35,0.54,16208,338795,84688000000,2026-09-27T15:35:34.425774
MNST,Monster Beverage Corporation,43.11,0.44,1.03,8910000,10603000,84455000000,2026-09-27T15:35:34.425774
MHVIY,"Mitsubishi Heavy Industries, Ltd.",12.47,0.05,0.4,36904,910917,83804000000,2026-09-27T15:35:34.425774
MHVYF,"Mitsubishi Heavy Industries, Ltd.",24.9,-0.05,-0.2,250,17468,83669000000,2026-09-27T15:35:34.425774
HPE,Hewlett Packard Enterprise Company,62.94,-0.58,-0.91,15473000,20239000,83551000000,2026-09-27T15:35:34.425774
WBKCY,Westpac Banking Corporation,12.22,0.27,2.26,11686,42942,83460000000,2026-09-27T15:35:34.425774
NABZY,National Australia Bank Limited,13.56,0.28,2.11,4106,308412,83023000000,2026-09-27T15:35:34.425774
BCS,Barclays PLC,24.81,0.38,1.56,3020000,4265000,82983000000,2026-09-27T15:35:34.425774
BN,Brookfield Corporation,36.87,0.24,0.66,2774000,4131000,82307000000,2026-09-27T15:35:34.425774
WEBNF,Westpac Banking Corporation,24.01,0.0,0.0,1884,660,81992000000,2026-09-27T15:35:34.425774
SU,Suncor Energy Inc.,68.19,-0.46,-0.67,2871000,4355000,80515000000,2026-09-27T15:35:34.425774
WUXIF,"WuXi AppTec Co., Ltd.",26.52,0.0,0.0,100,276,80478000000,2026-09-27T15:35:34.425774
ANZGY,ANZ Group Holdings Limited,26.71,0.44,1.67,7200,145077,80425000000,2026-09-27T15:35:34.425774
UPS,"United Parcel Service, Inc.",93.96,1.91,2.07,4906000,4798000,79939000000,2026-09-27T15:35:34.425774
EPD,Enterprise Products Partners L.P.,36.75,-0.52,-1.4,5742000,2921000,79361000000,2026-09-27T15:35:34.425774
WUXAY,"WuXi AppTec Co., Ltd.",25.98,0.0,0.0,200,1860,78847000000,2026-09-27T15:35:34.425774
E,Eni S.p.A.,54.71,-0.33,-0.6,216252,379557,78541000000,2026-09-27T15:35:34.425774
JAPAY,Japan Tobacco Inc.,22.08,0.45,2.08,4044,59658,78400000000,2026-09-27T15:35:34.425774
CMCSA,Comcast Corporation,21.91,-0.22,-0.99,27216000,32117000,77751000000,2026-09-27T15:35:34.425774
BAESF,BAE Systems plc,26.47,-0.27,-1.01,406,17046,77484000000,2026-09-27T15:35:34.425774
ANZGF,ANZ Group Holdings Limited,25.7,0.0,0.0,200,25,77383000000,2026-09-27T15:35:34.425774
WBD,"Warner Bros. Discovery, Inc.",30.86,0.02,0.06,23634000,27446000,77370000000,2026-09-27T15:35:34.425774
MDLZ,"Mondelez International, Inc.",60.25,-0.61,-1.0,5514000,8426000,76898000000,2026-09-27T15:35:34.425774
USB-PH,U.S. Bancorp,18.65,0.14,0.76,40590,65133,76779000000,2026-09-27T15:35:34.425774
SLB,SLB N.V.,51.54,0.11,0.21,7250000,12380000,76493000000,2026-09-27T15:35:34.425774
CP,Canadian Pacific Kansas City Limited,86.91,-0.22,-0.25,2142000,2432000,76401000000,2026-09-27T15:35:34.425774
EIPAF,Eni S.p.A.,26.59,0.0,0.0,824,917,76344000000,2026-09-27T15:35:34.425774
JPPTY,"JAPAN POST BANK Co., Ltd.",21.37,1.08,5.32,200,66890,76120000000,2026-09-27T15:35:34.425774
NGGTF,National Grid plc,15.1,0.06,0.4,500,6001,75905000000,2026-09-27T15:35:34.425774
NGG,National Grid plc,75.49,0.26,0.35,929196,842587,75895000000,2026-09-27T15:35:34.425774
ESLOY,EssilorLuxottica Société anonyme,82.44,-0.11,-0.13,9357,148790,75635000000,2026-09-27T15:35:34.425774
ARZGY,Assicurazioni Generali S.p.A.,25.0,0.28,1.13,1560,88196,75324000000,2026-09-27T15:35:34.425774
SOBKY,SoftBank Corp.,15.73,0.07,0.45,14601,200463,75242000000,2026-09-27T15:35:34.425774
JAPAF,Japan Tobacco Inc.,42.26,0.0,0.0,200,182,75027000000,2026-09-27T15:35:34.425774
GM,General Motors Company,82.63,2.06,2.56,6555000,6641000,74735000000,2026-09-27T15:35:34.425774
DPSTF,Deutsche Post AG,67.25,0.0,0.0,100,1917,74647000000,2026-09-27T15:35:34.425774
TCANF,TC Energy Corporation,14.96,0.0,0.0,1000,63,74174000000,2026-09-27T15:35:34.425774
JPSTF,"JAPAN POST BANK Co., Ltd.",20.6,0.0,0.0,200,5,73377000000,2026-09-27T15:35:34.425774
NWG,NatWest Group plc,18.49,0.35,1.93,4828000,3373000,73330000000,2026-09-27T15:35:34.425774
MURGY,Münchener Rückversicherungs-Gesellschaft Aktiengesellschaft in München,11.65,0.01,0.09,28713,933220,73287000000,2026-09-27T15:35:34.425774
KDDIF,KDDI Corporation,19.74,0.0,0.0,100,523,72958000000,2026-09-27T15:35:34.425774
MFC,Manulife Financial Corporation,43.86,0.37,0.85,857352,2082000,72775000000,2026-09-27T15:35:34.425774
DHLGY,Deutsche Post AG,32.67,0.5,1.55,1123,189633,72527000000,2026-09-27T15:35:34.425774
BAM,Brookfield Asset Management Ulc,44.59,0.01,0.02,2554000,2443000,71221000000,2026-09-27T15:35:34.425774
KDDIY,KDDI Corporation,19.25,0.15,0.79,125798,195457,71147000000,2026-09-27T15:35:34.425774
GS-PA,"The Goldman Sachs Group, Inc.",19.16,0.0,0.0,47226,65909,70614000000,2026-09-27T15:35:34.425774
B,Barrick Mining Corporation,42.88,0.56,1.32,7770000,9592000,70576000000,2026-09-27T15:35:34.425774
VCISY,Vinci SA,31.87,0.34,1.08,24722,240980,70415000000,2026-09-27T15:35:34.425774
ORLY,"O'Reilly Automotive, Inc.",86.11,-0.12,-0.14,4102000,6840000,69664000000,2026-09-27T15:35:34.425774
NRDBY,Nordea Bank Abp,20.52,0.16,0.79,9000,192212,69640000000,2026-09-27T15:35:34.425774
ET,Energy Transfer LP,20.19,-0.14,-0.69,14893000,8752000,69520000000,2026-09-27T15:35:34.425774
CHGCY,"Chugai Pharmaceutical Co., Ltd.",21.05,0.05,0.24,20176,240939,69279000000,2026-09-27T15:35:34.425774
MIELF,Mitsubishi Electric Corporation,33.79,1.29,3.98,816,4434,69153000000,2026-09-27T15:35:34.425774
NETTF,"NetEase, Inc.",21.54,0.0,0.0,200,94,68955000000,2026-09-27T15:35:34.425774
PCRHY,Panasonic Holdings Corporation,29.46,0.93,3.26,13645,376420,68787000000,2026-09-27T15:35:34.425774
DB,Deutsche Bank Aktiengesellschaft,36.57,0.95,2.67,1655000,1907000,68715000000,2026-09-27T15:35:34.425774
CL,Colgate-Palmolive Company,86.06,0.74,0.87,3467000,4675000,68605000000,2026-09-27T15:35:34.425774
MIELY,Mitsubishi Electric Corporation,66.97,0.47,0.71,7484,85700,68525000000,2026-09-27T15:35:34.425774
KMI,"Kinder Morgan, Inc.",30.75,-0.5,-1.6,10011000,11023000,68474000000,2026-09-27T15:35:34.425774
CHGCF,"Chugai Pharmaceutical Co., Ltd.",41.51,0.72,1.76,900,8980,68316000000,2026-09-27T15:35:34.425774
SHECY,"Shin-Etsu Chemical Co., Ltd.",18.78,0.22,1.19,22949,554011,68174000000,2026-09-27T15:35:34.425774
SHECF,"Shin-Etsu Chemical Co., Ltd.",37.44,2.44,6.97,671,6469,67956000000,2026-09-27T15:35:34.425774
SCBFY,Standard Chartered PLC,62.26,1.61,2.66,23278,146273,67739000000,2026-09-27T15:35:34.425774
ENGIY,Engie SA,26.65,0.01,0.04,28449,262234,67707000000,2026-09-27T15:35:34.425774
MS-PA,Morgan Stanley,19.2,0.04,0.21,136570,101889,67607000000,2026-09-27T15:35:34.425774
GS-PD,"The Goldman Sachs Group, Inc.",19.0,-0.05,-0.26,74671,125215,67424000000,2026-09-27T15:35:34.425774
SCBFF,Standard Chartered PLC,30.88,1.25,4.22,700,12449,67195000000,2026-09-27T15:35:34.425774
MKKGY,Merck KGaA,30.86,0.22,0.72,1744,75419,67086000000,2026-09-27T15:35:34.425774
VLVLY,AB Volvo (publ),32.95,0.46,1.42,13793,131100,67002000000,2026-09-27T15:35:34.425774
ENGQF,Engie SA,26.34,0.39,1.49,400,27392,66932000000,2026-09-27T15:35:34.425774
AVIKF,Advanced Info Service Public Company Limited,12.0,0.0,0.0,300,4,66824000000,2026-09-27T15:35:34.425774
NBNKF,Nordea Bank Abp,19.66,0.0,0.0,533,244,66704000000,2026-09-27T15:35:34.425774
VOLVF,AB Volvo (publ),32.8,-0.2,-0.61,250,5406,66697000000,2026-09-27T15:35:34.425774
PCRFF,Panasonic Holdings Corporation,28.37,1.37,5.07,1800,9779,66242000000,2026-09-27T15:35:34.425774
AMX,"América Móvil, S.A.B. de C.V.",22.03,-0.02,-0.09,1621000,2443000,65865000000,2026-09-27T15:35:34.425774
NU,Nu Holdings Ltd.,13.59,0.03,0.22,52816000,79125000,65649000000,2026-09-27T15:35:34.425774
MS-PF,Morgan Stanley,25.16,-0.04,-0.16,132476,87931,65063000000,2026-09-27T15:35:34.425774
USB-PP,U.S. Bancorp,20.56,0.01,0.05,81928,54598,64503000000,2026-09-27T15:35:34.425774
MS-PE,Morgan Stanley,25.42,-0.0,-0.02,55746,71875,64484000000,2026-09-27T15:35:34.425774
TNCAF,TC Energy Corporation,15.7,0.0,0.0,100,225,64394000000,2026-09-27T15:35:34.425774
HKXCF,Hong Kong Exchanges and Clearing Limited,50.88,-0.52,-1.01,300,2631,64312000000,2026-09-27T15:35:34.425774
BSX,Boston Scientific Corporation,43.92,-0.76,-1.7,14988000,20461000,63650000000,2026-09-27T15:35:34.425774
CRARY,Crédit Agricole S.A.,10.4,0.15,1.46,12800,145596,63093000000,2026-09-27T15:35:34.425774
BAMGF,Brookfield Corporation,16.9,0.0,0.0,100,2,63071000000,2026-09-27T15:35:34.425774
MS-PI,Morgan Stanley,23.55,-0.17,-0.72,123407,76584,62804000000,2026-09-27T15:35:34.425774
HKXCY,Hong Kong Exchanges and Clearing Limited,49.54,-0.51,-1.02,3891,143804,62618000000,2026-09-27T15:35:34.425774
MET,"MetLife, Inc.",97.7,0.45,0.46,3117000,3381000,62086000000,2026-09-27T15:35:34.425774
SCGLF,Société Générale Société anonyme,85.04,4.76,5.93,200,128,61626000000,2026-09-27T15:35:34.425774
CRARF,Crédit Agricole S.A.,20.3,0.0,0.0,1565,501,61577000000,2026-09-27T15:35:34.425774
TRP,TC Energy Corporation,58.78,-0.87,-1.46,4036000,2517000,61235000000,2026-09-27T15:35:34.425774
SE,Sea Limited,99.55,-1.18,-1.17,2024000,4391000,60973000000,2026-09-27T15:35:34.425774
UMC,United Microelectronics Corporation,24.31,0.21,0.87,5899000,13617000,60967000000,2026-09-27T15:35:34.425774
KBCSY,KBC Group NV,75.93,1.43,1.92,1201,22207,60694000000,2026-09-27T15:35:34.425774
SCGLY,Société Générale Société anonyme,16.64,0.56,3.48,139003,395163,60293000000,2026-09-27T15:35:34.425774
TAK,Takeda Pharmaceutical Company Limited,18.86,0.27,1.45,2619000,3066000,60229000000,2026-09-27T15:35:34.425774
CSLLY,CSL Limited,31.17,-0.27,-0.86,4452,199933,59832000000,2026-09-27T15:35:34.425774
CHCJY,China CITIC Bank Corporation Limited,21.42,0.0,0.0,149,285,59596000000,2026-09-27T15:35:34.425774
LNVGY,Lenovo Group Limited,95.19,3.19,3.47,9263,193085,59315000000,2026-09-27T15:35:34.425774
TKPHF,Takeda Pharmaceutical Company Limited,37.0,0.0,0.0,1000,10279,59080000000,2026-09-27T15:35:34.425774
GWLIF,Great-West Lifeco Inc.,65.96,0.62,0.95,322,98820,59047000000,2026-09-27T15:35:34.425774
MS-PK,Morgan Stanley,21.65,-0.04,-0.18,84578,97496,58851000000,2026-09-27T15:35:34.425774
NOKBF,Nokia Oyj,10.48,-0.08,-0.76,585,979603,58674000000,2026-09-27T15:35:34.425774
DBOEY,Deutsche Börse AG,32.53,0.36,1.12,6061,380990,58648000000,2026-09-27T15:35:34.425774
WFAFY,Wesfarmers Limited,25.82,0.08,0.31,5631,89647,58626000000,2026-09-27T15:35:34.425774
RELX,RELX PLC,33.52,0.01,0.03,1373000,2442000,58276000000,2026-09-27T15:35:34.425774
TFC,Truist Financial Corporation,47.66,0.48,1.02,7035000,7148000,58223000000,2026-09-27T15:35:34.425774
NOK,Nokia Oyj,10.39,-0.04,-0.38,44578000,84588000,58170000000,2026-09-27T15:35:34.425774
VALE,Vale S.A.,13.61,0.05,0.37,25441000,25110000,57921000000,2026-09-27T15:35:34.425774
RLXXF,RELX PLC,33.3,-0.05,-0.15,492,17814,57894000000,2026-09-27T15:35:34.425774
FAST,Fastenal Company,50.43,-0.3,-0.59,6675000,7560000,57868000000,2026-09-27T15:35:34.425774
MPLX,MPLX LP,56.8,-1.18,-2.04,2129000,1377000,57587000000,2026-09-27T15:35:34.425774
NGLOY,Anglo American plc,26.84,-0.07,-0.26,31735,388539,57517000000,2026-09-27T15:35:34.425774
AAUKF,Anglo American plc,53.6,-2.27,-4.06,102,2819,57432000000,2026-09-27T15:35:34.425774
BKR,Baker Hughes Company,57.83,0.54,0.94,6416000,8466000,57406000000,2026-09-27T15:35:34.425774
NTDOF,"Nintendo Co., Ltd.",49.75,-3.91,-7.29,201,7280,57355000000,2026-09-27T15:35:34.425774
CVE,Cenovus Energy Inc.,30.93,-0.35,-1.12,5213000,6966000,57042000000,2026-09-27T15:35:34.425774
NTDOY,"Nintendo Co., Ltd.",12.36,-0.45,-3.51,437258,3132000,56998000000,2026-09-27T15:35:34.425774
OXY,Occidental Petroleum Corporation,56.86,-1.19,-2.05,8428000,8607000,56839000000,2026-09-27T15:35:34.425774
WFAFF,Wesfarmers Limited,49.99,0.0,0.0,100,96,56753000000,2026-09-27T15:35:34.425774
CRH,CRH plc,85.04,1.08,1.29,5162000,4449000,56576000000,2026-09-27T15:35:34.425774
LTOUF,Larsen & Toubro Limited,40.91,0.0,0.0,15,11,56287000000,2026-09-27T15:35:34.425774
BAYRY,Bayer Aktiengesellschaft,14.32,0.2,1.42,74318,705915,56273000000,2026-09-27T15:35:34.425774
FKURF,Fujikura Ltd.,33.96,1.88,5.88,100,19296,56228000000,2026-09-27T15:35:34.425774
CTA-PB,"EIDP, Inc.",64.7,-0.83,-1.26,696,2839,56147000000,2026-09-27T15:35:34.425774
OKE,"ONEOK, Inc.",88.63,-2.55,-2.8,2927000,3647000,55873000000,2026-09-27T15:35:34.425774
DAL,"Delta Air Lines, Inc.",84.94,2.18,2.63,7053000,6207000,55859000000,2026-09-27T15:35:34.425774
BAYZF,Bayer Aktiengesellschaft,56.67,0.4,0.71,700,5626,55674000000,2026-09-27T15:35:34.425774
BECEF,BCE Inc.,15.42,0.0,0.0,2000,3,55624000000,2026-09-27T15:35:34.425774
UOVEY,United Overseas Bank Limited,66.74,0.48,0.72,1383,45150,55012000000,2026-09-27T15:35:34.425774
EBKDY,Erste Group Bank AG,70.64,0.96,1.38,4868,119873,54880000000,2026-09-27T15:35:34.425774
DUK-PA,Duke Energy Corporation,22.25,0.26,1.18,144808,103362,54852000000,2026-09-27T15:35:34.425774
SGAPY,Singapore Telecommunications Limited,33.49,0.31,0.93,1825,58393,54575000000,2026-09-27T15:35:34.425774
SSUMY,Sumitomo Corporation,11.5,0.28,2.5,14021,261242,54360000000,2026-09-27T15:35:34.425774
SSUMF,Sumitomo Corporation,11.45,0.0,0.0,9,4092,54123000000,2026-09-27T15:35:34.425774
THLLY,Thales S.A.,52.31,-0.56,-1.06,4551,52701,53790000000,2026-09-27T15:35:34.425774
D,"Dominion Energy, Inc.",60.68,0.28,0.46,4875000,4413000,53370000000,2026-09-27T15:35:34.425774
RWNFF,RWE Aktiengesellschaft,68.35,-0.52,-0.76,1829,2565,53312000000,2026-09-27T15:35:34.425774
MT,ArcelorMittal S.A.,70.7,-0.6,-0.84,1369000,1453000,53198000000,2026-09-27T15:35:34.425774
NKE,"NIKE, Inc.",35.75,-0.24,-0.67,38106000,27699000,53035000000,2026-09-27T15:35:34.425774
RWEOY,RWE Aktiengesellschaft,67.94,0.57,0.85,3746,60455,52992000000,2026-09-27T15:35:34.425774
FJIKY,Fujikura Ltd.,16.0,0.49,3.16,10738,410252,52982000000,2026-09-27T15:35:34.425774
WOPEF,Woodside Energy Group Ltd,24.66,0.0,0.0,1001,171,52854000000,2026-09-27T15:35:34.425774
O,Realty Income Corporation,55.54,0.13,0.23,11881000,6120000,52553000000,2026-09-27T15:35:34.425774
LSEGY,London Stock Exchange Group plc,27.21,-0.08,-0.29,72044,984766,52464000000,2026-09-27T15:35:34.425774
CTVA,"Corteva, Inc.",78.52,-0.93,-1.17,4129000,4456000,52388000000,2026-09-27T15:35:34.425774
UOVEF,United Overseas Bank Limited,31.77,0.0,0.0,200,820,52375000000,2026-09-27T15:35:34.425774
CRZBY,Commerzbank AG,48.45,1.34,2.84,414,30987,52367000000,2026-09-27T15:35:34.425774
NDAQ,"Nasdaq, Inc.",93.55,-1.0,-1.06,2044000,3441000,52292000000,2026-09-27T15:35:34.425774
AMSYF,ArcelorMittal S.A.,69.3,0.0,0.0,100,7960,52144000000,2026-09-27T15:35:34.425774
LOBLY,Loblaw Companies Limited,11.2,0.02,0.18,1,1312,51771000000,2026-09-27T15:35:34.425774
DVN,Devon Energy Corporation,47.05,-1.85,-3.78,10607000,11693000,51755000000,2026-09-27T15:35:34.425774
CRZBF,Commerzbank AG,47.55,0.0,0.0,100,192,51394000000,2026-09-27T15:35:34.425774
CIIHY,CITIC Securities Company Limited,32.8,0.0,0.0,100,448,51252000000,2026-09-27T15:35:34.425774
EONGY,E.ON SE,19.6,-0.03,-0.15,8595,169707,51240000000,2026-09-27T15:35:34.425774
LBLCF,Loblaw Companies Limited,44.34,0.45,1.03,500,216752,51239000000,2026-09-27T15:35:34.425774
ANCTF,Alimentation Couche-Tard Inc.,55.54,0.04,0.07,428,203974,50984000000,2026-09-27T15:35:34.425774
SRE,Sempra,77.93,0.19,0.24,2735000,3682000,50958000000,2026-09-27T15:35:34.425774
AMKBY,A.P. Møller - Mærsk A/S,17.66,-0.32,-1.78,33230,78120,50892000000,2026-09-27T15:35:34.425774
MARUY,Marubeni Corporation,31.29,0.46,1.49,12594,194068,50842000000,2026-09-27T15:35:34.425774
MPNGY,Meituan,18.18,-0.09,-0.49,3670,194266,50838000000,2026-09-27T15:35:34.425774
SSREY,Swiss Re AG,42.89,-0.01,-0.02,2709,36738,50752000000,2026-09-27T15:35:34.425774
F,Ford Motor Company,12.71,0.11,0.87,34666000,48437000,50682000000,2026-09-27T15:35:34.425774
MARUF,Marubeni Corporation,31.0,0.25,0.8,200,12553,50371000000,2026-09-27T15:35:34.425774
SDVKF,Sandvik AB (publ),38.28,0.0,0.0,1000,3985,50311000000,2026-09-27T15:35:34.425774
CMPGY,Compass Group PLC,29.54,0.31,1.06,63606,276509,50227000000,2026-09-27T15:35:34.425774
AU,AngloGold Ashanti plc,99.03,0.54,0.55,1181000,2673000,50086000000,2026-09-27T15:35:34.425774
BFFAF,BASF SE,58.0,1.03,1.81,2,403,49933000000,2026-09-27T15:35:34.425774
JPPHY,"Japan Post Holdings Co., Ltd.",18.25,2.5,15.87,100,1362,49903000000,2026-09-27T15:35:34.425774
EW,Edwards Lifesciences Corporation,86.29,0.56,0.65,3599000,3875000,49738000000,2026-09-27T15:35:34.425774
BASFY,BASF SE,14.43,-0.46,-3.09,25820,143584,49692000000,2026-09-27T15:35:34.425774
CMPGF,Compass Group PLC,29.16,-0.26,-0.87,1000,4619,49588000000,2026-09-27T15:35:34.425774
ELEZF,"Endesa, S.A.",48.63,0.0,0.0,1,61,49409000000,2026-09-27T15:35:34.425774
ANFGF,Antofagasta plc,50.09,-0.14,-0.28,4167,5395,49382000000,2026-09-27T15:35:34.425774
ENAKF,E.ON SE,18.86,0.0,0.0,117,258,49305000000,2026-09-27T15:35:34.425774
LZAGY,Lonza Group AG,69.13,0.11,0.16,7217,45877,49188000000,2026-09-27T15:35:34.425774
ELEZY,"Endesa, S.A.",24.01,-0.17,-0.69,225,32055,48798000000,2026-09-27T15:35:34.425774
DEO,Diageo plc,87.52,0.69,0.79,580540,1078000,48652000000,2026-09-27T15:35:34.425774
CRWV,"CoreWeave, Inc.",87.59,-2.54,-2.82,23200000,28591000,48309000000,2026-09-27T15:35:34.425774
SMMNY,Siemens Healthineers AG,21.57,0.41,1.94,6287,80993,48282000000,2026-09-27T15:35:34.425774
SDVKY,Sandvik AB (publ),38.47,0.71,1.88,1002,156407,48256000000,2026-09-27T15:35:34.425774
DGEAF,Diageo plc,21.56,-0.54,-2.44,2961,7998,47941000000,2026-09-27T15:35:34.425774
SEMHF,Siemens Healthineers AG,42.82,-0.65,-1.48,370,4204,47922000000,2026-09-27T15:35:34.425774
DNBBY,DNB Bank ASA,33.59,0.31,0.93,309,36528,47820000000,2026-09-27T15:35:34.425774
STMEF,STMicroelectronics N.V.,53.58,0.0,0.0,300,49273,47790000000,2026-09-27T15:35:34.425774
DNBBF,DNB Bank ASA,33.44,-1.37,-3.95,486,2411,47612000000,2026-09-27T15:35:34.425774
DRPRF,Dr. Ing. h.c. F. Porsche AG,52.25,0.0,0.0,300,88,47600000000,2026-09-27T15:35:34.425774
VMRK,"AvalonBay Communities, Inc.",61.51,0.46,0.75,4188000,4703000,47595000000,2026-09-27T15:35:34.425774
PITAF,Poste Italiane S.p.A.,31.4,0.0,0.0,2420,2,47343000000,2026-09-27T15:35:34.425774
SWRAY,Swire Pacific Limited,13.04,-0.18,-1.36,3501,26198,47308000000,2026-09-27T15:35:34.425774
RKLB,Rocket Lab Corporation,73.95,0.34,0.46,18757000,19709000,47284000000,2026-09-27T15:35:34.425774
FITB,Fifth Third Bancorp,52.1,0.64,1.24,5916000,5806000,47249000000,2026-09-27T15:35:34.425774
ERBKY,Eurobank S.A.,13.16,1.67,14.49,200,1809,47220000000,2026-09-27T15:35:34.425774
DNSKF,Danske Bank A/S,58.44,0.0,0.0,100,55,47104000000,2026-09-27T15:35:34.425774
ETR,Entergy Corporation,98.57,0.41,0.42,3318000,2652000,47095000000,2026-09-27T15:35:34.425774
PYPL,"PayPal Holdings, Inc.",55.04,2.44,4.64,20327000,14705000,47085000000,2026-09-27T15:35:34.425774
CVNA,Carvana Co.,65.06,0.88,1.37,4215000,8844000,46838000000,2026-09-27T15:35:34.425774
SWDBY,Swedbank AB (publ),41.68,0.44,1.07,648,24698,46836000000,2026-09-27T15:35:34.425774
DNKEY,Danske Bank A/S,28.98,0.24,0.84,418,53358,46717000000,2026-09-27T15:35:34.425774
CARR,Carrier Global Corporation,56.37,1.5,2.73,6949000,6433000,46467000000,2026-09-27T15:35:34.425774
STM,STMicroelectronics N.V.,51.93,0.35,0.68,9289000,9772000,46318000000,2026-09-27T15:35:34.425774
SWDBF,Swedbank AB (publ),41.2,-1.2,-2.83,1000,5950,46297000000,2026-09-27T15:35:34.425774
BSQKZ,"Block, Inc.",76.79,4.29,5.92,100,66,46135000000,2026-09-27T15:35:34.425774
GALDY,Galderma Group AG,39.45,0.12,0.31,16836,180217,45997000000,2026-09-27T15:35:34.425774
XYZ,"Block, Inc.",76.42,-0.32,-0.42,3314000,4587000,45913000000,2026-09-27T15:35:34.425774
MSADY,"MS&AD Insurance Group Holdings, Inc.",32.13,0.84,2.68,705,62236,45882000000,2026-09-27T15:35:34.425774
ANNSF,"Aena S.M.E., S.A.",29.95,-0.04,-0.13,100,911,45724000000,2026-09-27T15:35:34.425774
TEVA,Teva Pharmaceutical Industries Limited,39.19,-1.03,-2.56,3739000,5265000,45707000000,2026-09-27T15:35:34.425774
HNIKF,--,82.2,0.0,0.0,1600,4,45526000000,2026-09-27T15:35:34.425774
PSKOF,Orlen S.A.,39.08,0.0,0.0,800,4,45370000000,2026-09-27T15:35:34.425774
HCMLF,Holcim AG,82.0,0.0,0.0,100,274,45356000000,2026-09-27T15:35:34.425774
PINXY,The People's Insurance Company (Group) of China Limited,14.92,0.0,0.0,339,63,45320000000,2026-09-27T15:35:34.425774
MBGAF,Mercedes-Benz Group AG,47.3,0.02,0.04,3019,23957,45282000000,2026-09-27T15:35:34.425774
WMMVY,"Wal-Mart de México, S.A.B. de C.V.",26.29,0.44,1.7,14908,187593,45272000000,2026-09-27T15:35:34.425774
SVKEF,Skandinaviska Enskilda Banken AB (publ),23.25,0.0,0.0,100,49,45216000000,2026-09-27T15:35:34.425774
MBGYY,Mercedes-Benz Group AG,11.76,0.07,0.6,16159,577760,45033000000,2026-09-27T15:35:34.425774
HCMLY,Holcim AG,16.28,0.18,1.12,200,137307,45024000000,2026-09-27T15:35:34.425774
TYHOF,Toyota Tsusho Corporation,48.0,0.0,0.0,200,68,45009000000,2026-09-27T15:35:34.425774
HEINY,Heineken N.V.,40.49,0.03,0.07,3136,107214,44850000000,2026-09-27T15:35:34.425774
PPCCY,PICC Property and Casualty Company Limited,50.4,-3.7,-6.84,100,3346,44841000000,2026-09-27T15:35:34.425774
TYHOY,Toyota Tsusho Corporation,23.91,0.33,1.38,134,28936,44831000000,2026-09-27T15:35:34.425774
HINKF,Heineken N.V.,80.58,0.0,0.0,181,1506,44629000000,2026-09-27T15:35:34.425774
SLF,Sun Life Financial Inc.,79.91,0.46,0.58,258917,757415,44432000000,2026-09-27T15:35:34.425774
VTR,"Ventas, Inc.",86.59,-0.24,-0.28,2368000,3542000,44416000000,2026-09-27T15:35:34.425774
DSDVY,DSV A/S,92.87,2.84,3.15,9136,101184,44350000000,2026-09-27T15:35:34.425774
ANYYY,"Aena S.M.E., S.A.",14.78,0.16,1.09,20570,61587,44340000000,2026-09-27T15:35:34.425774
FJTSF,Fujitsu Limited,25.62,1.65,6.88,300,32438,44309000000,2026-09-27T15:35:34.425774
CTA-PA,"EIDP, Inc.",50.84,-0.16,-0.31,1001,616,44119000000,2026-09-27T15:35:34.425774
FJTSY,Fujitsu Limited,25.51,0.34,1.35,13013,278695,44119000000,2026-09-27T15:35:34.425774
DLICY,"Daiichi Life Group, Inc.",24.42,0.72,3.04,700,41653,43983000000,2026-09-27T15:35:34.425774
DANOY,Danone S.A.,13.64,0.04,0.29,91735,570877,43927000000,2026-09-27T15:35:34.425774
GPDNF,Danone S.A.,68.02,0.09,0.13,213,2460,43811000000,2026-09-27T15:35:34.425774
SCHW-PD,The Charles Schwab Corporation,21.62,-0.06,-0.28,141711,67387,43709000000,2026-09-27T15:35:34.425774
MSADF,"MS&AD Insurance Group Holdings, Inc.",30.54,-1.39,-4.35,536,520,43611000000,2026-09-27T15:35:34.425774
XEL,Xcel Energy Inc.,69.8,0.24,0.35,7449000,5277000,43599000000,2026-09-27T15:35:34.425774
KDP,Keurig Dr Pepper Inc.,31.95,1.07,3.47,8747000,11759000,43478000000,2026-09-27T15:35:34.425774
DCNSF,"Daiichi Life Group, Inc.",12.0,0.0,0.0,500,55,43226000000,2026-09-27T15:35:34.425774
KMTUY,Komatsu Ltd.,48.5,2.12,4.57,3336,82260,43045000000,2026-09-27T15:35:34.425774
JXAMY,JX Advanced Metals Corporation,48.0,0.0,0.0,302,1065,42893000000,2026-09-27T15:35:34.425774
TRI,Thomson Reuters Corporation,98.99,-1.33,-1.33,1198000,1921000,42888000000,2026-09-27T15:35:34.425774
ORANY,Orange S.A.,16.1,0.21,1.32,47482,203568,42790000000,2026-09-27T15:35:34.425774
CNSWY,Constellation Software Inc.,10.1,0.16,1.66,541,76219,42786000000,2026-09-27T15:35:34.425774
HMC,"Honda Motor Co., Ltd.",32.93,0.74,2.3,870605,1105000,42732000000,2026-09-27T15:35:34.425774
MCHP,Microchip Technology Incorporated,78.69,4.0,5.36,9622000,9884000,42729000000,2026-09-27T15:35:34.425774
INFY,Infosys Limited,10.5,0.0,0.0,17349000,19918000,42529000000,2026-09-27T15:35:34.425774
FNCTF,Orange S.A.,15.99,0.73,4.78,200,8285,42498000000,2026-09-27T15:35:34.425774
HNDAF,"Honda Motor Co., Ltd.",10.9,0.0,0.0,500,51980,42434000000,2026-09-27T15:35:34.425774
FMXUF,"Fomento Económico Mexicano, S.A.B. de C.V.",11.4,0.0,0.0,99,142,42269000000,2026-09-27T15:35:34.425774
BMPSY,Banca Monte dei Paschi di Siena S.p.A.,13.91,0.49,3.63,666,37012,42264000000,2026-09-27T15:35:34.425774
PRYMY,Prysmian S.p.A.,70.15,-0.24,-0.34,7030,94747,41988000000,2026-09-27T15:35:34.425774
PSZKF,Powszechna Kasa Oszczednosci Bank Polski Spólka Akcyjna,33.57,0.0,0.0,200,930,41962000000,2026-09-27T15:35:34.425774
KMTUF,Komatsu Ltd.,47.21,3.65,8.38,748,4936,41900000000,2026-09-27T15:35:34.425774
PWCDF,Power Corporation of Canada,66.66,1.11,1.69,38478,206063,41844000000,2026-09-27T15:35:34.425774
ASAZF,ASSA ABLOY AB (publ),37.65,0.0,0.0,658,5234,41821000000,2026-09-27T15:35:34.425774
IBIDY,"Ibiden Co.,Ltd.",37.17,1.56,4.38,7303,47608,41802000000,2026-09-27T15:35:34.425774
RBGLY,Reckitt Benckiser Group plc,13.18,0.05,0.38,19050,506771,41788000000,2026-09-27T15:35:34.425774
MET-PA,"MetLife, Inc.",21.42,0.0,0.0,53849,45726,41607000000,2026-09-27T15:35:34.425774
EXC,Exelon Corporation,40.34,0.14,0.35,6881000,7767000,41560000000,2026-09-27T15:35:34.425774
PSZKY,Powszechna Kasa Oszczednosci Bank Polski Spólka Akcyjna,33.21,0.23,0.7,1601,36206,41512000000,2026-09-27T15:35:34.425774
RBGPF,Reckitt Benckiser Group plc,65.4,-0.59,-0.89,1722,985,41471000000,2026-09-27T15:35:34.425774
VLKAF,Volkswagen AG,81.25,-0.46,-0.56,200,600,41333000000,2026-09-27T15:35:34.425774
RNECF,Renesas Electronics Corporation,22.51,0.3,1.35,361,9350,41137000000,2026-09-27T15:35:34.425774
SCMWY,Swisscom AG,79.16,0.12,0.15,275,14380,41087000000,2026-09-27T15:35:34.425774
AAVMY,ABN AMRO Bank N.V.,50.15,0.94,1.9,609,22890,40869000000,2026-09-27T15:35:34.425774
VLKPF,Volkswagen AG,81.39,-3.61,-4.25,420,358,40800000000,2026-09-27T15:35:34.425774
SMTOF,"Sumitomo Electric Industries, Ltd.",13.07,0.0,0.0,700,19901,40762000000,2026-09-27T15:35:34.425774
IX,ORIX Corporation,39.19,0.87,2.27,268764,277949,40757000000,2026-09-27T15:35:34.425774
GMGSF,Goodman Group,19.82,0.0,0.0,100,1858,40725000000,2026-09-27T15:35:34.425774
RNECY,Renesas Electronics Corporation,11.11,0.19,1.74,50306,671287,40607000000,2026-09-27T15:35:34.425774
LGRDY,Legrand SA,30.92,0.1,0.32,3058,137820,40523000000,2026-09-27T15:35:34.425774
TLLXY,Talanx AG,72.22,0.0,0.0,100,20,40511000000,2026-09-27T15:35:34.425774
BMDPF,Banca Monte dei Paschi di Siena S.p.A.,13.31,0.0,0.0,1200,466,40441000000,2026-09-27T15:35:34.425774
IBKR,"Interactive Brokers Group, Inc.",89.24,-0.58,-0.65,2893000,4273000,40433000000,2026-09-27T15:35:34.425774
CODGF,Compagnie de Saint-Gobain S.A.,82.7,5.6,7.26,100,2511,40387000000,2026-09-27T15:35:34.425774
MAHMF,Mahindra & Mahindra Limited,33.6,0.0,0.0,5,44,40346000000,2026-09-27T15:35:34.425774
FER,Ferrovial N.V.,55.83,0.45,0.81,1459000,1441000,40218000000,2026-09-27T15:35:34.425774
SWRAF,Swire Pacific Limited,11.05,0.0,0.0,1000,130,40089000000,2026-09-27T15:35:34.425774
FSUMF,Fortescue Ltd,13.0,0.85,7.0,321,4020,40027000000,2026-09-27T15:35:34.425774
ABMRF,ABN AMRO Bank N.V.,49.0,0.0,0.0,100,23,39932000000,2026-09-27T15:35:34.425774
SUHJY,Sun Hung Kai Properties Limited,13.77,-0.08,-0.58,5283,122138,39902000000,2026-09-27T15:35:34.425774
ASAZY,ASSA ABLOY AB (publ),17.95,0.13,0.73,9732,326388,39877000000,2026-09-27T15:35:34.425774
CMG,"Chipotle Mexican Grill, Inc.",31.33,-0.68,-2.12,12933000,16193000,39646000000,2026-09-27T15:35:34.425774
SSEZY,SSE plc,32.8,-0.03,-0.09,4986,202446,39567000000,2026-09-27T15:35:34.425774
TSCDY,Tesco PLC,18.99,-0.06,-0.31,11985,327547,39428000000,2026-09-27T15:35:34.425774
SUHJF,Sun Hung Kai Properties Limited,13.6,0.0,0.0,2000,31,39410000000,2026-09-27T15:35:34.425774
ADM,Archer-Daniels-Midland Company,81.12,-0.76,-0.93,3125000,3684000,39097000000,2026-09-27T15:35:34.425774
PLDGP,"Prologis, Inc.",51.1,0.46,0.91,405,3173,39073000000,2026-09-27T15:35:34.425774
SSEZF,SSE plc,32.24,0.0,0.0,6682,4138,38896000000,2026-09-27T15:35:34.425774
NHOLF,"Sompo Holdings, Inc.",43.84,0.0,0.0,342,144,38877000000,2026-09-27T15:35:34.425774
ORXCF,ORIX Corporation,37.33,-0.82,-2.15,88,7820,38823000000,2026-09-27T15:35:34.425774
OTSKF,"Otsuka Holdings Co., Ltd.",74.0,0.0,0.0,41,20,38821000000,2026-09-27T15:35:34.425774
AIG,"American International Group, Inc.",74.17,-0.65,-0.87,2865000,3603000,38783000000,2026-09-27T15:35:34.425774
FMCCT,Federal Home Loan Mortgage Corporation,12.0,-0.13,-1.07,6678,5571,38656000000,2026-09-27T15:35:34.425774
SMPNY,"Sompo Holdings, Inc.",21.78,0.46,2.16,7099,114976,38628000000,2026-09-27T15:35:34.425774
GVDNY,Givaudan SA,83.51,1.06,1.29,2174,22344,38545000000,2026-09-27T15:35:34.425774
VOD,Vodafone Group Public Limited Company,16.62,0.13,0.79,2453000,4004000,38409000000,2026-09-27T15:35:34.425774
CCJ,Cameco Corporation,88.07,-0.05,-0.06,1938000,3205000,38357000000,2026-09-27T15:35:34.425774
BAMXF,Bayerische Motoren Werke Aktiengesellschaft,64.0,1.5,2.4,390,1698,38309000000,2026-09-27T15:35:34.425774
JHPCY,"Jiangsu Hengrui Pharmaceuticals Co.,Ltd",11.5,0.0,0.0,100,17,38164000000,2026-09-27T15:35:34.425774
BMWKY,Bayerische Motoren Werke Aktiengesellschaft,21.22,-0.38,-1.76,31071,258312,38143000000,2026-09-27T15:35:34.425774
SHG,"Shinhan Financial Group Co., Ltd.",80.95,1.36,1.71,99715,195792,38116000000,2026-09-27T15:35:34.425774
BLMIF,Bank Leumi le-Israel B.M.,25.9,0.0,0.0,20,65,38045000000,2026-09-27T15:35:34.425774
NIPNF,NEC Corporation,28.4,0.0,0.0,1,4225,37668000000,2026-09-27T15:35:34.425774
GFIOF,Gold Fields Limited,42.26,0.0,0.0,250,65,37649000000,2026-09-27T15:35:34.425774
SYY,Sysco Corporation,78.46,0.27,0.35,5279000,3615000,37627000000,2026-09-27T15:35:34.425774
DSCSY,Disco Corporation,34.68,0.81,2.39,6034,315141,37617000000,2026-09-27T15:35:34.425774
REPYF,"Repsol, S.A.",35.1,0.0,0.0,10,488,37398000000,2026-09-27T15:35:34.425774
TLGPY,Telstra Group Limited,16.78,0.05,0.3,500,110339,37383000000,2026-09-27T15:35:34.425774
SDZNY,Sandoz Group AG,86.14,0.41,0.48,1029,23460,37369000000,2026-09-27T15:35:34.425774
EQBBF,EQT AB (publ),29.94,0.0,0.0,100,1126,37303000000,2026-09-27T15:35:34.425774
REPYY,"Repsol, S.A.",34.93,-0.8,-2.24,15367,91968,37217000000,2026-09-27T15:35:34.425774
OTSKY,"Otsuka Holdings Co., Ltd.",35.35,0.47,1.35,3187,44942,37090000000,2026-09-27T15:35:34.425774
PCG,PG&E Corporation,12.34,0.02,0.16,32325000,34171000,37049000000,2026-09-27T15:35:34.425774
DTGHF,Daimler Truck Holding AG,48.57,0.0,0.0,200,131,36924000000,2026-09-27T15:35:34.425774
DTRUY,Daimler Truck Holding AG,24.26,0.42,1.76,882,32401,36886000000,2026-09-27T15:35:34.425774
DKILY,"Daikin Industries,Ltd.",13.2,0.14,1.07,22634,314622,36740000000,2026-09-27T15:35:34.425774
RSHGY,"Resona Holdings, Inc.",32.59,1.91,6.21,3242,173487,36393000000,2026-09-27T15:35:34.425774
TGOPF,3i Group plc,35.73,1.64,4.81,670,2839,36382000000,2026-09-27T15:35:34.425774
SDZXF,Sandoz Group AG,84.03,0.0,0.0,100,538,36359000000,2026-09-27T15:35:34.425774
TTDKF,TDK Corporation,19.07,0.37,1.98,100,26026,36198000000,2026-09-27T15:35:34.425774
JDCMF,"JD.com, Inc.",13.25,0.0,0.0,100,119,36194000000,2026-09-27T15:35:34.425774
TTDKY,TDK Corporation,18.96,0.28,1.5,8982,229671,35989000000,2026-09-27T15:35:34.425774
GFI,Gold Fields Limited,40.38,0.48,1.2,2258000,3591000,35974000000,2026-09-27T15:35:34.425774
VIK,Viking Holdings Ltd,80.3,0.78,0.98,7110000,3284000,35865000000,2026-09-27T15:35:34.425774
MET-PE,"MetLife, Inc.",20.21,0.0,0.0,76019,92360,35842000000,2026-09-27T15:35:34.425774
JD,"JD.com, Inc.",26.51,-0.24,-0.9,5036000,7514000,35802000000,2026-09-27T15:35:34.425774
CHT,"Chunghwa Telecom Co., Ltd.",46.15,0.08,0.17,139983,200584,35801000000,2026-09-27T15:35:34.425774
SXYAY,Sika AG,22.2,0.14,0.63,300,154790,35618000000,2026-09-27T15:35:34.425774
HVRRY,Hannover Rück SE,49.12,0.02,0.04,75,16587,35542000000,2026-09-27T15:35:34.425774
FANUF,Fanuc Corporation,38.18,0.23,0.61,100,4015,35477000000,2026-09-27T15:35:34.425774
FANUY,Fanuc Corporation,19.06,0.06,0.32,44070,516406,35421000000,2026-09-27T15:35:34.425774
FSUGY,Fortescue Ltd,22.93,-0.51,-2.18,29320,108295,35300000000,2026-09-27T15:35:34.425774
BPXXY,BPER Banca SpA,33.3,0.0,0.0,397,112,34921000000,2026-09-27T15:35:34.425774
BKHPF,Bank Hapoalim B.M.,26.71,0.0,0.0,300,23,34849000000,2026-09-27T15:35:34.425774
DSKYF,"Daiichi Sankyo Company, Limited",19.1,0.0,0.0,1300,3552,34755000000,2026-09-27T15:35:34.425774
KR,The Kroger Co.,58.74,-0.18,-0.31,10106000,7130000,34691000000,2026-09-27T15:35:34.425774
BPERF,BPER Banca SpA,16.45,0.0,0.0,0,197,34501000000,2026-09-27T15:35:34.425774
NTR,Nutrien Ltd.,72.23,-1.73,-2.34,3055000,2692000,34469000000,2026-09-27T15:35:34.425774
RKT,"Rocket Companies, Inc.",12.17,0.24,2.01,31169000,29880000,34461000000,2026-09-27T15:35:34.425774
DLMAY,Dollarama Inc.,12.75,-0.1,-0.78,1,282,34217000000,2026-09-27T15:35:34.425774
KVUE,Kenvue Inc.,17.8,0.19,1.08,9718000,22013000,34190000000,2026-09-27T15:35:34.425774
HENOY,Henkel AG & Co. KGaA,21.11,-0.05,-0.24,300,7320,34186000000,2026-09-27T15:35:34.425774
EL,The Estée Lauder Companies Inc.,94.47,-0.9,-0.94,2746000,2991000,34179000000,2026-09-27T15:35:34.425774
ICTEY,"International Container Terminal Services, Inc.",84.65,0.0,0.0,76,28,34179000000,2026-09-27T15:35:34.425774
EC,Ecopetrol S.A.,16.58,0.21,1.28,1733000,1936000,34086000000,2026-09-27T15:35:34.425774
HENOF,Henkel AG & Co. KGaA,84.01,-0.99,-1.16,121,85,34012000000,2026-09-27T15:35:34.425774
DSNKY,"Daiichi Sankyo Company, Limited",18.67,0.39,2.13,5800,148233,33973000000,2026-09-27T15:35:34.425774
SAABY,Saab AB (publ),31.44,0.62,2.01,2705,88117,33870000000,2026-09-27T15:35:34.425774
SAABF,Saab AB (publ),62.7,-0.9,-1.42,500,3161,33773000000,2026-09-27T15:35:34.425774
RSNHF,"Resona Holdings, Inc.",15.04,0.7,4.88,600,34792,33585000000,2026-09-27T15:35:34.425774
PEG,Public Service Enterprise Group Incorporated,67.02,0.46,0.69,3217000,3004000,33404000000,2026-09-27T15:35:34.425774
ERIXF,Telefonaktiebolaget LM Ericsson (publ),10.2,0.0,0.0,104,313660,33286000000,2026-09-27T15:35:34.425774
AHODF,Koninklijke Ahold Delhaize N.V.,38.0,0.0,0.0,1000,517,33203000000,2026-09-27T15:35:34.425774
RBLX,Roblox Corporation,46.44,-2.39,-4.89,11193000,11705000,33176000000,2026-09-27T15:35:34.425774
SHNDY,Schindler Holding AG,15.49,0.23,1.54,33,13964,33087000000,2026-09-27T15:35:34.425774
HELKF,Henkel AG & Co. KGaA,81.29,0.0,0.0,1,7,32912000000,2026-09-27T15:35:34.425774
EPIAF,Epiroc AB (publ),27.16,1.01,3.87,1566,3442,32862000000,2026-09-27T15:35:34.425774
KMB,Kimberly-Clark Corporation,98.43,1.21,1.24,3264000,3933000,32736000000,2026-09-27T15:35:34.425774
DXCM,"DexCom, Inc.",86.62,-0.85,-0.97,1864000,4625000,32687000000,2026-09-27T15:35:34.425774
RSMDF,ResMed Inc.,22.61,0.0,0.0,100,26,32615000000,2026-09-27T15:35:34.425774
OTPGF,OTP Bank Nyrt.,64.28,0.0,0.0,100,2,32558000000,2026-09-27T15:35:34.425774
KHNGY,Kuehne + Nagel International AG,54.81,-0.34,-0.62,4888,4231,32546000000,2026-09-27T15:35:34.425774
TECK,Teck Resources Limited,66.05,-0.46,-0.69,3210000,3105000,32404000000,2026-09-27T15:35:34.425774
HHUSF,Hua Hong Grace Semiconductor Limited,13.85,0.0,0.0,100,41,32357000000,2026-09-27T15:35:34.425774
ALL-PB,The Allstate Corporation,25.71,-0.06,-0.23,12713,29682,32351000000,2026-09-27T15:35:34.425774
FANDY,FirstRand Limited,58.08,0.0,0.0,2,55,32301000000,2026-09-27T15:35:34.425774
ACGL,Arch Capital Group Ltd.,94.66,-0.36,-0.38,3694000,2549000,32301000000,2026-09-27T15:35:34.425774
BEIGF,BeOne Medicines AG,21.95,0.0,0.0,9,32,32274000000,2026-09-27T15:35:34.425774
FINMY,Leonardo S.p.a.,27.95,-0.16,-0.57,5166,57404,32243000000,2026-09-27T15:35:34.425774
GASNF,"Naturgy Energy Group, S.A.",33.53,0.0,0.0,150,80,32200000000,2026-09-27T15:35:34.425774
TCKRF,Teck Resources Limited,65.55,0.0,0.0,400,141,32159000000,2026-09-27T15:35:34.425774
FINMF,Leonardo S.p.a.,55.67,-1.46,-2.56,500,4298,32110000000,2026-09-27T15:35:34.425774
PSA-PH,Public Storage,19.9,0.08,0.43,70422,32218,32098000000,2026-09-27T15:35:34.425774
CICOY,"COSCO SHIPPING Holdings Co., Ltd.",10.5,-0.15,-1.41,5839,10338,31958000000,2026-09-27T15:35:34.425774
EPOAY,Epiroc AB (publ),26.37,0.51,1.97,7406,152622,31906000000,2026-09-27T15:35:34.425774
SVNLF,Svenska Handelsbanken AB (publ),15.6,0.0,0.0,7000,804,31844000000,2026-09-27T15:35:34.425774
EQT,EQT Corporation,50.81,-1.06,-2.04,8794000,7214000,31782000000,2026-09-27T15:35:34.425774
ADRNY,Koninklijke Ahold Delhaize N.V.,36.37,0.47,1.31,11387,178328,31779000000,2026-09-27T15:35:34.425774
SZLMY,Swiss Life Holding AG,55.29,0.71,1.29,201,8760,31625000000,2026-09-27T15:35:34.425774
HBAN,Huntington Bancshares Incorporated,15.64,0.33,2.16,33222000,25246000,31599000000,2026-09-27T15:35:34.425774
DASTF,Dassault Systèmes SE,24.02,0.0,0.0,300,2079,31562000000,2026-09-27T15:35:34.425774
VG,"Venture Global, Inc.",12.62,-0.61,-4.61,14732000,14554000,31551000000,2026-09-27T15:35:34.425774
HENKY,Henkel AG & Co. KGaA,19.47,0.02,0.1,1499,67457,31530000000,2026-09-27T15:35:34.425774
PPRUY,Kering SA,25.69,-0.15,-0.58,57929,424823,31501000000,2026-09-27T15:35:34.425774
OLCLY,"Oriental Land Co., Ltd.",19.2,0.56,3.0,100,25465,31483000000,2026-09-27T15:35:34.425774
DASTY,Dassault Systèmes SE,23.95,-0.18,-0.75,3077,153738,31472000000,2026-09-27T15:35:34.425774
JPHLF,"Japan Post Holdings Co., Ltd.",11.5,0.0,0.0,100,8,31440000000,2026-09-27T15:35:34.425774
STMZF,Scottish Mortgage Investment Trust PLC,20.47,-0.07,-0.34,150,3739,31332000000,2026-09-27T15:35:34.425774
ALC,Alcon Inc.,64.47,-0.09,-0.14,2340000,1912000,31165000000,2026-09-27T15:35:34.425774
PUK,Prudential plc,25.25,-0.05,-0.2,2167000,1008000,31144000000,2026-09-27T15:35:34.425774
EXPGF,Experian plc,35.3,0.0,0.0,300,1623,31059000000,2026-09-27T15:35:34.425774
BNCZF,Banco BPM S.p.A.,20.44,0.0,0.0,100,62,30770000000,2026-09-27T15:35:34.425774
GBOOY,"Grupo Financiero Banorte, S.A.B. de C.V.",55.44,0.88,1.61,5564,45423,30765000000,2026-09-27T15:35:34.425774
SUNB,"Sunbelt Rentals Holdings, Inc.",75.06,2.32,3.19,4975000,4385000,30757000000,2026-09-27T15:35:34.425774
AJNMY,"Ajinomoto Co., Inc.",32.28,0.63,1.99,7937,41187,30755000000,2026-09-27T15:35:34.425774
KYOAY,Kyocera Corporation,24.07,1.02,4.43,1210,56022,30750000000,2026-09-27T15:35:34.425774
CQP,"Cheniere Energy Partners, L.P.",63.43,-0.21,-0.33,109467,112076,30704000000,2026-09-27T15:35:34.425774
AJINF,"Ajinomoto Co., Inc.",32.22,0.0,0.0,1200,279,30698000000,2026-09-27T15:35:34.425774
FSNUF,Fresenius SE & Co. KGaA,54.35,0.0,0.0,165,14,30612000000,2026-09-27T15:35:34.425774
CNC,Centene Corporation,61.82,-0.1,-0.16,3608000,4608000,30539000000,2026-09-27T15:35:34.425774
GBOOF,"Grupo Financiero Banorte, S.A.B. de C.V.",11.0,-0.42,-3.68,401,14722,30521000000,2026-09-27T15:35:34.425774
EXPGY,Experian plc,34.68,-0.19,-0.54,29608,431120,30514000000,2026-09-27T15:35:34.425774
DNZOY,DENSO Corporation,12.17,0.15,1.25,700,101853,30512000000,2026-09-27T15:35:34.425774
KNYJY,KONE Oyj,29.41,0.31,1.06,447,43080,30483000000,2026-09-27T15:35:34.425774
CCL,Carnival Corporation Ltd.,22.25,0.46,2.11,21909000,19464000,30475000000,2026-09-27T15:35:34.425774
MDLN,Medline Inc.,34.7,0.04,0.12,7543000,7502000,30444000000,2026-09-27T15:35:34.425774
AVIVF,Advanced Info Service Public Company Limited,10.2,0.0,0.0,100,1,30337000000,2026-09-27T15:35:34.425774
NVZMY,Novozymes A/S,65.02,-2.41,-3.57,1228,26792,30336000000,2026-09-27T15:35:34.425774
NVZMF,Novozymes A/S,65.0,-2.62,-3.87,500,582,30326000000,2026-09-27T15:35:34.425774
SGBLY,Standard Bank Group Limited,18.63,-0.03,-0.16,869,38190,30168000000,2026-09-27T15:35:34.425774
GEHC,GE HealthCare Technologies Inc.,66.63,0.25,0.38,4129000,4185000,30096000000,2026-09-27T15:35:34.425774
KNYJF,KONE Oyj,58.05,0.0,0.0,127,357,30086000000,2026-09-27T15:35:34.425774
ON,ON Semiconductor Corporation,77.2,4.05,5.54,11119000,10378000,30055000000,2026-09-27T15:35:34.425774
BRDCY,Bridgestone Corporation,12.16,0.25,2.1,4244,197484,30022000000,2026-09-27T15:35:34.425774
PUKPF,Prudential plc,12.17,0.0,0.0,465,350,30021000000,2026-09-27T15:35:34.425774
IPXHF,Inpex Corporation,25.96,0.0,0.0,5000,215,30018000000,2026-09-27T15:35:34.425774
KYOCF,Kyocera Corporation,23.48,0.0,0.0,200,392,30001000000,2026-09-27T15:35:34.425774
UMGNF,Universal Music Group N.V.,16.67,0.36,2.21,6985,49619,29967000000,2026-09-27T15:35:34.425774
TTNDF,Techtronic Industries Company Limited,16.4,0.0,0.0,100,1615,29942000000,2026-09-27T15:35:34.425774
FSNUY,Fresenius SE & Co. KGaA,13.28,0.12,0.91,8530,188822,29919000000,2026-09-27T15:35:34.425774
DNZOF,DENSO Corporation,11.92,1.16,10.78,6080,3720,29885000000,2026-09-27T15:35:34.425774
SBGOF,Standard Bank Group Limited,18.43,-0.1,-0.54,1000,3274,29844000000,2026-09-27T15:35:34.425774
CMTDF,"Sumitomo Mitsui Trust Group, Inc.",10.83,0.0,0.0,100,57,29825000000,2026-09-27T15:35:34.425774
NTOIF,Neste Oyj,38.81,-1.16,-2.89,100,204,29821000000,2026-09-27T15:35:34.425774
NTOIY,Neste Oyj,19.37,-0.76,-3.78,10752,48614,29763000000,2026-09-27T15:35:34.425774
BIDU,"Baidu, Inc.",87.33,-0.75,-0.85,2212000,2692000,29748000000,2026-09-27T15:35:34.425774
TTNDY,Techtronic Industries Company Limited,81.44,-0.4,-0.49,1658,50314,29737000000,2026-09-27T15:35:34.425774
KGC,Kinross Gold Corporation,25.05,0.63,2.58,10223000,8047000,29715000000,2026-09-27T15:35:34.425774
OLCLF,"Oriental Land Co., Ltd.",18.12,0.0,0.0,6894,123,29706000000,2026-09-27T15:35:34.425774
CCI,Crown Castle Inc.,67.84,0.21,0.31,3097000,3685000,29646000000,2026-09-27T15:35:34.425774
VWDRY,Vestas Wind Systems A/S,10.11,-0.04,-0.39,1099,184268,29643000000,2026-09-27T15:35:34.425774
HMRZF,H & M Hennes & Mauritz AB (publ),18.56,0.0,0.0,100,61,29629000000,2026-09-27T15:35:34.425774
IR,Ingersoll Rand Inc.,76.08,1.3,1.74,4321000,4124000,29519000000,2026-09-27T15:35:34.425774
SVNDF,"Seven & i Holdings Co., Ltd.",13.01,0.0,0.0,300,2117,29494000000,2026-09-27T15:35:34.425774
NSKFF,Kongsberg Gruppen ASA,33.5,0.0,0.0,200,819,29467000000,2026-09-27T15:35:34.425774
NMR,"Nomura Holdings, Inc.",10.06,0.29,2.97,590796,848574,29401000000,2026-09-27T15:35:34.425774
ZTS,Zoetis Inc.,71.05,0.78,1.11,4164000,5669000,29360000000,2026-09-27T15:35:34.425774
ADDYY,adidas AG,83.74,2.39,2.94,10237,103395,29320000000,2026-09-27T15:35:34.425774
BAIDF,"Baidu, Inc.",10.73,-0.78,-6.75,1000,2417,29249000000,2026-09-27T15:35:34.425774
VWSYF,Vestas Wind Systems A/S,29.94,-0.96,-3.11,126,4403,29232000000,2026-09-27T15:35:34.425774
HDLMY,Heidelberg Materials AG,33.02,0.4,1.23,8068,123953,29025000000,2026-09-27T15:35:34.425774
KBGGY,Kongsberg Gruppen ASA,16.47,-0.31,-1.85,4297,36941,28974000000,2026-09-27T15:35:34.425774
SVNDY,"Seven & i Holdings Co., Ltd.",12.71,0.07,0.55,1133,201290,28814000000,2026-09-27T15:35:34.425774
RYAAY,Ryanair Holdings plc,55.3,1.26,2.33,1066000,1489000,28653000000,2026-09-27T15:35:34.425774
SMCI,"Super Micro Computer, Inc.",43.26,1.75,4.22,49077000,46673000,28420000000,2026-09-27T15:35:34.425774
TNRSF,Tenaris S.A.,28.12,0.0,0.0,100,5786,28391000000,2026-09-27T15:35:34.425774
IPXHY,Inpex Corporation,24.55,0.08,0.33,5190,63195,28388000000,2026-09-27T15:35:34.425774
HPQ,HP Inc.,31.3,0.16,0.51,11956000,15459000,28226000000,2026-09-27T15:35:34.425774
PSA-PK,Public Storage,16.82,-0.05,-0.27,10699,20948,28208000000,2026-09-27T15:35:34.425774
WXXWY,WuXi Biologics (Cayman) Inc.,13.65,0.38,2.86,13398,65233,28094000000,2026-09-27T15:35:34.425774
KHC,The Kraft Heinz Company,23.63,-0.23,-0.96,10439000,16929000,28021000000,2026-09-27T15:35:34.425774
AIBGY,AIB Group plc,26.75,0.32,1.21,1014,72031,28009000000,2026-09-27T15:35:34.425774
TS,Tenaris S.A.,55.47,-0.41,-0.73,789122,1260000,28002000000,2026-09-27T15:35:34.425774
ACSAY,"ACS, Actividades de Construcción y Servicios, S.A.",21.44,0.22,1.04,1300,66579,27961000000,2026-09-27T15:35:34.425774
MITEY,"Mitsubishi Estate Co., Ltd.",23.33,0.32,1.39,277,86511,27954000000,2026-09-27T15:35:34.425774
EPIPF,Epiroc AB (publ),23.1,0.0,0.0,100,7,27950000000,2026-09-27T15:35:34.425774
PUBGY,Publicis Groupe S.A.,27.98,0.23,0.83,5311,229973,27949000000,2026-09-27T15:35:34.425774
AIBRF,AIB Group plc,13.32,0.7,5.56,213,3744,27893000000,2026-09-27T15:35:34.425774
DOGEF,Ørsted A/S,21.09,0.1,0.5,700,1461,27868000000,2026-09-27T15:35:34.425774
FTI,TechnipFMC plc,70.99,0.04,0.06,1900000,3354000,27840000000,2026-09-27T15:35:34.425774
ALL-PH,The Allstate Corporation,18.48,-0.06,-0.32,133330,127490,27815000000,2026-09-27T15:35:34.425774
MITEF,"Mitsubishi Estate Co., Ltd.",23.2,-0.21,-0.9,5807,261,27799000000,2026-09-27T15:35:34.425774
FNLPF,Fresnillo plc,37.67,0.39,1.05,34350,7049,27759000000,2026-09-27T15:35:34.425774
SMCAY,SMC Corporation,22.2,0.73,3.4,20054,291519,27740000000,2026-09-27T15:35:34.425774
BRDCF,Bridgestone Corporation,22.36,-1.6,-6.68,600,900,27603000000,2026-09-27T15:35:34.425774
CFG,"Citizens Financial Group, Inc.",65.53,0.8,1.24,3847000,3957000,27600000000,2026-09-27T15:35:34.425774
AEE,Ameren Corporation,99.39,0.19,0.19,2419000,1583000,27515000000,2026-09-27T15:35:34.425774
CHHQY,China Hongqiao Group Limited,28.0,0.0,0.0,170,292,27494000000,2026-09-27T15:35:34.425774
ICTEF,"International Container Terminal Services, Inc.",13.6,0.0,0.0,191,4023,27466000000,2026-09-27T15:35:34.425774
BNNCY,Banco BPM S.p.A.,72.76,-3.24,-4.27,1200,80,27382000000,2026-09-27T15:35:34.425774
GFS,GLOBALFOUNDRIES Inc.,49.0,1.95,4.14,4935000,4027000,27314000000,2026-09-27T15:35:34.425774
ALPMF,Astellas Pharma Inc.,15.23,0.18,1.2,200,5465,27308000000,2026-09-27T15:35:34.425774
HAL,Halliburton Company,32.76,0.0,0.0,9712000,11110000,27293000000,2026-09-27T15:35:34.425774
ALPMY,Astellas Pharma Inc.,15.22,0.34,2.28,4889,139065,27290000000,2026-09-27T15:35:34.425774
DSFIY,DSM-Firmenich AG,11.14,0.03,0.27,400,260928,27278000000,2026-09-27T15:35:34.425774
FTS,Fortis Inc.,53.09,0.01,0.02,728976,746868,27124000000,2026-09-27T15:35:34.425774
WNGRF,George Weston Limited,72.26,1.19,1.67,50,7950,27040000000,2026-09-27T15:35:34.425774
HXGBF,Hexagon AB (publ),10.02,0.0,0.0,10,3034,26897000000,2026-09-27T15:35:34.425774
SAXPF,Sampo Oyj,10.2,0.0,0.0,300,901,26860000000,2026-09-27T15:35:34.425774
HPGLY,Hapag-Lloyd Aktiengesellschaft,76.4,0.49,0.64,6,801,26858000000,2026-09-27T15:35:34.425774
FQVLF,First Quantum Minerals Ltd.,32.16,0.45,1.42,3737,151206,26828000000,2026-09-27T15:35:34.425774
VEOEF,Veolia Environnement SA,36.05,0.39,1.09,750,4466,26751000000,2026-09-27T15:35:34.425774
OMVJF,OMV Aktiengesellschaft,81.95,-0.62,-0.75,400,203,26728000000,2026-09-27T15:35:34.425774
OMVKY,OMV Aktiengesellschaft,20.45,-0.34,-1.64,2254,24417,26679000000,2026-09-27T15:35:34.425774
MDIBY,Mediobanca Banca di Credito Finanziario S.p.A.,32.78,0.17,0.52,2,4646,26629000000,2026-09-27T15:35:34.425774
VEOEY,Veolia Environnement SA,17.93,0.12,0.67,17447,224025,26610000000,2026-09-27T15:35:34.425774
FOXA,Fox Corporation,63.07,-0.77,-1.21,3628000,5423000,26595000000,2026-09-27T15:35:34.425774
JXHLY,"ENEOS Holdings, Inc.",20.0,0.0,0.0,575,766,26564000000,2026-09-27T15:35:34.425774
SAXPY,Sampo Oyj,20.1,0.14,0.7,14577,53039,26465000000,2026-09-27T15:35:34.425774
FUJIF,FUJIFILM Holdings Corporation,22.05,0.0,0.0,1700,317,26372000000,2026-09-27T15:35:34.425774
ECHO,EchoStar Corporation,90.11,-0.27,-0.3,3370000,4197000,26205000000,2026-09-27T15:35:34.425774
FUJIY,FUJIFILM Holdings Corporation,10.95,0.36,3.4,16689,184873,26192000000,2026-09-27T15:35:34.425774
ZM,"Zoom Communications, Inc.",89.71,-0.64,-0.71,1957000,3200000,26176000000,2026-09-27T15:35:34.425774
CTOWY,China Tower Corporation Limited,14.93,0.0,0.0,200,17,26099000000,2026-09-27T15:35:34.425774
CRBJY,China Resources Land Limited,36.46,-1.42,-3.75,295,25,25999000000,2026-09-27T15:35:34.425774
EPOBY,Epiroc AB (publ),21.48,0.0,0.0,3,23,25983000000,2026-09-27T15:35:34.425774
PBA,Pembina Pipeline Corporation,44.66,-0.78,-1.72,631536,964958,25972000000,2026-09-27T15:35:34.425774
RPRX,Royalty Pharma plc,58.21,-0.08,-0.14,1867000,2909000,25920000000,2026-09-27T15:35:34.425774
SGGKY,Singapore Technologies Engineering Ltd,83.02,-3.48,-4.02,195,128,25896000000,2026-09-27T15:35:34.425774
VICI,VICI Properties Inc.,23.51,0.24,1.03,8575000,9774000,25886000000,2026-09-27T15:35:34.425774
MTSFY,"Mitsui Fudosan Co., Ltd.",28.83,0.32,1.12,486,94963,25872000000,2026-09-27T15:35:34.425774
ROIV,Roivant Sciences Ltd.,35.8,-0.33,-0.91,6764000,7041000,25859000000,2026-09-27T15:35:34.425774
CTSH,Cognizant Technology Solutions Corporation,57.33,0.16,0.28,4449000,8081000,25824000000,2026-09-27T15:35:34.425774
MTCPY,MTR Corporation Limited,12.41,0.0,0.0,11,25,25670000000,2026-09-27T15:35:34.425774
AMADY,"Amadeus IT Group, S.A.",61.07,-0.43,-0.7,5692,85988,25649000000,2026-09-27T15:35:34.425774
PMRTY,Pop Mart International Group Limited,19.36,0.18,0.93,1,39842,25594000000,2026-09-27T15:35:34.425774
FOJCF,Fortum Oyj,28.47,0.0,0.0,1500,74,25545000000,2026-09-27T15:35:34.425774
CPRT,"Copart, Inc.",27.59,-0.45,-1.6,10858000,11422000,25543000000,2026-09-27T15:35:34.425774
ORLNY,Orlen S.A.,22.0,0.0,0.0,200,71,25541000000,2026-09-27T15:35:34.425774
ICAGY,International Consolidated Airlines Group S.A.,11.67,0.16,1.39,10700,63057,25471000000,2026-09-27T15:35:34.425774
AIPUY,Airports of Thailand Public Company Limited,17.8,0.0,0.0,1,274,25429000000,2026-09-27T15:35:34.425774
LVS,Las Vegas Sands Corp.,38.99,0.34,0.88,3854000,5164000,25254000000,2026-09-27T15:35:34.425774
RAIFF,Raiffeisen Bank International AG,76.75,0.0,0.0,100,14,25200000000,2026-09-27T15:35:34.425774
OTIS,Otis Worldwide Corporation,65.94,-0.74,-1.11,3432000,3823000,25101000000,2026-09-27T15:35:34.425774
FE,FirstEnergy Corp.,43.3,0.11,0.25,4072000,4164000,25055000000,2026-09-27T15:35:34.425774
QSR,Restaurant Brands International Inc.,71.64,0.73,1.03,3367000,2862000,24985000000,2026-09-27T15:35:34.425774
CPNG,"Coupang, Inc.",13.88,0.0,0.0,11844000,17188000,24949000000,2026-09-27T15:35:34.425774
AMADF,"Amadeus IT Group, S.A.",59.35,-0.39,-0.65,900,4485,24926000000,2026-09-27T15:35:34.425774
TRPCF,Trip.com Group Limited,39.55,0.0,0.0,100,22,24902000000,2026-09-27T15:35:34.425774
RSTRF,Restaurant Brands International Limited Partnership,74.0,0.0,0.0,400,17,24835000000,2026-09-27T15:35:34.425774
TCOM,Trip.com Group Limited,39.43,-0.61,-1.52,2397000,3249000,24829000000,2026-09-27T15:35:34.425774
WRB,W. R. Berkley Corporation,66.82,-0.47,-0.7,2105000,2420000,24805000000,2026-09-27T15:35:34.425774
EJPRY,East Japan Railway Company,10.98,0.02,0.18,4,96328,24794000000,2026-09-27T15:35:34.425774
BNTX,BioNTech SE,98.52,-0.74,-0.75,579890,1153000,24749000000,2026-09-27T15:35:34.425774
FISV,"Fiserv, Inc.",46.48,0.5,1.09,6616000,7323000,24717000000,2026-09-27T15:35:34.425774
OEZVY,VERBUND AG,14.21,0.07,0.5,2,179,24684000000,2026-09-27T15:35:34.425774
ALFVF,Alfa Laval AB (publ),59.5,0.0,0.0,100,1,24593000000,2026-09-27T15:35:34.425774
CAJPY,Canon Inc.,29.4,0.52,1.8,3563,56506,24540000000,2026-09-27T15:35:34.425774
SZKMY,Suzuki Motor Corporation,50.87,0.64,1.27,433,39134,24536000000,2026-09-27T15:35:34.425774
IMBBY,Imperial Brands PLC,32.59,-0.28,-0.85,84566,266519,24531000000,2026-09-27T15:35:34.425774
RYLPF,Koninklijke Philips N.V.,25.05,0.82,3.38,1414,741,24481000000,2026-09-27T15:35:34.425774
PHG,Koninklijke Philips N.V.,24.96,0.41,1.67,707820,966017,24397000000,2026-09-27T15:35:34.425774
SZKMF,Suzuki Motor Corporation,12.63,0.0,0.0,13100,2631,24367000000,2026-09-27T15:35:34.425774
SW,Smurfit Westrock Plc,46.41,0.41,0.89,3228000,4846000,24343000000,2026-09-27T15:35:34.425774
CNP,"CenterPoint Energy, Inc.",36.84,0.02,0.05,6576000,6412000,24267000000,2026-09-27T15:35:34.425774
CAJFF,Canon Inc.,29.0,0.0,0.0,300,569,24207000000,2026-09-27T15:35:34.425774
RAIFY,Raiffeisen Bank International AG,18.43,0.33,1.82,2562,24728,24205000000,2026-09-27T15:35:34.425774
AFRM,"Affirm Holdings, Inc.",71.52,-0.05,-0.07,2526000,4279000,24132000000,2026-09-27T15:35:34.425774
PPL,PPL Corporation,32.03,0.06,0.19,6869000,7473000,24104000000,2026-09-27T15:35:34.425774
IMBBF,Imperial Brands PLC,32.0,-0.04,-0.12,100,11341,24086000000,2026-09-27T15:35:34.425774
QBIEY,QBE Insurance Group Limited,16.11,0.04,0.25,11250,72973,24069000000,2026-09-27T15:35:34.425774
UFGSY,Unipol Assicurazioni S.p.A.,16.73,0.0,0.0,300,450,23998000000,2026-09-27T15:35:34.425774
ES,Eversource Energy,63.67,-0.13,-0.2,2867000,2230000,23983000000,2026-09-27T15:35:34.425774
AXIAY,AXIA Energia SA,10.45,-0.14,-1.32,65812,919274,23976000000,2026-09-27T15:35:34.425774
AXICY,AXIA Energia SA,10.44,0.24,2.3,41,65068,23941000000,2026-09-27T15:35:34.425774
VACNY,VAT Group AG,79.66,0.92,1.17,100,12877,23872000000,2026-09-27T15:35:34.425774
FOX,Fox Corporation,56.54,-0.66,-1.15,548316,1295000,23841000000,2026-09-27T15:35:34.425774
SYF,Synchrony Financial,72.94,1.39,1.94,2466000,3428000,23733000000,2026-09-27T15:35:34.425774
FWONK,Formula One Group,94.61,-0.47,-0.49,2068000,2070000,23720000000,2026-09-27T15:35:34.425774
UNPRF,Uniper SE,56.9,0.0,0.0,100,7,23697000000,2026-09-27T15:35:34.425774
NNGRY,NN Group N.V.,45.56,0.57,1.26,16443,49444,23695000000,2026-09-27T15:35:34.425774
NNGPF,NN Group N.V.,91.11,0.0,0.0,1900,1017,23692000000,2026-09-27T15:35:34.425774
VLTO,Veralto Corporation,97.14,0.94,0.98,1630000,1696000,23682000000,2026-09-27T15:35:34.425774
IVBIY,"Innovent Biologics, Inc.",54.29,0.0,0.0,5,26,23669000000,2026-09-27T15:35:34.425774
IDDTF,AB Industrivärden (publ),54.65,0.0,0.0,250,8,23603000000,2026-09-27T15:35:34.425774
ALFVY,Alfa Laval AB (publ),57.07,0.53,0.94,958,21004,23589000000,2026-09-27T15:35:34.425774
SRTOY,Sartorius Stedim Biotech S.A.,24.22,-0.34,-1.38,200,27884,23560000000,2026-09-27T15:35:34.425774
RF,Regions Financial Corporation,27.62,0.36,1.32,10025000,8673000,23530000000,2026-09-27T15:35:34.425774
CJPRF,Central Japan Railway Company,24.77,0.0,0.0,7920,1,23512000000,2026-09-27T15:35:34.425774
CHLSY,Chocoladefabriken Lindt & Sprüngli AG,10.26,-0.04,-0.39,895,121704,23435000000,2026-09-27T15:35:34.425774
HSHCY,"Haier Smart Home Co., Ltd.",10.07,-0.07,-0.69,508,84082,23421000000,2026-09-27T15:35:34.425774
COCSF,"Coca-Cola FEMSA, S.A.B. de C.V.",11.12,-0.07,-0.67,100,1160,23372000000,2026-09-27T15:35:34.425774
LSRCY,Lasertec Corporation,52.1,1.58,3.13,346,120076,23369000000,2026-09-27T15:35:34.425774
MDIBF,Mediobanca Banca di Credito Finanziario S.p.A.,28.96,0.0,0.0,1,31,23360000000,2026-09-27T15:35:34.425774
NCBDY,BANDAI NAMCO Holdings Inc.,18.01,0.59,3.36,49407,59728,23102000000,2026-09-27T15:35:34.425774
AKRBF,Aker BP ASA,36.58,-1.06,-2.82,254,3225,23072000000,2026-09-27T15:35:34.425774
ARLUF,Aristocrat Leisure Limited,38.56,-1.47,-3.67,200,300,22914000000,2026-09-27T15:35:34.425774
EDPFY,"EDP, S.A.",55.3,0.74,1.36,693,26395,22909000000,2026-09-27T15:35:34.425774
VTAGY,Vantage Towers AG,21.42,0.0,0.0,100,1,22896000000,2026-09-27T15:35:34.425774
GPN,Global Payments Inc.,86.49,1.18,1.38,2006000,2962000,22887000000,2026-09-27T15:35:34.425774
CHD,"Church & Dwight Co., Inc.",96.38,1.05,1.1,982222,1786000,22862000000,2026-09-27T15:35:34.425774
CJPRY,Central Japan Railway Company,12.04,0.19,1.6,1452,97634,22861000000,2026-09-27T15:35:34.425774
NCBDF,BANDAI NAMCO Holdings Inc.,35.5,0.0,0.0,100,20,22768000000,2026-09-27T15:35:34.425774
AKRBY,Aker BP ASA,18.0,0.0,0.0,190,1354,22706000000,2026-09-27T15:35:34.425774
BOUYF,Bouygues SA,59.34,0.0,0.0,35,3,22683000000,2026-09-27T15:35:34.425774
CRCL,Circle Internet Group,89.0,-4.0,-4.3,10929000,14663000,22595000000,2026-09-27T15:35:34.425774
SGSOY,SGS SA,11.39,0.0,0.0,8888,63198,22507000000,2026-09-27T15:35:34.425774
CIB,Grupo Cibest S.A.,95.15,0.93,0.99,213828,303022,22471000000,2026-09-27T15:35:34.425774
PS,Pershing Square Inc.,56.16,3.88,7.42,345716,342926,22464000000,2026-09-27T15:35:34.425774
RIVN,"Rivian Automotive, Inc.",15.47,0.18,1.18,16535000,28376000,22398000000,2026-09-27T15:35:34.425774
CLEGF,Coles Group Limited,16.6,0.0,0.0,100,34,22311000000,2026-09-27T15:35:34.425774
MTNOY,MTN Group Limited,12.13,0.25,2.1,373,23752,22235000000,2026-09-27T15:35:34.425774
CCHBF,Coca-Cola HBC AG,61.0,0.0,0.0,430,306,22232000000,2026-09-27T15:35:34.425774
IOT,Samsara Inc.,37.96,-1.36,-3.46,4954000,6074000,22230000000,2026-09-27T15:35:34.425774
NESRF,Northern Star Resources Limited,15.54,0.36,2.37,3210,11619,22141000000,2026-09-27T15:35:34.425774
QBEIF,QBE Insurance Group Limited,14.75,-1.82,-10.98,300,1420,22037000000,2026-09-27T15:35:34.425774
KEY,KeyCorp,20.61,0.36,1.78,15785000,11463000,21994000000,2026-09-27T15:35:34.425774
TERRF,Terna S.p.A.,10.95,0.0,0.0,1,38,21970000000,2026-09-27T15:35:34.425774
VTWRF,Vantage Towers AG,40.06,0.0,0.0,498,7,21945000000,2026-09-27T15:35:34.425774
FWONB,Formula One Group,87.5,0.0,0.0,100,3,21937000000,2026-09-27T15:35:34.425774
NXGPY,NEXT plc,96.0,0.0,0.0,201,277,21917000000,2026-09-27T15:35:34.425774
IFF,International Flavors & Fragrances Inc.,85.69,-0.16,-0.19,1532000,1734000,21864000000,2026-09-27T15:35:34.425774
BKRIY,Bank of Ireland Group plc,23.14,0.41,1.8,254,28044,21821000000,2026-09-27T15:35:34.425774
GMAB,Genmab A/S,35.32,0.49,1.41,3583000,2319000,21718000000,2026-09-27T15:35:34.425774
IVBXF,"Innovent Biologics, Inc.",12.45,0.0,0.0,4000,1664,21718000000,2026-09-27T15:35:34.425774
FWONA,Formula One Group,86.46,-0.27,-0.31,147408,164438,21676000000,2026-09-27T15:35:34.425774
MTNOF,MTN Group Limited,11.82,0.0,0.0,1900,174,21667000000,2026-09-27T15:35:34.425774
ARXS,"Arxis, Inc.",50.12,-1.18,-2.3,740416,841082,21593000000,2026-09-27T15:35:34.425774
BKZHY,Erste Bank Polska S.A.,42.25,-0.57,-1.33,500,97,21587000000,2026-09-27T15:35:34.425774
LGGNY,Legal & General Group Plc,20.01,0.07,0.35,3594,79980,21570000000,2026-09-27T15:35:34.425774
CRCCY,CRRC Corporation Limited,15.03,0.0,0.0,200,1,21567000000,2026-09-27T15:35:34.425774
HRNNF,Hydro One Limited,35.88,-0.16,-0.43,200,135963,21534000000,2026-09-27T15:35:34.425774
TRUMY,Terumo Corporation,14.59,0.33,2.31,10431,94280,21522000000,2026-09-27T15:35:34.425774
EMSCY,EMS-CHEMIE HOLDING AG,23.0,0.0,0.0,250,17,21518000000,2026-09-27T15:35:34.425774
GELHY,Geely Automobile Holdings Limited,39.87,-0.28,-0.7,2247,35200,21502000000,2026-09-27T15:35:34.425774
KAEPF,"The Kansai Electric Power Company, Incorporated",19.28,0.38,2.01,125,300,21479000000,2026-09-27T15:35:34.425774
GBERY,Geberit AG,66.2,0.8,1.22,1673,17236,21421000000,2026-09-27T15:35:34.425774
SOFI,"SoFi Technologies, Inc.",16.58,-0.22,-1.31,31201000,61122000,21414000000,2026-09-27T15:35:34.425774
LNDMY,Lundin Mining Corporation,25.07,0.0,0.0,20,20,21343000000,2026-09-27T15:35:34.425774
SNMRY,Snam S.p.A.,12.71,0.05,0.39,333,68493,21326000000,2026-09-27T15:35:34.425774
ANGPY,Valterra Platinum Limited,13.42,0.44,3.39,54321,133339,21263000000,2026-09-27T15:35:34.425774
BCH,Banco de Chile,42.04,0.54,1.3,253828,290836,21234000000,2026-09-27T15:35:34.425774
CCHGY,Coca-Cola HBC AG,58.19,0.56,0.97,200,7930,21208000000,2026-09-27T15:35:34.425774
DLR-PK,"Digital Realty Trust, Inc.",20.33,-0.02,-0.1,11812,18995,21124000000,2026-09-27T15:35:34.425774
BSP,Bending Spoons S.p.A.,33.25,0.45,1.37,3440000,2607000,21121000000,2026-09-27T15:35:34.425774
TRATY,Traton SE,41.85,0.0,0.0,300,75,21101000000,2026-09-27T15:35:34.425774
LUNMF,Lundin Mining Corporation,24.78,0.25,1.02,1830,193903,21096000000,2026-09-27T15:35:34.425774
BKRIF,Bank of Ireland Group plc,22.35,0.0,0.0,10,777,21076000000,2026-09-27T15:35:34.425774
CNH,CNH Industrial N.V.,13.09,-0.19,-1.43,13306000,17465000,21051000000,2026-09-27T15:35:34.425774
TEZNY,Terna S.p.A.,31.47,0.29,0.93,4161,28538,21047000000,2026-09-27T15:35:34.425774
CNGKY,CK Asset Holdings Limited,11.96,0.51,4.45,380,5877,20929000000,2026-09-27T15:35:34.425774
HKHHY,Heineken Holding N.V.,38.17,0.23,0.61,31,22942,20905000000,2026-09-27T15:35:34.425774
AMRZ,Amrize Ltd,38.22,0.99,2.66,3576000,3654000,20903000000,2026-09-27T15:35:34.425774
OMC,Omnicom Group Inc.,76.15,1.45,1.94,2839000,3129000,20891000000,2026-09-27T15:35:34.425774
LUV,Southwest Airlines Co.,42.68,1.13,2.72,6935000,5367000,20879000000,2026-09-27T15:35:34.425774
AGPPF,Valterra Platinum Limited,78.52,-4.9,-5.87,100,203,20727000000,2026-09-27T15:35:34.425774
CKISY,CK Infrastructure Holdings Limited,41.03,0.0,0.0,1,28,20677000000,2026-09-27T15:35:34.425774
TRATF,Traton SE,39.7,0.0,0.0,300,72,20662000000,2026-09-27T15:35:34.425774
HKHHF,Heineken Holding N.V.,75.23,-0.57,-0.75,591,985,20601000000,2026-09-27T15:35:34.425774
KAOCF,Kao Corporation,22.68,0.0,0.0,400,239,20520000000,2026-09-27T15:35:34.425774
VTRS,Viatris Inc.,17.83,0.41,2.35,10151000,9272000,20479000000,2026-09-27T15:35:34.425774
SOAGY,Sartorius Aktiengesellschaft,59.17,-1.38,-2.28,4654,5733,20429000000,2026-09-27T15:35:34.425774
HSAI,Hesai Group,16.25,-0.12,-0.73,733290,1651000,20428000000,2026-09-27T15:35:34.425774
YPF,YPF Sociedad Anónima,52.1,-1.51,-2.82,806679,1241000,20427000000,2026-09-27T15:35:34.425774
AMCCF,Amcor plc,44.18,0.0,0.0,2300,48,20426000000,2026-09-27T15:35:34.425774
TRUMF,Terumo Corporation,13.83,0.0,0.0,197,296,20401000000,2026-09-27T15:35:34.425774
BRO,"Brown & Brown, Inc.",60.82,0.49,0.81,1979000,2316000,20351000000,2026-09-27T15:35:34.425774
BPCGY,"Banco Comercial Português, S.A.",13.9,-0.2,-1.45,100,593,20273000000,2026-09-27T15:35:34.425774
EIX,Edison International,52.65,0.11,0.21,3669000,4355000,20260000000,2026-09-27T15:35:34.425774
DOW,Dow Inc.,28.02,-0.54,-1.89,8837000,9520000,20240000000,2026-09-27T15:35:34.425774
USFD,US Foods Holding Corp.,93.33,-0.49,-0.52,1641000,2430000,20190000000,2026-09-27T15:35:34.425774
EXE,Expand Energy Corporation,86.84,-1.78,-2.01,2536000,3426000,20104000000,2026-09-27T15:35:34.425774
IPOAF,"Industrias Peñoles, S.A.B. de C.V.",50.55,0.0,0.0,520,376,20092000000,2026-09-27T15:35:34.425774
MZTFF,Mizrahi Tefahot Bank Ltd.,77.0,0.0,0.0,100,1,20056000000,2026-09-27T15:35:34.425774
KUBTY,Kubota Corporation,88.79,1.95,2.25,1040,20852,20002000000,2026-09-27T15:35:34.425774
PAAS,Pan American Silver Corp.,48.04,0.53,1.12,2121000,4245000,19918000000,2026-09-27T15:35:34.425774
KNRRY,Knorr-Bremse AG,30.89,0.56,1.85,137,18819,19918000000,2026-09-27T15:35:34.425774
WRTBF,Wärtsilä Oyj Abp,33.7,0.0,0.0,125,387,19868000000,2026-09-27T15:35:34.425774
ASCCF,ASICS Corporation,28.0,0.0,0.0,125,580,19850000000,2026-09-27T15:35:34.425774
EVMNY,Evolution Mining Limited,97.0,0.5,0.52,100,9792,19832000000,2026-09-27T15:35:34.425774
LEN,Lennar Corporation,82.15,0.68,0.83,3882000,3073000,19790000000,2026-09-27T15:35:34.425774
YAGOY,Yageo Corporation,48.0,0.0,0.0,193,8,19761000000,2026-09-27T15:35:34.425774
CDE,"Coeur Mining, Inc.",19.22,0.28,1.48,32179000,33999000,19757000000,2026-09-27T15:35:34.425774
CGEMY,Capgemini SE,23.79,0.13,0.55,3007,248176,19746000000,2026-09-27T15:35:34.425774
CMS,CMS Energy Corporation,62.95,0.18,0.29,3838000,3489000,19740000000,2026-09-27T15:35:34.425774
AMCR,Amcor plc,42.51,0.41,0.97,2402000,3581000,19654000000,2026-09-27T15:35:34.425774
BNCDY,Banca Mediolanum S.p.A.,52.87,0.0,0.0,24,253,19585000000,2026-09-27T15:35:34.425774
BDRFY,Beiersdorf Aktiengesellschaft,17.95,0.23,1.3,5066,149196,19572000000,2026-09-27T15:35:34.425774
BCE,BCE Inc.,20.97,-0.33,-1.55,3555000,3850000,19555000000,2026-09-27T15:35:34.425774
KUBTF,Kubota Corporation,17.35,-0.35,-1.98,10,479,19543000000,2026-09-27T15:35:34.425774
DLR-PJ,"Digital Realty Trust, Inc.",18.18,-0.1,-0.53,9382,14887,19499000000,2026-09-27T15:35:34.425774
SURYY,"Sumitomo Realty & Development Co., Ltd.",10.51,0.48,4.8,74,517,19418000000,2026-09-27T15:35:34.425774
LEN-B,Lennar Corporation,80.49,0.61,0.76,129989,91292,19390000000,2026-09-27T15:35:34.425774
CCOZY,China Coal Energy Company Limited,29.19,0.0,0.0,245,57,19351000000,2026-09-27T15:35:34.425774
STMNF,"Sumitomo Metal Mining Co., Ltd.",71.6,0.0,0.0,100,90,19224000000,2026-09-27T15:35:34.425774
SQM,Sociedad Química y Minera de Chile S.A.,66.89,-0.23,-0.34,527819,966782,19106000000,2026-09-27T15:35:34.425774
BDRFF,Beiersdorf Aktiengesellschaft,87.52,0.0,0.0,200,163,19086000000,2026-09-27T15:35:34.425774
SURDF,"Sumitomo Realty & Development Co., Ltd.",20.62,0.0,0.0,2000,300,19050000000,2026-09-27T15:35:34.425774
SAUHY,Straumann Holding AG,11.74,0.12,1.03,4145,49346,19032000000,2026-09-27T15:35:34.425774
EMBVF,"Arca Continental, S.A.B. de C.V.",11.19,0.0,0.0,130,4960,19003000000,2026-09-27T15:35:34.425774
IHICF,IHI Corporation,17.91,0.0,0.0,1,73,18987000000,2026-09-27T15:35:34.425774
BBY,"Best Buy Co., Inc.",90.51,-0.49,-0.54,2421000,3720000,18982000000,2026-09-27T15:35:34.425774
IHICY,IHI Corporation,17.89,0.11,0.62,2000,89019,18966000000,2026-09-27T15:35:34.425774
TELNF,Telenor ASA,13.97,0.0,0.0,213,974,18964000000,2026-09-27T15:35:34.425774
WF,Woori Financial Group Inc.,78.03,1.2,1.56,50875,119249,18936000000,2026-09-27T15:35:34.425774
SPXCF,Singapore Exchange Limited,17.65,0.24,1.38,103,6125,18927000000,2026-09-27T15:35:34.425774
NI,NiSource Inc.,39.42,0.3,0.77,4937000,5509000,18904000000,2026-09-27T15:35:34.425774
SFHOY,"S.F. Holding Co., Ltd.",14.77,0.24,1.69,4285,35360,18844000000,2026-09-27T15:35:34.425774
WES,"Western Midstream Partners, LP",45.6,0.25,0.55,1236000,805015,18841000000,2026-09-27T15:35:34.425774
SPXCY,Singapore Exchange Limited,35.08,0.06,0.17,728,25050,18809000000,2026-09-27T15:35:34.425774
LYB,LyondellBasell Industries N.V.,58.14,-2.04,-3.39,3225000,4320000,18781000000,2026-09-27T15:35:34.425774
CLNXF,"Cellnex Telecom, S.A.",28.44,0.0,0.0,200,1158,18778000000,2026-09-27T15:35:34.425774
SHWDY,Resonac Holdings Corporation,98.95,0.0,0.0,4,107,18772000000,2026-09-27T15:35:34.425774
ASCCY,ASICS Corporation,26.4,0.64,2.48,80407,61966,18715000000,2026-09-27T15:35:34.425774
YZOFF,Yangtze Optical Fibre And Cable Joint Stock Limited Company,22.76,0.0,0.0,178,23,18707000000,2026-09-27T15:35:34.425774
NATKY,National Atomic Company Kazatomprom JSC,71.12,0.0,0.0,10,134,18688000000,2026-09-27T15:35:34.425774
IP,International Paper Company,35.02,0.14,0.4,4466000,4904000,18546000000,2026-09-27T15:35:34.425774
VIV,Telefônica Brasil S.A.,11.6,-0.09,-0.77,891608,1460000,18535000000,2026-09-27T15:35:34.425774
ASTS,"AST SpaceMobile, Inc.",61.81,0.75,1.23,6416000,12729000,18530000000,2026-09-27T15:35:34.425774
TELNY,Telenor ASA,13.64,0.12,0.89,8987,81873,18516000000,2026-09-27T15:35:34.425774
DWAHY,"Daiwa House Industry Co., Ltd.",29.83,1.33,4.67,4325,67490,18481000000,2026-09-27T15:35:34.425774
SSNC,"SS&C Technologies Holdings, Inc.",78.61,0.11,0.14,945833,1736000,18446000000,2026-09-27T15:35:34.425774
GLPEY,"Galp Energia, SGPS, S.A.",12.75,-0.22,-1.7,3931,74642,18436000000,2026-09-27T15:35:34.425774
IONQ,"IonQ, Inc.",45.48,0.5,1.11,25842000,20610000,18426000000,2026-09-27T15:35:34.425774
BKPKF,Bank Polska Kasa Opieki S.A.,70.19,0.0,0.0,200,19,18423000000,2026-09-27T15:35:34.425774
NTNX,"Nutanix, Inc.",68.03,-0.56,-0.82,1773000,2884000,18407000000,2026-09-27T15:35:34.425774
HNGKY,Hongkong Land Holdings Limited,43.17,0.22,0.51,6364,14176,18400000000,2026-09-27T15:35:34.425774
KGHPF,KGHM Polska Miedz S.A.,91.94,0.0,0.0,120,42,18388000000,2026-09-27T15:35:34.425774
TNABY,Tenaga Nasional Berhad,12.61,0.0,0.0,252,207,18376000000,2026-09-27T15:35:34.425774
ERNXY,Euronext N.V.,36.75,0.0,0.0,438,4532,18327000000,2026-09-27T15:35:34.425774
U,Unity Software Inc.,41.55,0.13,0.31,15145000,9966000,18286000000,2026-09-27T15:35:34.425774
FIS,"Fidelity National Information Services, Inc.",35.41,0.42,1.2,6218000,5995000,18261000000,2026-09-27T15:35:34.425774
KPCPY,Kasikornbank Public Company Limited,30.75,0.05,0.16,2357,27287,18214000000,2026-09-27T15:35:34.425774
KSPI,Joint Stock Company Kaspi.kz,95.67,2.88,3.1,408216,522580,18180000000,2026-09-27T15:35:34.425774
OUKPF,Metso Oyj,21.92,0.0,0.0,200,3,18152000000,2026-09-27T15:35:34.425774
GLPEF,"Galp Energia, SGPS, S.A.",25.08,0.0,0.0,145,76,18133000000,2026-09-27T15:35:34.425774
ETTYF,Essity AB (publ),26.81,0.0,0.0,200,75,18101000000,2026-09-27T15:35:34.425774
IDTVF,AB Industrivärden (publ),41.9,0.0,0.0,1,3,18097000000,2026-09-27T15:35:34.425774
KGTFY,Krung Thai Bank Public Company Limited,25.87,0.0,0.0,50,9,18078000000,2026-09-27T15:35:34.425774
NRILY,"Nomura Research Institute, Ltd.",32.21,0.62,1.96,5837,26177,18041000000,2026-09-27T15:35:34.425774
CLLNY,"Cellnex Telecom, S.A.",13.64,-0.1,-0.73,9966,249912,18012000000,2026-09-27T15:35:34.425774
EVRG,"Evergy, Inc.",78.04,0.38,0.49,1707000,2056000,17993000000,2026-09-27T15:35:34.425774
GIS,"General Mills, Inc.",33.64,-1.19,-3.42,10465000,9751000,17987000000,2026-09-27T15:35:34.425774
NURAF,"Nomura Research Institute, Ltd.",32.11,0.0,0.0,156,198,17985000000,2026-09-27T15:35:34.425774
PZAKY,Powszechny Zaklad Ubezpieczen SA,19.46,0.0,0.0,500,114,17983000000,2026-09-27T15:35:34.425774
BEKE,KE Holdings Inc.,16.33,-0.36,-2.16,9756000,4144000,17970000000,2026-09-27T15:35:34.425774
WLMIY,Wilmar International Limited,28.69,0.25,0.88,5898,42420,17915000000,2026-09-27T15:35:34.425774
NBGRY,National Bank of Greece S.A.,19.99,0.73,3.79,7721,29841,17914000000,2026-09-27T15:35:34.425774
TSN,"Tyson Foods, Inc.",50.92,-0.22,-0.43,2512000,3273000,17914000000,2026-09-27T15:35:34.425774
PR,Permian Resources Corporation,21.36,-0.49,-2.24,9930000,9562000,17890000000,2026-09-27T15:35:34.425774
AGESY,ageas SA/NV,85.27,0.41,0.48,100,4126,17841000000,2026-09-27T15:35:34.425774
BMBLF,Brambles Limited,13.4,0.0,0.0,100,2782,17811000000,2026-09-27T15:35:34.425774
GXYYY,Galaxy Entertainment Group Limited,20.25,-0.07,-0.32,11508,60392,17736000000,2026-09-27T15:35:34.425774
JBAXY,Julius Bär Gruppe AG,17.23,0.27,1.59,2006,84263,17727000000,2026-09-27T15:35:34.425774
TOST,"Toast, Inc.",30.6,0.49,1.63,8508000,10546000,17687000000,2026-09-27T15:35:34.425774
HALMY,Halma plc,93.64,-0.11,-0.12,1635,68126,17683000000,2026-09-27T15:35:34.425774
JDEPY,JDE Peet's N.V.,17.9,-0.1,-0.56,1000,1537,17617000000,2026-09-27T15:35:34.425774
RCIAF,Rogers Communications Inc.,32.52,-0.93,-2.78,100,50,17568000000,2026-09-27T15:35:34.425774
JBARF,Julius Bär Gruppe AG,85.3,0.47,0.55,1290,1500,17552000000,2026-09-27T15:35:34.425774
TRMOY,Tourmaline Oil Corp.,15.0,0.0,0.0,100,74,17487000000,2026-09-27T15:35:34.425774
WTKWY,Wolters Kluwer N.V.,78.23,-0.16,-0.2,8352,70192,17401000000,2026-09-27T15:35:34.425774
MGA,Magna International Inc.,65.0,2.78,4.47,1133000,1249000,17389000000,2026-09-27T15:35:34.425774
IREN,IREN Limited,44.12,-2.03,-4.39,39992000,43330000,17388000000,2026-09-27T15:35:34.425774
CABGY,Carlsberg A/S,26.3,-0.18,-0.68,394,29150,17381000000,2026-09-27T15:35:34.425774
BXBLY,Brambles Limited,26.14,-0.08,-0.31,599,90253,17372000000,2026-09-27T15:35:34.425774
ZBH,"Zimmer Biomet Holdings, Inc.",91.04,1.35,1.51,1763000,2223000,17365000000,2026-09-27T15:35:34.425774
ASBFY,Associated British Foods plc,24.86,0.29,1.18,15513,71357,17360000000,2026-09-27T15:35:34.425774
CMSQF,Computershare Limited,30.0,2.71,9.93,300,803,17352000000,2026-09-27T15:35:34.425774
SONVY,Sonova Holding AG,58.38,0.29,0.5,156,12750,17340000000,2026-09-27T15:35:34.425774
RCI,Rogers Communications Inc.,31.91,-0.35,-1.08,1273000,1269000,17239000000,2026-09-27T15:35:34.425774
MGDDY,Compagnie Générale des Établissements Michelin Société en commandite par actions,19.31,0.21,1.1,19349,192863,17238000000,2026-09-27T15:35:34.425774
PAA,"Plains All American Pipeline, L.P.",24.42,-0.22,-0.89,3587000,2455000,17230000000,2026-09-27T15:35:34.425774
PKX,POSCO Holdings Inc.,56.95,0.89,1.59,132697,290242,17226000000,2026-09-27T15:35:34.425774
FCBBF,FinecoBank Banca Fineco S.p.A.,25.63,0.0,0.0,12,1,17223000000,2026-09-27T15:35:34.425774
BKNIY,"Bankinter, S.A.",19.11,0.28,1.49,1300,36923,17201000000,2026-09-27T15:35:34.425774
FUWAY,"Furukawa Electric Co., Ltd.",12.2,0.01,0.08,200,187987,17165000000,2026-09-27T15:35:34.425774
BOLSY,"B3 S.A. - Brasil, Bolsa, Balcão",10.32,-0.07,-0.67,4172,243280,17133000000,2026-09-27T15:35:34.425774
WOLTF,Wolters Kluwer N.V.,77.03,0.0,0.0,300,456,17133000000,2026-09-27T15:35:34.425774
NWS,News Corporation,31.75,0.19,0.6,698002,1266000,17133000000,2026-09-27T15:35:34.425774
PDRDF,Pernod Ricard SA,68.0,0.75,1.12,120,3746,17123000000,2026-09-27T15:35:34.425774
NBGIF,National Bank of Greece S.A.,19.1,0.0,0.0,866,1265,17116000000,2026-09-27T15:35:34.425774
ARNNY,ASR Nederland N.V.,42.3,0.66,1.59,1550,6853,17051000000,2026-09-27T15:35:34.425774
PRNDY,Pernod Ricard SA,13.53,0.04,0.3,17974,669690,17035000000,2026-09-27T15:35:34.425774
HLMAF,Halma plc,45.05,-0.32,-0.71,300,9457,17014000000,2026-09-27T15:35:34.425774
JARLF,Jardine Matheson Holdings Limited,58.0,0.0,0.0,190,1082,16991000000,2026-09-27T15:35:34.425774
ASRRF,ASR Nederland N.V.,84.22,0.0,0.0,200,14,16975000000,2026-09-27T15:35:34.425774
FTV,Fortive Corporation,56.09,0.65,1.17,1686000,2458000,16940000000,2026-09-27T15:35:34.425774
SEGXF,SEGRO Plc,12.52,-0.07,-0.56,300,7187,16940000000,2026-09-27T15:35:34.425774
SITIY,SITC International Holdings Company Limited,62.88,0.0,0.0,10,390,16919000000,2026-09-27T15:35:34.425774
TRMLF,Tourmaline Oil Corp.,43.44,-0.3,-0.69,6057,183068,16881000000,2026-09-27T15:35:34.425774
FUWAF,"Furukawa Electric Co., Ltd.",23.91,0.0,0.0,3,2719,16821000000,2026-09-27T15:35:34.425774
DT,"Dynatrace, Inc.",57.95,-0.73,-1.24,6631000,6234000,16819000000,2026-09-27T15:35:34.425774
TSCO,Tractor Supply Company,32.27,0.83,2.64,8527000,10116000,16814000000,2026-09-27T15:35:34.425774
HIG-PG,"The Hartford Insurance Group, Inc.",22.6,0.06,0.24,15841,22210,16792000000,2026-09-27T15:35:34.425774
BEN,Franklin Templeton Inc.,33.02,0.47,1.44,3547000,4056000,16777000000,2026-09-27T15:35:34.425774
SOMLF,"SECOM CO., LTD.",42.0,0.0,0.0,349,76,16755000000,2026-09-27T15:35:34.425774
WCRIY,Whitecap Resources Inc.,13.76,0.0,0.0,100,29,16731000000,2026-09-27T15:35:34.425774
BIOVF,Swedish Orphan Biovitrum AB (publ),48.13,0.0,0.0,200,36,16713000000,2026-09-27T15:35:34.425774
OVV,Ovintiv Inc.,60.13,-0.38,-0.63,2818000,3286000,16632000000,2026-09-27T15:35:34.425774
BMNR,"Bitmine Immersion Technologies, Inc.",27.56,-0.47,-1.68,31444000,39156000,16625000000,2026-09-27T15:35:34.425774
APG,APi Group Corporation,38.46,0.63,1.67,2299000,3056000,16621000000,2026-09-27T15:35:34.425774
CMSQY,Computershare Limited,28.71,-0.2,-0.69,204,33204,16605000000,2026-09-27T15:35:34.425774
OSCUF,"Japan Exchange Group, Inc.",16.17,1.47,10.0,1550,265,16531000000,2026-09-27T15:35:34.425774
DSEEY,Daiwa Securities Group Inc.,11.88,0.53,4.67,75,27952,16496000000,2026-09-27T15:35:34.425774
SMMYY,"Sumitomo Metal Mining Co., Ltd.",15.36,0.31,2.06,9780,171433,16496000000,2026-09-27T15:35:34.425774
LNT,Alliant Energy Corporation,63.6,0.29,0.46,2697000,2377000,16491000000,2026-09-27T15:35:34.425774
JMHLY,Jardine Matheson Holdings Limited,56.0,-0.58,-1.03,1622,15252,16405000000,2026-09-27T15:35:34.425774
SINGY,Singapore Airlines Limited,10.39,0.06,0.58,5500,64525,16383000000,2026-09-27T15:35:34.425774
NEXOF,"NEXON Co., Ltd.",21.0,0.0,0.0,5,4,16356000000,2026-09-27T15:35:34.425774
KONMY,Konami Group Corporation,60.1,0.0,0.0,1200,200,16294000000,2026-09-27T15:35:34.425774
EXXRF,Exor N.V.,80.35,0.21,0.26,700,6631,16290000000,2026-09-27T15:35:34.425774
IVTBF,Investment AB Latour (publ),25.46,0.0,0.0,1,89,16277000000,2026-09-27T15:35:34.425774
SOMLY,"SECOM CO., LTD.",10.18,0.18,1.8,4510,91312,16244000000,2026-09-27T15:35:34.425774
VNNVF,Vonovia SE,19.12,-0.73,-3.7,1000,542,16219000000,2026-09-27T15:35:34.425774
DWAHF,"Daiwa House Industry Co., Ltd.",26.16,0.0,0.0,1157,406,16207000000,2026-09-27T15:35:34.425774
BSAC,Banco Santander-Chile,34.37,0.59,1.75,299233,297498,16192000000,2026-09-27T15:35:34.425774
JHIUF,James Hardie Industries plc,27.89,0.0,0.0,8065,2061,16191000000,2026-09-27T15:35:34.425774
CVCCF,CVC Capital Partners plc,14.84,0.0,0.0,100,206,16164000000,2026-09-27T15:35:34.425774
AS,"Amer Sports, Inc.",27.77,1.0,3.74,6698000,6072000,16157000000,2026-09-27T15:35:34.425774
BAWAY,BAWAG Group AG,52.34,1.67,3.31,200,10335,16120000000,2026-09-27T15:35:34.425774
ASBRF,"Asahi Group Holdings, Ltd.",11.0,0.0,0.0,1800,325,16089000000,2026-09-27T15:35:34.425774
BNMDF,Banca Mediolanum S.p.A.,21.65,0.0,0.0,244,10,16040000000,2026-09-27T15:35:34.425774
PWZYF,Powszechny Zaklad Ubezpieczen SA,16.25,0.0,0.0,200,3,16029000000,2026-09-27T15:35:34.425774
BIP,Brookfield Infrastructure Partners L.P.,34.76,0.32,0.93,805491,890257,15994000000,2026-09-27T15:35:34.425774
AOZOF,"Aozora Bank, Ltd.",14.02,0.0,0.0,100,1,15961000000,2026-09-27T15:35:34.425774
KPELY,Keppel Ltd.,17.74,0.09,0.51,100,3028,15897000000,2026-09-27T15:35:34.425774
AMIGF,Admiral Group plc,53.0,0.0,0.0,120,66,15842000000,2026-09-27T15:35:34.425774
CTTAF,Continental Aktiengesellschaft,79.2,-1.81,-2.24,200,2634,15840000000,2026-09-27T15:35:34.425774
KEY-PK,KeyCorp,19.76,-0.03,-0.15,54928,35839,15839000000,2026-09-27T15:35:34.425774
URMCY,Unibail-Rodamco-Westfield SE,10.95,0.31,2.91,745,14793,15825000000,2026-09-27T15:35:34.425774
MSLOF,"Mitsui O.S.K. Lines, Ltd.",45.92,0.0,0.0,3,187,15779000000,2026-09-27T15:35:34.425774
OSGSY,"Osaka Gas Co., Ltd.",83.36,2.41,2.98,1,574,15733000000,2026-09-27T15:35:34.425774
SCRNY,"SCREEN Holdings Co., Ltd.",16.64,0.0,0.0,100,103,15727000000,2026-09-27T15:35:34.425774
INVH,Invitation Homes Inc.,26.62,0.12,0.45,5245000,4370000,15722000000,2026-09-27T15:35:34.425774
EDRVY,"EDP Renewables, S.A.",29.66,0.0,0.0,200,119,15717000000,2026-09-27T15:35:34.425774
LNTCY,"Lens Technology Co., Ltd.",11.9,0.0,0.0,600,366,15704000000,2026-09-27T15:35:34.425774
LUGDF,Lundin Gold Inc.,64.8,0.65,1.01,6175,49569,15669000000,2026-09-27T15:35:34.425774
FRFFF,Fairfax Financial Holdings Limited,17.78,0.0,0.0,1700,1,15669000000,2026-09-27T15:35:34.425774
DINRF,"SCREEN Holdings Co., Ltd.",82.75,0.0,0.0,200,133,15647000000,2026-09-27T15:35:34.425774
SOUHY,South32 Limited,17.43,0.07,0.4,1768,79574,15622000000,2026-09-27T15:35:34.425774
JPXGY,"Japan Exchange Group, Inc.",15.26,0.94,6.53,15280,142009,15600000000,2026-09-27T15:35:34.425774
KRYAY,Kerry Group plc,98.1,0.81,0.83,2539,10342,15591000000,2026-09-27T15:35:34.425774
WCPRF,Whitecap Resources Inc.,12.82,-0.29,-2.21,7617,422749,15588000000,2026-09-27T15:35:34.425774
MSLOY,"Mitsui O.S.K. Lines, Ltd.",22.65,0.15,0.67,1500,38419,15566000000,2026-09-27T15:35:34.425774
PIRBF,Piraeus Bank S.A.,12.63,0.0,0.0,109,7,15560000000,2026-09-27T15:35:34.425774
TDHOY,"T&D Holdings, Inc.",16.39,-0.59,-3.47,440,895,15554000000,2026-09-27T15:35:34.425774
KAJMF,Kajima Corporation,33.64,0.0,0.0,1000,16,15546000000,2026-09-27T15:35:34.425774
CRBG,"Corebridge Financial, Inc.",34.87,0.78,2.29,3746000,4169000,15544000000,2026-09-27T15:35:34.425774
TIGO,Millicom International Cellular S.A.,92.63,1.63,1.79,988310,1182000,15535000000,2026-09-27T15:35:34.425774
NLY,"Annaly Capital Management, Inc.",20.61,0.01,0.05,14899000,7856000,15534000000,2026-09-27T15:35:34.425774
ERFSF,Eurofins Scientific SE,89.88,2.85,3.27,100,2277,15380000000,2026-09-27T15:35:34.425774
LBGUF,L E Lundbergföretagen AB (publ),62.0,0.0,0.0,100,1,15376000000,2026-09-27T15:35:34.425774
NWSA,News Corporation,28.49,0.05,0.18,2814000,4149000,15374000000,2026-09-27T15:35:34.425774
HST,"Host Hotels & Resorts, Inc.",22.42,0.21,0.95,6232000,9185000,15360000000,2026-09-27T15:35:34.425774
NEXOY,"NEXON Co., Ltd.",19.72,0.01,0.05,549,27661,15359000000,2026-09-27T15:35:34.425774
PHYS,Sprott Physical Gold Trust,32.35,0.17,0.53,3257000,4123000,15343000000,2026-09-27T15:35:34.425774
TEM,"Tempus AI, Inc.",85.01,2.77,3.37,8418000,6528000,15339000000,2026-09-27T15:35:34.425774
KRYAF,Kerry Group plc,96.4,0.0,0.0,2000,122,15322000000,2026-09-27T15:35:34.425774
UPMMY,UPM-Kymmene Oyj,28.98,-0.18,-0.62,9150,90865,15282000000,2026-09-27T15:35:34.425774
RBA,"RB Global, Inc.",82.49,0.03,0.04,1990000,1659000,15277000000,2026-09-27T15:35:34.425774
STT-PG,State Street Corporation,19.87,0.19,0.97,135919,69330,15275000000,2026-09-27T15:35:34.425774
ARXCY,ARC Resources Ltd.,26.96,0.0,0.0,119,114,15256000000,2026-09-27T15:35:34.425774
GFL,GFL Environmental Inc.,42.27,0.48,1.15,1960000,2627000,15255000000,2026-09-27T15:35:34.425774
EDRVF,"EDP Renewables, S.A.",14.38,0.0,0.0,7,385,15238000000,2026-09-27T15:35:34.425774
SOLV,Solventum Corporation,89.5,0.91,1.03,578875,1060000,15235000000,2026-09-27T15:35:34.425774
NPXYY,Nippon Sanso Holdings Corporation,17.55,-0.06,-0.34,150,39440,15193000000,2026-09-27T15:35:34.425774
SSSGY,Sartorius Aktiengesellschaft,43.93,0.0,0.0,1200,31,15168000000,2026-09-27T15:35:34.425774
JHX,James Hardie Industries plc,26.1,0.0,0.0,8228000,8804000,15152000000,2026-09-27T15:35:34.425774
EVVTY,Evolution AB (publ),82.45,-2.24,-2.64,2921,24352,15093000000,2026-09-27T15:35:34.425774
EVGGF,Evolution AB (publ),82.41,-1.04,-1.25,100,296,15086000000,2026-09-27T15:35:34.425774
FNBKY,FinecoBank Banca Fineco S.p.A.,49.29,-0.67,-1.34,100,519,15078000000,2026-09-27T15:35:34.425774
FSPKF,Fisher & Paykel Healthcare Corporation Limited,25.6,0.0,0.0,220,444,15059000000,2026-09-27T15:35:34.425774
WPC,W. P. Carey Inc.,66.09,0.14,0.21,1701000,1400000,15056000000,2026-09-27T15:35:34.425774
KIM,Kimco Realty Corporation,22.44,0.19,0.85,3939000,4661000,15053000000,2026-09-27T15:35:34.425774
BALL,Ball Corporation,56.83,0.17,0.3,1948000,1901000,15043000000,2026-09-27T15:35:34.425774
BLIDF,Boliden AB (publ),52.97,0.0,0.0,200,431,15041000000,2026-09-27T15:35:34.425774
NDEKY,Nitto Denko Corporation,22.64,0.19,0.85,14670,67330,14977000000,2026-09-27T15:35:34.425774
APA,APA Corporation,42.74,-0.94,-2.15,5250000,5576000,14974000000,2026-09-27T15:35:34.425774
YZCAY,Yankuang Energy Group Company Limited,14.91,0.0,0.0,40,1687,14965000000,2026-09-27T15:35:34.425774
KEY-PI,KeyCorp,25.01,0.01,0.04,48922,43542,14950000000,2026-09-27T15:35:34.425774
IFPJF,Informa plc,11.96,0.0,0.0,2000,538,14940000000,2026-09-27T15:35:34.425774
TYNPF,Nippon Sanso Holdings Corporation,34.45,0.6,1.77,100,2457,14912000000,2026-09-27T15:35:34.425774
JRONF,"Jerónimo Martins, SGPS, S.A.",23.7,0.0,0.0,1,13,14894000000,2026-09-27T15:35:34.425774
COVTY,Covestro AG,34.94,1.33,3.96,1,1725,14850000000,2026-09-27T15:35:34.425774
CRMLY,China Resources Mixc Lifestyle Services Limited,12.97,0.0,0.0,100,1,14802000000,2026-09-27T15:35:34.425774
KAJMY,Kajima Corporation,32.0,0.6,1.91,1600,3944,14788000000,2026-09-27T15:35:34.425774
EQH,"Equitable Holdings, Inc.",53.84,1.23,2.34,1993000,2853000,14686000000,2026-09-27T15:35:34.425774
PRBKY,Piraeus Bank S.A.,11.92,0.47,4.1,10213,33285,14685000000,2026-09-27T15:35:34.425774
IFJPY,Informa plc,23.49,0.18,0.77,1200,17904,14673000000,2026-09-27T15:35:34.425774
KNBWF,"Kirin Holdings Company, Limited",18.51,0.0,0.0,100,19,14668000000,2026-09-27T15:35:34.425774
EMA,Emera Incorporated,47.73,-0.03,-0.06,300871,458444,14660000000,2026-09-27T15:35:34.425774
ZTO,ZTO Express (Cayman) Inc.,19.49,0.02,0.1,2869000,2123000,14647000000,2026-09-27T15:35:34.425774
ASBHY,"Asahi Group Holdings, Ltd.",10.0,0.0,0.0,0,3,14627000000,2026-09-27T15:35:34.425774
UNM,Unum Group,92.09,0.98,1.08,1471000,1610000,14578000000,2026-09-27T15:35:34.425774
KNBWY,"Kirin Holdings Company, Limited",18.39,0.57,3.2,5417,19896,14572000000,2026-09-27T15:35:34.425774
NYUKF,Nippon Yusen Kabushiki Kaisha,36.08,0.0,0.0,13,23,14560000000,2026-09-27T15:35:34.425774
SYIEY,Symrise AG,26.53,0.03,0.11,1289,50668,14558000000,2026-09-27T15:35:34.425774
ARMK,Aramark,54.92,0.6,1.1,1226000,2509000,14478000000,2026-09-27T15:35:34.425774
LFCBY,Lifco AB (publ),15.94,0.1,0.6,803,706,14476000000,2026-09-27T15:35:34.425774
EDVMF,Endeavour Mining plc,59.95,0.66,1.11,1300,27622,14449000000,2026-09-27T15:35:34.425774
ROL,"Rollins, Inc.",30.03,-0.37,-1.22,9149000,5783000,14449000000,2026-09-27T15:35:34.425774
FLUT,Flutter Entertainment plc,83.23,1.34,1.64,3001000,2860000,14444000000,2026-09-27T15:35:34.425774
AGI,Alamos Gold Inc.,34.5,0.4,1.17,3008000,4280000,14442000000,2026-09-27T15:35:34.425774
WY,Weyerhaeuser Company,20.01,-0.13,-0.65,7025000,5603000,14422000000,2026-09-27T15:35:34.425774
EXEL,"Exelixis, Inc.",58.16,0.21,0.36,1980000,2387000,14411000000,2026-09-27T15:35:34.425774
PFGC,Performance Food Group Company,91.55,1.23,1.36,1127000,1637000,14380000000,2026-09-27T15:35:34.425774
SWOBY,Swedish Orphan Biovitrum AB (publ),20.7,-0.82,-3.83,150,138,14378000000,2026-09-27T15:35:34.425774
AARTY,Airtel Africa Plc,39.59,-4.3,-9.8,1000,1536,14366000000,2026-09-27T15:35:34.425774
PNFP,"Pinnacle Financial Partners, Inc.",94.97,1.09,1.16,842035,1086000,14351000000,2026-09-27T15:35:34.425774
INIO,Innio N.V.,19.12,0.11,0.58,5359000,4902000,14340000000,2026-09-27T15:35:34.425774
BVRDF,Bureau Veritas SA,32.23,0.0,0.0,250,23,14333000000,2026-09-27T15:35:34.425774
LFABF,Lifco AB (publ),31.45,0.0,0.0,1100,17,14286000000,2026-09-27T15:35:34.425774
CG,The Carlyle Group Inc.,40.03,0.61,1.55,1974000,3534000,14264000000,2026-09-27T15:35:34.425774
WMG,Warner Music Group Corp.,27.14,-0.15,-0.55,1502000,2075000,14197000000,2026-09-27T15:35:34.425774
TDHOF,"T&D Holdings, Inc.",29.91,0.0,0.0,4500,1,14194000000,2026-09-27T15:35:34.425774
OSGSF,"Osaka Gas Co., Ltd.",37.59,0.0,0.0,27,1,14188000000,2026-09-27T15:35:34.425774
RYKKF,"Ryohin Keikaku Co., Ltd.",26.71,0.0,0.0,100,2,14177000000,2026-09-27T15:35:34.425774
NDEKF,Nitto Denko Corporation,21.4,0.0,0.0,175,528,14157000000,2026-09-27T15:35:34.425774
CLPBF,Coloplast A/S,62.81,0.0,0.0,3,120,14155000000,2026-09-27T15:35:34.425774
KEP,Korea Electric Power Corporation,11.01,0.16,1.47,696865,1057000,14136000000,2026-09-27T15:35:34.425774
SUN,Sunoco LP,74.76,-1.07,-1.41,670685,507161,14086000000,2026-09-27T15:35:34.425774
GIB,CGI Inc.,67.77,-0.37,-0.54,281952,433388,14033000000,2026-09-27T15:35:34.425774
OHI,"Omega Healthcare Investors, Inc.",46.28,-0.05,-0.11,1353000,1884000,14023000000,2026-09-27T15:35:34.425774
AHKSY,Asahi Kasei Corporation,21.02,0.22,1.06,100,33933,14016000000,2026-09-27T15:35:34.425774
OBIIF,"OBIC Co.,Ltd.",32.64,1.13,3.59,86,19725,14015000000,2026-09-27T15:35:34.425774
DOC,"Healthpeak Properties, Inc.",20.31,0.04,0.2,5154000,5532000,14004000000,2026-09-27T15:35:34.425774
GJNSY,Gjensidige Forsikring ASA,28.01,-0.45,-1.58,100,1439,14004000000,2026-09-27T15:35:34.425774
EMBJ,Embraer S.A.,78.63,2.23,2.92,1465000,1160000,13993000000,2026-09-27T15:35:34.425774
SGIOF,"Shionogi & Co., Ltd.",16.39,-1.26,-7.14,10,71,13951000000,2026-09-27T15:35:34.425774
EQX,Equinox Gold Corp.,11.94,0.21,1.79,8944000,13618000,13939000000,2026-09-27T15:35:34.425774
SKM,"SK Telecom Co., Ltd.",36.3,0.53,1.48,715232,2010000,13935000000,2026-09-27T15:35:34.425774
DPMAY,Diploma PLC,25.94,0.15,0.58,1006,82152,13914000000,2026-09-27T15:35:34.425774
IGIFF,IGM Financial Inc.,60.22,-1.9,-3.06,100,26704,13904000000,2026-09-27T15:35:34.425774
SKHSY,"Sekisui House, Ltd.",21.42,0.28,1.32,2881,40426,13889000000,2026-09-27T15:35:34.425774
SNMCY,Suncorp Group Limited,13.1,-0.09,-0.68,1798,63955,13887000000,2026-09-27T15:35:34.425774
RF-PC,Regions Financial Corporation,24.16,0.08,0.33,19668,39916,13884000000,2026-09-27T15:35:34.425774
OBICY,"OBIC Co.,Ltd.",16.14,0.26,1.67,11658,349468,13861000000,2026-09-27T15:35:34.425774
IPSEY,Ipsen S.A.,41.98,0.01,0.02,104,552,13852000000,2026-09-27T15:35:34.425774
UUGRY,United Utilities Group PLC,37.29,0.23,0.62,1465,31573,13851000000,2026-09-27T15:35:34.425774
SWK,"Stanley Black & Decker, Inc.",91.4,1.23,1.36,1171000,1746000,13803000000,2026-09-27T15:35:34.425774
ARCC,Ares Capital Corporation,19.2,0.07,0.37,3845000,4497000,13786000000,2026-09-27T15:35:34.425774
UPMKF,UPM-Kymmene Oyj,26.1,0.0,0.0,43,92,13763000000,2026-09-27T15:35:34.425774
YUMC,"Yum China Holdings, Inc.",40.47,-0.52,-1.27,1272000,1522000,13703000000,2026-09-27T15:35:34.425774
OLYMY,Olympus Corporation,12.88,0.35,2.79,2479,49904,13690000000,2026-09-27T15:35:34.425774
SNMYF,Suncorp Group Limited,12.9,0.0,0.0,10,61,13678000000,2026-09-27T15:35:34.425774
BVVBY,Bureau Veritas SA,61.51,0.44,0.72,7,18314,13677000000,2026-09-27T15:35:34.425774
IVZ,Invesco Ltd.,30.92,0.24,0.78,6901000,4502000,13651000000,2026-09-27T15:35:34.425774
NLY-PG,"Annaly Capital Management, Inc.",25.12,0.04,0.16,30145,33529,13634000000,2026-09-27T15:35:34.425774
MONRY,Moncler S.p.A.,49.93,-0.11,-0.21,499,52749,13582000000,2026-09-27T15:35:34.425774
RPGRY,REA Group Limited,25.94,-0.61,-2.3,2682,60771,13578000000,2026-09-27T15:35:34.425774
MAS,Masco Corporation,68.85,1.54,2.29,1813000,2414000,13576000000,2026-09-27T15:35:34.425774
CVVTF,Covestro AG,65.1,0.0,0.0,851,2,13517000000,2026-09-27T15:35:34.425774
TRMB,Trimble Inc.,57.85,0.16,0.28,1685000,3016000,13489000000,2026-09-27T15:35:34.425774
CCRDF,"Yokohama Financial Group, Inc.",12.13,0.0,0.0,100,341,13464000000,2026-09-27T15:35:34.425774
SGI,Somnigroup International Inc.,63.95,1.64,2.63,2521000,3045000,13453000000,2026-09-27T15:35:34.425774
RYKKY,"Ryohin Keikaku Co., Ltd.",12.64,0.84,7.08,800,3209,13446000000,2026-09-27T15:35:34.425774
W,Wayfair Inc.,98.15,0.48,0.49,1881000,2936000,13443000000,2026-09-27T15:35:34.425774
SWKS,"Skyworks Solutions, Inc.",89.34,1.53,1.74,4610000,6236000,13443000000,2026-09-27T15:35:34.425774
SBHGF,"SBI Holdings, Inc.",20.75,0.22,1.07,716,6301,13413000000,2026-09-27T15:35:34.425774
REG,Regency Centers Corporation,73.23,0.31,0.43,1085000,1317000,13410000000,2026-09-27T15:35:34.425774
ORINY,Orion Oyj,47.67,0.51,1.09,5,74,13388000000,2026-09-27T15:35:34.425774
MLI,"Mueller Industries, Inc.",60.52,0.5,0.83,1287000,1584000,13386000000,2026-09-27T15:35:34.425774
AHKSF,Asahi Kasei Corporation,10.04,0.0,0.0,1100,176,13385000000,2026-09-27T15:35:34.425774
BMBOY,"Grupo Bimbo, S.A.B. de C.V.",12.46,-0.16,-1.23,1,853,13380000000,2026-09-27T15:35:34.425774
MTRAF,Metro Inc.,63.9,0.2,0.31,200,47019,13372000000,2026-09-27T15:35:34.425774
ULS,UL Solutions Inc.,66.05,0.24,0.36,926941,912180,13335000000,2026-09-27T15:35:34.425774
IAUGY,Insurance Australia Group Limited,28.49,0.0,0.0,2,147,13322000000,2026-09-27T15:35:34.425774
AMKR,"Amkor Technology, Inc.",53.61,0.92,1.75,2525000,4910000,13320000000,2026-09-27T15:35:34.425774
VARRY,Vår Energi ASA,10.65,-0.15,-1.39,16000,30974,13293000000,2026-09-27T15:35:34.425774
MONRF,Moncler S.p.A.,48.85,0.0,0.0,2,1161,13287000000,2026-09-27T15:35:34.425774
PSLV,Sprott Physical Silver Trust,21.01,0.25,1.2,5636000,6998000,13275000000,2026-09-27T15:35:34.425774
KWHIF,"Kawasaki Heavy Industries, Ltd.",15.2,0.0,0.0,45,27131,13273000000,2026-09-27T15:35:34.425774
TRU,TransUnion,69.17,1.63,2.41,1919000,2255000,13253000000,2026-09-27T15:35:34.425774
HTHT,H World Group Limited,42.0,0.01,0.02,713418,1532000,13247000000,2026-09-27T15:35:34.425774
KEY-PJ,KeyCorp,19.79,-0.21,-1.05,35232,46720,13207000000,2026-09-27T15:35:34.425774
DAIUF,"Daifuku Co., Ltd.",35.5,0.0,0.0,300,121,13200000000,2026-09-27T15:35:34.425774
SVNWF,SGH Limited,32.5,0.0,0.0,200,5,13181000000,2026-09-27T15:35:34.425774
MKC-V,"McCormick & Company, Incorporated",49.02,-0.45,-0.91,1149,9893,13179000000,2026-09-27T15:35:34.425774
NLY-PF,"Annaly Capital Management, Inc.",25.27,0.03,0.12,58409,47062,13178000000,2026-09-27T15:35:34.425774
TXT,Textron Inc.,76.59,0.57,0.75,1657000,1671000,13172000000,2026-09-27T15:35:34.425774
TLK,Perusahaan Perseroan (Persero) PT Telekomunikasi Indonesia Tbk,13.34,0.04,0.3,723657,739615,13151000000,2026-09-27T15:35:34.425774
TGVSF,Tryg A/S,22.0,0.0,0.0,100,10,13110000000,2026-09-27T15:35:34.425774
CRERF,Carrefour SA,18.5,0.0,0.0,833,238,13091000000,2026-09-27T15:35:34.425774
DFKUY,"Daifuku Co., Ltd.",17.6,0.3,1.73,3308,81222,13089000000,2026-09-27T15:35:34.425774
TKGSY,"Tokyo Gas Co.,Ltd.",20.0,0.37,1.88,600,4441,13067000000,2026-09-27T15:35:34.425774
EBCOF,Ebara Corporation,28.66,-5.56,-16.25,100,39,13052000000,2026-09-27T15:35:34.425774
EBCOY,Ebara Corporation,14.32,0.14,0.99,67476,172152,13043000000,2026-09-27T15:35:34.425774
TMTNY,Toromont Industries Ltd.,31.98,0.65,2.07,910,55070,13042000000,2026-09-27T15:35:34.425774
ERRAF,Emera Incorporated,18.63,0.0,0.0,100,12,13028000000,2026-09-27T15:35:34.425774
SKHSF,"Sekisui House, Ltd.",19.98,0.0,0.0,100,1582,12954000000,2026-09-27T15:35:34.425774
GEN,Gen Digital Inc.,21.62,-1.45,-6.29,29672000,6374000,12941000000,2026-09-27T15:35:34.425774
ORINF,Orion Oyj,92.05,0.0,0.0,100,1,12924000000,2026-09-27T15:35:34.425774
OROVY,Orient Overseas (International) Limited,97.8,0.0,0.0,2,87,12917000000,2026-09-27T15:35:34.425774
SBHMY,Sino Biopharmaceutical Limited,14.5,-0.1,-0.68,195,105,12912000000,2026-09-27T15:35:34.425774
QXO,"QXO, Inc.",12.43,0.17,1.39,16519000,21868000,12896000000,2026-09-27T15:35:34.425774
OCPNF,Olympus Corporation,12.13,0.0,0.0,10100,687,12892000000,2026-09-27T15:35:34.425774
MKC,"McCormick & Company, Incorporated",47.94,0.12,0.25,2673000,3132000,12889000000,2026-09-27T15:35:34.425774
ISDAF,Israel Discount Bank Limited,10.52,0.0,0.0,100,3,12878000000,2026-09-27T15:35:34.425774
OBYCF,Obayashi Corporation,18.72,0.0,0.0,149,2078,12867000000,2026-09-27T15:35:34.425774
JRONY,"Jerónimo Martins, SGPS, S.A.",40.86,0.26,0.64,100,31730,12839000000,2026-09-27T15:35:34.425774
WSOUF,Washington H. Soul Pattinson and Company Limited,33.79,0.0,0.0,100,28,12838000000,2026-09-27T15:35:34.425774
BBIO,"BridgeBio Pharma, Inc.",65.57,-0.71,-1.07,1999000,2749000,12818000000,2026-09-27T15:35:34.425774
ZTOEF,ZTO Express (Cayman) Inc.,17.0,0.0,0.0,120,1,12776000000,2026-09-27T15:35:34.425774
CHUEF,"Chubu Electric Power Company, Incorporated",16.85,0.0,0.0,120,34,12728000000,2026-09-27T15:35:34.425774
CRDIY,"Yokohama Financial Group, Inc.",34.34,0.12,0.35,400,1903,12706000000,2026-09-27T15:35:34.425774
IDKOF,"Idemitsu Kosan Co.,Ltd.",10.59,0.0,0.0,1000,53,12693000000,2026-09-27T15:35:34.425774
MAIR,Madison Air Solutions Corporation,25.16,0.79,3.24,2119000,2751000,12623000000,2026-09-27T15:35:34.425774
FELTY,"Fuji Electric Co., Ltd.",21.61,0.55,2.61,1177,44284,12619000000,2026-09-27T15:35:34.425774
KOKSF,Kokusai Electric Corporation,54.07,0.0,0.0,100,51,12619000000,2026-09-27T15:35:34.425774
KLPPY,Klépierre SA,22.0,1.28,6.16,100,349,12619000000,2026-09-27T15:35:34.425774
DOCU,"DocuSign, Inc.",67.5,-1.49,-2.16,2166000,3294000,12616000000,2026-09-27T15:35:34.425774
GGG,Graco Inc.,77.86,0.71,0.92,1115000,1799000,12610000000,2026-09-27T15:35:34.425774
SKFRY,AB SKF (publ),27.62,0.67,2.49,2296,17046,12577000000,2026-09-27T15:35:34.425774
RXEEY,Rexel S.A.,42.49,0.83,1.99,1365,13036,12498000000,2026-09-27T15:35:34.425774
BWA,BorgWarner Inc.,61.32,2.84,4.86,2729000,2240000,12489000000,2026-09-27T15:35:34.425774
SKUFF,AB SKF (publ),27.4,0.0,0.0,100,33,12477000000,2026-09-27T15:35:34.425774
CHBAY,"The Chiba Bank, Ltd.",90.24,0.0,0.0,1,130,12476000000,2026-09-27T15:35:34.425774
STRNY,Severn Trent PLC,41.3,0.39,0.95,7258,17923,12474000000,2026-09-27T15:35:34.425774
MIUFY,Mitsubishi HC Capital Inc.,17.4,0.0,0.0,12,29,12474000000,2026-09-27T15:35:34.425774
RICFY,Recordati Industria Chimica e Farmaceutica S.p.A.,15.22,0.0,0.0,146,1384,12469000000,2026-09-27T15:35:34.425774
YRAIF,Yara International ASA,48.96,0.0,0.0,100,26,12469000000,2026-09-27T15:35:34.425774
SMMT,Summit Therapeutics Inc.,15.61,-0.77,-4.7,3782000,5102000,12453000000,2026-09-27T15:35:34.425774
PUPOF,Public Power Corporation S.A.,21.2,0.0,0.0,2800,98,12452000000,2026-09-27T15:35:34.425774
CNA,CNA Financial Corporation,45.98,-0.13,-0.28,491984,490596,12442000000,2026-09-27T15:35:34.425774
ISMAF,"Indra Sistemas, S.A.",71.0,0.0,0.0,100,17,12426000000,2026-09-27T15:35:34.425774
HAS,"Hasbro, Inc.",88.09,1.28,1.47,1562000,1900000,12425000000,2026-09-27T15:35:34.425774
CPPCY,CP ALL Public Company Limited,13.93,0.0,0.0,357,9,12413000000,2026-09-27T15:35:34.425774
PNXGF,Standard Life plc,12.39,0.0,0.0,1,37,12412000000,2026-09-27T15:35:34.425774
SCHYY,Sands China Ltd.,15.22,-0.05,-0.33,16054,75503,12411000000,2026-09-27T15:35:34.425774
JBS,JBS N.V.,11.57,0.21,1.85,4833000,5382000,12390000000,2026-09-27T15:35:34.425774
GPAEF,"Grupo Aeroportuario del Pacífico, S.A.B. de C.V.",20.82,0.0,0.0,100,275,12388000000,2026-09-27T15:35:34.425774
FELTF,"Fuji Electric Co., Ltd.",84.62,0.0,0.0,2100,83,12355000000,2026-09-27T15:35:34.425774
CRPJY,China Resources Power Holdings Company Limited,35.69,0.0,0.0,41,7,12318000000,2026-09-27T15:35:34.425774
TKGSF,"Tokyo Gas Co.,Ltd.",37.68,-0.77,-2.0,131,76,12309000000,2026-09-27T15:35:34.425774
GDDY,GoDaddy Inc.,97.14,-3.67,-3.64,2675000,2173000,12303000000,2026-09-27T15:35:34.425774
ISMAY,"Indra Sistemas, S.A.",35.14,0.49,1.41,406,10873,12300000000,2026-09-27T15:35:34.425774
SVTRF,Severn Trent PLC,40.7,0.0,0.0,100,33,12293000000,2026-09-27T15:35:34.425774
NXT,Nextpower Inc.,80.85,0.88,1.1,1455000,2553000,12267000000,2026-09-27T15:35:34.425774
DLVHF,Delivery Hero SE,40.02,0.0,0.0,1000,4531,12264000000,2026-09-27T15:35:34.425774
BF-A,Brown-Forman Corporation,26.69,0.29,1.1,82982,144969,12247000000,2026-09-27T15:35:34.425774
HL,Hecla Mining Company,18.19,0.25,1.39,22126000,37284000,12219000000,2026-09-27T15:35:34.425774
KLPEF,Klépierre SA,42.58,0.0,0.0,5,88,12210000000,2026-09-27T15:35:34.425774
PMDIY,Pro Medicus Limited,23.35,0.0,0.0,41,64,12197000000,2026-09-27T15:35:34.425774
HGMCF,Harmony Gold Mining Company Limited,19.45,0.0,0.0,15,3,12178000000,2026-09-27T15:35:34.425774
ROHCY,"ROHM Co., Ltd.",31.51,1.04,3.41,6500,3869,12164000000,2026-09-27T15:35:34.425774
ACCYY,Accor SA,10.58,0.19,1.83,995,30004,12133000000,2026-09-27T15:35:34.425774
ARRPY,Aeroports de Paris SA,12.24,0.0,0.0,400,38,12113000000,2026-09-27T15:35:34.425774
OROVF,Orient Overseas (International) Limited,18.32,0.0,0.0,100,21,12101000000,2026-09-27T15:35:34.425774
SGGEF,The Sage Group plc,13.45,0.0,0.0,3789,846,12087000000,2026-09-27T15:35:34.425774
BAX,Baxter International Inc.,23.37,-0.11,-0.47,6568000,6518000,12082000000,2026-09-27T15:35:34.425774
FMS,Fresenius Medical Care AG,22.69,0.34,1.52,532834,701620,12076000000,2026-09-27T15:35:34.425774
ROHCF,"ROHM Co., Ltd.",31.18,0.0,0.0,200,12,12039000000,2026-09-27T15:35:34.425774
IDKOY,"Idemitsu Kosan Co.,Ltd.",20.07,-0.84,-4.02,440,2344,12028000000,2026-09-27T15:35:34.425774
MOLFF,MOL Magyar Olaj- és Gázipari Nyilvánosan Muködo Részvénytársaság,15.2,0.0,0.0,1,51,12018000000,2026-09-27T15:35:34.425774
BF-B,Brown-Forman Corporation,26.16,0.16,0.62,1505000,2384000,12004000000,2026-09-27T15:35:34.425774
PUIGF,"Puig Brands, S.A.",21.25,0.0,0.0,10,427,11970000000,2026-09-27T15:35:34.425774
KAIKY,"Kawasaki Kisen Kaisha, Ltd.",20.15,0.0,0.0,1000,65,11951000000,2026-09-27T15:35:34.425774
IKTSY,Intertek Group plc,77.63,0.15,0.2,214,6584,11936000000,2026-09-27T15:35:34.425774
HUT,Hut 8 Corp.,96.82,-4.72,-4.65,2629000,4629000,11934000000,2026-09-27T15:35:34.425774
SGPYY,The Sage Group plc,53.11,0.65,1.24,100,24279,11932000000,2026-09-27T15:35:34.425774
RXLSF,Rexel S.A.,40.55,0.0,0.0,200,780,11927000000,2026-09-27T15:35:34.425774
UHAL,U-Haul Holding Company,60.97,0.18,0.3,122816,162082,11919000000,2026-09-27T15:35:34.425774
EFGSY,Eiffage SA,24.52,0.36,1.51,3341,6877,11912000000,2026-09-27T15:35:34.425774
IKTSF,Intertek Group plc,77.55,0.0,0.0,1,2839,11904000000,2026-09-27T15:35:34.425774
GRPTF,Getlink SE,21.9,0.0,0.0,1000,4,11880000000,2026-09-27T15:35:34.425774
RCDTF,Recordati Industria Chimica e Farmaceutica S.p.A.,58.0,0.0,0.0,200,1,11879000000,2026-09-27T15:35:34.425774
HMY,Harmony Gold Mining Company Limited,18.97,0.42,2.26,2389000,3578000,11877000000,2026-09-27T15:35:34.425774
FMCQF,Fresenius Medical Care AG,44.58,0.0,0.0,899,65,11863000000,2026-09-27T15:35:34.425774
BJ,"BJ's Wholesale Club Holdings, Inc.",93.79,1.95,2.12,1765000,1726000,11847000000,2026-09-27T15:35:34.425774
CCOEY,"Capcom Co., Ltd.",14.15,0.22,1.58,159,79084,11838000000,2026-09-27T15:35:34.425774
HBM,Hudbay Minerals Inc.,26.63,0.15,0.57,2312000,4522000,11828000000,2026-09-27T15:35:34.425774
SKBSY,Skanska AB (publ),28.51,0.34,1.21,768,14288,11805000000,2026-09-27T15:35:34.425774
GME,GameStop Corp.,23.39,-1.63,-6.51,13159000,6736000,11800000000,2026-09-27T15:35:34.425774
ALLY,Ally Financial Inc.,38.79,0.05,0.13,2904000,3177000,11800000000,2026-09-27T15:35:34.425774
SAIL,"SailPoint, Inc.",20.64,-1.48,-6.69,3538000,4160000,11784000000,2026-09-27T15:35:34.425774
CCLLF,CCL Industries Inc.,69.4,0.0,0.0,3,1,11733000000,2026-09-27T15:35:34.425774
SWGAY,The Swatch Group AG,11.07,0.22,2.03,5474,79222,11695000000,2026-09-27T15:35:34.425774
GRPTY,Getlink SE,43.06,0.0,0.0,1,1,11681000000,2026-09-27T15:35:34.425774
YARIY,Yara International ASA,22.91,-0.56,-2.39,4394,33857,11669000000,2026-09-27T15:35:34.425774
BMRN,BioMarin Pharmaceutical Inc.,60.26,-1.09,-1.78,1791000,1931000,11665000000,2026-09-27T15:35:34.425774
FUJHF,Subaru Corporation,16.75,0.0,0.0,600,1314,11651000000,2026-09-27T15:35:34.425774
AKESF,"Akeso, Inc.",12.6,0.1,0.8,3500,1854,11606000000,2026-09-27T15:35:34.425774
MNHVF,Mowi ASA,21.91,0.0,0.0,45,223,11583000000,2026-09-27T15:35:34.425774
TRYIY,"Toray Industries, Inc.",15.85,0.13,0.83,100,30025,11544000000,2026-09-27T15:35:34.425774
MHGVY,Mowi ASA,21.76,0.67,3.18,100,26030,11542000000,2026-09-27T15:35:34.425774
ATGFF,AltaGas Ltd.,36.93,-1.21,-3.17,603,59734,11522000000,2026-09-27T15:35:34.425774
SKSBF,Skanska AB (publ),27.81,0.0,0.0,1300,1328,11516000000,2026-09-27T15:35:34.425774
SNNUF,Smith & Nephew plc,13.74,0.0,0.0,300,463,11501000000,2026-09-27T15:35:34.425774
ELS,"Equity LifeStyle Properties, Inc.",59.23,0.22,0.38,1917000,1521000,11494000000,2026-09-27T15:35:34.425774
MICC,The Magnum Ice Cream Company N.,18.98,-0.3,-1.56,490099,915128,11493000000,2026-09-27T15:35:34.425774
TLTZF,Tele2 AB (publ),16.48,0.0,0.0,1000,325,11474000000,2026-09-27T15:35:34.425774
ACRFF,Accor SA,49.82,-1.78,-3.45,1,306,11426000000,2026-09-27T15:35:34.425774
YMHAY,"Yamaha Motor Co., Ltd.",23.47,0.15,0.65,2204,11768,11392000000,2026-09-27T15:35:34.425774
TECH,Bio-Techne Corporation,72.61,0.04,0.06,2146000,3861000,11387000000,2026-09-27T15:35:34.425774
CSGP,"CoStar Group, Inc.",28.09,0.24,0.84,6351000,7032000,11382000000,2026-09-27T15:35:34.425774
SHMUY,Shimizu Corporation,67.0,2.75,4.28,100,178,11369000000,2026-09-27T15:35:34.425774
WSE,Wise Group plc,11.55,0.25,2.21,1766000,1299000,11362000000,2026-09-27T15:35:34.425774
CPT,Camden Property Trust,98.12,0.71,0.73,1551000,979463,11356000000,2026-09-27T15:35:34.425774
CISXF,China Steel Corporation,14.9,0.0,0.0,3,7,11355000000,2026-09-27T15:35:34.425774
AHR,"American Healthcare REIT, Inc.",52.02,-0.29,-0.55,2710000,3017000,11340000000,2026-09-27T15:35:34.425774
SAPIF,Saputo Inc.,28.54,0.05,0.18,2,49682,11329000000,2026-09-27T15:35:34.425774
PUGBY,"Puig Brands, S.A.",10.06,0.0,0.0,100,3253,11328000000,2026-09-27T15:35:34.425774
IMPUY,Impala Platinum Holdings Limited,12.61,-0.26,-2.02,54873,163541,11318000000,2026-09-27T15:35:34.425774
AA,Alcoa Corporation,42.85,0.17,0.4,3400000,5137000,11309000000,2026-09-27T15:35:34.425774
GLPI,"Gaming and Leisure Properties, Inc.",38.79,0.26,0.67,2526000,3291000,11285000000,2026-09-27T15:35:34.425774
CCOEF,"Capcom Co., Ltd.",26.95,0.0,0.0,1200,71,11273000000,2026-09-27T15:35:34.425774
IMPUF,Impala Platinum Holdings Limited,12.55,-0.47,-3.61,1000,344,11264000000,2026-09-27T15:35:34.425774
SNN,Smith & Nephew plc,26.91,0.23,0.86,1377000,1715000,11262000000,2026-09-27T15:35:34.425774
IAG,IAMGOLD Corporation,19.7,0.34,1.76,3499000,5435000,11249000000,2026-09-27T15:35:34.425774
LI,Li Auto Inc.,11.5,-0.28,-2.38,2288000,3289000,11239000000,2026-09-27T15:35:34.425774
BKKLY,Bangkok Bank Public Company Limited,29.43,0.08,0.27,33,5746,11235000000,2026-09-27T15:35:34.425774
JINFF,China Gold International Resources Corp. Ltd.,28.34,-0.6,-2.07,100,5711,11234000000,2026-09-27T15:35:34.425774
YAMHF,"Yamaha Motor Co., Ltd.",11.57,-0.48,-3.98,101,715,11231000000,2026-09-27T15:35:34.425774
CCDBF,CCL Industries Inc.,66.39,0.87,1.33,200,41209,11224000000,2026-09-27T15:35:34.425774
WTRG,"Essential Utilities, Inc.",39.53,-0.21,-0.53,1106000,2210000,11212000000,2026-09-27T15:35:34.425774
BTSG,"BrightSpring Health Services, Inc.",56.59,0.57,1.02,2080000,3286000,11197000000,2026-09-27T15:35:34.425774
BZLFY,Bunzl plc,17.63,-0.24,-1.34,500,30720,11192000000,2026-09-27T15:35:34.425774
PAYP,PayPay Corporation,16.51,-0.06,-0.36,482933,845346,11180000000,2026-09-27T15:35:34.425774
AKZOY,Akzo Nobel N.V.,21.73,0.3,1.4,5524,147850,11175000000,2026-09-27T15:35:34.425774
TXG,"10x Genomics, Inc.",85.71,1.6,1.9,3391000,2997000,11167000000,2026-09-27T15:35:34.425774
ELAN,Elanco Animal Health Incorporated,22.31,-0.04,-0.18,6413000,6042000,11143000000,2026-09-27T15:35:34.425774
PNW,Pinnacle West Capital Corporation,91.74,0.66,0.72,1479000,1116000,11119000000,2026-09-27T15:35:34.425774
FHN,First Horizon Corporation,23.46,0.28,1.21,4182000,5104000,11115000000,2026-09-27T15:35:34.425774
FIG,"Figma, Inc.",20.85,-0.49,-2.3,10318000,19330000,11113000000,2026-09-27T15:35:34.425774
IPHXF,Phoenix Financial Ltd.,44.0,0.0,0.0,0,1,11112000000,2026-09-27T15:35:34.425774
FNF,"Fidelity National Financial, Inc.",41.42,0.6,1.47,2752000,1901000,11109000000,2026-09-27T15:35:34.425774
AGRPY,Absa Group Limited,26.82,0.31,1.17,2,293,11105000000,2026-09-27T15:35:34.425774
KHOLY,Koç Holding A.S.,21.9,0.0,0.0,55,1314,11103000000,2026-09-27T15:35:34.425774
TKAMY,thyssenkrupp AG,17.6,0.77,4.58,200,24252,11076000000,2026-09-27T15:35:34.425774
AMH,American Homes 4 Rent,30.64,-0.03,-0.1,5212000,2374000,11025000000,2026-09-27T15:35:34.425774
TYEKF,thyssenkrupp AG,17.02,0.0,0.0,147,825,11000000000,2026-09-27T15:35:34.425774
JPPIF,"Japan Post Insurance Co., Ltd.",10.15,0.0,0.0,1372,22,10999000000,2026-09-27T15:35:34.425774
FROG,JFrog Ltd.,89.18,-5.02,-5.33,1818000,2168000,10996000000,2026-09-27T15:35:34.425774
JPNPY,"Japan Post Insurance Co., Ltd.",10.13,0.0,0.0,100,40,10978000000,2026-09-27T15:35:34.425774
VNRFY,Vienna Insurance Group AG,16.75,0.0,0.0,16,24,10976000000,2026-09-27T15:35:34.425774
MAA-PI,"Mid-America Apartment Communities, Inc.",50.15,0.06,0.11,163,3553,10973000000,2026-09-27T15:35:34.425774
AKZOF,Akzo Nobel N.V.,63.99,0.39,0.61,100,136,10968000000,2026-09-27T15:35:34.425774
ACGLO,Arch Capital Group Ltd.,18.78,-0.06,-0.29,38578,35287,10953000000,2026-09-27T15:35:34.425774
EGO,Eldorado Gold Corporation,41.92,-0.21,-0.5,1369000,2680000,10933000000,2026-09-27T15:35:34.425774
DKNG,DraftKings Inc.,22.02,0.75,3.53,20452000,11965000,10932000000,2026-09-27T15:35:34.425774
UDR,"UDR, Inc.",33.84,0.29,0.86,3649000,3387000,10872000000,2026-09-27T15:35:34.425774
ALLDF,Ayvens,14.0,0.0,0.0,3681,166,10871000000,2026-09-27T15:35:34.425774
HRL,Hormel Foods Corporation,19.71,-0.13,-0.66,4414000,4427000,10847000000,2026-09-27T15:35:34.425774
KEYUF,Keyera Corp.,36.82,-0.78,-2.07,30,107582,10805000000,2026-09-27T15:35:34.425774
AR,Antero Resources Corporation,35.0,-1.09,-3.02,4842000,4186000,10760000000,2026-09-27T15:35:34.425774
GSAT,"Globalstar, Inc.",82.88,0.42,0.51,437504,819753,10738000000,2026-09-27T15:35:34.425774
NRDXF,Nordex SE,45.25,0.0,0.0,100,11,10718000000,2026-09-27T15:35:34.425774
DECK,Deckers Outdoor Corporation,78.67,-0.01,-0.01,2526000,2663000,10713000000,2026-09-27T15:35:34.425774
PINS,"Pinterest, Inc.",18.9,0.18,0.96,8891000,12350000,10703000000,2026-09-27T15:35:34.425774
FPS,"Forgent Power Solutions, Inc.",38.97,0.02,0.05,5674000,9128000,10698000000,2026-09-27T15:35:34.425774
KIKOY,Kikkoman Corporation,23.0,0.0,0.0,100,39,10669000000,2026-09-27T15:35:34.425774
WHGLY,WH Group Limited,16.55,-0.16,-0.96,2435,60731,10657000000,2026-09-27T15:35:34.425774
GMINF,G Mining Ventures Corp.,35.92,0.16,0.45,2379,104433,10643000000,2026-09-27T15:35:34.425774
SMGZY,Smiths Group plc,37.65,0.84,2.28,2504,27638,10626000000,2026-09-27T15:35:34.425774
FRO,Frontline plc,47.73,-0.24,-0.5,2828000,2704000,10626000000,2026-09-27T15:35:34.425774
SF,Stifel Financial Corp.,70.35,0.44,0.63,1977000,1200000,10623000000,2026-09-27T15:35:34.425774
SMGKF,Smiths Group plc,37.63,0.41,1.1,100,66,10621000000,2026-09-27T15:35:34.425774
PSHZF,"Pershing Square Holdings, Ltd.",49.21,1.36,2.83,7997,13052,10612000000,2026-09-27T15:35:34.425774
SCI,Service Corporation International,77.84,0.09,0.12,1006000,1006000,10609000000,2026-09-27T15:35:34.425774
AES,The AES Corporation,14.87,0.02,0.13,5113000,7740000,10609000000,2026-09-27T15:35:34.425774
NRXXY,Nordex SE,22.33,0.0,0.0,1011,207,10579000000,2026-09-27T15:35:34.425774
TMXXF,TMX Group Limited,38.32,0.0,0.0,100,96406,10553000000,2026-09-27T15:35:34.425774
COO,"The Cooper Companies, Inc.",55.38,0.0,0.0,4428000,2978000,10531000000,2026-09-27T15:35:34.425774
SRGHY,Shoprite Holdings Ltd,19.44,-0.64,-3.19,1,2784,10513000000,2026-09-27T15:35:34.425774
HLKHF,HELLA GmbH & Co. KGaA,94.52,0.0,0.0,100,1,10502000000,2026-09-27T15:35:34.425774
EVKIY,Evonik Industries AG,11.25,0.96,9.33,2500,21441,10485000000,2026-09-27T15:35:34.425774
UHAL-B,U-Haul Holding Company,53.46,-0.03,-0.06,289718,332184,10451000000,2026-09-27T15:35:34.425774
EVKIF,Evonik Industries AG,22.42,0.0,0.0,300,37,10448000000,2026-09-27T15:35:34.425774
DCYHF,Discovery Limited,15.52,0.0,0.0,2066,3,10442000000,2026-09-27T15:35:34.425774
BZLYF,Beazley plc,17.48,0.12,0.66,100,698,10431000000,2026-09-27T15:35:34.425774
KKOYY,Kesko Oyj,13.09,0.07,0.58,2300,29050,10429000000,2026-09-27T15:35:34.425774
XP,XP Inc.,20.51,-0.01,-0.05,5022000,5779000,10408000000,2026-09-27T15:35:34.425774
RTO,Rentokil Initial plc,20.64,0.09,0.44,2033000,1473000,10387000000,2026-09-27T15:35:34.425774
HKTTY,HKT Trust and HKT Limited,13.69,-1.8,-11.62,400,290,10377000000,2026-09-27T15:35:34.425774
KNX,Knight-Swift Transportation Holdings Inc.,63.67,-1.83,-2.79,5041000,3622000,10363000000,2026-09-27T15:35:34.425774
SNROY,"Sanrio Company, Ltd.",17.07,0.0,0.0,10,887,10348000000,2026-09-27T15:35:34.425774
ASEKY,Aisin Corporation,14.81,0.0,0.0,5,309,10329000000,2026-09-27T15:35:34.425774
AVTR,"Avantor, Inc.",15.25,-0.13,-0.85,6529000,9418000,10314000000,2026-09-27T15:35:34.425774
NYT,The New York Times Company,63.83,0.78,1.24,3630000,2363000,10295000000,2026-09-27T15:35:34.425774
BZLEY,Beazley plc,34.5,0.0,0.0,400,4,10294000000,2026-09-27T15:35:34.425774
ACGYF,Subsea 7 S.A.,34.75,0.0,0.0,100,6,10291000000,2026-09-27T15:35:34.425774
SSABF,SSAB AB (publ),10.28,0.0,0.0,100,7,10250000000,2026-09-27T15:35:34.425774
RDY,Dr. Reddy's Laboratories Limited,12.25,-0.05,-0.41,3169000,2833000,10204000000,2026-09-27T15:35:34.425774
KAKKF,"Kawasaki Kisen Kaisha, Ltd.",17.2,0.0,0.0,18,2,10201000000,2026-09-27T15:35:34.425774
CHYM,"Chime Financial, Inc.",26.78,-0.29,-1.07,3345000,7627000,10139000000,2026-09-27T15:35:34.425774
CLX,The Clorox Company,83.8,2.0,2.44,2625000,2804000,10134000000,2026-09-27T15:35:34.425774
DCI,"Donaldson Company, Inc.",87.41,0.81,0.94,464173,684314,10132000000,2026-09-27T15:35:34.425774
BXP,"BXP, Inc.",63.4,1.13,1.81,1022000,1359000,10123000000,2026-09-27T15:35:34.425774
SUBCY,Subsea 7 S.A.,34.09,0.35,1.04,5906,11769,10116000000,2026-09-27T15:35:34.425774
TBABF,Trelleborg AB (publ),45.59,-2.0,-4.21,25,6510,10111000000,2026-09-27T15:35:34.425774
BNT,Brookfield Wealth Solutions Ltd.,36.82,0.23,0.63,4143,18755,10102000000,2026-09-27T15:35:34.425774
QBCAF,Quebecor Inc.,44.8,0.0,0.0,100,9,10096000000,2026-09-27T15:35:34.425774
MTLHY,Mitsubishi Chemical Group Corporation,37.05,0.0,0.0,2,34,10068000000,2026-09-27T15:35:34.425774
NGKSF,"Niterra Co., Ltd.",51.7,0.0,0.0,1,12,10063000000,2026-09-27T15:35:34.425774
VSAT,"Viasat, Inc.",73.02,-0.7,-0.95,912683,2134000,10059000000,2026-09-27T15:35:34.425774
VIAV,Viavi Solutions Inc.,40.68,3.45,9.27,8405000,4951000,10038000000,2026-09-27T15:35:34.425774
ONON,On Holding AG,29.96,-0.5,-1.64,12470000,8091000,10013000000,2026-09-27T15:35:34.425774
FNMFN,Federal National Mortgage Association,13.75,0.22,1.63,100,11493,10012000000,2026-09-27T15:35:34.425774
GMED,"Globus Medical, Inc.",74.52,0.25,0.34,1563000,1551000,10005000000,2026-09-27T15:35:34.425774
QBCRF,Quebecor Inc.,44.37,-0.6,-1.33,100,74206,9999000000,2026-09-27T15:35:34.425774
CART,Maplebear Inc.,43.19,-0.07,-0.16,2675000,4163000,9998000000,2026-09-27T15:35:34.425774
BNTGF,Brenntag SE,69.0,0.0,0.0,500,11,9963000000,2026-09-27T15:35:34.425774
ALTB,Alpine Auto Brokers Inc.,10.0,0.0,0.0,100,36,9961000000,2026-09-27T15:35:34.425774
AM,Antero Midstream Corporation,20.93,-0.3,-1.41,2730000,2342000,9935000000,2026-09-27T15:35:34.425774
BLSFF,BlueScope Steel Limited,22.65,0.0,0.0,700,68,9922000000,2026-09-27T15:35:34.425774
BPYPP,Brookfield Property Partners L.P.,15.01,0.16,1.08,18645,15023,9920000000,2026-09-27T15:35:34.425774
DRS,"Leonardo DRS, Inc.",37.16,-0.43,-1.14,654144,982922,9918000000,2026-09-27T15:35:34.425774
CTIHY,China Taiping Insurance Holdings Company Limited,68.96,0.0,0.0,1,2,9914000000,2026-09-27T15:35:34.425774
SHMUF,Shimizu Corporation,14.6,0.0,0.0,2100,33,9910000000,2026-09-27T15:35:34.425774
GBLBF,Groupe Bruxelles Lambert SA,83.51,0.0,0.0,7,68,9875000000,2026-09-27T15:35:34.425774
CGNX,Cognex Corporation,58.66,0.96,1.66,1674000,2036000,9868000000,2026-09-27T15:35:34.425774
DPMLF,DPM Metals Inc.,44.86,-0.49,-1.08,201,74228,9841000000,2026-09-27T15:35:34.425774
BMXMF,bioMérieux S.A.,83.27,0.0,0.0,66,31,9800000000,2026-09-27T15:35:34.425774
BNTGY,Brenntag SE,13.56,0.21,1.57,300,22217,9789000000,2026-09-27T15:35:34.425774
ADRZF,Andritz AG,94.95,0.0,0.0,200,6,9789000000,2026-09-27T15:35:34.425774
BRKR,Bruker Corporation,64.18,0.18,0.28,2499000,2231000,9778000000,2026-09-27T15:35:34.425774
WILYY,Demant A/S,23.14,-0.71,-2.98,19,204,9760000000,2026-09-27T15:35:34.425774
ONB,Old National Bancorp,25.49,0.4,1.59,4198000,4136000,9752000000,2026-09-27T15:35:34.425774
JSAIY,J Sainsbury plc,17.9,0.05,0.28,4625,61304,9749000000,2026-09-27T15:35:34.425774
MNBEF,MINEBEA MITSUMI Inc.,24.25,0.0,0.0,100,38,9739000000,2026-09-27T15:35:34.425774
ENLT,Enlight Renewable Energy Ltd,69.47,0.6,0.87,137479,200977,9719000000,2026-09-27T15:35:34.425774
TBABY,Trelleborg AB (publ),43.82,0.0,0.0,10,17,9718000000,2026-09-27T15:35:34.425774
JEF,Jefferies Financial Group Inc.,47.68,1.44,3.11,1923000,1990000,9698000000,2026-09-27T15:35:34.425774
XPEV,XPeng Inc.,10.12,-0.13,-1.27,5735000,7222000,9695000000,2026-09-27T15:35:34.425774
PSO,Pearson plc,16.13,0.11,0.69,506448,736639,9694000000,2026-09-27T15:35:34.425774
SNCAF,AtkinsRéalis Group Inc.,60.52,-0.81,-1.32,556,47153,9685000000,2026-09-27T15:35:34.425774
CDUAF,Canadian Utilities Limited,35.55,-0.45,-1.25,10,46482,9681000000,2026-09-27T15:35:34.425774
FKKFY,"Fukuoka Financial Group, Inc.",25.6,1.35,5.57,100,500,9676000000,2026-09-27T15:35:34.425774
DAR,Darling Ingredients Inc.,61.29,-0.45,-0.73,2107000,2457000,9672000000,2026-09-27T15:35:34.425774
ISUZF,Isuzu Motors Limited,14.06,0.0,0.0,1000,31,9663000000,2026-09-27T15:35:34.425774
BDOUY,"BDO Unibank, Inc.",18.1,0.49,2.78,37813,72476,9658000000,2026-09-27T15:35:34.425774
SMNNY,Shimano Inc.,11.45,0.18,1.64,110,60922,9655000000,2026-09-27T15:35:34.425774
IMIUY,IMI plc,41.04,-0.82,-1.96,49,7176,9641000000,2026-09-27T15:35:34.425774
FINGF,Finning International Inc.,73.78,0.05,0.07,1200,33004,9633000000,2026-09-27T15:35:34.425774
HSIC,"Henry Schein, Inc.",86.37,0.84,0.98,1202000,1214000,9626000000,2026-09-27T15:35:34.425774
IDTRY,Indutrade AB (publ),13.2,0.0,0.0,100,21,9618000000,2026-09-27T15:35:34.425774
WILLF,Demant A/S,45.55,0.0,0.0,300,179,9606000000,2026-09-27T15:35:34.425774
QABSY,Qantas Airways Limited,31.66,0.11,0.35,906,27623,9582000000,2026-09-27T15:35:34.425774
SIETY,D'Ieteren Group SA,91.04,0.0,0.0,100,31,9575000000,2026-09-27T15:35:34.425774
ISUZY,Isuzu Motors Limited,13.93,0.1,0.72,100,66109,9573000000,2026-09-27T15:35:34.425774
PNDRY,Pandora A/S,15.99,-0.06,-0.37,2927,25471,9568000000,2026-09-27T15:35:34.425774
ATZAF,Aritzia Inc.,83.35,1.68,2.06,1251,65071,9550000000,2026-09-27T15:35:34.425774
RNSDF,Renault SA,33.0,0.0,0.0,140,11,9549000000,2026-09-27T15:35:34.425774
VNRGF,Vienna Insurance Group AG,74.53,0.0,0.0,1000,4,9540000000,2026-09-27T15:35:34.425774
SDXAY,Sodexo S.A.,13.06,0.29,2.27,2830,67325,9520000000,2026-09-27T15:35:34.425774
BSY,"Bentley Systems, Incorporated",31.44,-0.46,-1.44,1889000,2672000,9498000000,2026-09-27T15:35:34.425774
SEOAY,Stora Enso Oyj,12.03,-0.32,-2.59,7509,49082,9487000000,2026-09-27T15:35:34.425774
SEOJF,Stora Enso Oyj,12.0,0.0,0.0,100,1,9463000000,2026-09-27T15:35:34.425774
KIKOF,Kikkoman Corporation,10.2,0.0,0.0,134,1,9463000000,2026-09-27T15:35:34.425774
MTCH,"Match Group, Inc.",40.55,-0.25,-0.61,2328000,3286000,9459000000,2026-09-27T15:35:34.425774
PSORF,Pearson plc,15.66,0.0,0.0,1910,173,9412000000,2026-09-27T15:35:34.425774
ADRZY,Andritz AG,19.18,0.0,0.0,1,692,9398000000,2026-09-27T15:35:34.425774
TBVPY,Thai Beverage Public Company Limited,33.6,0.0,0.0,19,9,9397000000,2026-09-27T15:35:34.425774
FLS,Flowserve Corporation,73.82,-2.0,-2.64,2301000,1729000,9383000000,2026-09-27T15:35:34.425774
KT,KT Corporation,19.7,0.17,0.87,1285000,1414000,9382000000,2026-09-27T15:35:34.425774
AG,First Majestic Silver Corp.,19.01,0.25,1.33,5950000,9983000,9370000000,2026-09-27T15:35:34.425774
WEIGF,Weir PLC,35.5,0.0,0.0,100,144,9351000000,2026-09-27T15:35:34.425774
MINBY,MINEBEA MITSUMI Inc.,23.23,0.46,2.02,200,4707,9328000000,2026-09-27T15:35:34.425774
ZION,"Zions Bancorporation, National Association",63.83,1.01,1.61,1237000,1535000,9316000000,2026-09-27T15:35:34.425774
LKNCY,Luckin Coffee Inc.,32.54,-0.64,-1.93,168097,1316000,9316000000,2026-09-27T15:35:34.425774
ARWR,"Arrowhead Pharmaceuticals, Inc.",65.92,-0.15,-0.23,1616000,1918000,9311000000,2026-09-27T15:35:34.425774
APTV,Aptiv PLC,44.79,1.21,2.78,3141000,4036000,9300000000,2026-09-27T15:35:34.425774
WEGRY,Weir PLC,17.91,0.06,0.34,13468,59327,9299000000,2026-09-27T15:35:34.425774
HLTOY,Hellenic Telecommunications Organization S.A.,11.3,0.34,3.1,720,4720,9290000000,2026-09-27T15:35:34.425774
HLLGY,HELLA GmbH & Co. KGaA,40.21,0.0,0.0,1,4,9288000000,2026-09-27T15:35:34.425774
GS-PC,"The Goldman Sachs Group, Inc. PFD 1/1000 C",19.61,0.05,0.24,6526,24200,9282000000,2026-09-27T15:35:34.425774
ADDHY,Addtech AB (publ.),17.18,-0.12,-0.7,108,4277,9277000000,2026-09-27T15:35:34.425774
FNMAM,Federal National Mortgage Association,12.06,0.36,3.08,100,19209,9270000000,2026-09-27T15:35:34.425774
BDUUY,Bangkok Dusit Medical Services Public Company Limited,23.3,0.0,0.0,1,3,9257000000,2026-09-27T15:35:34.425774
OGE,OGE Energy Corp.,44.81,0.53,1.2,2275000,1463000,9257000000,2026-09-27T15:35:34.425774
ESTC,Elastic N.V.,88.12,-3.16,-3.46,1761000,2250000,9252000000,2026-09-27T15:35:34.425774
VNO-PM,Vornado Realty Trust,16.36,-0.13,-0.79,11798,21063,9209000000,2026-09-27T15:35:34.425774
FNMAK,Federal National Mortgage Association,12.45,0.0,0.0,400,339,9207000000,2026-09-27T15:35:34.425774
TTC,The Toro Company,97.15,0.31,0.32,676416,724176,9197000000,2026-09-27T15:35:34.425774
SDXOF,Sodexo S.A.,63.04,0.0,0.0,100,88,9190000000,2026-09-27T15:35:34.425774
AAL,American Airlines Group Inc.,13.87,0.52,3.9,75880000,86814000,9182000000,2026-09-27T15:35:34.425774
GZPZY,Gaztransport & Technigaz SA,49.5,-4.17,-7.77,100,567,9177000000,2026-09-27T15:35:34.425774
LLYVK,"Liberty Live Holdings, Inc.",99.36,-0.34,-0.34,256903,310582,9142000000,2026-09-27T15:35:34.425774
OSCR,"Oscar Health, Inc.",29.6,0.73,2.53,4610000,5376000,9136000000,2026-09-27T15:35:34.425774
PTRRY,Prio S.A.,11.45,-0.26,-2.19,136,20699,9134000000,2026-09-27T15:35:34.425774
QGEN,Qiagen N.V.,44.18,-0.38,-0.85,1408000,2689000,9123000000,2026-09-27T15:35:34.425774
VNO-PL,Vornado Realty Trust,16.5,-0.0,-0.0,30404,19845,9117000000,2026-09-27T15:35:34.425774
ORI,Old Republic International Corporation,37.74,-0.2,-0.53,1464000,1323000,9112000000,2026-09-27T15:35:34.425774
BPPPF,Bid Corporation Limited,27.25,0.0,0.0,100,112,9108000000,2026-09-27T15:35:34.425774
ELPC,Companhia Paranaense de Energia,12.24,0.16,1.32,593191,451084,9087000000,2026-09-27T15:35:34.425774
SCTBY,Securitas AB (publ),15.86,0.0,0.0,40,274,9079000000,2026-09-27T15:35:34.425774
ASEKF,Aisin Corporation,13.01,0.0,0.0,300,1007,9074000000,2026-09-27T15:35:34.425774
CMHHY,China Merchants Port Holdings Company Limited,21.6,0.4,1.89,100,119,9068000000,2026-09-27T15:35:34.425774
IDDWF,Indutrade AB (publ),24.85,0.0,0.0,49,153,9053000000,2026-09-27T15:35:34.425774
ORKLF,Orkla ASA,10.26,0.0,0.0,3,60,9042000000,2026-09-27T15:35:34.425774
CAI,"Caris Life Sciences, Inc.",31.98,-0.29,-0.9,2919000,4853000,9040000000,2026-09-27T15:35:34.425774
PSPSY,PSP Swiss Property AG,39.4,0.0,0.0,341,5,9036000000,2026-09-27T15:35:34.425774
YOKEF,Yokogawa Electric Corporation,36.29,0.0,0.0,1436,16,9036000000,2026-09-27T15:35:34.425774
MXGBF,Molson Coors Canada Inc.,48.42,0.0,0.0,100,1,9028000000,2026-09-27T15:35:34.425774
MALRF,Mineral Resources Limited,45.47,0.0,0.0,200,15,9027000000,2026-09-27T15:35:34.425774
RRC,Range Resources Corporation,38.61,-0.53,-1.35,3016000,2759000,9022000000,2026-09-27T15:35:34.425774
ZSHOF,"Zensho Holdings Co., Ltd.",57.66,0.0,0.0,1000,16,9022000000,2026-09-27T15:35:34.425774
KNCRF,Konecranes Plc,37.95,0.0,0.0,1500,74,9019000000,2026-09-27T15:35:34.425774
NGKIF,NGK Corporation,32.02,0.0,0.0,35,53,9013000000,2026-09-27T15:35:34.425774
FNMFM,Federal National Mortgage Association,11.7,0.45,4.0,1786,1590,9006000000,2026-09-27T15:35:34.425774
POAHF,Porsche Automobil Holding SE,29.11,-0.94,-3.13,101,774,9000000000,2026-09-27T15:35:34.425774
SHBBF,Syensqo SA/NV,88.26,0.03,0.03,343,427,9000000000,2026-09-27T15:35:34.425774
SOLS,"Solstice Advanced Materials, Inc.",56.65,0.64,1.14,1405000,3372000,8999000000,2026-09-27T15:35:34.425774
SSL,Sasol Limited,14.03,-0.27,-1.89,1466000,1457000,8994000000,2026-09-27T15:35:34.425774
SSDOF,"Shiseido Company, Limited",22.5,0.0,0.0,200,174,8992000000,2026-09-27T15:35:34.425774
CYTK,"Cytokinetics, Incorporated",64.66,-1.0,-1.52,1599000,1923000,8989000000,2026-09-27T15:35:34.425774
AGNCM,AGNC Investment Corp.,25.25,0.09,0.36,14068,15749,8976000000,2026-09-27T15:35:34.425774
SYANY,AL Sydbank A/S,21.13,0.0,0.0,19,14,8966000000,2026-09-27T15:35:34.425774
INPOF,InPost S.A.,17.92,0.0,0.0,1479,12,8959000000,2026-09-27T15:35:34.425774
SOTGY,Sunny Optical Technology (Group) Company Limited,83.31,-1.55,-1.83,12,1422,8949000000,2026-09-27T15:35:34.425774
LTH,"Life Time Group Holdings, Inc.",39.97,0.11,0.28,1986000,3020000,8932000000,2026-09-27T15:35:34.425774
SAGXF,AB Sagax (publ),18.02,0.0,0.0,4000,7,8915000000,2026-09-27T15:35:34.425774
STBFY,Suntory Beverage & Food Limited,14.41,0.3,2.13,3101,49226,8905000000,2026-09-27T15:35:34.425774
ESALF,"Eisai Co., Ltd.",31.55,0.0,0.0,425,69,8905000000,2026-09-27T15:35:34.425774
AEMMY,A2A S.p.A.,14.23,0.0,0.0,148,9,8904000000,2026-09-27T15:35:34.425774
SSDOY,"Shiseido Company, Limited",22.25,0.06,0.27,1500,60609,8892000000,2026-09-27T15:35:34.425774
CPBLF,ALS Limited,15.5,0.0,0.0,161,7,8865000000,2026-09-27T15:35:34.425774
LLYVA,"Liberty Live Holdings, Inc.",96.32,-0.11,-0.11,40435,165861,8862000000,2026-09-27T15:35:34.425774
CRCBY,"Chongqing Rural Commercial Bank Co., Ltd.",39.0,0.0,0.0,3,3,8858000000,2026-09-27T15:35:34.425774
MKTAY,Makita Corporation,34.37,0.45,1.33,43,19155,8856000000,2026-09-27T15:35:34.425774
WJRYY,West Japan Railway Company,19.45,0.24,1.25,2100,23384,8851000000,2026-09-27T15:35:34.425774
CTRE,"CareTrust REIT, Inc.",37.41,0.09,0.24,1604000,2250000,8840000000,2026-09-27T15:35:34.425774
AGNCN,AGNC Investment Corp.,25.7,-0.02,-0.08,21192,23541,8827000000,2026-09-27T15:35:34.425774
ASMVY,ASMPT Limited,63.1,0.04,0.06,1101,9055,8821000000,2026-09-27T15:35:34.425774
VOYA,"Voya Financial, Inc.",97.27,1.18,1.23,710148,1038000,8812000000,2026-09-27T15:35:34.425774
STBFF,Suntory Beverage & Food Limited,28.5,0.0,0.0,300,4,8806000000,2026-09-27T15:35:34.425774
TGTX,"TG Therapeutics, Inc.",57.43,-0.09,-0.16,1274000,2079000,8792000000,2026-09-27T15:35:34.425774
TOPPY,TOPPAN Holdings Inc.,15.6,0.25,1.63,221,1884,8778000000,2026-09-27T15:35:34.425774
BAH,Booz Allen Hamilton Holding Corporation,72.95,-0.87,-1.18,1206000,1957000,8775000000,2026-09-27T15:35:34.425774
MRPRF,"MERLIN Properties SOCIMI, S.A.",14.15,0.0,0.0,125,53,8761000000,2026-09-27T15:35:34.425774
GJNSF,Gjensidige Forsikring ASA,17.52,0.0,0.0,637,13,8761000000,2026-09-27T15:35:34.425774
ACLLY,Accelleron Industries AG,93.12,0.0,0.0,7,701,8758000000,2026-09-27T15:35:34.425774
EDU,New Oriental Education & Technology Group Inc.,56.47,-0.61,-1.07,305018,765266,8755000000,2026-09-27T15:35:34.425774
PBF,PBF Energy Inc.,73.69,1.79,2.49,2631000,3342000,8735000000,2026-09-27T15:35:34.425774
JCYCF,Jardine Cycle & Carriage Limited,22.1,0.0,0.0,6,28,8735000000,2026-09-27T15:35:34.425774
SIRI,Sirius XM Holdings Inc.,25.85,-0.77,-2.91,4930000,4069000,8715000000,2026-09-27T15:35:34.425774
ESI,Element Solutions Inc,35.71,1.21,3.51,3667000,5342000,8702000000,2026-09-27T15:35:34.425774
VLPNY,Voestalpine AG,10.15,-0.13,-1.26,300,758,8701000000,2026-09-27T15:35:34.425774
MP,MP Materials Corp.,48.83,-0.47,-0.95,3798000,5743000,8697000000,2026-09-27T15:35:34.425774
TTEK,"Tetra Tech, Inc.",33.91,0.27,0.8,2047000,2602000,8682000000,2026-09-27T15:35:34.425774
SFGIF,"Shizuoka Financial Group,Inc.",16.56,0.0,0.0,1000,13,8670000000,2026-09-27T15:35:34.425774
NGKSY,"Niterra Co., Ltd.",22.26,0.0,0.0,239,61,8666000000,2026-09-27T15:35:34.425774
WLK,Westlake Corporation,67.71,0.95,1.42,645758,940607,8653000000,2026-09-27T15:35:34.425774
ASMVF,ASMPT Limited,20.62,0.0,0.0,500,45,8647000000,2026-09-27T15:35:34.425774
BGNMF,Banca Generali S.p.A.,75.75,0.0,0.0,2497,1,8642000000,2026-09-27T15:35:34.425774
MPTYY,"MERLIN Properties SOCIMI, S.A.",27.89,0.0,0.0,70,569,8636000000,2026-09-27T15:35:34.425774
IMIAF,IMI plc,36.75,0.0,0.0,100,8,8633000000,2026-09-27T15:35:34.425774
SVCBF,Svenska Cellulosa Aktiebolaget SCA (publ),12.29,0.0,0.0,200,1304,8632000000,2026-09-27T15:35:34.425774
RIOT,"Riot Platforms, Inc.",23.0,-0.48,-2.04,16056000,18794000,8631000000,2026-09-27T15:35:34.425774
VBREY,Vibra Energia S.A.,14.43,-0.71,-4.69,2549,110880,8631000000,2026-09-27T15:35:34.425774
TIMB,TIM S.A.,18.16,-0.17,-0.93,730483,523188,8627000000,2026-09-27T15:35:34.425774
BRX,Brixmor Property Group Inc.,28.07,0.34,1.23,3454000,2530000,8614000000,2026-09-27T15:35:34.425774
NEMKY,Nemetschek SE,14.92,0.06,0.38,2000,591,8608000000,2026-09-27T15:35:34.425774
CIADY,China Mengniu Dairy Company Limited,22.25,-0.25,-1.11,600,9252,8597000000,2026-09-27T15:35:34.425774
ARE,"Alexandria Real Estate Equities, Inc.",49.93,-0.55,-1.09,1506000,1873000,8593000000,2026-09-27T15:35:34.425774
AVHNY,Ackermans & Van Haaren NV,26.3,0.0,0.0,10,3,8591000000,2026-09-27T15:35:34.425774
HLTOF,Hellenic Telecommunications Organization S.A.,20.85,0.0,0.0,1,42,8570000000,2026-09-27T15:35:34.425774
FNMAG,Federal National Mortgage Association,11.5,0.0,0.0,200,557,8564000000,2026-09-27T15:35:34.425774
PNR,Pentair plc,53.66,0.63,1.19,1668000,3342000,8564000000,2026-09-27T15:35:34.425774
KTOS,"Kratos Defense & Security Solutions, Inc.",45.62,-1.4,-2.98,3174000,3892000,8564000000,2026-09-27T15:35:34.425774
TKCOF,"Toho Co., Ltd.",10.25,0.0,0.0,100,21,8526000000,2026-09-27T15:35:34.425774
TONPF,TOPPAN Holdings Inc.,30.27,0.0,0.0,100,125,8516000000,2026-09-27T15:35:34.425774
CUBE,CubeSmart,37.82,0.21,0.56,2593000,2280000,8516000000,2026-09-27T15:35:34.425774
AIAGY,Aurubis AG,97.48,0.0,0.0,500,88,8512000000,2026-09-27T15:35:34.425774
MXL,"MaxLinear, Inc.",93.84,8.53,10.0,4282000,3229000,8511000000,2026-09-27T15:35:34.425774
BEP,Brookfield Renewable Partners L.P.,28.35,0.08,0.28,712901,958906,8508000000,2026-09-27T15:35:34.425774
FNMAN,Federal National Mortgage Association,11.42,0.0,0.0,300,1260,8505000000,2026-09-27T15:35:34.425774
SREDY,Storebrand ASA,40.81,0.0,0.0,40,24,8498000000,2026-09-27T15:35:34.425774
TKHVY,Türk Hava Yollari Anonim Ortakligi,61.88,0.0,0.0,32,36,8492000000,2026-09-27T15:35:34.425774
GWKSY,Games Workshop Group PLC,25.66,0.33,1.32,100,1156,8479000000,2026-09-27T15:35:34.425774
WAL,Western Alliance Bancorporation,77.61,1.35,1.77,1107000,1048000,8467000000,2026-09-27T15:35:34.425774
SCTBF,Securitas AB (publ),14.75,0.0,0.0,9,187,8444000000,2026-09-27T15:35:34.425774
BVN,Compañía de Minas Buenaventura S.A.A.,33.17,0.32,0.97,442625,1043000,8425000000,2026-09-27T15:35:34.425774
BPHLY,Bank of the Philippine Islands,31.7,1.2,3.93,529,1319,8396000000,2026-09-27T15:35:34.425774
ADC,Agree Realty Corporation,67.48,0.3,0.45,1836000,1395000,8393000000,2026-09-27T15:35:34.425774
COLB,"Columbia Banking System, Inc.",29.64,0.46,1.58,1821000,2891000,8385000000,2026-09-27T15:35:34.425774
ALNPF,ANA Holdings Inc.,19.5,0.0,0.0,76,1,8373000000,2026-09-27T15:35:34.425774
MMSMY,"Mitsui Kinzoku Company, Limited",29.26,0.25,0.88,3432,20282,8372000000,2026-09-27T15:35:34.425774
PCVX,"Vaxcyte, Inc.",56.21,-0.69,-1.21,935561,1168000,8364000000,2026-09-27T15:35:34.425774
REXR,"Rexford Industrial Realty, Inc.",37.47,-0.52,-1.37,1823000,2690000,8355000000,2026-09-27T15:35:34.425774
WYNN,"Wynn Resorts, Limited",81.12,0.93,1.16,2419000,1697000,8353000000,2026-09-27T15:35:34.425774
SPIIY,SPIE SA,12.35,-0.05,-0.4,1799,174729,8345000000,2026-09-27T15:35:34.425774
TSGTY,Tsingtao Brewery Company Limited,25.75,0.52,2.06,561,403,8344000000,2026-09-27T15:35:34.425774
MGM,MGM Resorts International,32.58,-1.11,-3.29,11210000,2900000,8336000000,2026-09-27T15:35:34.425774
SPIWF,SPIE SA,49.3,0.0,0.0,0,1351,8328000000,2026-09-27T15:35:34.425774
SZHFF,Sojitz Corporation,40.0,0.0,0.0,700,3,8322000000,2026-09-27T15:35:34.425774
KBDCY,Kingboard Holdings Limited,37.06,9.56,34.76,200,74,8315000000,2026-09-27T15:35:34.425774
WJRYF,West Japan Railway Company,18.23,0.0,0.0,6,261,8294000000,2026-09-27T15:35:34.425774
FPRUF,Fraport AG,84.91,0.0,0.0,300,1,8282000000,2026-09-27T15:35:34.425774
SALRY,SalMar ASA,15.26,0.54,3.68,3750,22088,8274000000,2026-09-27T15:35:34.425774
WILWY,Wallenius Wilhelmsen ASA,39.0,0.0,0.0,335,21,8246000000,2026-09-27T15:35:34.425774
JCYGY,Jardine Cycle & Carriage Limited,41.72,0.0,0.0,900,163,8245000000,2026-09-27T15:35:34.425774
LINE,"Lineage, Inc.",36.15,-0.03,-0.08,1607000,940063,8230000000,2026-09-27T15:35:34.425774
VLPNF,Voestalpine AG,47.95,0.0,0.0,100,4,8221000000,2026-09-27T15:35:34.425774
RATIY,RATIONAL Aktiengesellschaft,36.14,0.0,0.0,6,39,8219000000,2026-09-27T15:35:34.425774
NDBKY,Nedbank Group Limited,17.91,-0.02,-0.11,502,20693,8209000000,2026-09-27T15:35:34.425774
NDBKF,Nedbank Group Limited,17.95,-0.16,-0.88,466,1250,8201000000,2026-09-27T15:35:34.425774
TYCMY,Tingyi (Cayman Islands) Holding Corp.,28.98,-1.13,-3.75,888,13193,8169000000,2026-09-27T15:35:34.425774
MTLPF,Metlen Energy & Metals PLC,57.3,0.0,0.0,100,7,8155000000,2026-09-27T15:35:34.425774
ASGLF,AGC Inc.,38.35,0.0,0.0,2100,33,8145000000,2026-09-27T15:35:34.425774
PB,"Prosperity Bancshares, Inc.",67.77,0.47,0.7,1028000,1159000,8144000000,2026-09-27T15:35:34.425774
KMX,"CarMax, Inc.",57.21,0.85,1.51,2725000,2308000,8119000000,2026-09-27T15:35:34.425774
FR,"First Industrial Realty Trust, Inc.",61.17,-0.19,-0.31,722570,1061000,8109000000,2026-09-27T15:35:34.425774
CBSH,"Commerce Bancshares, Inc.",56.44,0.68,1.22,792596,1077000,8095000000,2026-09-27T15:35:34.425774
SM,SM Energy Company,33.91,-1.19,-3.39,3055000,3889000,8066000000,2026-09-27T15:35:34.425774
SNEX,StoneX Group Inc.,66.81,-2.71,-3.9,954579,1051000,8058000000,2026-09-27T15:35:34.425774
AUOTY,AUO Corporation,10.64,0.01,0.09,10470,69155,8030000000,2026-09-27T15:35:34.425774
MEJHY,"Meiji Holdings Co., Ltd.",14.8,0.0,0.0,714,195,8027000000,2026-09-27T15:35:34.425774
MAEOY,Manila Electric Company,14.23,0.0,0.0,5,84,8019000000,2026-09-27T15:35:34.425774
CRPAY,"Corporación Acciona Energías Renovables, S.A.",12.33,0.0,0.0,100,31,8003000000,2026-09-27T15:35:34.425774
ACLIF,Accelleron Industries AG,85.1,0.0,0.0,100,75,8003000000,2026-09-27T15:35:34.425774
CTPVF,CTP N.V.,16.33,0.0,0.0,691,6,8002000000,2026-09-27T15:35:34.425774
CAE,CAE Inc.,24.86,0.24,0.97,531899,755006,8001000000,2026-09-27T15:35:34.425774
HCXLY,Hiscox Ltd,50.5,0.0,0.0,192,1612,7998000000,2026-09-27T15:35:34.425774
SALRF,SalMar ASA,59.0,0.0,0.0,2500,195,7997000000,2026-09-27T15:35:34.425774
VSOGF,"Vista Energy, S.A.B. de C.V.",72.25,0.0,0.0,100,5,7992000000,2026-09-27T15:35:34.425774
LNC,Lincoln National Corporation,41.69,0.3,0.72,1120000,1979000,7981000000,2026-09-27T15:35:34.425774
IMHDY,Isetan Mitsukoshi Holdings Ltd.,23.0,0.0,0.0,200,4,7981000000,2026-09-27T15:35:34.425774
SBRKF,SpareBank 1 Sør-Norge ASA,21.52,0.0,0.0,20,45,7980000000,2026-09-27T15:35:34.425774
AOS,A. O. Smith Corporation,58.65,0.95,1.65,994638,1543000,7971000000,2026-09-27T15:35:34.425774
TYOYF,"Taiyo Yuden Co., Ltd.",61.09,0.0,0.0,200,84,7957000000,2026-09-27T15:35:34.425774
VNOM,"Viper Energy, Inc.",40.93,-0.71,-1.71,2241000,1695000,7957000000,2026-09-27T15:35:34.425774
CTOUF,Charter Hall Group,16.82,0.0,0.0,200,7,7956000000,2026-09-27T15:35:34.425774
ABVX,ABIVAX Société Anonyme,91.06,-3.81,-4.02,1485000,1341000,7945000000,2026-09-27T15:35:34.425774
BZZUF,Buzzi S.p.A.,45.0,0.0,0.0,1000,275,7943000000,2026-09-27T15:35:34.425774
NPEHF,"Nippon Express Holdings, Inc.",33.37,0.0,0.0,316,44,7930000000,2026-09-27T15:35:34.425774
MOHCY,Motor Oil (Hellas) Corinth Refineries S.A.,36.48,0.0,0.0,600,17,7925000000,2026-09-27T15:35:34.425774
ASXFY,ASX Limited,40.15,-0.44,-1.08,100,18358,7924000000,2026-09-27T15:35:34.425774
HCXLF,Hiscox Ltd,25.0,0.0,0.0,500,153,7919000000,2026-09-27T15:35:34.425774
SCABY,Svenska Cellulosa Aktiebolaget SCA (publ),11.27,0.0,0.0,113,1466,7915000000,2026-09-27T15:35:34.425774
OMRNY,OMRON Corporation,40.2,0.39,0.98,1600,25106,7905000000,2026-09-27T15:35:34.425774
AUKNY,Auckland International Airport Limited,23.24,0.0,0.0,1054,77,7901000000,2026-09-27T15:35:34.425774
CNM,"Core & Main, Inc.",42.64,1.02,2.45,1936000,2304000,7865000000,2026-09-27T15:35:34.425774
NNN,"NNN REIT, Inc.",41.3,0.12,0.29,1975000,1537000,7857000000,2026-09-27T15:35:34.425774
WULF,TeraWulf Inc.,15.74,-0.55,-3.38,24898000,32731000,7854000000,2026-09-27T15:35:34.425774
ACM,AECOM,60.89,2.37,4.05,3528000,1968000,7836000000,2026-09-27T15:35:34.425774
RANJF,Randstad N.V.,44.65,0.0,0.0,100,3,7834000000,2026-09-27T15:35:34.425774
DCCPY,DCC Energy plc,45.85,0.0,0.0,1,20,7833000000,2026-09-27T15:35:34.425774
UGI,UGI Corporation,36.51,0.14,0.38,1368000,1870000,7831000000,2026-09-27T15:35:34.425774
CSCCF,Capstone Copper Corp.,10.25,-0.04,-0.41,2500,296831,7830000000,2026-09-27T15:35:34.425774
TSUSF,Tsuruha Holdings Inc.,17.25,0.0,0.0,100,1,7816000000,2026-09-27T15:35:34.425774
UEPCN,Union Electric Company,76.5,0.0,0.0,324,3,7812000000,2026-09-27T15:35:34.425774
GTLB,GitLab Inc.,46.85,-1.77,-3.65,3831000,4710000,7805000000,2026-09-27T15:35:34.425774
JEXYY,Jiangsu Expressway Company Limited,24.67,0.0,0.0,224,53,7805000000,2026-09-27T15:35:34.425774
S,"SentinelOne, Inc.",22.38,-1.6,-6.67,10437000,7960000,7789000000,2026-09-27T15:35:34.425774
DFRYF,Avolta AG,54.95,0.0,0.0,2000,28,7776000000,2026-09-27T15:35:34.425774
STN,Stantec Inc.,69.02,0.58,0.85,211128,391444,7758000000,2026-09-27T15:35:34.425774
FNMAL,Federal National Mortgage Association,10.36,0.06,0.58,1950,1141,7751000000,2026-09-27T15:35:34.425774
AOMFF,Alstom SA,16.75,0.0,0.0,100,1222,7749000000,2026-09-27T15:35:34.425774
RAL,Ralliant Corporation,70.03,0.06,0.09,1171000,1529000,7748000000,2026-09-27T15:35:34.425774
ZWS,Zurn Elkay Water Solutions Corporation,46.65,0.05,0.11,538093,912987,7738000000,2026-09-27T15:35:34.425774
HNGE,"Hinge Health, Inc.",95.57,3.59,3.9,1027000,1837000,7712000000,2026-09-27T15:35:34.425774
HTCMF,"Hitachi Construction Machinery Co., Ltd.",37.0,0.0,0.0,200,7,7709000000,2026-09-27T15:35:34.425774
SGLOF,Food & Life Companies Ltd.,33.85,0.0,0.0,131900,3,7693000000,2026-09-27T15:35:34.425774
TKMAF,Telekom Austria AG,11.58,0.0,0.0,190,14,7690000000,2026-09-27T15:35:34.425774
OCLCF,Oracle Corporation Japan,60.0,0.0,0.0,1200,42,7689000000,2026-09-27T15:35:34.425774
ASXFF,ASX Limited,38.95,0.0,0.0,100,173,7687000000,2026-09-27T15:35:34.425774
CBC,"Central Bancompany, Inc.",32.06,0.06,0.19,1142000,1009000,7679000000,2026-09-27T15:35:34.425774
SBSW,Sibanye Stillwater Limited,10.61,0.33,3.21,7550000,5350000,7675000000,2026-09-27T15:35:34.425774
GAP,"The Gap, Inc.",21.82,0.13,0.6,4141000,7380000,7665000000,2026-09-27T15:35:34.425774
EMN,Eastman Chemical Company,66.97,0.78,1.18,993104,1141000,7656000000,2026-09-27T15:35:34.425774
NNCHY,Nissan Chemical Corporation,57.3,0.0,0.0,2,94,7644000000,2026-09-27T15:35:34.425774
CEF,Sprott Physical Gold and Silver Trust,43.51,0.52,1.21,922456,596560,7630000000,2026-09-27T15:35:34.425774
KYKOF,"Kyowa Kirin Co., Ltd.",14.55,-0.15,-1.02,152,3795,7618000000,2026-09-27T15:35:34.425774
BZZUY,Buzzi S.p.A.,21.54,0.37,1.75,2,2474,7604000000,2026-09-27T15:35:34.425774
XROLF,Xero Limited,43.0,0.0,0.0,106,361,7596000000,2026-09-27T15:35:34.425774
LEVI,Levi Strauss & Co.,19.73,0.01,0.05,2133000,2562000,7593000000,2026-09-27T15:35:34.425774
GIL,Gildan Activewear Inc.,40.98,0.35,0.86,2458000,1394000,7589000000,2026-09-27T15:35:34.425774
LPPSY,LPP SA,20.41,0.0,0.0,220,3,7587000000,2026-09-27T15:35:34.425774
TYOYY,"Taiyo Yuden Co., Ltd.",14.56,0.32,2.25,260,41134,7586000000,2026-09-27T15:35:34.425774
OSUKF,Otsuka Corporation,20.0,0.0,0.0,1000,4,7584000000,2026-09-27T15:35:34.425774
GIFLF,"Grifols, S.A.",11.13,0.0,0.0,5781,274,7575000000,2026-09-27T15:35:34.425774
OPHLF,"Ono Pharmaceutical Co., Ltd.",16.11,0.0,0.0,300,720,7570000000,2026-09-27T15:35:34.425774
YORUY,"The Yokohama Rubber Company, Limited",47.98,0.0,0.0,100,1,7569000000,2026-09-27T15:35:34.425774
HTCMY,"Hitachi Construction Machinery Co., Ltd.",72.6,0.0,0.0,200,23,7563000000,2026-09-27T15:35:34.425774
AMH-PH,American Homes 4 Rent,21.99,0.14,0.64,6196,7869,7560000000,2026-09-27T15:35:34.425774
FRT-PC,Federal Realty Investment Trust,18.61,-0.06,-0.31,7788,10186,7558000000,2026-09-27T15:35:34.425774
SYRE,"Spyre Therapeutics, Inc.",85.69,-1.4,-1.61,560049,1147000,7556000000,2026-09-27T15:35:34.425774
EMLAF,Empire Company Limited,33.74,0.03,0.09,300,48271,7547000000,2026-09-27T15:35:34.425774
KYKOY,"Kyowa Kirin Co., Ltd.",14.4,0.17,1.23,4,1595,7540000000,2026-09-27T15:35:34.425774
GIVSY,Grupo de Inversiones Suramericana S.A.,46.0,0.0,0.0,1,84,7537000000,2026-09-27T15:35:34.425774
SARO,"StandardAero, Inc.",22.74,0.56,2.52,4252000,3535000,7525000000,2026-09-27T15:35:34.425774
NFG,National Fuel Gas Company,78.99,0.01,0.01,720938,674558,7508000000,2026-09-27T15:35:34.425774
JFEEF,"JFE Holdings, Inc.",11.8,0.0,0.0,80,268,7506000000,2026-09-27T15:35:34.425774
WAWIF,Wallenius Wilhelmsen ASA,17.75,0.0,0.0,361,106,7506000000,2026-09-27T15:35:34.425774
JYSKY,Jyske Bank A/S,26.71,0.0,0.0,400,6,7503000000,2026-09-27T15:35:34.425774
SFD,"Smithfield Foods, Inc.",19.04,0.03,0.16,1324000,1643000,7497000000,2026-09-27T15:35:34.425774
CTXAY,Ampol Limited,62.9,-2.28,-3.5,400,4936,7495000000,2026-09-27T15:35:34.425774
PCOR,"Procore Technologies, Inc.",49.3,-0.2,-0.4,2569000,3129000,7491000000,2026-09-27T15:35:34.425774
KKOAF,Kesko Oyj,18.76,0.0,0.0,680,7,7473000000,2026-09-27T15:35:34.425774
APLD,Applied Digital Corporation,26.25,-0.81,-2.99,13919000,17555000,7463000000,2026-09-27T15:35:34.425774
VIST,"Vista Energy, S.A.B. de C.V.",67.43,-0.87,-1.27,842589,1044000,7459000000,2026-09-27T15:35:34.425774
GGDVY,Guangdong Investment Limited,57.0,0.0,0.0,700,79,7453000000,2026-09-27T15:35:34.425774
PPRQF,Choice Properties Real Estate Investment Trust,10.23,-0.17,-1.63,200,10796,7445000000,2026-09-27T15:35:34.425774
BRTHY,"Brother Industries, Ltd.",60.2,0.0,0.0,100,88,7430000000,2026-09-27T15:35:34.425774
WTCHF,WiseTech Global Limited,22.09,0.0,0.0,200,798,7429000000,2026-09-27T15:35:34.425774
OMRNF,OMRON Corporation,37.73,0.0,0.0,100,54,7419000000,2026-09-27T15:35:34.425774
BRRLY,Barry Callebaut AG,13.53,0.09,0.66,300,22230,7418000000,2026-09-27T15:35:34.425774
ATH-PA,Athene Holding Ltd.,23.65,0.14,0.6,37633,79142,7415000000,2026-09-27T15:35:34.425774
YASKY,YASKAWA Electric Corporation,57.12,0.38,0.67,1300,12574,7408000000,2026-09-27T15:35:34.425774
TPG,TPG Inc.,44.39,0.76,1.74,1256000,2553000,7400000000,2026-09-27T15:35:34.425774
IONS,"Ionis Pharmaceuticals, Inc.",44.5,0.69,1.57,6147000,3730000,7395000000,2026-09-27T15:35:34.425774
JPNRF,"Japan Airlines Co., Ltd.",17.2,0.0,0.0,3000,59,7393000000,2026-09-27T15:35:34.425774
SWQGF,Swissquote Group Holding SA,49.29,0.0,0.0,76,1,7388000000,2026-09-27T15:35:34.425774
TAP-A,Molson Coors Beverage Company,39.52,-1.71,-4.15,441,206,7369000000,2026-09-27T15:35:34.425774
CIFR,Cipher Digital Inc.,17.73,-0.37,-2.04,30760000,32388000,7358000000,2026-09-27T15:35:34.425774
AAON,"AAON, Inc.",89.1,4.83,5.73,1947000,1162000,7347000000,2026-09-27T15:35:34.425774
CHWY,"Chewy, Inc.",18.27,-0.05,-0.27,9836000,8491000,7343000000,2026-09-27T15:35:34.425774
ZETA,Zeta Global Holdings Corp.,29.45,-0.12,-0.41,4441000,7809000,7341000000,2026-09-27T15:35:34.425774
SQNNY,"Square Enix Holdings Co., Ltd.",10.17,0.0,0.0,16,505,7336000000,2026-09-27T15:35:34.425774
HACBY,"Hachijuni Nagano Bank, Ltd.",32.27,0.0,0.0,201,6,7334000000,2026-09-27T15:35:34.425774
BRTHF,"Brother Industries, Ltd.",29.64,0.0,0.0,200,27,7316000000,2026-09-27T15:35:34.425774
MOS,The Mosaic Company,23.01,-0.68,-2.87,9068000,8102000,7315000000,2026-09-27T15:35:34.425774
UEPEO,Union Electric Company,71.55,0.0,0.0,100,150,7307000000,2026-09-27T15:35:34.425774
YORUF,"The Yokohama Rubber Company, Limited",46.32,0.0,0.0,100,19,7307000000,2026-09-27T15:35:34.425774
SSMXY,Sysmex Corporation,12.13,0.45,3.85,5800,48514,7303000000,2026-09-27T15:35:34.425774
HQY,"HealthEquity, Inc.",88.25,-0.35,-0.4,1282000,832090,7300000000,2026-09-27T15:35:34.425774
ELMUF,Elisa Oyj,45.44,0.0,0.0,300,3,7297000000,2026-09-27T15:35:34.425774
MALRY,Mineral Resources Limited,36.73,-1.13,-2.98,300,2206,7292000000,2026-09-27T15:35:34.425774
WIGBY,WiseTech Global Limited,21.65,0.0,0.0,300,205,7281000000,2026-09-27T15:35:34.425774
SSRM,SSR Mining Inc.,35.68,-0.14,-0.39,1714000,2846000,7275000000,2026-09-27T15:35:34.425774
NRKBY,NKT A/S,27.2,0.0,0.0,100,8,7269000000,2026-09-27T15:35:34.425774
SSMXF,Sysmex Corporation,12.04,0.0,0.0,200,166,7249000000,2026-09-27T15:35:34.425774
DCCPF,DCC Energy plc,84.79,0.0,0.0,500,31,7243000000,2026-09-27T15:35:34.425774
UEPEP,Union Electric Company,70.9,0.56,0.8,200,295,7241000000,2026-09-27T15:35:34.425774
SFRRF,Sandfire Resources Limited,15.47,0.0,0.0,100,66,7239000000,2026-09-27T15:35:34.425774
NXSNF,"NextVision Stabilized Systems, Ltd.",78.19,0.0,0.0,1,199,7236000000,2026-09-27T15:35:34.425774
VLY,Valley National Bancorp,13.08,0.12,0.93,5442000,6530000,7228000000,2026-09-27T15:35:34.425774
KNNGF,KION GROUP AG,55.11,0.0,0.0,100,1,7227000000,2026-09-27T15:35:34.425774
NTSK,"Netskope, Inc.",17.67,-0.9,-4.85,5858000,5502000,7220000000,2026-09-27T15:35:34.425774
RGEDF,Gedeon Richter PLC,39.54,0.8,2.05,300,568,7212000000,2026-09-27T15:35:34.425774
TRNO,Terreno Realty Corporation,66.07,-0.36,-0.54,604203,786195,7200000000,2026-09-27T15:35:34.425774
YASKF,YASKAWA Electric Corporation,27.75,0.0,0.0,100,34,7197000000,2026-09-27T15:35:34.425774
SEPLF,Seplat Energy Plc,11.99,0.46,3.99,172,2796,7193000000,2026-09-27T15:35:34.425774
RKWAF,Rockwool A/S,34.7,0.0,0.0,0,0,7192000000,2026-09-27T15:35:34.425774
RANJY,Randstad N.V.,20.48,-0.01,-0.05,110,15801,7186000000,2026-09-27T15:35:34.425774
LTMGF,Lottomatica Group S.p.A.,31.0,0.0,0.0,0,29,7183000000,2026-09-27T15:35:34.425774
FIGR,"Figure Technology Solutions, Inc.",31.9,-0.76,-2.33,4975000,4095000,7158000000,2026-09-27T15:35:34.425774
AMH-PG,American Homes 4 Rent,20.67,-0.05,-0.24,4633,8246,7152000000,2026-09-27T15:35:34.425774
VOYA-PB,"Voya Financial, Inc.",23.39,-0.03,-0.14,21780,23041,7123000000,2026-09-27T15:35:34.425774
STAG,"STAG Industrial, Inc.",36.79,-0.5,-1.34,2926000,1632000,7093000000,2026-09-27T15:35:34.425774
BJGPY,"Beijing Geekplus Technology Co., Ltd.",13.0,0.0,0.0,0,6,7093000000,2026-09-27T15:35:34.425774
SOBO,South Bow Corporation,33.99,-0.33,-0.96,406386,624892,7090000000,2026-09-27T15:35:34.425774
CELH,"Celsius Holdings, Inc.",27.99,-0.44,-1.55,6513000,9450000,7082000000,2026-09-27T15:35:34.425774
SNDFY,Sandfire Resources Limited,45.4,0.0,0.0,200,3,7082000000,2026-09-27T15:35:34.425774
NOV,NOV Inc.,19.86,-0.04,-0.2,2812000,3297000,7080000000,2026-09-27T15:35:34.425774
OKLO,Oklo Inc.,38.04,-0.25,-0.65,6681000,9570000,7076000000,2026-09-27T15:35:34.425774
PRMB,Primo Brands Corporation,19.5,0.17,0.88,2165000,3927000,7058000000,2026-09-27T15:35:34.425774
LOTMY,Lottomatica Group S.p.A.,30.44,-0.05,-0.16,2600,51019,7053000000,2026-09-27T15:35:34.425774
JAN,"Janus Living, Inc.",30.05,-0.15,-0.5,1126000,1631000,7043000000,2026-09-27T15:35:34.425774
NEMTF,Nemetschek SE,61.0,0.0,0.0,15,2,7040000000,2026-09-27T15:35:34.425774
AXTA,Axalta Coating Systems Ltd.,32.89,0.63,1.95,1537000,1704000,7039000000,2026-09-27T15:35:34.425774
SPXSY,Spirax Group plc,47.68,0.55,1.16,794,10303,7037000000,2026-09-27T15:35:34.425774
UEPCP,Union Electric Company,68.85,0.0,0.0,100,44,7031000000,2026-09-27T15:35:34.425774
DBX,"Dropbox, Inc.",32.32,-0.34,-1.04,4044000,4093000,7028000000,2026-09-27T15:35:34.425774
SPXSF,Spirax Group plc,94.75,0.0,0.0,3166,79,7015000000,2026-09-27T15:35:34.425774
AUGO,Aura Minerals Inc.,83.57,0.5,0.6,487733,987688,7006000000,2026-09-27T15:35:34.425774
TELDY,Telefónica Deutschland Holding AG,11.75,0.0,0.0,600,1,6990000000,2026-09-27T15:35:34.425774
MGDDF,Compagnie Générale des Établissements Michelin Société en commandite par actions,39.11,0.88,2.3,260,755,6979000000,2026-09-27T15:35:34.425774
SUOPY,Sumco Corporation,39.83,0.35,0.89,1956,17015,6965000000,2026-09-27T15:35:34.425774
CLF,Cleveland-Cliffs Inc.,12.18,-0.32,-2.56,9047000,18956000,6949000000,2026-09-27T15:35:34.425774
RKWBF,Rockwool A/S,33.5,0.0,0.0,500,26,6943000000,2026-09-27T15:35:34.425774
STJPF,St. James's Place plc,14.05,0.0,0.0,200,30,6921000000,2026-09-27T15:35:34.425774
CPXWF,Capital Power Corporation,44.0,0.0,0.0,15,39566,6912000000,2026-09-27T15:35:34.425774
ELMUY,Elisa Oyj,21.52,-0.48,-2.18,200,1338,6911000000,2026-09-27T15:35:34.425774
MTHRF,"M3, Inc.",10.36,0.0,0.0,5200,98,6905000000,2026-09-27T15:35:34.425774
SBFFY,SBM Offshore N.V.,41.7,0.0,0.0,1,85,6892000000,2026-09-27T15:35:34.425774
AXS,AXIS Capital Holdings Limited,94.45,-0.27,-0.29,429189,672009,6892000000,2026-09-27T15:35:34.425774
AMRX,"Amneal Pharmaceuticals, Inc.",19.77,-0.03,-0.18,2444000,2051000,6886000000,2026-09-27T15:35:34.425774
AEDFF,Aedifica NV/SA,82.43,0.0,0.0,100,12,6880000000,2026-09-27T15:35:34.425774
XNGSY,ENN Energy Holdings Limited,24.75,0.04,0.16,100,38207,6880000000,2026-09-27T15:35:34.425774
IMVT,"Immunovant, Inc.",33.3,-0.7,-2.06,2084000,1220000,6878000000,2026-09-27T15:35:34.425774
SASOF,Sasol Limited,10.72,0.0,0.0,8734,69,6872000000,2026-09-27T15:35:34.425774
HIMS,"Hims & Hers Health, Inc.",29.42,0.14,0.48,8110000,12826000,6864000000,2026-09-27T15:35:34.425774
ALKS,Alkermes plc,40.85,0.06,0.15,2293000,1784000,6853000000,2026-09-27T15:35:34.425774
CAG,"Conagra Brands, Inc.",14.32,-0.35,-2.39,9240000,14939000,6853000000,2026-09-27T15:35:34.425774
ALGM,"Allegro MicroSystems, Inc.",36.76,1.63,4.64,2549000,2516000,6852000000,2026-09-27T15:35:34.425774
SBFFF,SBM Offshore N.V.,41.45,0.0,0.0,100,6,6851000000,2026-09-27T15:35:34.425774
NE,Noble Corporation plc,42.82,-0.92,-2.1,956939,1373000,6836000000,2026-09-27T15:35:34.425774
SZCRF,SCOR SE,38.25,0.0,0.0,9000,146,6834000000,2026-09-27T15:35:34.425774
FPRUY,Fraport AG,36.9,0.0,0.0,1,23,6824000000,2026-09-27T15:35:34.425774
BCHMF,Bachem Holding AG,91.0,0.0,0.0,1000,10,6819000000,2026-09-27T15:35:34.425774
THNOF,Technology One Limited,20.6,0.0,0.0,100,58,6819000000,2026-09-27T15:35:34.425774
GNGBF,Getinge AB (publ),25.0,0.0,0.0,300,3,6809000000,2026-09-27T15:35:34.425774
GTES,Gates Industrial Corporation Ltd.,26.86,0.6,2.28,1562000,1874000,6800000000,2026-09-27T15:35:34.425774
MAAS,Maase Inc.,15.37,1.34,9.55,183007,250857,6796000000,2026-09-27T15:35:34.425774
RYTM,"Rhythm Pharmaceuticals, Inc.",98.66,0.35,0.36,862692,650607,6793000000,2026-09-27T15:35:34.425774
AZIHF,Azimut Holding S.p.A.,48.3,0.0,0.0,175,621,6782000000,2026-09-27T15:35:34.425774
ASRMF,"Grupo Aeroportuario del Sureste, S. A. B. de C. V.",22.59,0.0,0.0,100,1144,6777000000,2026-09-27T15:35:34.425774
SKSUY,"Sekisui Chemical Co., Ltd.",83.9,0.0,0.0,100,26,6776000000,2026-09-27T15:35:34.425774
IMHDF,Isetan Mitsukoshi Holdings Ltd.,19.51,0.0,0.0,100,1,6770000000,2026-09-27T15:35:34.425774
AKBLF,ALK-Abelló A/S,30.5,-1.97,-6.07,105,16,6767000000,2026-09-27T15:35:34.425774
FAF,First American Financial Corporation,66.27,0.67,1.02,852797,790166,6766000000,2026-09-27T15:35:34.425774
NEXNY,Nexans S.A.,77.36,0.0,0.0,100,693,6751000000,2026-09-27T15:35:34.425774
SHMZF,Shimadzu Corporation,23.36,0.0,0.0,200,1,6750000000,2026-09-27T15:35:34.425774
GLBE,Global-E Online Ltd.,40.17,-0.71,-1.74,1167000,1475000,6747000000,2026-09-27T15:35:34.425774
BYCRF,"Baycurrent, Inc.",45.65,0.0,0.0,100,40,6741000000,2026-09-27T15:35:34.425774
FLR,Fluor Corporation,50.38,-0.25,-0.49,2369000,2368000,6738000000,2026-09-27T15:35:34.425774
DSGX,The Descartes Systems Group Inc.,78.61,-1.52,-1.9,353791,591980,6725000000,2026-09-27T15:35:34.425774
NCLH,Norwegian Cruise Line Holdings Ltd.,14.61,0.42,2.96,18649000,15527000,6709000000,2026-09-27T15:35:34.425774
OR,OR Royalties Inc.,35.78,0.04,0.11,432291,1014000,6709000000,2026-09-27T15:35:34.425774
ELEEF,Element Fleet Management Corp.,16.94,0.12,0.71,200,89480,6708000000,2026-09-27T15:35:34.425774
TAP,Molson Coors Beverage Company,35.95,-0.4,-1.1,3218000,3748000,6703000000,2026-09-27T15:35:34.425774
GNGBY,Getinge AB (publ),24.55,0.11,0.45,100,1503,6687000000,2026-09-27T15:35:34.425774
PDI,PIMCO Dynamic Income Fund,14.0,0.14,1.01,3845000,3488000,6673000000,2026-09-27T15:35:34.425774
SHMXY,Shimadzu Corporation,11.55,0.0,0.0,100,140,6672000000,2026-09-27T15:35:34.425774
ISFFF,ISS A/S,43.31,0.0,0.0,100,21,6670000000,2026-09-27T15:35:34.425774
TAL,TAL Education Group,12.0,-0.22,-1.8,2277000,4661000,6656000000,2026-09-27T15:35:34.425774
SUMCF,Sumco Corporation,18.99,-0.88,-4.43,100,9458,6641000000,2026-09-27T15:35:34.425774
RCWLY,Rockwool A/S,32.0,0.0,0.0,318,4,6632000000,2026-09-27T15:35:34.425774
TFPM,Triple Flag Precious Metals Corp.,32.19,0.15,0.47,225216,573631,6631000000,2026-09-27T15:35:34.425774
ICGUF,ICG plc,22.8,0.0,0.0,200,1,6627000000,2026-09-27T15:35:34.425774
PPC,Pilgrim's Pride Corporation,27.82,0.56,2.05,1404000,1537000,6624000000,2026-09-27T15:35:34.425774
SEKEY,Seiko Epson Corporation,10.37,0.28,2.78,200,10041,6620000000,2026-09-27T15:35:34.425774
VSXY,Victorias Secret & Co.,82.91,-0.9,-1.07,896962,1771000,6613000000,2026-09-27T15:35:34.425774
QBTS,D-Wave Quantum Inc.,17.41,-0.07,-0.4,14460000,17339000,6609000000,2026-09-27T15:35:34.425774
SKHHY,Sonic Healthcare Limited,13.14,-0.07,-0.53,8470,123722,6601000000,2026-09-27T15:35:34.425774
KIM-PM,Kimco Realty Corporation,20.09,-0.05,-0.25,10163,40717,6600000000,2026-09-27T15:35:34.425774
KCDMY,"Kimberly-Clark de México, S. A. B. de C. V.",11.05,0.11,1.01,2581,42965,6599000000,2026-09-27T15:35:34.425774
ARGTF,Artemis Gold Inc.,28.3,0.2,0.71,3647,37079,6599000000,2026-09-27T15:35:34.425774
OMF,"OneMain Holdings, Inc.",57.36,0.69,1.22,732682,996484,6599000000,2026-09-27T15:35:34.425774
DNPCF,"Dai Nippon Printing Co., Ltd.",15.4,0.0,0.0,100,104,6589000000,2026-09-27T15:35:34.425774
ZG,"Zillow Group, Inc.",29.3,0.39,1.35,811407,1123000,6589000000,2026-09-27T15:35:34.425774
YOKEY,Yokogawa Electric Corporation,52.87,-8.72,-14.16,11,52,6582000000,2026-09-27T15:35:34.425774
GDS,GDS Holdings Limited,32.77,-0.55,-1.65,938829,1651000,6566000000,2026-09-27T15:35:34.425774
GGAL,Grupo Financiero Galicia S.A.,38.74,-0.85,-2.15,605696,863536,6565000000,2026-09-27T15:35:34.425774
TEX,Terex Corporation,57.33,0.71,1.25,838583,1166000,6553000000,2026-09-27T15:35:34.425774
ARSTY,Ariston Holding N.V.,17.8,0.0,0.0,100,8,6541000000,2026-09-27T15:35:34.425774
PACS,"PACS Group, Inc.",41.3,-0.16,-0.39,549543,825112,6539000000,2026-09-27T15:35:34.425774
SRUUF,Sprott Physical Uranium Trust Fund,18.99,0.23,1.2,112180,471861,6536000000,2026-09-27T15:35:34.425774
SQNXF,"Square Enix Holdings Co., Ltd.",18.12,0.0,0.0,1410,82,6535000000,2026-09-27T15:35:34.425774
CHEOY,Cochlear Limited,49.9,0.11,0.22,3297,30107,6527000000,2026-09-27T15:35:34.425774
KYSEF,"Kyushu Electric Power Company, Incorporated",13.8,0.0,0.0,114,90,6524000000,2026-09-27T15:35:34.425774
BCKIF,Babcock International Group PLC,13.3,0.0,0.0,3250,1147,6520000000,2026-09-27T15:35:34.425774
CEVMF,CTS Eventim AG & Co. KGaA,67.9,0.0,0.0,100,56,6518000000,2026-09-27T15:35:34.425774
LNTH,"Lantheus Holdings, Inc.",99.74,0.02,0.02,846974,1329000,6513000000,2026-09-27T15:35:34.425774
OCLDY,Orica Limited,14.04,-0.22,-1.54,100,26,6508000000,2026-09-27T15:35:34.425774
KYSEY,"Kyushu Electric Power Company, Incorporated",13.75,0.28,2.08,730,1887,6501000000,2026-09-27T15:35:34.425774
FNCDY,Covivio,14.67,0.0,0.0,250,41,6494000000,2026-09-27T15:35:34.425774
PATH,"UiPath, Inc.",12.46,-0.14,-1.11,45532000,69728000,6494000000,2026-09-27T15:35:34.425774
MGY,Magnolia Oil & Gas Corporation,24.11,-0.63,-2.55,4089000,4718000,6490000000,2026-09-27T15:35:34.425774
HXL,Hexcel Corporation,85.8,0.35,0.41,863581,930080,6488000000,2026-09-27T15:35:34.425774
VNO,Vornado Realty Trust,34.73,0.35,1.02,1074000,1469000,6485000000,2026-09-27T15:35:34.425774
MSSMY,MISUMI Group Inc.,12.38,0.4,3.34,260,409,6481000000,2026-09-27T15:35:34.425774
BCKIY,Babcock International Group PLC,13.22,0.05,0.4,100,20101,6479000000,2026-09-27T15:35:34.425774
TOKCF,"Tokyo Ohka Kogyo Co., Ltd.",54.01,0.0,0.0,200,11,6479000000,2026-09-27T15:35:34.425774
UEPEM,Union Electric Company,63.36,-0.14,-0.22,100,236,6471000000,2026-09-27T15:35:34.425774
IMCDY,IMCD N.V.,54.75,1.41,2.64,1200,30373,6465000000,2026-09-27T15:35:34.425774
ACT,"Enact Holdings, Inc.",46.97,-0.28,-0.59,258112,373201,6458000000,2026-09-27T15:35:34.425774
TBBB,BBB Foods Inc.,53.56,0.54,1.02,1051000,667685,6457000000,2026-09-27T15:35:34.425774
URBN,"Urban Outfitters, Inc.",75.35,0.57,0.76,993787,1124000,6454000000,2026-09-27T15:35:34.425774
EFGXY,EFG International AG,21.43,0.0,0.0,5,3,6448000000,2026-09-27T15:35:34.425774
ZLDSF,Zalando SE,26.4,0.0,0.0,300,8,6447000000,2026-09-27T15:35:34.425774
TXNM,"TXNM Energy, Inc.",58.52,0.35,0.6,1246000,1315000,6445000000,2026-09-27T15:35:34.425774
RUSHB,"Rush Enterprises, Inc.",55.19,0.18,0.33,97911,161878,6442000000,2026-09-27T15:35:34.425774
BDRPF,Bombardier Inc.,13.5,0.0,0.0,200,4,6441000000,2026-09-27T15:35:34.425774
MAC,The Macerich Company,22.64,0.0,0.0,2639000,3268000,6420000000,2026-09-27T15:35:34.425774
NPTLF,Northam Platinum Holdings Limited,16.31,0.0,0.0,100,96,6420000000,2026-09-27T15:35:34.425774
OTGLY,CD Projekt Red S.A.,16.05,0.05,0.28,4120,17976,6414000000,2026-09-27T15:35:34.425774
TOTDF,TOTO LTD.,39.0,0.0,0.0,3,126,6414000000,2026-09-27T15:35:34.425774
MICLF,Mycronic AB (publ),32.82,0.0,0.0,1,7,6409000000,2026-09-27T15:35:34.425774
OCLDF,Orica Limited,13.8,0.0,0.0,200,1,6397000000,2026-09-27T15:35:34.425774
Z,"Zillow Group, Inc.",28.43,0.29,1.03,4293000,3756000,6393000000,2026-09-27T15:35:34.425774
DNTUF,Dentsu Group Inc.,24.61,0.0,0.0,600,0,6388000000,2026-09-27T15:35:34.425774
FMOCF,"Fomento de Construcciones y Contratas, S.A.",13.5,0.0,0.0,2,12,6385000000,2026-09-27T15:35:34.425774
UBSI,"United Bankshares, Inc.",46.86,0.33,0.71,1432000,974533,6381000000,2026-09-27T15:35:34.425774
MTDR,Matador Resources Company,51.55,-1.42,-2.68,1421000,1966000,6380000000,2026-09-27T15:35:34.425774
BLDR,"Builders FirstSource, Inc.",59.17,0.89,1.53,1488000,2656000,6366000000,2026-09-27T15:35:34.425774
MDNDF,"McDonald's Holdings Company (Japan), Ltd.",47.86,0.0,0.0,1,4,6363000000,2026-09-27T15:35:34.425774
RNG,"RingCentral, Inc.",76.16,-3.66,-4.59,1532000,1884000,6360000000,2026-09-27T15:35:34.425774
SKPJF,SKY Perfect JSAT Corporation,22.38,0.0,0.0,20,1,6343000000,2026-09-27T15:35:34.425774
PL,Planet Labs PBC,17.43,-0.19,-1.08,13948000,8910000,6342000000,2026-09-27T15:35:34.425774
SKSUF,"Sekisui Chemical Co., Ltd.",15.7,0.0,0.0,200,35,6340000000,2026-09-27T15:35:34.425774
VOPKY,Koninklijke Vopak N.V.,55.58,0.0,0.0,47,50,6334000000,2026-09-27T15:35:34.425774
JBHIF,JB Hi-Fi Limited,57.93,0.0,0.0,1,28,6334000000,2026-09-27T15:35:34.425774
KUMBF,Kumba Iron Ore Limited,19.77,0.0,0.0,12,2,6330000000,2026-09-27T15:35:34.425774
OTGLF,CD Projekt Red S.A.,63.3,0.0,0.0,575,3,6324000000,2026-09-27T15:35:34.425774
MBSHY,"Mitsubishi Gas Chemical Company, Inc.",32.35,0.0,0.0,100,4,6309000000,2026-09-27T15:35:34.425774
FUPBY,Fuchs SE,12.03,-0.03,-0.25,283,9969,6304000000,2026-09-27T15:35:34.425774
ETSY,"Etsy, Inc.",68.44,-0.54,-0.78,2689000,3052000,6282000000,2026-09-27T15:35:34.425774
FNB,F.N.B. Corporation,17.64,0.2,1.15,4501000,4678000,6279000000,2026-09-27T15:35:34.425774
MONOY,"MonotaRO Co., Ltd.",12.77,0.6,4.89,6301,69957,6276000000,2026-09-27T15:35:34.425774
UEPEN,Union Electric Company,61.32,0.0,0.0,1,42,6262000000,2026-09-27T15:35:34.425774
OGC,OceanaGold Corporation,28.13,0.13,0.46,338793,535923,6257000000,2026-09-27T15:35:34.425774
BLBLF,Bilibili Inc.,15.13,0.0,0.0,100,1,6233000000,2026-09-27T15:35:34.425774
RNR-PF,RenaissanceRe Holdings Ltd.,19.89,0.15,0.76,41754,28458,6223000000,2026-09-27T15:35:34.425774
OAK-PB,"Oaktree Capital Group, LLC",20.26,0.14,0.67,23438,10802,6210000000,2026-09-27T15:35:34.425774
IFS,Intercorp Financial Services Inc.,56.25,0.8,1.44,154967,224706,6210000000,2026-09-27T15:35:34.425774
INGM,Ingram Micro Holding Corporation,26.98,0.63,2.39,1928000,1490000,6206000000,2026-09-27T15:35:34.425774
TSUKF,"Toyo Suisan Kaisha, Ltd.",65.32,0.0,0.0,200,9,6206000000,2026-09-27T15:35:34.425774
DNTUY,Dentsu Group Inc.,23.9,0.0,0.0,600,844,6204000000,2026-09-27T15:35:34.425774
SLG-PI,SL Green Realty Corp.,21.34,-0.01,-0.05,7073,8439,6197000000,2026-09-27T15:35:34.425774
SOMMY,"Sumitomo Chemical Company, Limited",18.75,0.0,0.0,13,663,6195000000,2026-09-27T15:35:34.425774
SIGCY,SIG Group AG,16.03,0.21,1.33,400,880,6194000000,2026-09-27T15:35:34.425774
RGLXF,RTL Group S.A.,41.0,0.0,0.0,293,4,6186000000,2026-09-27T15:35:34.425774
HR,Healthcare Realty Trust Incorporated,18.05,0.22,1.23,4023000,3714000,6186000000,2026-09-27T15:35:34.425774
GSEFF,Covivio,55.85,0.0,0.0,100,1,6181000000,2026-09-27T15:35:34.425774
SKHCF,Sonic Healthcare Limited,11.67,0.0,0.0,466,41,6180000000,2026-09-27T15:35:34.425774
BZ,Kanzhun Limited,14.11,-0.11,-0.77,3576000,5925000,6177000000,2026-09-27T15:35:34.425774
PYOIF,"Promotora y Operadora de Infraestructura, S. A. B. de C. V.",16.46,0.0,0.0,200,26,6169000000,2026-09-27T15:35:34.425774
JSM,Navient Corporation SR NT 6% 121543,17.3,-0.01,-0.06,7284,13058,6165000000,2026-09-27T15:35:34.425774
UELMO,Union Electric Company,60.25,0.0,0.0,100,11,6153000000,2026-09-27T15:35:34.425774
ZLNDY,Zalando SE,12.59,-0.03,-0.24,100,36114,6150000000,2026-09-27T15:35:34.425774
ST,Sensata Technologies Holding plc,42.19,1.13,2.75,1140000,1532000,6140000000,2026-09-27T15:35:34.425774
FUPPF,Fuchs SE,46.85,0.0,0.0,100,1,6137000000,2026-09-27T15:35:34.425774
BILI,Bilibili Inc.,14.9,0.09,0.57,1333000,2748000,6136000000,2026-09-27T15:35:34.425774
DPC,DPC Holdings PLC,41.03,-0.31,-0.75,912558,1231000,6130000000,2026-09-27T15:35:34.425774
XE,"X-Energy, Inc.",15.08,-0.64,-4.07,5106000,5983000,6128000000,2026-09-27T15:35:34.425774
DFYFF,Definity Financial Corporation,51.01,0.0,0.0,100,1225,6127000000,2026-09-27T15:35:34.425774
LQDA,Liquidia Corporation,68.43,-2.52,-3.55,967315,1419000,6125000000,2026-09-27T15:35:34.425774
CHEOF,Cochlear Limited,93.61,0.0,0.0,100,544,6122000000,2026-09-27T15:35:34.425774
CWEN,"Clearway Energy, Inc.",29.77,0.58,1.99,1110000,1218000,6111000000,2026-09-27T15:35:34.425774
TOTDY,TOTO LTD.,37.13,0.21,0.57,1400,13355,6106000000,2026-09-27T15:35:34.425774
INGR,Ingredion Incorporated,96.72,0.23,0.24,714706,657736,6100000000,2026-09-27T15:35:34.425774
TKMSF,--,96.0,0.0,0.0,197,155,6098000000,2026-09-27T15:35:34.425774
LOAR,Loar Holdings Inc.,65.04,-0.39,-0.6,636579,681779,6093000000,2026-09-27T15:35:34.425774
DCYHY,Discovery Limited,27.15,0.0,0.0,150,9,6087000000,2026-09-27T15:35:34.425774
DITTF,"Daito Trust Construction Co.,Ltd.",18.68,-0.38,-1.99,100,9,6085000000,2026-09-27T15:35:34.425774
WFRD,Weatherford International plc,85.08,0.95,1.13,1124000,1162000,6084000000,2026-09-27T15:35:34.425774
SGHC,Super Group (SGHC) Limited,11.97,-0.01,-0.08,2026000,2513000,6082000000,2026-09-27T15:35:34.425774
VOPKF,Koninklijke Vopak N.V.,53.3,-0.25,-0.47,375,1141,6074000000,2026-09-27T15:35:34.425774
IGGHY,IG Group Holdings plc,18.38,0.0,0.0,18,136,6059000000,2026-09-27T15:35:34.425774
SCBGF,SIG Group AG,15.8,0.0,0.0,200,120,6037000000,2026-09-27T15:35:34.425774
CWQXY,Castellum AB (publ),28.02,0.0,0.0,21,7,6031000000,2026-09-27T15:35:34.425774
CZR,"Caesars Entertainment, Inc.",29.59,-0.03,-0.1,4322000,4016000,6030000000,2026-09-27T15:35:34.425774
DOX,Amdocs Limited,57.71,-0.14,-0.24,650818,1180000,6026000000,2026-09-27T15:35:34.425774
CAVA,"CAVA Group, Inc.",51.58,-1.93,-3.61,3483000,3442000,6025000000,2026-09-27T15:35:34.425774
BLCO,Bausch + Lomb Corporation,16.86,0.06,0.36,149497,396249,6022000000,2026-09-27T15:35:34.425774
DELHF,De'Longhi S.p.A.,40.6,0.0,0.0,526,7,6015000000,2026-09-27T15:35:34.425774
KIGRY,KION GROUP AG,11.31,0.1,0.89,400,12180,6012000000,2026-09-27T15:35:34.425774
IGGRF,IG Group Holdings plc,18.22,0.0,0.0,4000,620,6006000000,2026-09-27T15:35:34.425774
HYUHF,"Hankyu Hanshin Holdings, Inc.",26.0,0.0,0.0,100,9,5997000000,2026-09-27T15:35:34.425774
SLOIY,Soitec SA,83.79,0.79,0.95,5,3382,5997000000,2026-09-27T15:35:34.425774
LW,"Lamb Weston Holdings, Inc.",43.58,-0.79,-1.78,1732000,1588000,5992000000,2026-09-27T15:35:34.425774
COIHY,Croda International Plc,21.49,0.12,0.56,76,6458,5989000000,2026-09-27T15:35:34.425774
SWX,"Southwest Gas Holdings, Inc.",82.44,1.06,1.3,695628,552052,5972000000,2026-09-27T15:35:34.425774
BZQIY,Bezeq The Israel Telecommunication Corp. Ltd,10.85,0.0,0.0,203,134,5960000000,2026-09-27T15:35:34.425774
TTD,"The Trade Desk, Inc.",12.6,-0.03,-0.24,14218000,23090000,5957000000,2026-09-27T15:35:34.425774
CGON,"CG Oncology, Inc.",67.15,-1.61,-2.34,750412,877304,5952000000,2026-09-27T15:35:34.425774
HPIFY,Huadian Power International Corporation Limited,15.35,0.0,0.0,2,3,5941000000,2026-09-27T15:35:34.425774
HWC,Hancock Whitney Corporation,73.85,0.67,0.92,808847,827149,5924000000,2026-09-27T15:35:34.425774
TKFOY,Tokyu Fudosan Holdings Corporation,16.61,0.0,0.0,489,7,5923000000,2026-09-27T15:35:34.425774
SRRK,Scholar Rock Holding Corporation,48.63,0.02,0.04,1727000,1463000,5922000000,2026-09-27T15:35:34.425774
BHTLF,Bechtle AG,46.95,0.0,0.0,5,1,5916000000,2026-09-27T15:35:34.425774
M,"Macy's, Inc.",22.64,0.33,1.48,4770000,5529000,5913000000,2026-09-27T15:35:34.425774
UMICF,Umicore SA,24.55,0.0,0.0,200,1560,5908000000,2026-09-27T15:35:34.425774
LKQ,LKQ Corporation,23.29,0.29,1.26,3458000,3227000,5892000000,2026-09-27T15:35:34.425774
TSUKY,"Toyo Suisan Kaisha, Ltd.",62.0,2.8,4.73,312,3669,5891000000,2026-09-27T15:35:34.425774
RICOY,"Ricoh Company, Ltd.",10.52,0.0,0.0,3,66,5888000000,2026-09-27T15:35:34.425774
BSDGY,Bosideng International Holdings Limited,25.27,0.0,0.0,2,37,5887000000,2026-09-27T15:35:34.425774
VIPS,Vipshop Holdings Limited,12.38,0.01,0.08,1908000,2632000,5887000000,2026-09-27T15:35:34.425774
SLFPY,Aberdeen Group Plc,13.13,0.0,0.0,300,47,5879000000,2026-09-27T15:35:34.425774
STHRF,Strathcona Resources Ltd.,27.34,-0.56,-1.99,7900,53250,5874000000,2026-09-27T15:35:34.425774
USSJY,"USS Co., Ltd.",25.88,0.0,0.0,10,74,5874000000,2026-09-27T15:35:34.425774
ELF,"e.l.f. Beauty, Inc.",99.51,-1.06,-1.05,1150000,2258000,5872000000,2026-09-27T15:35:34.425774
THNPF,Technip Energies N.V.,33.9,0.0,0.0,100,12,5872000000,2026-09-27T15:35:34.425774
EFGIF,EFG International AG,19.5,0.0,0.0,100,1,5867000000,2026-09-27T15:35:34.425774
BAFBF,Balfour Beatty plc,12.5,0.0,0.0,100,79,5866000000,2026-09-27T15:35:34.425774
KNSA,"Kiniksa Pharmaceuticals International, plc",75.08,-0.26,-0.35,307833,626703,5858000000,2026-09-27T15:35:34.425774
MSMKF,MatsukiyoCocokara & Co.,14.88,0.0,0.0,168,5,5853000000,2026-09-27T15:35:34.425774
MTG,MGIC Investment Corporation,28.48,-0.25,-0.87,2026000,1839000,5842000000,2026-09-27T15:35:34.425774
HOMB,"Home BancShares, Inc.",29.19,0.23,0.79,1592000,1650000,5839000000,2026-09-27T15:35:34.425774
SFM,"Sprouts Farmers Market, Inc.",62.49,-2.93,-4.48,3086000,1944000,5827000000,2026-09-27T15:35:34.425774
GBCI,"Glacier Bancorp, Inc.",44.75,0.4,0.9,1071000,1090000,5827000000,2026-09-27T15:35:34.425774
MIRM,"Mirum Pharmaceuticals, Inc.",89.7,0.34,0.38,762333,682109,5824000000,2026-09-27T15:35:34.425774
ONEXF,Onex Corporation,76.31,-0.59,-0.77,260,10807,5821000000,2026-09-27T15:35:34.425774
GIGNY,Genting Singapore Limited,24.1,0.0,0.0,328,155,5815000000,2026-09-27T15:35:34.425774
BLFBY,Balfour Beatty plc,24.75,0.37,1.53,200,2347,5808000000,2026-09-27T15:35:34.425774
ACLLF,ATCO Ltd.,51.54,-0.57,-1.09,100,32466,5800000000,2026-09-27T15:35:34.425774
CSXXY,CAR Group Limited,30.53,0.0,0.0,453,293,5787000000,2026-09-27T15:35:34.425774
CPB,The Campbell's Company,19.37,-0.48,-2.42,7906000,6820000,5777000000,2026-09-27T15:35:34.425774
STVN,Stevanato Group S.p.A.,21.13,-0.25,-1.17,256219,374425,5771000000,2026-09-27T15:35:34.425774
LNWO,"Light & Wonder, Inc.",77.14,-2.86,-3.58,780,23295,5768000000,2026-09-27T15:35:34.425774
ORA,"Ormat Technologies, Inc.",93.63,1.09,1.18,508886,883853,5758000000,2026-09-27T15:35:34.425774
CEVMY,CTS Eventim AG & Co. KGaA,14.98,-0.32,-2.09,250,610,5752000000,2026-09-27T15:35:34.425774
BXSL,Blackstone Secured Lending Fund,24.66,0.07,0.28,1069000,1493000,5745000000,2026-09-27T15:35:34.425774
CDEFF,Credito Emiliano S.p.A.,16.89,0.0,0.0,100,26,5744000000,2026-09-27T15:35:34.425774
VLOUF,Vallourec S.A.,21.6,0.0,0.0,450,109,5743000000,2026-09-27T15:35:34.425774
EPRT,"Essential Properties Realty Trust, Inc.",26.53,0.06,0.23,1562000,1846000,5738000000,2026-09-27T15:35:34.425774
ESNT,Essent Group Ltd.,63.73,-0.53,-0.82,758455,648280,5728000000,2026-09-27T15:35:34.425774
MBGL,Mobility Global Inc.,17.87,-0.47,-2.56,5494000,7089000,5718000000,2026-09-27T15:35:34.425774
AMDLY,"Amada Co., Ltd.",74.66,0.0,0.0,100,1,5706000000,2026-09-27T15:35:34.425774
MAUTF,Montage Gold Corp.,14.11,0.04,0.28,2114,128584,5704000000,2026-09-27T15:35:34.425774
BLSH,Bullish,37.58,-2.11,-5.32,871445,1569000,5699000000,2026-09-27T15:35:34.425774
USAR,"USA Rare Earth, Inc.",15.18,-0.2,-1.3,9990000,12137000,5698000000,2026-09-27T15:35:34.425774
WDPSF,Warehouses De Pauw SA,23.55,0.0,0.0,200,58,5697000000,2026-09-27T15:35:34.425774
JCDXY,JCDecaux SE,13.37,0.0,0.0,400,40,5689000000,2026-09-27T15:35:34.425774
PCG-PC,Pacific Gas and Electric Company PFD 1ST 5%,16.88,0.0,0.0,14,0,5684000000,2026-09-27T15:35:34.425774
AHICF,"Asahi Intecc Co., Ltd.",21.41,0.0,0.0,100,1,5679000000,2026-09-27T15:35:34.425774
THNPY,Technip Energies N.V.,32.73,-0.6,-1.8,3150,8722,5669000000,2026-09-27T15:35:34.425774
ACI,"Albertsons Companies, Inc.",11.67,-0.28,-2.34,7232000,8338000,5664000000,2026-09-27T15:35:34.425774
SYM,Symbotic Inc.,43.47,-0.57,-1.29,910253,1709000,5646000000,2026-09-27T15:35:34.425774
TOKUY,Tokyu Corporation,10.1,0.0,0.0,1,166,5643000000,2026-09-27T15:35:34.425774
IVTJY,Investec Group,18.0,0.0,0.0,1192,115,5640000000,2026-09-27T15:35:34.425774
UNIXY,UNIQA Insurance Group AG,18.35,0.0,0.0,2,5,5633000000,2026-09-27T15:35:34.425774
AMDWF,"Amada Co., Ltd.",18.42,0.0,0.0,300,2,5633000000,2026-09-27T15:35:34.425774
CWQXF,Castellum AB (publ),13.08,0.0,0.0,200,298,5631000000,2026-09-27T15:35:34.425774
BGC,"BGC Group, Inc.",11.84,-0.33,-2.71,3736000,3048000,5630000000,2026-09-27T15:35:34.425774
LYFT,"Lyft, Inc.",14.86,0.12,0.78,5037000,11067000,5627000000,2026-09-27T15:35:34.425774
VAL,Valaris Limited,80.99,-0.8,-0.98,622642,1098000,5624000000,2026-09-27T15:35:34.425774
BKCYF,Bank of Cyprus Holdings Public Limited Company,12.9,0.0,0.0,600,19,5622000000,2026-09-27T15:35:34.425774
MMED,"MiniMed Group, Inc.",19.98,-0.46,-2.25,2554000,1661000,5621000000,2026-09-27T15:35:34.425774
RYN,Rayonier Inc.,18.88,-0.18,-0.94,3972000,3016000,5618000000,2026-09-27T15:35:34.425774
WFG,West Fraser Timber Co. Ltd.,71.68,0.92,1.3,174440,220433,5613000000,2026-09-27T15:35:34.425774
UOLGY,UOL Group Limited,26.48,-0.1,-0.38,1186,6831,5610000000,2026-09-27T15:35:34.425774
BBRYF,Burberry Group plc,15.53,0.0,0.0,100,131,5607000000,2026-09-27T15:35:34.425774
COGT,"Cogent Biosciences, Inc.",32.31,0.88,2.8,2670000,2062000,5607000000,2026-09-27T15:35:34.425774
WPP,WPP plc,25.99,0.72,2.85,247061,430217,5606000000,2026-09-27T15:35:34.425774
MDIKF,"MODEC, Inc.",82.01,0.0,0.0,2,1,5605000000,2026-09-27T15:35:34.425774
TVTX,"Travere Therapeutics, Inc.",59.44,-1.18,-1.95,1206000,1515000,5603000000,2026-09-27T15:35:34.425774
TTAN,"ServiceTitan, Inc.",58.05,-1.93,-3.22,1768000,2250000,5600000000,2026-09-27T15:35:34.425774
RUSHA,"Rush Enterprises, Inc.",47.97,-0.01,-0.02,457233,675772,5600000000,2026-09-27T15:35:34.425774
ORKA,"Oruka Therapeutics, Inc.",84.46,-1.03,-1.2,499689,1002000,5592000000,2026-09-27T15:35:34.425774
BETA,"Beta Technologies, Inc.",23.85,0.7,3.02,1824000,2397000,5579000000,2026-09-27T15:35:34.425774
CRNLF,Capricorn Metals Ltd,12.2,0.0,0.0,120,365,5577000000,2026-09-27T15:35:34.425774
CORZ,"Core Scientific, Inc.",17.34,-0.78,-4.3,8680000,12080000,5572000000,2026-09-27T15:35:34.425774
RDNT,"RadNet, Inc.",70.79,-0.52,-0.73,598672,763800,5571000000,2026-09-27T15:35:34.425774
SGLJF,Strauss Group Ltd.,47.52,0.0,0.0,100,1,5570000000,2026-09-27T15:35:34.425774
VFC,V.F. Corporation,14.15,0.46,3.36,8708000,7116000,5563000000,2026-09-27T15:35:34.425774
G,Genpact Limited,33.1,-0.27,-0.81,1383000,2268000,5562000000,2026-09-27T15:35:34.425774
RGTI,"Rigetti Computing, Inc.",16.66,0.16,0.97,17459000,19466000,5561000000,2026-09-27T15:35:34.425774
CHDN,Churchill Downs Incorporated,79.77,0.36,0.45,559808,1006000,5560000000,2026-09-27T15:35:34.425774
BIRK,Birkenstock Holding plc,33.6,1.81,5.69,3688000,2273000,5548000000,2026-09-27T15:35:34.425774
PEGA,Pegasystems Inc.,33.74,-0.49,-1.42,1110000,2615000,5548000000,2026-09-27T15:35:34.425774
ASB,Associated Banc-Corp,29.37,0.3,1.03,2165000,1944000,5547000000,2026-09-27T15:35:34.425774
AUB,Atlantic Union Bankshares Corporation,38.78,0.26,0.67,1440000,1121000,5538000000,2026-09-27T15:35:34.425774
ABCB,Ameris Bancorp,82.29,0.5,0.61,349006,432758,5522000000,2026-09-27T15:35:34.425774
CMBT,Cmb.Tech NV,19.01,-0.03,-0.16,857736,999826,5516000000,2026-09-27T15:35:34.425774
ELSSF,Elis SA,25.69,0.0,0.0,9,157,5511000000,2026-09-27T15:35:34.425774
POR,Portland General Electric Company,46.85,0.81,1.76,2090000,1105000,5510000000,2026-09-27T15:35:34.425774
PREKF,PrairieSky Royalty Ltd.,23.7,-0.22,-0.94,4,44866,5509000000,2026-09-27T15:35:34.425774
HWDJY,Howden Joinery Group Plc,40.36,0.0,0.0,22,118,5494000000,2026-09-27T15:35:34.425774
MEJHF,"Meiji Holdings Co., Ltd.",20.25,0.0,0.0,200,2,5492000000,2026-09-27T15:35:34.425774
DLB,"Dolby Laboratories, Inc.",58.56,1.0,1.74,571867,975346,5485000000,2026-09-27T15:35:34.425774
SNDR,"Schneider National, Inc.",31.25,-0.39,-1.23,615541,766269,5478000000,2026-09-27T15:35:34.425774
KBSTF,"Kobe Steel, Ltd.",13.85,0.0,0.0,100,19,5477000000,2026-09-27T15:35:34.425774
ALITF,Alliance Witan Plc,15.42,0.0,0.0,100,22,5471000000,2026-09-27T15:35:34.425774
GLAPF,Glanbia plc,22.63,-0.31,-1.35,11430,730,5469000000,2026-09-27T15:35:34.425774
OTEX,Open Text Corporation,22.51,-0.15,-0.66,832496,1490000,5462000000,2026-09-27T15:35:34.425774
TMSNY,Temenos AG,81.13,0.11,0.14,500,1647,5462000000,2026-09-27T15:35:34.425774
HWDJF,Howden Joinery Group Plc,10.01,0.0,0.0,1500,403,5450000000,2026-09-27T15:35:34.425774
THKLF,"THK Co., Ltd.",43.19,0.0,0.0,100,7,5436000000,2026-09-27T15:35:34.425774
TNPGY,TAURON Polska Energia S.A.,30.92,0.0,0.0,200,11,5419000000,2026-09-27T15:35:34.425774
MNODF,Mondi plc,11.15,0.0,0.0,1100,917,5412000000,2026-09-27T15:35:34.425774
SCOTF,Scout24 SE,76.49,-8.51,-10.01,100,1,5409000000,2026-09-27T15:35:34.425774
SCCTY,Scout24 SE,38.2,-0.06,-0.16,980,28640,5403000000,2026-09-27T15:35:34.425774
ZHUZY,"Zhuzhou CRRC Times Electric Co., Ltd.",20.25,0.0,0.0,1,14,5389000000,2026-09-27T15:35:34.425774
GECFF,Gecina,72.83,0.0,0.0,306,176,5389000000,2026-09-27T15:35:34.425774
NFPDF,"Nissin Foods Holdings Co.,Ltd.",18.79,0.0,0.0,10,20,5385000000,2026-09-27T15:35:34.425774
AXFOF,Axfood AB (publ),24.94,0.0,0.0,120,1,5384000000,2026-09-27T15:35:34.425774
ACMR,"ACM Research, Inc.",77.3,1.12,1.47,594845,1114000,5384000000,2026-09-27T15:35:34.425774
GAB-PG,The Gabelli Equity Trust Inc. PFD-G,18.42,0.0,0.0,4142,5107,5377000000,2026-09-27T15:35:34.425774
HLMMF,Holmen AB (publ),35.72,0.0,0.0,700,5,5374000000,2026-09-27T15:35:34.425774
BKH,Black Hills Corporation,70.46,0.53,0.76,1856000,835969,5373000000,2026-09-27T15:35:34.425774
OBDC,Blue Owl Capital Corporation,10.81,0.01,0.09,2826000,3568000,5365000000,2026-09-27T15:35:34.425774
IPGLF,Interpump Group S.p.A.,51.0,0.0,0.0,100,3,5360000000,2026-09-27T15:35:34.425774
WTBCF,Whitbread plc,32.03,0.0,0.0,100,20,5354000000,2026-09-27T15:35:34.425774
KGS,"Kodiak Gas Services, Inc.",52.91,0.1,0.19,1525000,1790000,5349000000,2026-09-27T15:35:34.425774
AOTXF,--,23.41,0.0,0.0,0,10824,5349000000,2026-09-27T15:35:34.425774
KOBNF,"Kobe Bussan Co., Ltd.",24.1,0.0,0.0,1,1,5346000000,2026-09-27T15:35:34.425774
TMICY,Trend Micro Incorporated,41.17,-0.2,-0.48,500,10168,5344000000,2026-09-27T15:35:34.425774
PCG-PA,Pacific Gas and Electric Company,20.21,-0.12,-0.57,5911,6947,5343000000,2026-09-27T15:35:34.425774
VNORP,Vornado Realty Trust,50.11,0.0,0.0,20,12,5342000000,2026-09-27T15:35:34.425774
ATOGY,AUTO1 Group SE,12.06,0.0,0.0,400,12,5338000000,2026-09-27T15:35:34.425774
AROC,"Archrock, Inc.",30.43,-0.25,-0.81,1188000,1816000,5336000000,2026-09-27T15:35:34.425774
CNVVY,Convatec Group PLC,11.1,-0.18,-1.6,52877,27414,5335000000,2026-09-27T15:35:34.425774
ROAD,"Construction Partners, Inc.",93.71,3.86,4.3,769033,877960,5319000000,2026-09-27T15:35:34.425774
STWD,"Starwood Property Trust, Inc.",14.36,0.0,0.0,4143000,4219000,5316000000,2026-09-27T15:35:34.425774
VRNS,"Varonis Systems, Inc.",46.25,-1.7,-3.55,1342000,1861000,5312000000,2026-09-27T15:35:34.425774
GALNF,Galenica AG,99.85,0.0,0.0,800,10,5302000000,2026-09-27T15:35:34.425774
ASOZF,Asseco Poland S.A.,65.85,0.0,0.0,100,18,5302000000,2026-09-27T15:35:34.425774
BPOPO,"Popular, Inc.",25.1,0.0,0.0,100,341,5289000000,2026-09-27T15:35:34.425774
BEPC,Brookfield Renewable Corporation,28.47,0.09,0.32,1589000,1717000,5285000000,2026-09-27T15:35:34.425774
EXLS,"ExlService Holdings, Inc.",34.75,-0.41,-1.17,1356000,2285000,5269000000,2026-09-27T15:35:34.425774
PAGP,"Plains GP Holdings, L.P.",26.58,-0.12,-0.45,2085000,1543000,5260000000,2026-09-27T15:35:34.425774
NIQ,NIQ Global Intelligence plc,17.83,-0.31,-1.71,715169,1534000,5259000000,2026-09-27T15:35:34.425774
NNCHF,Nissan Chemical Corporation,39.4,0.0,0.0,600,4,5257000000,2026-09-27T15:35:34.425774
CRSP,CRISPR Therapeutics AG,54.23,-1.47,-2.64,992656,1614000,5244000000,2026-09-27T15:35:34.425774
ARKAF,Arkema S.A.,69.4,0.0,0.0,8,4,5240000000,2026-09-27T15:35:34.425774
SHC,Sotera Health Company,18.34,-0.11,-0.6,1180000,2625000,5234000000,2026-09-27T15:35:34.425774
CWST,"Casella Waste Systems, Inc.",82.24,-1.59,-1.9,429202,561269,5234000000,2026-09-27T15:35:34.425774
BBUC,Brookfield Business Corporation,25.46,0.39,1.56,267876,348666,5231000000,2026-09-27T15:35:34.425774
PTCT,"PTC Therapeutics, Inc.",62.67,0.39,0.63,1194000,1350000,5230000000,2026-09-27T15:35:34.425774
FCHRF,Georg Fischer AG,63.78,0.0,0.0,10,51,5227000000,2026-09-27T15:35:34.425774
BROS,Dutch Bros Inc.,37.89,-0.62,-1.61,3245000,3825000,5227000000,2026-09-27T15:35:34.425774
MMSI,"Merit Medical Systems, Inc.",87.5,0.2,0.23,326043,806341,5225000000,2026-09-27T15:35:34.425774
KTWIY,Kurita Water Industries Ltd.,97.0,0.0,0.0,711,377,5223000000,2026-09-27T15:35:34.425774
SMBMY,Seatrium Limited,15.41,0.0,0.0,17,22,5222000000,2026-09-27T15:35:34.425774
HROEY,"Hirose Electric Co.,Ltd.",16.07,0.0,0.0,100,15,5210000000,2026-09-27T15:35:34.425774
MUR,Murphy Oil Corporation,36.33,-1.05,-2.81,1572000,1672000,5208000000,2026-09-27T15:35:34.425774
CUYTY,Colruyt Group N.V.,10.94,-0.04,-0.36,800,863,5203000000,2026-09-27T15:35:34.425774
HRB,"H&R Block, Inc.",42.19,-0.42,-0.99,1844000,2131000,5201000000,2026-09-27T15:35:34.425774
WH,"Wyndham Hotels & Resorts, Inc.",69.99,0.74,1.07,718509,1304000,5194000000,2026-09-27T15:35:34.425774
ZEGLF,Zegona Communications plc,23.0,0.0,0.0,100,287,5187000000,2026-09-27T15:35:34.425774
GXO,"GXO Logistics, Inc.",45.2,1.03,2.33,1257000,1410000,5184000000,2026-09-27T15:35:34.425774
TOITF,Topicus.com Inc.,62.19,1.18,1.93,1414,29239,5183000000,2026-09-27T15:35:34.425774
KTWIF,Kurita Water Industries Ltd.,48.1,0.0,0.0,400,39,5180000000,2026-09-27T15:35:34.425774
CVI,"CVR Energy, Inc.",51.52,0.22,0.43,1158000,1033000,5179000000,2026-09-27T15:35:34.425774
AXTI,"AXT, Inc.",78.94,3.04,4.01,7364000,9925000,5176000000,2026-09-27T15:35:34.425774
BYD,Boyd Gaming Corporation,71.23,-0.61,-0.85,953700,937342,5175000000,2026-09-27T15:35:34.425774
CE,Celanese Corporation,47.09,-0.47,-0.99,1515000,1875000,5168000000,2026-09-27T15:35:34.425774
IRDM,Iridium Communications Inc.,48.75,-0.14,-0.29,1078000,1597000,5167000000,2026-09-27T15:35:34.425774
AMKYF,"ABC-Mart,Inc.",20.85,0.0,0.0,100,2,5164000000,2026-09-27T15:35:34.425774
FOSUY,Fosun International Limited,15.85,0.0,0.0,200,12,5152000000,2026-09-27T15:35:34.425774
MAIN,Main Street Capital Corporation,55.1,0.34,0.62,575709,550379,5152000000,2026-09-27T15:35:34.425774
LAUR,"Laureate Education, Inc.",37.4,-0.71,-1.86,833877,1003000,5152000000,2026-09-27T15:35:34.425774
FKKFF,"Fukuoka Financial Group, Inc.",27.21,0.0,0.0,100,1,5142000000,2026-09-27T15:35:34.425774
NJR,New Jersey Resources Corporation,50.61,-0.45,-0.88,1452000,649017,5135000000,2026-09-27T15:35:34.425774
FLG,"Flagstar Bank, National Association",12.37,-0.02,-0.16,5877000,4385000,5135000000,2026-09-27T15:35:34.425774
SIGI,"Selective Insurance Group, Inc.",86.12,0.36,0.41,405989,484576,5130000000,2026-09-27T15:35:34.425774
KNTNF,K92 Mining Inc.,20.82,0.44,2.16,3100,78769,5116000000,2026-09-27T15:35:34.425774
MONOF,"MonotaRO Co., Ltd.",10.4,0.0,0.0,6,181,5113000000,2026-09-27T15:35:34.425774
OZK,Bank OZK,46.89,0.29,0.62,1106000,1164000,5113000000,2026-09-27T15:35:34.425774
PIPR,Piper Sandler Companies,72.34,1.26,1.77,483429,593274,5112000000,2026-09-27T15:35:34.425774
SPASY,SATS Ltd.,34.39,0.0,0.0,100,8,5112000000,2026-09-27T15:35:34.425774
DLKGF,Delek Group Ltd.,28.15,0.0,0.0,4,31,5111000000,2026-09-27T15:35:34.425774
RLI,RLI Corp.,55.69,-0.46,-0.82,655898,772449,5111000000,2026-09-27T15:35:34.425774
MDA,MDA Space Ltd.,31.49,0.01,0.03,1491000,1489000,5105000000,2026-09-27T15:35:34.425774
MWH,"SOLV Energy, Inc.",25.2,0.15,0.6,1381000,1880000,5100000000,2026-09-27T15:35:34.425774
FTDR,"Frontdoor, Inc.",73.99,2.11,2.94,681761,556896,5097000000,2026-09-27T15:35:34.425774
AHEXY,Adecco Group AG,14.7,-0.04,-0.27,5245,10771,5096000000,2026-09-27T15:35:34.425774
RNKGF,RENK Group AG,49.98,0.0,0.0,7,146,5090000000,2026-09-27T15:35:34.425774
ENGGF,"Enagás, S.A.",19.55,0.0,0.0,120,50,5089000000,2026-09-27T15:35:34.425774
SBRA,"Sabra Health Care REIT, Inc.",19.85,0.08,0.4,1878000,2650000,5071000000,2026-09-27T15:35:34.425774
HLMNY,Holmen AB (publ),16.85,0.0,0.0,100,3,5070000000,2026-09-27T15:35:34.425774
XNJJY,"Goldwind Science&Technology Co., Ltd.",12.0,0.0,0.0,20,1,5067000000,2026-09-27T15:35:34.425774
GLNG,Golar LNG Limited,49.61,-0.5,-1.0,824617,1269000,5065000000,2026-09-27T15:35:34.425774
PCG-PI,Pacific Gas and Electric Company PFD 1ST 4.36%,14.93,-0.33,-2.16,4349,0,5064000000,2026-09-27T15:35:34.425774
VEON,VEON Ltd.,73.52,0.98,1.35,192338,116192,5063000000,2026-09-27T15:35:34.425774
DELKY,Delek Group Ltd.,27.86,-1.39,-4.75,100,687,5059000000,2026-09-27T15:35:34.425774
NAVN,"Navan, Inc.",19.42,-0.01,-0.08,2280000,3722000,5056000000,2026-09-27T15:35:34.425774
OCTV,Octave Intelligence plc,18.83,-0.22,-1.15,1318000,2057000,5055000000,2026-09-27T15:35:34.425774
GKTRF,Gek Terna S.A.,50.0,0.0,0.0,100,43,5054000000,2026-09-27T15:35:34.425774
OICT,"Oicintra, Inc.",11.25,0.0,0.0,1,2,5053000000,2026-09-27T15:35:34.425774
CRSLF,CAR Group Limited,13.32,0.0,0.0,4059,453,5049000000,2026-09-27T15:35:34.425774
TCNRF,Tokyo Century Corporation,10.32,0.0,0.0,1,2,5044000000,2026-09-27T15:35:34.425774
GMKKY,"Gruma, S.A.B. de C.V.",15.01,0.0,0.0,3,619,5038000000,2026-09-27T15:35:34.425774
TMICF,Trend Micro Incorporated,38.8,0.0,0.0,3400,69,5036000000,2026-09-27T15:35:34.425774
MLCMF,Millicom International Cellular S.A.,30.0,0.0,0.0,434,6,5031000000,2026-09-27T15:35:34.425774
AX,"Axos Financial, Inc.",88.52,-0.06,-0.07,253762,354123,5022000000,2026-09-27T15:35:34.425774
ASOZY,Asseco Poland S.A.,58.15,0.0,0.0,40,90,5020000000,2026-09-27T15:35:34.425774
FBKIF,First International Bank of Israel Ltd,50.0,0.0,0.0,1385,2,5015000000,2026-09-27T15:35:34.425774
FND,"Floor & Decor Holdings, Inc.",47.06,0.64,1.38,1587000,2440000,5011000000,2026-09-27T15:35:34.425774
OLLI,"Ollie's Bargain Outlet Holdings, Inc.",84.25,-0.19,-0.23,1840000,1892000,5005000000,2026-09-27T15:35:34.425774
MRCY,"Mercury Systems, Inc.",82.18,-1.0,-1.2,440578,702677,5002000000,2026-09-27T15:35:34.425774
ACIW,"ACI Worldwide, Inc.",49.51,-0.11,-0.22,480701,956785,4998000000,2026-09-27T15:35:34.425774
SSRGF,SSR Mining Inc.,24.5,0.0,0.0,107,1,4996000000,2026-09-27T15:35:34.425774
CNO,"CNO Financial Group, Inc.",53.98,0.46,0.86,434386,869606,4994000000,2026-09-27T15:35:34.425774
NVPTF,"Navitas Petroleum, Limited Partnership",40.49,0.0,0.0,100,1,4993000000,2026-09-27T15:35:34.425774
VSH,"Vishay Intertechnology, Inc.",32.55,0.75,2.36,1884000,4983000,4992000000,2026-09-27T15:35:34.425774
MRCIF,"Mercari, Inc.",30.57,0.0,0.0,3100,1,4988000000,2026-09-27T15:35:34.425774
ERAS,"Erasca, Inc.",14.25,-0.27,-1.86,3218000,4353000,4984000000,2026-09-27T15:35:34.425774
IOVA,"Iovance Biotherapeutics, Inc.",11.0,0.2,1.85,12588000,16571000,4983000000,2026-09-27T15:35:34.425774
KRG,Kite Realty Group Trust,24.78,0.07,0.28,2217000,2487000,4965000000,2026-09-27T15:35:34.425774
MBGCF,"Mitsubishi Gas Chemical Company, Inc.",25.43,0.0,0.0,1,3,4960000000,2026-09-27T15:35:34.425774
TLPFF,Teleperformance SE,83.0,-0.5,-0.6,726,201,4956000000,2026-09-27T15:35:34.425774
DNTH,"Dianthus Therapeutics, Inc.",88.55,-2.16,-2.38,515772,846495,4953000000,2026-09-27T15:35:34.425774
UDIRY,United Internet AG,27.21,0.0,0.0,1,1,4950000000,2026-09-27T15:35:34.425774
SON,Sonoco Products Company,50.06,0.1,0.2,780227,1125000,4950000000,2026-09-27T15:35:34.425774
PAEKY,PT Antam (Persero) Tbk,17.73,0.0,0.0,2,63,4945000000,2026-09-27T15:35:34.425774
PCG-PB,Pacific Gas and Electric Company,18.7,-0.15,-0.8,1944,3444,4944000000,2026-09-27T15:35:34.425774
PSMMY,Persimmon Plc,30.7,0.2,0.67,874,8152,4929000000,2026-09-27T15:35:34.425774
TOSCF,Tosoh Corporation,16.0,0.0,0.0,200,1,4926000000,2026-09-27T15:35:34.425774
YKLTF,"Yakult Honsha Co.,Ltd.",17.3,0.0,0.0,300,282,4926000000,2026-09-27T15:35:34.425774
HSHIF,Hoshizaki Corporation,35.25,0.0,0.0,100,18,4925000000,2026-09-27T15:35:34.425774
TLPFY,Teleperformance SE,41.2,-0.26,-0.63,2396,6285,4920000000,2026-09-27T15:35:34.425774
ARHUF,AAK AB (publ.),18.92,0.0,0.0,200,47,4917000000,2026-09-27T15:35:34.425774
EBOSF,EBOS Group Limited,23.75,0.0,0.0,485,16,4917000000,2026-09-27T15:35:34.425774
BDRXF,Bombardier Inc.,17.99,0.0,0.0,200,69,4914000000,2026-09-27T15:35:34.425774
HESM,Hess Midstream LP,38.25,-0.22,-0.57,1520000,1151000,4909000000,2026-09-27T15:35:34.425774
AALBF,Aalberts N.V.,46.21,0.0,0.0,300,31,4908000000,2026-09-27T15:35:34.425774
WKCMF,Wacker Chemie AG,98.65,0.0,0.0,600,47,4901000000,2026-09-27T15:35:34.425774
BURBY,Burberry Group plc,13.57,-0.05,-0.37,451,46634,4899000000,2026-09-27T15:35:34.425774
ACDVF,Air Canada,19.38,-1.09,-5.35,3168,233249,4897000000,2026-09-27T15:35:34.425774
EBC,"Eastern Bankshares, Inc.",21.42,0.11,0.52,2004000,2395000,4895000000,2026-09-27T15:35:34.425774
FNCNF,Fincantieri S.p.A.,13.59,0.11,0.82,300,530,4887000000,2026-09-27T15:35:34.425774
EIFZF,Exchange Income Corporation,86.66,0.53,0.62,200,6252,4886000000,2026-09-27T15:35:34.425774
KKKUF,"Kakaku.com, Inc.",24.36,0.0,0.0,200,12,4883000000,2026-09-27T15:35:34.425774
MITUF,"Mitsui Chemicals, Inc.",13.5,0.0,0.0,16,5,4881000000,2026-09-27T15:35:34.425774
RNSHF,Renishaw plc,67.06,0.0,0.0,200,41,4879000000,2026-09-27T15:35:34.425774
MONDY,Mondi plc,22.12,0.34,1.54,2187,25504,4875000000,2026-09-27T15:35:34.425774
OUT,OUTFRONT Media Inc.,27.65,-0.28,-1.0,1494000,1664000,4870000000,2026-09-27T15:35:34.425774
ARKAY,Arkema S.A.,64.5,-0.07,-0.11,220,1090,4870000000,2026-09-27T15:35:34.425774
HLHLY,Holmen AB (publ),16.18,0.0,0.0,100,7,4869000000,2026-09-27T15:35:34.425774
DFTX,"Definium Therapeutics, Inc.",36.17,-0.56,-1.52,2683000,2232000,4860000000,2026-09-27T15:35:34.425774
KLAR,Klarna Group plc,12.8,-0.07,-0.54,4236000,5891000,4853000000,2026-09-27T15:35:34.425774
CNX,CNX Resources Corporation,32.79,-0.62,-1.86,2244000,1717000,4851000000,2026-09-27T15:35:34.425774
GOLF,Acushnet Holdings Corp.,83.02,0.66,0.8,321151,361719,4849000000,2026-09-27T15:35:34.425774
MARA,"MARA Holdings, Inc.",12.55,-0.37,-2.86,36643000,48148000,4848000000,2026-09-27T15:35:34.425774
FUPEF,Fuchs SE,37.0,0.0,0.0,500,10,4847000000,2026-09-27T15:35:34.425774
AKO-B,Embotelladora Andina S.A.,30.7,0.41,1.35,6313,8888,4843000000,2026-09-27T15:35:34.425774
KOBCY,"Kobe Bussan Co., Ltd.",10.9,0.0,0.0,69,271,4837000000,2026-09-27T15:35:34.425774
FREGP,Federal Home Loan Mortgage Corporation,12.03,0.0,0.0,200,119,4831000000,2026-09-27T15:35:34.425774
SLMBP,SLM Corporation,73.9,-0.1,-0.13,2140,2958,4825000000,2026-09-27T15:35:34.425774
ACRXF,"Acerinox, S.A.",19.36,0.0,0.0,1500,74,4825000000,2026-09-27T15:35:34.425774
PUTKY,PT United Tractors Tbk,27.59,0.05,0.18,5871,28907,4819000000,2026-09-27T15:35:34.425774
VLMTY,Valmet Oyj,26.14,0.0,0.0,868,14,4816000000,2026-09-27T15:35:34.425774
PECO,"Phillips Edison & Company, Inc.",37.39,0.27,0.73,1068000,899438,4812000000,2026-09-27T15:35:34.425774
FMCCM,Federal Home Loan Mortgage Corporation,10.7,0.49,4.8,400,2152,4811000000,2026-09-27T15:35:34.425774
GTX,Garrett Motion Inc.,25.72,0.42,1.66,1326000,2541000,4797000000,2026-09-27T15:35:34.425774
FREJN,Federal Home Loan Mortgage Corporation,12.14,0.0,0.0,200,22,4790000000,2026-09-27T15:35:34.425774
TCCHF,Technogym S.p.A.,24.0,0.0,0.0,100,1,4783000000,2026-09-27T15:35:34.425774
MCHVY,MGM China Holdings Limited,15.09,0.0,0.0,29,7,4774000000,2026-09-27T15:35:34.425774
KLIC,"Kulicke and Soffa Industries, Inc.",91.18,2.71,3.06,464023,906323,4771000000,2026-09-27T15:35:34.425774
PRM,"Perimeter Solutions, Inc.",29.11,1.05,3.74,1218000,1385000,4765000000,2026-09-27T15:35:34.425774
SKY,"Champion Homes, Inc.",87.72,2.04,2.38,407473,625180,4761000000,2026-09-27T15:35:34.425774
HLNE,Hamilton Lane Incorporated,86.21,0.87,1.02,723110,688936,4758000000,2026-09-27T15:35:34.425774
GNTX,Gentex Corporation,22.58,0.54,2.45,2015000,2446000,4757000000,2026-09-27T15:35:34.425774
CWSRF,Chartwell Retirement Residences,14.48,0.0,0.0,200,79309,4754000000,2026-09-27T15:35:34.425774
BUHPY,Bumrungrad Hospital Public Company Limited,59.68,0.0,0.0,100,100,4744000000,2026-09-27T15:35:34.425774
WAY,Waystar Holding Corp.,24.7,0.06,0.24,1261000,2563000,4736000000,2026-09-27T15:35:34.425774
KRMN,Karman Holdings Inc.,35.69,0.77,2.21,4803000,3491000,4730000000,2026-09-27T15:35:34.425774
KVYO,"Klaviyo, Inc.",15.8,-0.31,-1.92,3775000,5919000,4729000000,2026-09-27T15:35:34.425774
HSSKY,HASEKO Corporation,17.85,0.0,0.0,769,16,4728000000,2026-09-27T15:35:34.425774
HCC,"Warrior Met Coal, Inc.",89.51,0.56,0.63,385685,641285,4726000000,2026-09-27T15:35:34.425774
UDIRF,United Internet AG,27.34,0.0,0.0,100,1,4725000000,2026-09-27T15:35:34.425774
OTF,Blue Owl Technology Finance Corp.,10.31,0.04,0.39,1495000,2445000,4724000000,2026-09-27T15:35:34.425774
FMCCP,Federal Home Loan Mortgage Corporation,11.9,0.0,0.0,200,3795,4723000000,2026-09-27T15:35:34.425774
FGWLF,Flughafen Wien Aktiengesellschaft,56.24,0.0,0.0,100,1,4717000000,2026-09-27T15:35:34.425774
CUZ,Cousins Properties Incorporated,28.65,0.16,0.56,1385000,1501000,4716000000,2026-09-27T15:35:34.425774
CLMT,"Calumet, Inc.",53.65,-0.2,-0.37,855780,1257000,4716000000,2026-09-27T15:35:34.425774
VIRT,"Virtu Financial, Inc.",53.4,0.74,1.41,1587000,1246000,4715000000,2026-09-27T15:35:34.425774
GLXY,Galaxy Digital,24.24,-0.95,-3.77,4006000,6145000,4710000000,2026-09-27T15:35:34.425774
FMCCS,Federal Home Loan Mortgage Corporation,10.65,0.93,9.57,4900,2101,4703000000,2026-09-27T15:35:34.425774
GEF,"Greif, Inc.",82.66,-0.16,-0.19,359679,289906,4699000000,2026-09-27T15:35:34.425774
FBIN,"Fortune Brands Innovations, Inc.",39.38,1.39,3.66,1951000,2541000,4698000000,2026-09-27T15:35:34.425774
GPAGF,"Gruma, S.A.B. de C.V.",14.0,0.0,0.0,100,433,4697000000,2026-09-27T15:35:34.425774
BDVSY,The Bidvest Group Limited,27.64,-1.28,-4.43,601,11558,4697000000,2026-09-27T15:35:34.425774
TTCIF,Titan S.A.,62.9,0.0,0.0,3588,309,4697000000,2026-09-27T15:35:34.425774
ADPT,Adaptive Biotechnologies Corporation,29.43,-0.14,-0.47,1685000,2431000,4697000000,2026-09-27T15:35:34.425774
DOCS,"Doximity, Inc.",26.35,0.31,1.19,1966000,4470000,4697000000,2026-09-27T15:35:34.425774
AMTM,"Amentum Holdings, Inc.",19.19,-0.21,-1.08,1480000,2046000,4692000000,2026-09-27T15:35:34.425774
TORXF,Torex Gold Resources Inc.,50.67,2.5,5.19,2001,45706,4692000000,2026-09-27T15:35:34.425774
TFSL,TFS Financial Corporation,16.72,0.0,0.0,550322,836807,4689000000,2026-09-27T15:35:34.425774
SMDPY,"Sumitomo Pharma Co., Ltd.",10.45,0.0,0.0,1000,753,4688000000,2026-09-27T15:35:34.425774
HASI,"HA Sustainable Infrastructure Capital, Inc.",36.44,0.28,0.77,2300000,987387,4682000000,2026-09-27T15:35:34.425774
SEI,"Solaris Energy Infrastructure, Inc.",70.97,0.87,1.24,1503000,3042000,4672000000,2026-09-27T15:35:34.425774
HSKCF,HASEKO Corporation,17.62,0.0,0.0,100,1,4667000000,2026-09-27T15:35:34.425774
XYIGY,Xinyi Glass Holdings Limited,21.08,0.0,0.0,135,122,4665000000,2026-09-27T15:35:34.425774
CRC,California Resources Corporation,52.51,0.08,0.15,935834,838271,4664000000,2026-09-27T15:35:34.425774
LPX,Louisiana-Pacific Corporation,66.7,0.42,0.63,618070,1153000,4664000000,2026-09-27T15:35:34.425774
AIIXY,AIXTRON SE,81.0,0.0,0.0,300,212,4653000000,2026-09-27T15:35:34.425774
FFIN,"First Financial Bankshares, Inc.",32.45,0.28,0.87,843945,748192,4651000000,2026-09-27T15:35:34.425774
SOOBF,Sapporo Breweries Limited,11.9,0.0,0.0,100,11,4639000000,2026-09-27T15:35:34.425774
PBI-PB,Pitney Bowes Inc. NT 43,20.78,-0.32,-1.52,57533,31828,4637000000,2026-09-27T15:35:34.425774
RYAN,"Ryan Specialty Holdings, Inc.",37.89,1.15,3.13,1740000,2014000,4626000000,2026-09-27T15:35:34.425774
LEGIF,LEG Immobilien SE,60.15,0.0,0.0,2800,6,4622000000,2026-09-27T15:35:34.425774
CIGI,Colliers International Group Inc.,90.42,-1.81,-1.96,139421,237233,4621000000,2026-09-27T15:35:34.425774
OII,"Oceaneering International, Inc.",46.26,-0.41,-0.88,900024,1002000,4604000000,2026-09-27T15:35:34.425774
PSN,Parsons Corporation,43.07,0.63,1.48,1068000,1361000,4600000000,2026-09-27T15:35:34.425774
WWNTY,Want Want China Holdings Limited,19.68,3.08,18.55,1,8,4594000000,2026-09-27T15:35:34.425774
EPR-PG,EPR Properties,19.45,-0.22,-1.12,16037,6287,4583000000,2026-09-27T15:35:34.425774
THKLY,"THK Co., Ltd.",20.41,0.39,1.95,39,1603,4581000000,2026-09-27T15:35:34.425774
OBIBF,"OBIC Business Consultants Co., Ltd.",60.9,0.0,0.0,100,1,4578000000,2026-09-27T15:35:34.425774
ALK,"Alaska Air Group, Inc.",40.94,0.91,2.27,2412000,2748000,4569000000,2026-09-27T15:35:34.425774
REYN,Reynolds Consumer Products Inc.,21.67,0.08,0.37,1296000,1366000,4568000000,2026-09-27T15:35:34.425774
SNWAF,Sanwa Holdings Corporation,22.0,0.0,0.0,195,36,4567000000,2026-09-27T15:35:34.425774
FMCCL,Federal Home Loan Mortgage Corporation,10.18,0.0,0.0,850,2392,4565000000,2026-09-27T15:35:34.425774
NWSGY,CTF Services Limited,10.0,0.0,0.0,1,11,4565000000,2026-09-27T15:35:34.425774
VSNT,"Versant Media Group, Inc.",32.8,-0.7,-2.09,1322000,1727000,4565000000,2026-09-27T15:35:34.425774
SR,Spire Inc.,77.21,0.42,0.55,489007,511553,4564000000,2026-09-27T15:35:34.425774
TREX,"Trex Company, Inc.",44.79,1.57,3.63,2006000,1849000,4563000000,2026-09-27T15:35:34.425774
MEOH,Methanex Corporation,58.85,-0.92,-1.53,666995,896798,4553000000,2026-09-27T15:35:34.425774
SEIBF,Seibu Holdings Inc.,17.9,0.0,0.0,100,48,4550000000,2026-09-27T15:35:34.425774
FMCCO,Federal Home Loan Mortgage Corporation,11.19,0.0,0.0,300,211,4546000000,2026-09-27T15:35:34.425774
FMCCH,Federal Home Loan Mortgage Corporation,11.0,0.38,3.58,380,565,4544000000,2026-09-27T15:35:34.425774
GEDSF,Gedeon Richter PLC,24.85,0.0,0.0,518,9500,4532000000,2026-09-27T15:35:34.425774
HLPMF,HELLENiQ ENERGY Holdings S.A.,14.84,0.0,0.0,100,11,4531000000,2026-09-27T15:35:34.425774
TYRRY,Toyo Tire Corporation,29.38,0.0,0.0,100,1,4525000000,2026-09-27T15:35:34.425774
RELY,"Remitly Global, Inc.",21.36,0.2,0.95,3381000,3501000,4522000000,2026-09-27T15:35:34.425774
AIXXF,AIXTRON SE,40.07,0.08,0.2,2435,6047,4519000000,2026-09-27T15:35:34.425774
SFBS,"ServisFirst Bancshares, Inc.",41.31,0.06,0.15,778210,583304,4517000000,2026-09-27T15:35:34.425774
CDNIF,"Logista Integral, S.A.",34.17,0.0,0.0,2,2,4516000000,2026-09-27T15:35:34.425774
MRP,"Millrose Properties, Inc.",27.19,0.13,0.48,1860000,1303000,4515000000,2026-09-27T15:35:34.425774
ATOGF,AUTO1 Group SE,20.4,-1.06,-4.94,100,120,4513000000,2026-09-27T15:35:34.425774
OGS,"ONE Gas, Inc.",71.8,-0.15,-0.21,715399,536488,4513000000,2026-09-27T15:35:34.425774
GFF,Griffon Corporation,98.39,1.85,1.92,244043,328549,4513000000,2026-09-27T15:35:34.425774
FMCCK,Federal Home Loan Mortgage Corporation,11.1,0.0,0.0,525,609,4507000000,2026-09-27T15:35:34.425774
TOIPY,Thai Oil Public Company Limited,17.85,0.0,0.0,200,128,4502000000,2026-09-27T15:35:34.425774
LFST,"LifeStance Health Group, Inc.",11.84,0.04,0.34,7828000,4488000,4501000000,2026-09-27T15:35:34.425774
WHD,"Cactus, Inc.",64.3,-0.9,-1.38,794654,784123,4484000000,2026-09-27T15:35:34.425774
CMTOY,Cementos Argos S.A.,18.36,0.0,0.0,200,3268,4483000000,2026-09-27T15:35:34.425774
GAERF,"Grupo Aeroportuario del Centro Norte, S.A.B. de C.V.",11.6,0.0,0.0,100,49,4479000000,2026-09-27T15:35:34.425774
FRVO,Fervo Energy Company,15.18,-1.53,-9.16,10428000,5009000,4475000000,2026-09-27T15:35:34.425774
ESAB,ESAB Corporation,71.91,4.02,5.92,1070000,769484,4468000000,2026-09-27T15:35:34.425774
OJIPY,Oji Holdings Corporation,52.61,0.0,0.0,6,6,4468000000,2026-09-27T15:35:34.425774
CON,"Concentra Group Holdings Parent, Inc.",35.01,0.39,1.13,568062,947815,4464000000,2026-09-27T15:35:34.425774
SHAOF,"SHIMAMURA Co., Ltd.",21.49,0.0,0.0,100,8,4461000000,2026-09-27T15:35:34.425774
LFDJF,FDJ United,24.14,0.0,0.0,1693,60,4461000000,2026-09-27T15:35:34.425774
ATAT,Atour Lifestyle Holdings Limited,32.23,-0.12,-0.37,479744,913231,4454000000,2026-09-27T15:35:34.425774
DSHHF,"Daishi Hokuetsu Financial Group, Inc.",16.97,0.0,0.0,100,3,4454000000,2026-09-27T15:35:34.425774
SLM,SLM Corporation,23.66,0.61,2.65,2180000,2410000,4448000000,2026-09-27T15:35:34.425774
IPGYY,Interpump Group S.p.A.,84.44,0.0,0.0,200,11,4437000000,2026-09-27T15:35:34.425774
FULT,Fulton Financial Corporation,23.23,0.18,0.78,2155000,1716000,4435000000,2026-09-27T15:35:34.425774
CGASY,China Resources Gas Group Limited,19.68,0.0,0.0,559,48,4433000000,2026-09-27T15:35:34.425774
VKTX,"Viking Therapeutics, Inc.",35.56,-1.19,-3.24,13553000,3546000,4428000000,2026-09-27T15:35:34.425774
SIM,"Grupo Simec, S.A.B. de C.V.",28.85,-1.05,-3.51,110141,15596,4426000000,2026-09-27T15:35:34.425774
SBSNY,Vend Marketplaces ASA,22.15,0.23,1.05,220,7679,4422000000,2026-09-27T15:35:34.425774
NPTVF,"Nippon Television Holdings, Inc.",18.16,0.0,0.0,20,7,4419000000,2026-09-27T15:35:34.425774
CNR,"Core Natural Resources, Inc.",89.02,0.26,0.29,347974,537425,4419000000,2026-09-27T15:35:34.425774
TPC,Tutor Perini Corporation,83.97,0.65,0.78,224599,670523,4418000000,2026-09-27T15:35:34.425774
DIOD,Diodes Incorporated,95.84,1.1,1.16,350844,574358,4414000000,2026-09-27T15:35:34.425774
CGAU,Centerra Gold Inc.,22.56,-0.22,-0.97,706025,1471000,4413000000,2026-09-27T15:35:34.425774
FMCKP,Federal Home Loan Mortgage Corporation,10.98,0.0,0.0,200,200,4405000000,2026-09-27T15:35:34.425774
BMA,Banco Macro S.A.,68.86,-2.14,-3.01,330661,265001,4403000000,2026-09-27T15:35:34.425774
MMYT,MakeMyTrip Limited,46.75,-0.12,-0.26,880950,771142,4397000000,2026-09-27T15:35:34.425774
EQPT,EquipmentShare.com Inc.,17.35,1.03,6.31,4279000,3159000,4396000000,2026-09-27T15:35:34.425774
SBBTF,Vend Marketplaces ASA,22.0,-2.75,-11.11,100,1,4392000000,2026-09-27T15:35:34.425774
EDRWY,"Electric Power Development Co., Ltd.",24.95,0.0,0.0,200,2,4391000000,2026-09-27T15:35:34.425774
UFPI,"UFP Industries, Inc.",79.49,0.68,0.86,424105,434355,4385000000,2026-09-27T15:35:34.425774
CNK,"Cinemark Holdings, Inc.",37.77,0.79,2.14,2085000,2432000,4378000000,2026-09-27T15:35:34.425774
RITPF,RIT Capital Partners Plc,35.4,0.0,0.0,300,212,4373000000,2026-09-27T15:35:34.425774
JPSWF,"The Japan Steel Works, Ltd.",59.38,0.0,0.0,5,1,4371000000,2026-09-27T15:35:34.425774
RDN,Radian Group Inc.,33.02,-0.52,-1.55,1182000,1152000,4369000000,2026-09-27T15:35:34.425774
PCG-PD,Pacific Gas and Electric Company,16.52,-0.12,-0.72,866,3895,4367000000,2026-09-27T15:35:34.425774
HKMPF,Hikma Pharmaceuticals PLC,21.1,0.0,0.0,40,541,4367000000,2026-09-27T15:35:34.425774
DFIHY,DFI Retail Group Holdings Limited,16.1,0.0,0.0,26,6,4360000000,2026-09-27T15:35:34.425774
MITUY,"Mitsui Chemicals, Inc.",12.05,0.0,0.0,1,19,4357000000,2026-09-27T15:35:34.425774
MFGHF,Mainfreight Limited,39.65,0.0,0.0,25,19,4355000000,2026-09-27T15:35:34.425774
KBR,"KBR, Inc.",34.54,-0.27,-0.78,1403000,1527000,4354000000,2026-09-27T15:35:34.425774
FMMFF,Fuji Corporation,49.53,5.43,12.31,9,4,4354000000,2026-09-27T15:35:34.425774
BC,Brunswick Corporation,67.19,1.03,1.56,686318,721912,4354000000,2026-09-27T15:35:34.425774
EPR,EPR Properties,56.83,0.02,0.04,677839,768503,4354000000,2026-09-27T15:35:34.425774
MC,Moelis & Company,58.74,1.12,1.94,520093,853506,4352000000,2026-09-27T15:35:34.425774
VIAAY,Flughafen Wien Aktiengesellschaft,12.97,0.0,0.0,17,42,4351000000,2026-09-27T15:35:34.425774
IBOC,International Bancshares Corporation,69.94,0.55,0.79,344914,330369,4350000000,2026-09-27T15:35:34.425774
ALH,Alliance Laundry Holdings Inc.,21.86,0.49,2.29,821972,1120000,4346000000,2026-09-27T15:35:34.425774
CRGY,Crescent Energy Company,13.15,-0.27,-2.01,4535000,6049000,4345000000,2026-09-27T15:35:34.425774
CUCSY,China Communications Services Corporation Limited,13.5,0.0,0.0,100,1,4343000000,2026-09-27T15:35:34.425774
HKMPY,Hikma Pharmaceuticals PLC,41.95,-1.81,-4.14,100,393,4341000000,2026-09-27T15:35:34.425774
FLIDF,FLSmidth & Co. A/S,81.6,0.0,0.0,100,65,4336000000,2026-09-27T15:35:34.425774
PCG-PE,Pacific Gas and Electric Company,16.4,0.0,0.0,2,1543,4336000000,2026-09-27T15:35:34.425774
FHI,"Federated Hermes, Inc.",57.82,0.44,0.77,378975,606650,4317000000,2026-09-27T15:35:34.425774
ELFIF,E-L Financial Corporation Limited,12.48,0.0,0.0,600,6065,4314000000,2026-09-27T15:35:34.425774
BOX,"Box, Inc.",31.39,-0.93,-2.88,2054000,2871000,4307000000,2026-09-27T15:35:34.425774
CECO,CECO Environmental Corp.,73.5,0.64,0.88,565601,829677,4305000000,2026-09-27T15:35:34.425774
CODAF,Codan Limited,23.61,0.0,0.0,500,4,4305000000,2026-09-27T15:35:34.425774
BIPC,Brookfield Infrastructure Corporation,34.96,0.43,1.25,835140,1049000,4301000000,2026-09-27T15:35:34.425774
JYSKF,Jyske Bank A/S,76.5,0.0,0.0,1,15,4298000000,2026-09-27T15:35:34.425774
RMVEY,Rightmove plc,11.8,-0.31,-2.56,1812,16012,4294000000,2026-09-27T15:35:34.425774
FELE,"Franklin Electric Co., Inc.",97.07,0.23,0.24,329427,276892,4292000000,2026-09-27T15:35:34.425774
PYYIF,"Promotora y Operadora de Infraestructura, S. A. B. de C. V.",11.45,0.0,0.0,10364,258,4291000000,2026-09-27T15:35:34.425774
ARX,Accelerant Holdings,19.75,0.01,0.05,600427,3661000,4289000000,2026-09-27T15:35:34.425774
ENPH,"Enphase Energy, Inc.",32.4,-0.42,-1.28,4140000,4691000,4281000000,2026-09-27T15:35:34.425774
HTFL,"Heartflow, Inc.",49.17,0.51,1.05,942545,1829000,4276000000,2026-09-27T15:35:34.425774
EWTX,"Edgewise Therapeutics, Inc.",39.34,-1.82,-4.42,1766000,1293000,4272000000,2026-09-27T15:35:34.425774
PCG-PG,Pacific Gas and Electric Company,16.15,-0.35,-2.12,530,1147,4270000000,2026-09-27T15:35:34.425774
IVCGF,Iveco Group N.V.,16.0,-0.0,-0.01,750,660,4261000000,2026-09-27T15:35:34.425774
VNT,Vontier Corporation,31.48,0.57,1.84,988936,1463000,4256000000,2026-09-27T15:35:34.425774
DSRLF,DiaSorin S.p.A.,86.0,0.0,0.0,200,107,4252000000,2026-09-27T15:35:34.425774
OPLN,"OPENLANE, Inc.",34.82,0.32,0.93,883230,1149000,4250000000,2026-09-27T15:35:34.425774
KOTMY,"Koito Manufacturing Co., Ltd.",16.5,0.0,0.0,9,355,4249000000,2026-09-27T15:35:34.425774
JTEKY,JTEKT Corporation,40.0,0.0,0.0,100,1,4244000000,2026-09-27T15:35:34.425774
ABZPY,Aboitiz Power Corporation,11.77,0.0,0.0,2,7,4240000000,2026-09-27T15:35:34.425774
MTH,Meritage Homes Corporation,64.98,0.47,0.73,622745,815711,4235000000,2026-09-27T15:35:34.425774
NWE,"NorthWestern Energy Group, Inc.",68.84,0.77,1.13,883019,399238,4235000000,2026-09-27T15:35:34.425774
LBTYB,Liberty Global Ltd.,12.41,0.44,3.72,22798,5185,4233000000,2026-09-27T15:35:34.425774
INDV,"Indivior Pharmaceuticals, Inc.",35.82,-0.18,-0.5,1088000,2055000,4228000000,2026-09-27T15:35:34.425774
FLUIF,"Fluidra, S.A.",22.51,0.0,0.0,1000,65,4228000000,2026-09-27T15:35:34.425774
YATRF,"Yamato Holdings Co., Ltd.",13.35,0.0,0.0,4000,9,4227000000,2026-09-27T15:35:34.425774
RIOCF,RioCan Real Estate Investment Trust,14.51,0.09,0.62,500,249714,4224000000,2026-09-27T15:35:34.425774
TDW,Tidewater Inc.,84.74,-2.08,-2.4,392706,645749,4216000000,2026-09-27T15:35:34.425774
NHKGF,"NHK Spring Co., Ltd.",20.8,0.0,0.0,200,2,4214000000,2026-09-27T15:35:34.425774
LIVN,LivaNova PLC,76.63,1.19,1.58,745304,647390,4210000000,2026-09-27T15:35:34.425774
COLD,"Americold Realty Trust, Inc.",14.74,0.38,2.65,3077000,3839000,4208000000,2026-09-27T15:35:34.425774
TNGX,"Tango Therapeutics, Inc.",24.92,0.29,1.18,3255000,2644000,4202000000,2026-09-27T15:35:34.425774
RTEZ,REST EZ INC,70.0,0.0,0.0,100,0,4200000000,2026-09-27T15:35:34.425774
TISNF,TISI Inc.,20.0,0.0,0.0,1000,6,4197000000,2026-09-27T15:35:34.425774
MDIKY,"MODEC, Inc.",61.38,0.0,0.0,100,7,4195000000,2026-09-27T15:35:34.425774
BBAGF,BB Biotech AG,76.06,0.0,0.0,100,100,4195000000,2026-09-27T15:35:34.425774
SNPHF,"Santen Pharmaceutical Co., Ltd.",13.05,0.0,0.0,2000,7,4192000000,2026-09-27T15:35:34.425774
MIMTF,Mitsubishi Materials Corporation,32.0,0.0,0.0,3,22,4182000000,2026-09-27T15:35:34.425774
ARCAY,Arcadis NV,49.0,0.0,0.0,601,165,4175000000,2026-09-27T15:35:34.425774
PAM,Pampa Energía S.A.,77.82,-0.85,-1.08,241636,170652,4171000000,2026-09-27T15:35:34.425774
TCBI,"Texas Capital Bancshares, Inc.",95.82,1.2,1.26,584930,478493,4166000000,2026-09-27T15:35:34.425774
PTEN,"Patterson-UTI Energy, Inc.",10.91,-0.27,-2.42,6553000,8710000,4161000000,2026-09-27T15:35:34.425774
OPPPF,"Open House Group Co., Ltd.",37.85,0.0,0.0,100,44,4157000000,2026-09-27T15:35:34.425774
PSKRF,Protector Forsikring ASA,50.5,0.0,0.0,100,3,4157000000,2026-09-27T15:35:34.425774
DK,"Delek US Holdings, Inc.",67.84,0.93,1.39,5763000,1834000,4154000000,2026-09-27T15:35:34.425774
NICFF,Nichias Corporation,22.12,0.0,0.0,5,1,4153000000,2026-09-27T15:35:34.425774
HPHTF,Hamamatsu Photonics K.K.,14.38,0.0,0.0,5412,176,4152000000,2026-09-27T15:35:34.425774
DLO,DLocal Limited,14.08,0.2,1.44,979998,2300000,4143000000,2026-09-27T15:35:34.425774
MCVEF,Medicover AB (publ),27.25,0.0,0.0,1000,9,4141000000,2026-09-27T15:35:34.425774
CLZNY,Clariant AG,12.59,0.0,0.0,246,185,4141000000,2026-09-27T15:35:34.425774
CYJBF,Hiab Oyj,64.0,0.0,0.0,100,88,4134000000,2026-09-27T15:35:34.425774
KOTMF,"Koito Manufacturing Co., Ltd.",16.05,0.0,0.0,100,2,4133000000,2026-09-27T15:35:34.425774
FBP,First BanCorp.,27.06,0.27,1.01,1087000,1371000,4131000000,2026-09-27T15:35:34.425774
TDS,"Telephone and Data Systems, Inc.",35.85,-0.48,-1.32,1364000,1242000,4127000000,2026-09-27T15:35:34.425774
KNTK,Kinetik Holdings Inc.,51.21,-1.33,-2.53,1084000,1057000,4119000000,2026-09-27T15:35:34.425774
ABCL,AbCellera Biologics Inc.,12.7,0.05,0.4,3377000,6967000,4115000000,2026-09-27T15:35:34.425774
GEO,"The GEO Group, Inc.",31.22,-0.74,-2.32,1307000,2000000,4109000000,2026-09-27T15:35:34.425774
AYA,Aya Gold & Silver Inc.,28.47,0.53,1.9,750711,944609,4101000000,2026-09-27T15:35:34.425774
PCG-PH,Pacific Gas and Electric Company,15.51,0.0,0.0,1202,1564,4100000000,2026-09-27T15:35:34.425774
CATY,Cathay General Bancorp,61.45,0.32,0.52,480819,474807,4100000000,2026-09-27T15:35:34.425774
UCB,"United Community Banks, Inc.",34.23,0.35,1.03,1020000,857212,4100000000,2026-09-27T15:35:34.425774
AKO-A,Embotelladora Andina S.A.,25.97,0.0,0.0,70,600,4097000000,2026-09-27T15:35:34.425774
RUBSF,Rubis,39.61,0.0,0.0,850,16,4094000000,2026-09-27T15:35:34.425774
MTPOY,Metropolitan Bank & Trust Company,18.2,0.0,0.0,260,34,4093000000,2026-09-27T15:35:34.425774
HHH,Howard Hughes Holdings Inc.,68.43,3.85,5.96,1101000,495169,4087000000,2026-09-27T15:35:34.425774
STNG,Scorpio Tankers Inc.,81.49,0.53,0.65,488061,831895,4081000000,2026-09-27T15:35:34.425774
GTMEF,"Globe Telecom, Inc.",28.2,0.0,0.0,100,1,4079000000,2026-09-27T15:35:34.425774
PSKRY,Protector Forsikring ASA,99.09,0.0,0.0,100,6,4078000000,2026-09-27T15:35:34.425774
FLY,Firefly Aerospace Inc.,24.36,1.27,5.5,5285000,3269000,4078000000,2026-09-27T15:35:34.425774
BKGFF,The Berkeley Group Holdings plc,44.79,-0.5,-1.09,105,2,4077000000,2026-09-27T15:35:34.425774
YOU,"Clear Secure, Inc.",39.6,1.05,2.72,1902000,1689000,4075000000,2026-09-27T15:35:34.425774
DOO,BRP Inc.,57.17,1.78,3.21,228699,255673,4068000000,2026-09-27T15:35:34.425774
CBT,Cabot Corporation,78.76,0.11,0.14,413837,427249,4066000000,2026-09-27T15:35:34.425774
NPIFF,Northland Power Inc.,15.53,-0.11,-0.7,10,316109,4061000000,2026-09-27T15:35:34.425774
MAHLY,MediPal Holdings Corporation,19.81,1.05,5.6,2000,401,4055000000,2026-09-27T15:35:34.425774
CCOJF,Coca-Cola Bottlers Japan Holdings Inc.,25.06,0.0,0.0,100,3,4054000000,2026-09-27T15:35:34.425774
KRNTY,Krones AG,64.15,0.0,0.0,1,5,4053000000,2026-09-27T15:35:34.425774
LNNGY,Li Ning Company Limited,39.14,-0.06,-0.15,2433,22284,4047000000,2026-09-27T15:35:34.425774
LGN,Legence Corp.,52.52,0.07,0.13,720200,1222000,4039000000,2026-09-27T15:35:34.425774
ARCVF,Arcadis NV,47.14,0.0,0.0,1723,184,4017000000,2026-09-27T15:35:34.425774
LIMAF,Linamar Corporation,68.01,1.51,2.27,104,12263,4011000000,2026-09-27T15:35:34.425774
TGS,Transportadora de Gas del Sur S.A.,26.62,-0.56,-2.06,218408,220311,4008000000,2026-09-27T15:35:34.425774
GTMEY,"Globe Telecom, Inc.",27.68,0.0,0.0,100,3,4003000000,2026-09-27T15:35:34.425774
LGMMY,LEG Immobilien SE,13.0,0.0,0.0,200,19,3996000000,2026-09-27T15:35:34.425774
NOFCF,NOF Corporation,17.86,0.0,0.0,101,4,3996000000,2026-09-27T15:35:34.425774
WSFS,WSFS Financial Corporation,77.76,0.49,0.63,363251,398907,3996000000,2026-09-27T15:35:34.425774
SKT,Tanger Inc.,34.73,-0.28,-0.8,1041000,896166,3990000000,2026-09-27T15:35:34.425774
SITE,"SiteOne Landscape Supply, Inc.",91.31,-0.87,-0.94,673431,868330,3986000000,2026-09-27T15:35:34.425774
GRGDF,Groupe Dynamite Inc.,36.62,0.0,0.0,45,6957,3984000000,2026-09-27T15:35:34.425774
KRC,Kilroy Realty Corporation,34.23,0.18,0.53,1063000,1286000,3981000000,2026-09-27T15:35:34.425774
SKE,Skeena Resources Limited,31.71,0.28,0.89,369422,555279,3978000000,2026-09-27T15:35:34.425774
FSLY,"Fastly, Inc.",24.96,-1.72,-6.45,9621000,6394000,3976000000,2026-09-27T15:35:34.425774
TLPPF,Telix Pharmaceuticals Limited,11.67,0.0,0.0,1100,3449,3965000000,2026-09-27T15:35:34.425774
CVBF,CVB Financial Corp.,22.53,0.23,1.03,1702000,1345000,3965000000,2026-09-27T15:35:34.425774
BLWYF,Bellway p.l.c.,35.5,0.0,0.0,129,2,3961000000,2026-09-27T15:35:34.425774
ALM,Almonty Industries Inc.,13.72,1.32,10.65,11513000,6599000,3958000000,2026-09-27T15:35:34.425774
JMKE,Jersey Mike's Subs Inc.,16.99,-0.17,-0.99,2458000,4125000,3956000000,2026-09-27T15:35:34.425774
HOEGF,Höegh Autoliners ASA,19.85,0.0,0.0,500,2392,3955000000,2026-09-27T15:35:34.425774
ANTOF,"Iida Group Holdings Co., Ltd.",14.3,0.0,0.0,70,12,3952000000,2026-09-27T15:35:34.425774
CCOJY,Coca-Cola Bottlers Japan Holdings Inc.,12.21,0.26,2.18,10,1765,3951000000,2026-09-27T15:35:34.425774
ERO,Ero Copper Corp.,37.87,0.76,2.05,783798,1309000,3950000000,2026-09-27T15:35:34.425774
MDU,"MDU Resources Group, Inc.",18.76,0.12,0.64,1796000,1614000,3946000000,2026-09-27T15:35:34.425774
SIXGF,Sixt SE,84.0,0.0,0.0,100,121,3943000000,2026-09-27T15:35:34.425774
PRIM,Primoris Services Corporation,72.65,0.4,0.55,1445000,1271000,3942000000,2026-09-27T15:35:34.425774
BRC,Brady Corporation,84.02,1.39,1.68,275570,209025,3940000000,2026-09-27T15:35:34.425774
NINOY,Nikon Corporation,11.95,0.29,2.49,133,3765,3937000000,2026-09-27T15:35:34.425774
NGXXF,NGEx Minerals Ltd.,18.14,0.12,0.67,16,36344,3934000000,2026-09-27T15:35:34.425774
SUNC,SunocoCorp LLC,76.32,-0.96,-1.24,379638,475225,3932000000,2026-09-27T15:35:34.425774
PTNDY,PT Vale Indonesia Tbk,14.2,0.0,0.0,51,20,3931000000,2026-09-27T15:35:34.425774
ITRI,"Itron, Inc.",89.75,-1.77,-1.93,497721,741284,3930000000,2026-09-27T15:35:34.425774
BATRB,"Atlanta Braves Holdings, Inc.",61.19,0.0,0.0,200,26,3926000000,2026-09-27T15:35:34.425774
TOEAF,"Toei Animation Co.,Ltd.",19.19,0.0,0.0,100,32,3921000000,2026-09-27T15:35:34.425774
VONHF,Vontobel Holding AG,69.62,0.0,0.0,100,1,3919000000,2026-09-27T15:35:34.425774
SRAD,Sportradar Group AG,13.24,0.15,1.15,1304000,2386000,3918000000,2026-09-27T15:35:34.425774
KFY,Korn Ferry,71.73,-0.27,-0.37,591726,471969,3914000000,2026-09-27T15:35:34.425774
PAFRY,Pan African Resources PLC,36.78,0.0,0.0,2,20,3913000000,2026-09-27T15:35:34.425774
ARIS,Aris Mining Corporation,18.93,0.28,1.5,1304000,1522000,3908000000,2026-09-27T15:35:34.425774
JOYY,JOYY Inc.,79.77,0.07,0.09,315448,329512,3907000000,2026-09-27T15:35:34.425774
ODERF,"Odakyu Electric Railway Co., Ltd.",11.4,0.0,0.0,100,1,3905000000,2026-09-27T15:35:34.425774
JBHHY,JB Hi-Fi Limited,35.69,0.0,0.0,100,1,3902000000,2026-09-27T15:35:34.425774
CAAP,Corporación América Airports S.A.,23.88,0.33,1.4,143886,207095,3901000000,2026-09-27T15:35:34.425774
TNL,Travel + Leisure Co.,63.66,0.83,1.32,506355,731790,3901000000,2026-09-27T15:35:34.425774
YATRY,"Yamato Holdings Co., Ltd.",12.31,0.0,0.0,401,14,3898000000,2026-09-27T15:35:34.425774
AWATY,Air Water Inc.,16.98,0.0,0.0,200,7,3893000000,2026-09-27T15:35:34.425774
CELC,Celcuity Inc.,79.52,0.15,0.19,557077,1151000,3891000000,2026-09-27T15:35:34.425774
TLX,Telix Pharmaceuticals Limited,11.45,0.14,1.24,398835,231992,3891000000,2026-09-27T15:35:34.425774
PARR,"Par Pacific Holdings, Inc.",77.46,0.69,0.9,790397,994565,3881000000,2026-09-27T15:35:34.425774
CRWKF,Cranswick plc,72.5,0.0,0.0,820,5,3879000000,2026-09-27T15:35:34.425774
JMPLY,Johnson Matthey Plc,61.5,0.0,0.0,1450,1434,3878000000,2026-09-27T15:35:34.425774
VEMLY,Venture Corporation Limited,67.47,0.0,0.0,26,390,3878000000,2026-09-27T15:35:34.425774
VLEEF,Valeo SE,16.04,0.0,0.0,500,17,3874000000,2026-09-27T15:35:34.425774
BNL,"Broadstone Net Lease, Inc.",18.91,0.01,0.05,1264000,2088000,3869000000,2026-09-27T15:35:34.425774
UPCHY,Uni-President China Holdings Ltd,89.5,0.0,0.0,100,12,3866000000,2026-09-27T15:35:34.425774
HSYDF,Harmonic Drive Systems Inc.,40.8,0.11,0.28,2,3888,3862000000,2026-09-27T15:35:34.425774
SGFEF,Siegfried Holding AG,88.12,0.0,0.0,100,0,3860000000,2026-09-27T15:35:34.425774
GMYTF,"GMO Payment Gateway, Inc.",50.76,0.0,0.0,19,20,3855000000,2026-09-27T15:35:34.425774
HP,"Helmerich & Payne, Inc.",38.57,-1.25,-3.14,1001000,1235000,3855000000,2026-09-27T15:35:34.425774
IIDDY,IGO Limited,10.18,0.0,0.0,100,17,3854000000,2026-09-27T15:35:34.425774
PBLS,"Parabilis Medicines, Inc.",31.2,-1.27,-3.91,1119000,640153,3854000000,2026-09-27T15:35:34.425774
CRK,"Comstock Resources, Inc.",13.12,-0.7,-5.07,2444000,2553000,3852000000,2026-09-27T15:35:34.425774
ALORY,Alior Bank S.A.,14.74,0.0,0.0,100,25,3849000000,2026-09-27T15:35:34.425774
NDCVF,Nordic Semiconductor ASA,19.45,-0.05,-0.26,1250,2876,3847000000,2026-09-27T15:35:34.425774
NVST,Envista Holdings Corporation,23.95,-0.12,-0.5,3245000,2844000,3847000000,2026-09-27T15:35:34.425774
INDB,Independent Bank Corp.,81.2,0.96,1.2,275062,350138,3846000000,2026-09-27T15:35:34.425774
FLDAY,"Fluidra, S.A.",10.23,0.0,0.0,100,5,3845000000,2026-09-27T15:35:34.425774
CDP,COPT Defense Properties,33.88,0.07,0.21,742161,866112,3842000000,2026-09-27T15:35:34.425774
RLAY,"Relay Therapeutics, Inc.",17.47,-0.26,-1.47,2881000,2926000,3828000000,2026-09-27T15:35:34.425774
TWO-PC,Two Harbors Investment Corp.,25.39,0.02,0.1,23533,93287,3823000000,2026-09-27T15:35:34.425774
APLE,"Apple Hospitality REIT, Inc.",16.19,0.08,0.5,2006000,2750000,3822000000,2026-09-27T15:35:34.425774
MEPDF,MediPal Holdings Corporation,18.66,0.0,0.0,6000,271,3820000000,2026-09-27T15:35:34.425774
LMGIF,Lumine Group Inc.,14.88,0.01,0.08,100,30944,3819000000,2026-09-27T15:35:34.425774
SOHVF,"Sumitomo Heavy Industries, Ltd.",32.2,0.0,0.0,3400,7,3819000000,2026-09-27T15:35:34.425774
PMMAF,PUMA SE,25.7,0.0,0.0,400,69,3819000000,2026-09-27T15:35:34.425774
CNS,"Cohen & Steers, Inc.",74.2,-0.95,-1.26,268204,267309,3815000000,2026-09-27T15:35:34.425774
NEXHY,"Nippon Express Holdings, Inc.",16.04,0.0,0.0,274,1,3811000000,2026-09-27T15:35:34.425774
TBCCF,TBC Bank Group PLC,69.27,0.0,0.0,100,2552,3810000000,2026-09-27T15:35:34.425774
SMTUF,"Sumitomo Rubber Industries, Ltd.",14.48,1.02,7.58,100,22,3806000000,2026-09-27T15:35:34.425774
PEYXY,Peyto Exploration & Development Corp.,18.5,0.0,0.0,100,1,3805000000,2026-09-27T15:35:34.425774
EQGPF,EQB Inc.,89.38,-0.19,-0.21,100,8277,3805000000,2026-09-27T15:35:34.425774
CENX,Century Aluminum Company,38.39,0.27,0.71,869501,1893000,3800000000,2026-09-27T15:35:34.425774
PAY,"Paymentus Holdings, Inc.",30.17,-0.78,-2.52,947472,1181000,3800000000,2026-09-27T15:35:34.425774
MAT,"Mattel, Inc.",13.29,0.15,1.14,4319000,4273000,3797000000,2026-09-27T15:35:34.425774
SLGN,Silgan Holdings Inc.,35.91,0.46,1.3,2064000,1274000,3795000000,2026-09-27T15:35:34.425774
MIR,"Mirion Technologies, Inc.",15.59,-0.11,-0.7,1927000,3831000,3793000000,2026-09-27T15:35:34.425774
WK,Workiva Inc.,69.64,-1.84,-2.57,465458,839396,3790000000,2026-09-27T15:35:34.425774
BATRA,"Atlanta Braves Holdings, Inc.",59.03,0.18,0.31,39873,66131,3788000000,2026-09-27T15:35:34.425774
AVNT,Avient Corporation,41.28,0.5,1.23,719426,795296,3786000000,2026-09-27T15:35:34.425774
IIJIY,Internet Initiative Japan Inc.,42.7,0.0,0.0,858,685,3786000000,2026-09-27T15:35:34.425774
RHI,Robert Half Inc.,36.89,1.1,3.07,2469000,2160000,3776000000,2026-09-27T15:35:34.425774
NP,Neptune Insurance Holdings Inc.,27.51,0.41,1.51,654808,625861,3775000000,2026-09-27T15:35:34.425774
BILL,"BILL Holdings, Inc.",44.25,-0.72,-1.6,1399000,2242000,3773000000,2026-09-27T15:35:34.425774
ORGJF,Organo Corporation,82.0,0.0,0.0,100,6,3771000000,2026-09-27T15:35:34.425774
SKPJY,SKY Perfect JSAT Corporation,26.59,0.0,0.0,3,7,3770000000,2026-09-27T15:35:34.425774
EXSNY,Exosens,18.5,0.0,0.0,200,3,3767000000,2026-09-27T15:35:34.425774
AMLX,"Amylyx Pharmaceuticals, Inc.",29.49,-0.65,-2.16,1186000,2398000,3764000000,2026-09-27T15:35:34.425774
IHCPF,Inchcape plc,11.0,0.0,0.0,4545,183,3763000000,2026-09-27T15:35:34.425774
GBNXF,Gibson Energy Inc.,21.79,-0.41,-1.85,213,77278,3761000000,2026-09-27T15:35:34.425774
CRVL,CorVel Corporation,74.33,0.6,0.81,182487,187820,3755000000,2026-09-27T15:35:34.425774
OTTR,Otter Tail Corporation,89.34,1.08,1.22,194639,239458,3751000000,2026-09-27T15:35:34.425774
MSGE,Madison Square Garden Entertainment Corp.,79.09,-0.13,-0.16,385660,412993,3741000000,2026-09-27T15:35:34.425774
TTVSY,TOTVS S.A.,13.2,-0.41,-3.05,1520,39565,3741000000,2026-09-27T15:35:34.425774
PNDXF,Pandox AB (publ),19.22,0.0,0.0,200,2,3741000000,2026-09-27T15:35:34.425774
GRTUF,Granite Real Estate Investment Trust,60.06,1.52,2.6,615,5033,3729000000,2026-09-27T15:35:34.425774
RGRSY,Regis Resources Limited,19.65,0.0,0.0,100,1,3727000000,2026-09-27T15:35:34.425774
CGHLY,China Gas Holdings Limited,17.1,0.0,0.0,1,101,3727000000,2026-09-27T15:35:34.425774
KWPCF,Kewpie Corporation,27.53,0.0,0.0,9,2,3724000000,2026-09-27T15:35:34.425774
THO,"THOR Industries, Inc.",72.15,1.22,1.72,823861,682690,3724000000,2026-09-27T15:35:34.425774
DEXCF,Dexerials Corporation,22.2,0.0,0.0,1500,25,3719000000,2026-09-27T15:35:34.425774
JOE,The St. Joe Company,65.3,0.42,0.65,176183,249704,3718000000,2026-09-27T15:35:34.425774
LEGN,Legend Biotech Corporation,19.11,0.05,0.26,1426000,2284000,3717000000,2026-09-27T15:35:34.425774
WDOFF,Wesdome Gold Mines Ltd.,25.89,0.45,1.77,4970,187361,3716000000,2026-09-27T15:35:34.425774
IRDEY,Iren SpA,28.95,0.0,0.0,1,1,3715000000,2026-09-27T15:35:34.425774
APEMY,Aperam S.A.,51.25,0.0,0.0,1000,236,3714000000,2026-09-27T15:35:34.425774
VRLAF,Verallia Société Anonyme,29.74,0.0,0.0,139,77,3708000000,2026-09-27T15:35:34.425774
WSBC,"WesBanco, Inc.",38.66,0.24,0.62,792669,968803,3708000000,2026-09-27T15:35:34.425774
NINOF,Nikon Corporation,11.24,0.0,0.0,50,67,3704000000,2026-09-27T15:35:34.425774
USAC,"USA Compression Partners, LP",25.54,0.01,0.04,323275,316203,3702000000,2026-09-27T15:35:34.425774
JUMSY,Jumbo S.A.,27.5,1.86,7.25,356,555,3695000000,2026-09-27T15:35:34.425774
DNIYY,Danieli & C. Officine Meccaniche S.p.A.,37.55,0.0,0.0,1,6,3691000000,2026-09-27T15:35:34.425774
IOND,Ionic Digital Inc.,81.98,-2.71,-3.2,537844,895313,3689000000,2026-09-27T15:35:34.425774
TENB,"Tenable Holdings, Inc.",33.49,-2.39,-6.66,2961000,4270000,3689000000,2026-09-27T15:35:34.425774
VVV,Valvoline Inc.,28.92,0.57,2.01,2347000,2278000,3688000000,2026-09-27T15:35:34.425774
RNST,Renasant Corporation,40.35,0.3,0.75,652312,654287,3688000000,2026-09-27T15:35:34.425774
TOTTF,Toyo Tire Corporation,23.94,0.0,0.0,100,43,3687000000,2026-09-27T15:35:34.425774
TVAVF,The Tel-Aviv Stock Exchange Ltd.,39.73,0.0,0.0,800,664,3686000000,2026-09-27T15:35:34.425774
WT,"WisdomTree, Inc.",24.33,0.34,1.42,1478000,2683000,3686000000,2026-09-27T15:35:34.425774
KYHHY,Kyushu Railway Company,11.97,0.0,0.0,2297,1,3683000000,2026-09-27T15:35:34.425774
PLSE,"Pulse Biosciences, Inc.",51.63,-0.2,-0.39,663956,484688,3682000000,2026-09-27T15:35:34.425774
BWLP,BW LPG Limited,24.23,0.17,0.71,246226,387117,3678000000,2026-09-27T15:35:34.425774
CUOTF,"CIE Automotive, S.A.",31.0,0.0,0.0,100,7,3677000000,2026-09-27T15:35:34.425774
CAMRF,Camurus AB (publ),61.75,0.0,0.0,200,61,3675000000,2026-09-27T15:35:34.425774
JGCCF,JGC Holdings Corporation,15.18,0.0,0.0,500,8,3674000000,2026-09-27T15:35:34.425774
VEMLF,Venture Corporation Limited,12.78,0.0,0.0,100,8,3673000000,2026-09-27T15:35:34.425774
NCTKY,Nabtesco Corporation,15.79,0.79,5.27,300,5094,3671000000,2026-09-27T15:35:34.425774
HNORY,Harvey Norman Holdings Limited,14.73,0.0,0.0,1,5,3669000000,2026-09-27T15:35:34.425774
NRSDY,Nordic Semiconductor ASA,18.55,0.0,0.0,900,241,3669000000,2026-09-27T15:35:34.425774
TWODY,Taylor Wimpey plc,10.61,0.21,2.02,4450,21057,3667000000,2026-09-27T15:35:34.425774
TBURF,"Tobu Railway Co., Ltd.",18.74,0.0,0.0,500,7,3664000000,2026-09-27T15:35:34.425774
MNILY,Minor International Public Company Limited,16.27,0.0,0.0,100,5,3660000000,2026-09-27T15:35:34.425774
MCARY,"Mercari, Inc.",11.2,0.0,0.0,300,280,3655000000,2026-09-27T15:35:34.425774
VCYT,"Veracyte, Inc.",45.43,-3.11,-6.41,1691000,1328000,3652000000,2026-09-27T15:35:34.425774
STEP,StepStone Group Inc.,44.36,0.81,1.86,848930,1282000,3650000000,2026-09-27T15:35:34.425774
ATMU,Atmus Filtration Technologies Inc.,44.71,-0.08,-0.18,448368,676830,3648000000,2026-09-27T15:35:34.425774
TAC,TransAlta Corporation,11.53,-0.24,-2.04,703331,1796000,3647000000,2026-09-27T15:35:34.425774
IPEU,IPE Universal Inc.,14.0,0.0,0.0,100,23,3642000000,2026-09-27T15:35:34.425774
NDGPY,Nine Dragons Paper (Holdings) Limited,15.5,0.0,0.0,1,15,3636000000,2026-09-27T15:35:34.425774
WNDLF,Wendel,94.0,0.0,0.0,200,11,3633000000,2026-09-27T15:35:34.425774
HOYFF,Huhtamäki Oyj,34.58,0.0,0.0,147,26,3630000000,2026-09-27T15:35:34.425774
FNNTF,flatexDEGIRO SE,33.9,-1.6,-4.51,1554,133,3627000000,2026-09-27T15:35:34.425774
SMUPF,Sims Limited,18.6,0.0,0.0,300,179,3625000000,2026-09-27T15:35:34.425774
SLG,SL Green Realty Corp.,51.01,0.13,0.26,540857,928480,3614000000,2026-09-27T15:35:34.425774
OGN,Organon & Co.,13.73,0.01,0.07,1394000,2716000,3606000000,2026-09-27T15:35:34.425774
LXP,LXP Industrial Trust,60.88,-0.05,-0.08,1114000,763934,3589000000,2026-09-27T15:35:34.425774
SF-PB,Stifel Financial Corp.,23.53,0.16,0.68,15617,13392,3585000000,2026-09-27T15:35:34.425774
CLSK,"CleanSpark, Inc.",13.95,-0.31,-2.17,17236000,20614000,3583000000,2026-09-27T15:35:34.425774
JGCCY,JGC Holdings Corporation,29.58,0.0,0.0,200,31,3580000000,2026-09-27T15:35:34.425774
LAZ,"Lazard, Inc.",36.72,0.6,1.66,915571,1697000,3578000000,2026-09-27T15:35:34.425774
XENE,Xenon Pharmaceuticals Inc.,36.94,-1.12,-2.94,2433000,1352000,3577000000,2026-09-27T15:35:34.425774
NBCLF,"Nitto Boseki Co., Ltd.",19.64,-1.71,-8.01,272,4239,3575000000,2026-09-27T15:35:34.425774
TDBOF,Toyota Boshoku Corporation,20.0,0.0,0.0,15,2,3573000000,2026-09-27T15:35:34.425774
KTB,"Kontoor Brands, Inc.",65.37,0.96,1.49,562260,750238,3573000000,2026-09-27T15:35:34.425774
AVVZF,Avanza Bank Holding AB (publ),22.62,0.0,0.0,0,23,3570000000,2026-09-27T15:35:34.425774
FLMNF,Fielmann Group AG,42.5,0.0,0.0,200,4,3568000000,2026-09-27T15:35:34.425774
ACAD,Acadia Pharmaceuticals Inc.,20.68,-1.5,-6.76,3364000,1715000,3563000000,2026-09-27T15:35:34.425774
NCTKF,Nabtesco Corporation,30.61,0.0,0.0,250,58,3558000000,2026-09-27T15:35:34.425774
OLED,Universal Display Corporation,77.39,3.95,5.38,651095,762374,3557000000,2026-09-27T15:35:34.425774
UILCY,Singapore Land Group Limited,49.56,-5.52,-10.02,200,1,3551000000,2026-09-27T15:35:34.425774
SNPHY,"Santen Pharmaceutical Co., Ltd.",11.05,0.3,2.79,400,2879,3549000000,2026-09-27T15:35:34.425774
TARS,"Tarsus Pharmaceuticals, Inc.",75.69,-0.27,-0.36,561487,972301,3542000000,2026-09-27T15:35:34.425774
CRWCY,Cranswick plc,66.17,0.0,0.0,3,1,3541000000,2026-09-27T15:35:34.425774
REXR-PB,"Rexford Industrial Realty, Inc.",21.0,-0.16,-0.76,5717,3534,3541000000,2026-09-27T15:35:34.425774
AXS-PE,AXIS Capital Holdings Limited,17.84,0.02,0.11,60825,53373,3540000000,2026-09-27T15:35:34.425774
IDYA,"IDEAYA Biosciences, Inc.",36.69,-0.05,-0.14,487289,857906,3540000000,2026-09-27T15:35:34.425774
WEIBF,Weibo Corporation,14.4,0.0,0.0,100,5,3538000000,2026-09-27T15:35:34.425774
MNDY,monday.com Ltd.,83.66,-2.34,-2.72,409986,1334000,3537000000,2026-09-27T15:35:34.425774
RNSHY,--,24.3,0.0,0.0,100,100,3536000000,2026-09-27T15:35:34.425774
IFMNF,Dentsu Soken Inc.,18.1,0.0,0.0,778,8,3533000000,2026-09-27T15:35:34.425774
JPSWY,"The Japan Steel Works, Ltd.",23.99,-2.31,-8.78,79,119,3532000000,2026-09-27T15:35:34.425774
TRMD,TORM plc,34.32,0.02,0.06,2046000,1005000,3523000000,2026-09-27T15:35:34.425774
MANU,Manchester United plc,20.4,-0.54,-2.58,561646,307085,3519000000,2026-09-27T15:35:34.425774
ZIM,ZIM Integrated Shipping Services Ltd.,29.19,-0.19,-0.65,980670,1513000,3518000000,2026-09-27T15:35:34.425774
FIBK,"First Interstate BancSystem, Inc.",36.91,0.4,1.1,1501000,1139000,3518000000,2026-09-27T15:35:34.425774
UCTT,"Ultra Clean Holdings, Inc.",77.69,1.17,1.53,688678,1202000,3518000000,2026-09-27T15:35:34.425774
AFRAF,Air France-KLM SA,13.4,0.0,0.0,163,34,3517000000,2026-09-27T15:35:34.425774
DHT,"DHT Holdings, Inc.",21.78,0.1,0.46,3177000,3402000,3512000000,2026-09-27T15:35:34.425774
PVH,PVH Corp.,75.99,0.2,0.26,698310,962692,3506000000,2026-09-27T15:35:34.425774
BLWYY,Bellway p.l.c.,31.39,0.0,0.0,61,1,3503000000,2026-09-27T15:35:34.425774
QTWO,"Q2 Holdings, Inc.",56.13,-0.32,-0.57,502898,772360,3500000000,2026-09-27T15:35:34.425774
BRBOF,Brembo N.V.,11.0,0.0,0.0,310,9,3499000000,2026-09-27T15:35:34.425774
MITFY,Mitie Group plc,10.81,0.0,0.0,129,7752,3486000000,2026-09-27T15:35:34.425774
BATRK,"Atlanta Braves Holdings, Inc.",54.26,0.2,0.37,518550,507165,3482000000,2026-09-27T15:35:34.425774
PLSQF,Plus500 Ltd.,49.05,0.0,0.0,100,16,3481000000,2026-09-27T15:35:34.425774
LMND,"Lemonade, Inc.",44.93,-0.35,-0.77,1110000,1304000,3477000000,2026-09-27T15:35:34.425774
SEBYF,SEB SA,63.3,0.0,0.0,100,34,3474000000,2026-09-27T15:35:34.425774
MNTHY,Minth Group Limited,59.14,0.61,1.05,1,2376,3464000000,2026-09-27T15:35:34.425774
MIAX,"Miami International Holdings, Inc.",34.9,-0.74,-2.08,1589000,1482000,3463000000,2026-09-27T15:35:34.425774
FSM,Fortuna Mining Corp.,11.69,0.19,1.65,3838000,5061000,3460000000,2026-09-27T15:35:34.425774
GCWOF,"GCC, S.A.B. de C.V.",10.6,0.0,0.0,100,2450,3457000000,2026-09-27T15:35:34.425774
OPCH,"Option Care Health, Inc.",23.07,0.13,0.57,1169000,2235000,3456000000,2026-09-27T15:35:34.425774
JGHAF,Jungheinrich Aktiengesellschaft,33.84,0.0,0.0,100,2,3452000000,2026-09-27T15:35:34.425774
IRT,"Independence Realty Trust, Inc.",14.63,0.02,0.14,2757000,2970000,3449000000,2026-09-27T15:35:34.425774
PEYUF,Peyto Exploration & Development Corp.,16.75,-0.07,-0.42,3000,96869,3445000000,2026-09-27T15:35:34.425774
FJTNY,"Fuji Media Holdings, Inc.",12.09,0.0,0.0,1,27,3445000000,2026-09-27T15:35:34.425774
MGNI,"Magnite, Inc.",23.97,-0.1,-0.42,1556000,2524000,3438000000,2026-09-27T15:35:34.425774
LABFF,"Laboratorios Farmaceuticos Rovi, S.A.",67.17,0.0,0.0,100,1,3435000000,2026-09-27T15:35:34.425774
CLZNF,Clariant AG,10.2,0.0,0.0,200,7,3429000000,2026-09-27T15:35:34.425774
SBLK,Star Bulk Carriers Corp.,29.54,-0.36,-1.2,2589000,1537000,3429000000,2026-09-27T15:35:34.425774
TKSNF,"Takasago Thermal Engineering Co., Ltd.",26.2,0.0,0.0,700,15,3429000000,2026-09-27T15:35:34.425774
TWO-PB,Two Harbors Investment Corp.,25.32,0.02,0.08,33883,67085,3427000000,2026-09-27T15:35:34.425774
SPIZF,Sparebanken Norge,19.8,0.0,0.0,100,12,3425000000,2026-09-27T15:35:34.425774
SHUFF,Shufersal Ltd,12.83,0.0,0.0,1,22,3423000000,2026-09-27T15:35:34.425774
ZGN,Ermenegildo Zegna N.V.,12.73,0.26,2.09,991053,1153000,3423000000,2026-09-27T15:35:34.425774
FCXXF,First Capital Real Estate Investment Trust,16.09,0.03,0.19,500,4112,3420000000,2026-09-27T15:35:34.425774
PNOCF,"Penta-Ocean Construction Co., Ltd.",12.62,0.0,0.0,100,6,3411000000,2026-09-27T15:35:34.425774
HNI,HNI Corporation,47.21,0.53,1.14,522815,579933,3408000000,2026-09-27T15:35:34.425774
JPTXF,"Japan Petroleum Exploration Co., Ltd.",13.35,0.0,0.0,200,25,3407000000,2026-09-27T15:35:34.425774
FFBC,First Financial Bancorp.,32.4,0.85,2.69,1765000,954749,3407000000,2026-09-27T15:35:34.425774
NATL,NCR Atleos Corporation,46.08,0.16,0.35,520866,641477,3405000000,2026-09-27T15:35:34.425774
CDPYF,Canadian Apartment Properties Real Estate Investment Trust,22.33,0.05,0.22,100,38993,3404000000,2026-09-27T15:35:34.425774
PFSI,"PennyMac Financial Services, Inc.",65.46,0.2,0.31,412201,577796,3401000000,2026-09-27T15:35:34.425774
CSASF,"Credit Saison Co., Ltd.",23.61,0.0,0.0,100,1,3392000000,2026-09-27T15:35:34.425774
COCO,"The Vita Coco Company, Inc.",58.59,-0.58,-0.98,860110,1233000,3390000000,2026-09-27T15:35:34.425774
ARQT,"Arcutis Biotherapeutics, Inc.",26.92,0.65,2.47,2012000,2122000,3384000000,2026-09-27T15:35:34.425774
RPHCF,"Rohto Pharmaceutical Co.,Ltd.",15.0,0.0,0.0,150,2,3381000000,2026-09-27T15:35:34.425774
MWA,"Mueller Water Products, Inc.",21.63,0.16,0.75,919661,1182000,3377000000,2026-09-27T15:35:34.425774
CSTM,Constellium SE,24.89,0.26,1.06,1115000,1571000,3373000000,2026-09-27T15:35:34.425774
KPLUF,K+S Aktiengesellschaft,18.65,0.0,0.0,200,25,3368000000,2026-09-27T15:35:34.425774
FA,First Advantage Corporation,19.6,-0.32,-1.61,1128000,1900000,3366000000,2026-09-27T15:35:34.425774
GPGI,"GPGI, Inc.",11.61,-0.32,-2.68,1234000,1469000,3366000000,2026-09-27T15:35:34.425774
WLHSF,Wilh. Wilhelmsen Holding ASA,81.07,0.0,0.0,200,3,3364000000,2026-09-27T15:35:34.425774
TOWN,TowneBank,36.36,0.24,0.66,413503,590955,3361000000,2026-09-27T15:35:34.425774
GARPY,Golden Agri-Resources Ltd,26.5,0.0,0.0,40,33,3361000000,2026-09-27T15:35:34.425774
MCHB,Mechanics Bancorp,15.17,0.09,0.6,417570,561558,3359000000,2026-09-27T15:35:34.425774
SFNC,Simmons First National Corporation,23.23,0.17,0.74,1390000,1359000,3357000000,2026-09-27T15:35:34.425774
LIF,"Life360, Inc.",41.1,-0.16,-0.39,338332,753795,3349000000,2026-09-27T15:35:34.425774
DWMNF,"Dowa Holdings Co., Ltd.",56.6,0.0,0.0,500,9,3348000000,2026-09-27T15:35:34.425774
KOZAY,Turk Altin Isletmeleri A.S.,10.45,0.0,0.0,20,5,3347000000,2026-09-27T15:35:34.425774
TSYHY,TravelSky Technology Limited,11.34,0.18,1.65,411,3852,3342000000,2026-09-27T15:35:34.425774
VVCTY,Vicat S.A.,15.0,0.0,0.0,300,12,3339000000,2026-09-27T15:35:34.425774
AZLGF,Azelis Group NV,13.7,0.0,0.0,100,100,3334000000,2026-09-27T15:35:34.425774
AAMI,Acadian Asset Management Inc.,93.88,0.56,0.6,293795,423260,3332000000,2026-09-27T15:35:34.425774
AB,AllianceBernstein Holding L.P.,35.76,0.35,0.99,349106,278620,3328000000,2026-09-27T15:35:34.425774
CSQ,Calamos Strategic Total Return Fund,20.75,0.08,0.39,206125,182580,3328000000,2026-09-27T15:35:34.425774
QNTQY,QinetiQ Group plc,26.06,-0.1,-0.38,20,1222,3325000000,2026-09-27T15:35:34.425774
IPGP,IPG Photonics Corporation,78.12,0.7,0.9,371235,466723,3323000000,2026-09-27T15:35:34.425774
SMSMY,Sims Limited,16.9,-0.54,-3.1,1,2165,3320000000,2026-09-27T15:35:34.425774
HIW,"Highwoods Properties, Inc.",30.09,0.08,0.27,913239,1282000,3319000000,2026-09-27T15:35:34.425774
BBWI,"Bath & Body Works, Inc.",16.45,-0.35,-2.08,5729000,5998000,3317000000,2026-09-27T15:35:34.425774
POST,"Post Holdings, Inc.",73.15,-0.99,-1.34,716880,969514,3315000000,2026-09-27T15:35:34.425774
KURRF,"Kuraray Co., Ltd.",11.0,0.0,0.0,100,1,3314000000,2026-09-27T15:35:34.425774
TATYY,Tate & Lyle plc,29.93,0.03,0.1,107,355,3311000000,2026-09-27T15:35:34.425774
VGNT,Versigent PLC,46.73,1.51,3.34,592054,923604,3310000000,2026-09-27T15:35:34.425774
DRTGF,Jet2 plc,18.31,-0.14,-0.73,400,439,3308000000,2026-09-27T15:35:34.425774
KURRY,"Kuraray Co., Ltd.",32.94,0.0,0.0,120,26,3308000000,2026-09-27T15:35:34.425774
WRBY,Warby Parker Inc.,26.71,0.44,1.67,3833000,2735000,3302000000,2026-09-27T15:35:34.425774
DRRKF,dormakaba Holding AG,79.3,0.0,0.0,1,20,3298000000,2026-09-27T15:35:34.425774
SHOO,"Steven Madden, Ltd.",45.06,0.83,1.88,845803,1032000,3297000000,2026-09-27T15:35:34.425774
KGDEY,Kingdee International Software Group Company Limited,94.35,0.95,1.02,100,80,3297000000,2026-09-27T15:35:34.425774
SDGCF,"Sundrug Co.,Ltd.",28.18,0.0,0.0,300,4,3297000000,2026-09-27T15:35:34.425774
CDNA,"CareDx, Inc.",63.68,2.31,3.76,2338000,1187000,3294000000,2026-09-27T15:35:34.425774
WSC,WillScot Holdings Corporation,18.17,0.42,2.37,2746000,2631000,3292000000,2026-09-27T15:35:34.425774
VLYPO,Valley National Bancorp,24.67,0.01,0.04,3203,7458,3291000000,2026-09-27T15:35:34.425774
NHI,"National Health Investors, Inc.",66.92,-0.24,-0.36,282040,510039,3286000000,2026-09-27T15:35:34.425774
TWO-PA,Two Harbors Investment Corp.,25.33,0.01,0.04,2074,56585,3285000000,2026-09-27T15:35:34.425774
SZGPF,Salzgitter AG,59.73,0.0,0.0,200,25,3284000000,2026-09-27T15:35:34.425774
TAYIF,"Taiyo Holdings Co., Ltd.",29.51,0.0,0.0,0,8,3284000000,2026-09-27T15:35:34.425774
HG,"Hamilton Insurance Group, Ltd.",33.29,-0.14,-0.42,294377,420109,3283000000,2026-09-27T15:35:34.425774
IIJIF,Internet Initiative Japan Inc.,18.51,0.0,0.0,300,48,3282000000,2026-09-27T15:35:34.425774
BMRRY,B&M European Value Retail plc,13.05,-0.06,-0.44,190,1131,3282000000,2026-09-27T15:35:34.425774
AWR,American States Water Company,82.8,0.3,0.36,238081,260177,3282000000,2026-09-27T15:35:34.425774
ELVN,"Enliven Therapeutics, Inc.",44.75,-0.42,-0.93,963786,1128000,3279000000,2026-09-27T15:35:34.425774
BRCTF,BioArctic AB (publ),36.92,0.0,0.0,250,12,3277000000,2026-09-27T15:35:34.425774
CZMWF,Carl Zeiss Meditec AG,37.41,0.0,0.0,150,60,3275000000,2026-09-27T15:35:34.425774
LIFX,"Life360, Inc.",13.39,0.0,0.0,200,169,3274000000,2026-09-27T15:35:34.425774
CURB,Curbline Properties Corp.,28.46,0.02,0.07,1682000,1506000,3274000000,2026-09-27T15:35:34.425774
FRSH,Freshworks Inc.,12.54,-0.27,-2.11,3896000,10998000,3272000000,2026-09-27T15:35:34.425774
SDCVF,Vicat S.A.,73.44,0.0,0.0,134,9,3270000000,2026-09-27T15:35:34.425774
INFQ,"Infleqtion, Inc.",14.51,0.21,1.47,6613000,9537000,3270000000,2026-09-27T15:35:34.425774
SA,Seabridge Gold Inc.,30.3,0.32,1.07,262243,631680,3268000000,2026-09-27T15:35:34.425774
WKISF,"Workman Co.,Ltd.",40.01,0.0,0.0,200,16,3265000000,2026-09-27T15:35:34.425774
LRN,"Stride, Inc.",78.56,-1.48,-1.85,488473,844347,3265000000,2026-09-27T15:35:34.425774
CHCLY,"Citizen Watch Co., Ltd.",66.9,0.0,0.0,70,3,3265000000,2026-09-27T15:35:34.425774
RUSMF,Russel Metals Inc.,59.45,0.0,0.0,100,9809,3264000000,2026-09-27T15:35:34.425774
TKKHF,Tikehau Capital,18.95,0.0,0.0,190,31,3264000000,2026-09-27T15:35:34.425774
RXO,"RXO, Inc.",19.79,-0.14,-0.7,1970000,1758000,3264000000,2026-09-27T15:35:34.425774
TNK,Teekay Tankers Ltd.,94.07,-0.01,-0.01,286923,434601,3262000000,2026-09-27T15:35:34.425774
DNLI,Denali Therapeutics Inc.,20.39,-0.08,-0.39,1257000,1546000,3259000000,2026-09-27T15:35:34.425774
DRXGY,Drax Group plc,19.33,0.0,0.0,4,1,3254000000,2026-09-27T15:35:34.425774
CIM-PD,Chimera Investment Corporation,23.22,0.07,0.3,20901,12087,3253000000,2026-09-27T15:35:34.425774
KRYPY,Kerry Properties Limited,11.23,0.0,0.0,10,10,3246000000,2026-09-27T15:35:34.425774
ADX,"Adams Diversified Equity Fund, Inc.",25.98,0.18,0.7,184022,275671,3246000000,2026-09-27T15:35:34.425774
NESR,National Energy Services Reunited Corp.,32.13,-0.64,-1.95,1405000,1964000,3240000000,2026-09-27T15:35:34.425774
CBU,"Community Financial System, Inc.",61.57,0.83,1.37,413584,259300,3240000000,2026-09-27T15:35:34.425774
JTTRY,"Japan Airport Terminal Co., Ltd.",17.45,0.0,0.0,299,25,3240000000,2026-09-27T15:35:34.425774
APMSF,Aperam S.A.,44.7,0.0,0.0,100,1,3239000000,2026-09-27T15:35:34.425774
ARLP,"Alliance Resource Partners, L.P.",25.15,-0.05,-0.18,372486,286930,3236000000,2026-09-27T15:35:34.425774
GBDC,"Golub Capital BDC, Inc.",12.46,0.05,0.4,1399000,1176000,3235000000,2026-09-27T15:35:34.425774
TCGGY,Tecan Group AG,52.5,0.0,0.0,1,5,3234000000,2026-09-27T15:35:34.425774
CIM-PB,Chimera Investment Corporation,23.24,-0.11,-0.47,26141,26982,3229000000,2026-09-27T15:35:34.425774
LION,Lionsgate Studios Corp.,10.85,-0.13,-1.18,4481000,2640000,3229000000,2026-09-27T15:35:34.425774
PLNT,"Planet Fitness, Inc.",42.68,1.96,4.81,3618000,2102000,3224000000,2026-09-27T15:35:34.425774
ROYUF,Royal Unibrew A/S,68.1,0.0,0.0,400,12,3221000000,2026-09-27T15:35:34.425774
NSFMF,Nisshin Seifun Group Inc.,11.5,0.0,0.0,7500,1,3216000000,2026-09-27T15:35:34.425774
PIFMY,PT Indofood Sukses Makmur Tbk,18.3,-0.89,-4.64,1,1480,3214000000,2026-09-27T15:35:34.425774
SBKLF,Sumitomo Bakelite Company Limited,36.58,0.0,0.0,0,3,3209000000,2026-09-27T15:35:34.425774
AMBA,"Ambarella, Inc.",72.68,2.82,4.04,1784000,1873000,3208000000,2026-09-27T15:35:34.425774
CSMYF,COSMOS Pharmaceutical Corporation,40.45,0.0,0.0,20,1,3206000000,2026-09-27T15:35:34.425774
KN,Knowles Corporation,37.53,0.77,2.09,498128,844769,3205000000,2026-09-27T15:35:34.425774
CWYUF,SmartCentres Real Estate Investment Trust,18.79,0.19,1.02,1610,24453,3204000000,2026-09-27T15:35:34.425774
NVTS,Navitas Semiconductor Corporation,12.2,0.36,3.04,9788000,13683000,3203000000,2026-09-27T15:35:34.425774
BFAM,Bright Horizons Family Solutions Inc.,65.86,-0.48,-0.72,840281,847692,3203000000,2026-09-27T15:35:34.425774
SBCF,Seacoast Banking Corporation of Florida,33.03,0.21,0.64,772670,919500,3198000000,2026-09-27T15:35:34.425774
BVILF,Breville Group Limited,21.92,0.0,0.0,100,79,3198000000,2026-09-27T15:35:34.425774
ATKR,Atkore Inc.,94.57,0.03,0.03,537450,825611,3194000000,2026-09-27T15:35:34.425774
MJPNF,"Micronics Japan Co., Ltd.",82.32,0.0,0.0,100,37,3192000000,2026-09-27T15:35:34.425774
AWTRF,Air Water Inc.,13.91,0.0,0.0,3000,15,3189000000,2026-09-27T15:35:34.425774
FRTAF,freenet AG,27.0,0.0,0.0,100,1,3185000000,2026-09-27T15:35:34.425774
LIOPF,Lion Corporation,11.51,0.0,0.0,4000,65,3185000000,2026-09-27T15:35:34.425774
UTG,Reaves Utility Income Fund,34.82,-0.13,-0.37,395921,296812,3184000000,2026-09-27T15:35:34.425774
CXW,"CoreCivic, Inc.",32.13,-2.23,-6.49,2699000,1594000,3177000000,2026-09-27T15:35:34.425774
HTGC,"Hercules Capital, Inc.",16.97,0.17,1.01,1077000,1499000,3176000000,2026-09-27T15:35:34.425774
CBUMY,China National Building Material Company Limited,20.9,0.0,0.0,3,93,3174000000,2026-09-27T15:35:34.425774
COHU,"Cohu, Inc.",67.0,3.3,5.18,766882,1076000,3172000000,2026-09-27T15:35:34.425774
ASH,Ashland Inc.,69.06,-0.04,-0.06,549426,686504,3162000000,2026-09-27T15:35:34.425774
GYUAF,GS Yuasa Corporation,31.5,0.0,0.0,500,16,3160000000,2026-09-27T15:35:34.425774
OUST,"Ouster, Inc.",43.72,2.35,5.68,2914000,3269000,3153000000,2026-09-27T15:35:34.425774
TPZEF,Topaz Energy Corp.,20.36,-0.27,-1.31,5,248877,3152000000,2026-09-27T15:35:34.425774
CALM,"Cal-Maine Foods, Inc.",67.43,-1.05,-1.53,1107000,947161,3149000000,2026-09-27T15:35:34.425774
RCUS,"Arcus Biosciences, Inc.",24.97,-0.09,-0.36,1717000,1322000,3141000000,2026-09-27T15:35:34.425774
ELNRF,"Elecnor, S.A.",36.98,0.0,0.0,97,11,3132000000,2026-09-27T15:35:34.425774
BFLBF,Bilfinger SE,84.76,0.0,0.0,6,97,3131000000,2026-09-27T15:35:34.425774
BTDR,Bitdeer Technologies Group,11.51,-0.64,-5.27,10284000,11836000,3128000000,2026-09-27T15:35:34.425774
FRTAY,freenet AG,13.25,0.0,0.0,460,75,3126000000,2026-09-27T15:35:34.425774
DKL,"Delek Logistics Partners, LP",53.89,-0.59,-1.08,110379,163131,3115000000,2026-09-27T15:35:34.425774
HKUOY,Hakuhodo DY Holdings Inc,17.2,0.0,0.0,1,269,3114000000,2026-09-27T15:35:34.425774
FSK,FS KKR Capital Corp.,11.25,0.08,0.72,1313000,2138000,3109000000,2026-09-27T15:35:34.425774
BKU,"BankUnited, Inc.",43.64,0.25,0.58,804003,901309,3109000000,2026-09-27T15:35:34.425774
CZMWY,Carl Zeiss Meditec AG,35.49,-0.48,-1.33,864,2750,3107000000,2026-09-27T15:35:34.425774
PK,Park Hotels & Resorts Inc.,15.43,0.22,1.45,2968000,3861000,3107000000,2026-09-27T15:35:34.425774
AAUC,Allied Gold Corporation,22.29,0.24,1.09,182130,676828,3106000000,2026-09-27T15:35:34.425774
MAURY,"Marui Group Co., Ltd.",35.68,0.0,0.0,712,95,3105000000,2026-09-27T15:35:34.425774
KSANF,"Kansai Paint Co., Ltd.",17.5,0.0,0.0,300,4,3102000000,2026-09-27T15:35:34.425774
NMIH,"NMI Holdings, Inc.",41.23,-0.34,-0.82,575796,502090,3101000000,2026-09-27T15:35:34.425774
BTU,Peabody Energy Corporation,25.44,-0.24,-0.93,1277000,2487000,3101000000,2026-09-27T15:35:34.425774
AMFPY,Amplifon S.p.A.,46.67,0.0,0.0,100,1,3101000000,2026-09-27T15:35:34.425774
KNF,Knife River Corporation,54.58,1.21,2.27,1177000,792852,3098000000,2026-09-27T15:35:34.425774
VLYPP,Valley National Bancorp,24.95,-0.07,-0.28,2576,4987,3097000000,2026-09-27T15:35:34.425774
HSHPF,Hill & Smith PLC,39.78,0.0,0.0,8,8,3095000000,2026-09-27T15:35:34.425774
BICEY,Société BIC SA,38.25,0.09,0.24,27,14012,3093000000,2026-09-27T15:35:34.425774
LBRT,Liberty Energy Inc.,18.94,0.7,3.84,4948000,4222000,3091000000,2026-09-27T15:35:34.425774
WIX,Wix.com Ltd.,73.79,-3.74,-4.82,1193000,1490000,3088000000,2026-09-27T15:35:34.425774
YETI,"YETI Holdings, Inc.",42.28,0.29,0.69,1072000,1568000,3086000000,2026-09-27T15:35:34.425774
BWIN,"The Baldwin Insurance Group, Inc.",31.85,0.01,0.03,1420000,2317000,3084000000,2026-09-27T15:35:34.425774
BKFKY,P/F Bakkafrost,12.99,0.0,0.0,171,52,3077000000,2026-09-27T15:35:34.425774
IMAX,IMAX Corporation,56.05,0.89,1.61,1049000,1236000,3074000000,2026-09-27T15:35:34.425774
BICEF,Société BIC SA,76.03,0.0,0.0,202,111,3073000000,2026-09-27T15:35:34.425774
FHB,"First Hawaiian, Inc.",25.25,0.13,0.52,1829000,2260000,3072000000,2026-09-27T15:35:34.425774
LSIIF,Lisi S.A.,67.2,0.0,0.0,68,4,3072000000,2026-09-27T15:35:34.425774
VDRFF,"Vidrala, S.A.",89.69,0.0,0.0,100,2,3068000000,2026-09-27T15:35:34.425774
BSM,"Black Stone Minerals, L.P.",14.42,-0.27,-1.84,333989,374346,3067000000,2026-09-27T15:35:34.425774
BHF,"Brighthouse Financial, Inc.",53.24,-0.22,-0.41,852762,895434,3062000000,2026-09-27T15:35:34.425774
ALMRY,"Almirall, S.A.",14.07,0.0,0.0,100,1,3061000000,2026-09-27T15:35:34.425774
PRMRF,Paramount Resources Ltd.,20.97,-0.48,-2.24,4600,477588,3060000000,2026-09-27T15:35:34.425774
BIRDF,Bird Construction Inc.,55.22,-1.1,-1.95,142,40477,3059000000,2026-09-27T15:35:34.425774
VTMX,"Corporación Inmobiliaria Vesta, S.A.B. de C.V.",32.97,0.36,1.1,32257,67674,3059000000,2026-09-27T15:35:34.425774
AGO,Assured Guaranty Ltd.,69.49,1.09,1.59,730294,403257,3056000000,2026-09-27T15:35:34.425774
ZEOOY,Zeon Corporation,15.95,0.0,0.0,200,84,3052000000,2026-09-27T15:35:34.425774
EXPO,"Exponent, Inc.",64.18,-0.28,-0.43,468714,491711,3052000000,2026-09-27T15:35:34.425774
CIM-PC,Chimera Investment Corporation,21.46,-0.13,-0.6,30774,18217,3049000000,2026-09-27T15:35:34.425774
CLCGY,Clicks Group Limited,26.07,0.23,0.89,6697,42087,3048000000,2026-09-27T15:35:34.425774
WOR,"Worthington Enterprises, Inc.",62.24,1.91,3.17,653931,325938,3045000000,2026-09-27T15:35:34.425774
ECO,Okeanis Eco Tankers Corp.,77.9,-0.32,-0.41,655212,590384,3042000000,2026-09-27T15:35:34.425774
NCCBF,NCC AB (publ),30.95,0.0,0.0,1500,0,3037000000,2026-09-27T15:35:34.425774
FOUR,"Shift4 Payments, Inc.",38.45,0.29,0.76,1679000,1712000,3036000000,2026-09-27T15:35:34.425774
NCHEY,Nichirei Corporation,12.1,0.0,0.0,29,4,3033000000,2026-09-27T15:35:34.425774
VECO,Veeco Instruments Inc.,49.67,4.22,9.28,916687,836953,3032000000,2026-09-27T15:35:34.425774
ASO,"Academy Sports and Outdoors, Inc.",49.14,1.01,2.1,1344000,1698000,3026000000,2026-09-27T15:35:34.425774
DRMKY,dormakaba Holding AG,14.55,-2.44,-14.36,100,4175,3026000000,2026-09-27T15:35:34.425774
NEA,Nuveen AMT-Free Quality Municipal Income Fund,10.0,0.03,0.3,2215000,1164000,3021000000,2026-09-27T15:35:34.425774
NHFOF,NH Foods Ltd.,33.0,0.0,0.0,100,3,3021000000,2026-09-27T15:35:34.425774
PTRN,Pattern Group Inc.,17.02,-0.92,-5.13,2092000,1859000,3019000000,2026-09-27T15:35:34.425774
PII,Polaris Inc.,53.03,0.65,1.24,710431,816665,3018000000,2026-09-27T15:35:34.425774
KGTHY,Krungthai Card Public Company Limited,10.95,0.0,0.0,128,23,3014000000,2026-09-27T15:35:34.425774
RMTHF,Matrix IT Ltd.,32.56,1.51,4.86,300,2465,3013000000,2026-09-27T15:35:34.425774
KYIV,Kyivstar Group Ltd.,13.05,-0.15,-1.14,341808,462007,3013000000,2026-09-27T15:35:34.425774
RINIF,Rinnai Corporation,21.82,0.0,0.0,100,11,3013000000,2026-09-27T15:35:34.425774
YMTKF,"Yamato Kogyo Co., Ltd.",50.41,0.0,0.0,75,1,3012000000,2026-09-27T15:35:34.425774
NPSKY,NSK Ltd.,12.29,-1.94,-13.63,23,2460,3007000000,2026-09-27T15:35:34.425774
LOIMY,Loomis AB (publ),89.85,0.0,0.0,1,1,3006000000,2026-09-27T15:35:34.425774
UUUU,Energy Fuels Inc.,11.35,0.03,0.27,4650000,6946000,3005000000,2026-09-27T15:35:34.425774
CSIOF,"Casio Computer Co.,Ltd.",13.7,0.0,0.0,170,3,3004000000,2026-09-27T15:35:34.425774
CBZ,"CBIZ, Inc.",54.68,0.0,0.0,456512,1299000,3004000000,2026-09-27T15:35:34.425774
RRR,"Red Rock Resorts, Inc.",50.76,-0.87,-1.69,888059,856817,3001000000,2026-09-27T15:35:34.425774
NEOG,Neogen Corporation,13.76,0.1,0.73,5219000,2321000,3001000000,2026-09-27T15:35:34.425774
WRB-PE,W. R. Berkley Corporation 5.70% SB DB 2058,20.35,0.01,0.05,13045,14968,2999000000,2026-09-27T15:35:34.425774
DBRG,"DigitalBridge Group, Inc.",15.98,0.0,0.0,4399000,4304000,2996000000,2026-09-27T15:35:34.425774
DYN,"Dyne Therapeutics, Inc.",16.03,-0.48,-2.91,1612000,2656000,2994000000,2026-09-27T15:35:34.425774
MLXSF,Melexis NV,76.0,0.0,0.0,200,22,2993000000,2026-09-27T15:35:34.425774
TNET,"TriNet Group, Inc.",65.11,-0.43,-0.66,242435,360625,2989000000,2026-09-27T15:35:34.425774
AD,"Array Digital Infrastructure, Inc.",34.49,0.0,0.0,259399,233076,2983000000,2026-09-27T15:35:34.425774
AMFPF,Amplifon S.p.A.,11.21,0.0,0.0,300,1,2979000000,2026-09-27T15:35:34.425774
PFS,"Provident Financial Services, Inc.",22.84,0.17,0.75,901596,905131,2979000000,2026-09-27T15:35:34.425774
PPLI,People Incorporated,40.0,4.07,11.33,3093000,1043000,2979000000,2026-09-27T15:35:34.425774
KLRGF,Keller Group plc,44.14,0.0,0.0,146,42,2978000000,2026-09-27T15:35:34.425774
ETRZF,Electra Limited,38.94,0.0,0.0,0,0,2978000000,2026-09-27T15:35:34.425774
ENEAY,ENEA S.A.,22.48,0.0,0.0,10,1,2977000000,2026-09-27T15:35:34.425774
ATRO,Astronics Corporation,69.22,0.07,0.1,249503,664579,2977000000,2026-09-27T15:35:34.425774
DGII,Digi International Inc.,78.3,1.55,2.02,357516,388144,2971000000,2026-09-27T15:35:34.425774
ATRC,"AtriCure, Inc.",58.38,-2.39,-3.93,1589000,1087000,2970000000,2026-09-27T15:35:34.425774
ATROB,Astronics Corporation,69.02,0.01,0.01,2085,56514,2968000000,2026-09-27T15:35:34.425774
KOYJF,Kemira Oyj,20.5,0.0,0.0,5,87,2968000000,2026-09-27T15:35:34.425774
MGPPF,Megaport Limited,12.21,0.8,7.0,1000,126,2966000000,2026-09-27T15:35:34.425774
BHE,"Benchmark Electronics, Inc.",82.52,0.37,0.45,544529,399479,2964000000,2026-09-27T15:35:34.425774
SMG,The Scotts Miracle-Gro Company,50.89,-0.24,-0.47,1222000,964623,2963000000,2026-09-27T15:35:34.425774
HAWPY,Haw Par Corporation Limited,53.5,0.0,0.0,100,1,2961000000,2026-09-27T15:35:34.425774
TGSGY,TGS ASA,15.06,-0.58,-3.71,2587,33090,2959000000,2026-09-27T15:35:34.425774
KBAGF,Koninklijke BAM Groep nv,10.42,0.0,0.0,44,275,2959000000,2026-09-27T15:35:34.425774
GRBK,"Green Brick Partners, Inc.",68.79,1.0,1.48,254259,296334,2959000000,2026-09-27T15:35:34.425774
SAMHF,Alleima AB (publ),11.82,0.0,0.0,100,21,2958000000,2026-09-27T15:35:34.425774
TMDX,"TransMedics Group, Inc.",85.29,1.39,1.66,689335,845361,2957000000,2026-09-27T15:35:34.425774
DAIDF,"Daido Steel Co., Ltd.",14.77,0.0,0.0,300,3,2952000000,2026-09-27T15:35:34.425774
COLM,Columbia Sportswear Company,57.6,0.63,1.11,548036,647030,2949000000,2026-09-27T15:35:34.425774
SPNT,SiriusPoint Ltd.,25.38,-0.42,-1.63,696930,804387,2948000000,2026-09-27T15:35:34.425774
PRMRY,Paramount Resources Ltd.,20.2,0.0,0.0,100,3,2947000000,2026-09-27T15:35:34.425774
VSCFF,"Viscofan, S.A.",64.85,0.0,0.0,352,27,2942000000,2026-09-27T15:35:34.425774
AVA,Avista Corporation,35.11,0.06,0.17,845083,648826,2941000000,2026-09-27T15:35:34.425774
PPTA,Perpetua Resources Corp.,23.49,0.07,0.3,662609,1101000,2939000000,2026-09-27T15:35:34.425774
MLTTY,Multiplan Empreendimentos Imobiliários S.A.,12.0,0.0,0.0,48,752,2935000000,2026-09-27T15:35:34.425774
KBYPF,"Kobayashi Pharmaceutical Co., Ltd.",39.47,0.0,0.0,300,4,2934000000,2026-09-27T15:35:34.425774
CURLF,"Curaleaf Holdings, Inc.",11.07,-0.15,-1.34,29779,179873,2932000000,2026-09-27T15:35:34.425774
TROLB,"Tootsie Roll Industries, Inc.",39.0,0.0,0.0,130,4,2931000000,2026-09-27T15:35:34.425774
PEB-PE,Pebblebrook Hotel Trust,19.74,-0.01,-0.05,20350,5683,2930000000,2026-09-27T15:35:34.425774
BKFKF,P/F Bakkafrost,49.45,0.0,0.0,500,30,2929000000,2026-09-27T15:35:34.425774
SPSC,"SPS Commerce, Inc.",81.3,-1.39,-1.68,719864,561368,2927000000,2026-09-27T15:35:34.425774
DAN,Dana Incorporated,27.14,-0.21,-0.77,1436000,1477000,2920000000,2026-09-27T15:35:34.425774
KBH,KB Home,48.01,0.36,0.76,1521000,1212000,2919000000,2026-09-27T15:35:34.425774
ABM,ABM Industries Incorporated,49.78,0.24,0.48,413242,450382,2918000000,2026-09-27T15:35:34.425774
POWI,"Power Integrations, Inc.",52.22,1.44,2.84,752695,748744,2918000000,2026-09-27T15:35:34.425774
EUZOF,Eurazeo SE,46.0,0.0,0.0,340,5,2916000000,2026-09-27T15:35:34.425774
KDKWF,Kadokawa Corporation,19.82,0.0,0.0,1500,26,2913000000,2026-09-27T15:35:34.425774
RDW,Redwire Corporation,11.62,0.02,0.17,13246000,15699000,2905000000,2026-09-27T15:35:34.425774
FG,"F&G Annuities & Life, Inc.",22.12,0.5,2.31,574657,643250,2896000000,2026-09-27T15:35:34.425774
CFACY,COFACE SA,19.35,0.0,0.0,500,115,2894000000,2026-09-27T15:35:34.425774
PEB-PF,Pebblebrook Hotel Trust,19.66,-0.14,-0.71,16902,6192,2893000000,2026-09-27T15:35:34.425774
THLPF,Thule Group AB (publ),26.82,0.0,0.0,30,16,2892000000,2026-09-27T15:35:34.425774
CHRN,ChronoScale Holdings Corporation,19.85,-2.0,-9.15,166187,225453,2891000000,2026-09-27T15:35:34.425774
PENG,"Penguin Solutions, Inc.",56.22,3.14,5.92,1632000,2743000,2881000000,2026-09-27T15:35:34.425774
DNOW,DNOW Inc.,15.93,0.02,0.13,1394000,2382000,2880000000,2026-09-27T15:35:34.425774
EFXT,Enerflex Ltd.,23.57,0.32,1.38,421871,582679,2878000000,2026-09-27T15:35:34.425774
NTCT,"NetScout Systems, Inc.",39.44,0.19,0.48,463218,607322,2868000000,2026-09-27T15:35:34.425774
HEGIY,Hengan International Group Company Limited,12.46,-0.24,-1.89,12033,38092,2866000000,2026-09-27T15:35:34.425774
IWTNF,Iwatani Corporation,12.45,0.0,0.0,10,177,2866000000,2026-09-27T15:35:34.425774
CMSYF,COMSYS Holdings Corporation,25.0,0.0,0.0,3,1,2861000000,2026-09-27T15:35:34.425774
TR,"Tootsie Roll Industries, Inc.",38.04,0.28,0.74,462004,170812,2859000000,2026-09-27T15:35:34.425774
ASST,"Strive, Inc.",29.44,-0.5,-1.67,4390000,6302000,2856000000,2026-09-27T15:35:34.425774
RLJ-PA,RLJ Lodging Trust,24.87,-0.04,-0.17,21077,20848,2855000000,2026-09-27T15:35:34.425774
CWT,California Water Service Group,46.17,0.17,0.37,357652,482771,2855000000,2026-09-27T15:35:34.425774
CWK,Cushman & Wakefield Limited,12.16,-0.12,-0.98,1796000,1897000,2854000000,2026-09-27T15:35:34.425774
MRPZF,Mr Price Group Limited,11.1,0.0,0.0,565,4,2854000000,2026-09-27T15:35:34.425774
TGSNF,TGS ASA,14.52,-1.37,-8.62,2425,353,2853000000,2026-09-27T15:35:34.425774
SDRL,Seadrill Limited,45.57,-0.91,-1.96,346871,672066,2850000000,2026-09-27T15:35:34.425774
SRAIF,Stadler Rail AG,28.47,0.0,0.0,640,3,2847000000,2026-09-27T15:35:34.425774
SUEZF,Südzucker AG,13.94,0.0,0.0,100,7,2846000000,2026-09-27T15:35:34.425774
THYCF,Taiheiyo Cement Corporation,26.12,1.9,7.84,100,415,2846000000,2026-09-27T15:35:34.425774
EXTR,"Extreme Networks, Inc.",21.52,-0.12,-0.55,1611000,1647000,2844000000,2026-09-27T15:35:34.425774
BANC,"Banc of California, Inc.",17.94,0.21,1.18,1959000,2866000,2842000000,2026-09-27T15:35:34.425774
JSGRY,LIXIL Corporation,19.76,0.0,0.0,179,241,2841000000,2026-09-27T15:35:34.425774
CGSBF,"Corporativo Fragua, S.A.B. de C.V.",29.66,0.0,0.0,0,225,2840000000,2026-09-27T15:35:34.425774
APELY,"Alps Alpine Co., Ltd.",29.36,0.0,0.0,65,261,2837000000,2026-09-27T15:35:34.425774
CSQR,"Csquare, Inc.",17.01,-0.34,-1.96,853450,1666000,2834000000,2026-09-27T15:35:34.425774
SVYSF,Solvay SA,27.03,-1.97,-6.79,472,449,2831000000,2026-09-27T15:35:34.425774
BOH,Bank of Hawaii Corporation,71.65,0.52,0.73,521499,389915,2827000000,2026-09-27T15:35:34.425774
RTBBF,Rathbones Group Plc,27.75,0.0,0.0,500,9,2825000000,2026-09-27T15:35:34.425774
KYDKF,Kraftia Corporation,39.9,0.0,0.0,100,1,2822000000,2026-09-27T15:35:34.425774
CCKRF,Clicks Group Limited,12.06,0.0,0.0,100,16,2820000000,2026-09-27T15:35:34.425774
COFAF,COFACE SA,18.85,0.0,0.0,10000,53,2819000000,2026-09-27T15:35:34.425774
CTRRF,CT Real Estate Investment Trust,11.79,-0.27,-2.21,50,23520,2819000000,2026-09-27T15:35:34.425774
ZLDPF,Zealand Pharma A/S,41.99,0.0,0.0,1000,468,2818000000,2026-09-27T15:35:34.425774
DX,"Dynex Capital, Inc.",11.34,0.0,0.0,9242000,5792000,2814000000,2026-09-27T15:35:34.425774
INREF,InRetail Perú Corp.,26.83,0.0,0.0,1550,85,2811000000,2026-09-27T15:35:34.425774
AGYS,"Agilysys, Inc.",99.64,-0.04,-0.04,157259,266614,2810000000,2026-09-27T15:35:34.425774
ADEA,Adeia Inc.,25.48,0.47,1.88,770376,1110000,2810000000,2026-09-27T15:35:34.425774
TDBOY,Toyota Boshoku Corporation,31.45,0.0,0.0,68,2,2810000000,2026-09-27T15:35:34.425774
PEGRY,Pennon Group Plc,11.9,-0.0,-0.04,107,24417,2807000000,2026-09-27T15:35:34.425774
ZLAB,Zai Lab Limited,24.98,-0.3,-1.19,282388,947288,2804000000,2026-09-27T15:35:34.425774
CBCFF,"Calbee, Inc.",23.0,0.0,0.0,1,1,2797000000,2026-09-27T15:35:34.425774
UACJF,UACJ Corporation,15.44,0.0,0.0,0,1,2796000000,2026-09-27T15:35:34.425774
FJTNF,"Fuji Media Holdings, Inc.",19.6,0.0,0.0,200,24,2794000000,2026-09-27T15:35:34.425774
KNKZF,KWS SAAT SE & Co. KGaA,84.6,0.0,0.0,200,7,2792000000,2026-09-27T15:35:34.425774
CARG,"CarGurus, Inc.",31.3,0.31,1.0,1180000,1071000,2788000000,2026-09-27T15:35:34.425774
IPCFF,International Petroleum Corporation,24.9,0.0,0.0,300,14361,2786000000,2026-09-27T15:35:34.425774
INRHF,INFRONEER Holdings Inc.,11.0,0.0,0.0,100,1,2783000000,2026-09-27T15:35:34.425774
FRPT,"Freshpet, Inc.",57.91,-0.4,-0.69,1042000,1283000,2783000000,2026-09-27T15:35:34.425774
NTULF,BIPROGY Inc.,28.78,0.0,0.0,200,1,2781000000,2026-09-27T15:35:34.425774
HGV,Hilton Grand Vacations Inc.,35.77,0.69,1.97,759939,1091000,2780000000,2026-09-27T15:35:34.425774
AEO,"American Eagle Outfitters, Inc.",16.58,0.5,3.11,4449000,5461000,2778000000,2026-09-27T15:35:34.425774
FIZZ,National Beverage Corp.,29.67,-0.2,-0.67,302440,466298,2778000000,2026-09-27T15:35:34.425774
SKLTY,SEEK Limited,15.51,-0.31,-1.99,627,5590,2775000000,2026-09-27T15:35:34.425774
ATUSF,Altius Minerals Corporation,47.23,-0.33,-0.69,1800,35360,2775000000,2026-09-27T15:35:34.425774
REZI,"Resideo Technologies, Inc.",18.27,-0.03,-0.16,1258000,2473000,2774000000,2026-09-27T15:35:34.425774
SSLLF,Siltronic AG,84.0,-6.1,-6.77,900,147,2772000000,2026-09-27T15:35:34.425774
BRZE,"Braze, Inc.",24.37,-0.3,-1.22,1277000,2508000,2768000000,2026-09-27T15:35:34.425774
AITUY,Anritsu Corporation,21.62,1.18,5.77,100,1,2767000000,2026-09-27T15:35:34.425774
UNFI,"United Natural Foods, Inc.",45.85,-0.3,-0.65,667334,573112,2766000000,2026-09-27T15:35:34.425774
INTA,"Intapp, Inc.",36.1,-0.73,-1.98,272682,694222,2762000000,2026-09-27T15:35:34.425774
STAEY,"Stanley Electric Co., Ltd.",11.2,0.0,0.0,200,64,2758000000,2026-09-27T15:35:34.425774
CZGZF,Colt CZ Group SE,44.0,0.0,0.0,100,7,2756000000,2026-09-27T15:35:34.425774
MMS,"Maximus, Inc.",52.61,-0.01,-0.02,503313,627560,2755000000,2026-09-27T15:35:34.425774
TORLF,TORIDOLL Holdings Corporation,31.31,0.0,0.0,1,0,2753000000,2026-09-27T15:35:34.425774
AVPT,"AvePoint, Inc.",13.0,-0.16,-1.22,2590000,2001000,2750000000,2026-09-27T15:35:34.425774
TALO,Talos Energy Inc.,16.47,-0.55,-3.23,2279000,1989000,2750000000,2026-09-27T15:35:34.425774
JAIRF,"Japan Airport Terminal Co., Ltd.",29.62,0.0,0.0,100,13,2749000000,2026-09-27T15:35:34.425774
MRSKF,"DMG Mori Co., Ltd.",17.6,0.0,0.0,2495,87,2747000000,2026-09-27T15:35:34.425774
CXT,"Crane NXT, Co.",47.72,0.56,1.19,383189,604806,2747000000,2026-09-27T15:35:34.425774
GRND,Grindr Inc.,15.77,-0.1,-0.63,1179000,1571000,2741000000,2026-09-27T15:35:34.425774
SGAMF,Sega Sammy Holdings Inc.,13.5,0.0,0.0,100,24,2741000000,2026-09-27T15:35:34.425774
TNIPF,--,35.31,0.0,0.0,100,21,2740000000,2026-09-27T15:35:34.425774
ZNKKY,"ZENKOKU HOSHO Co.,Ltd.",10.28,0.0,0.0,400,28,2736000000,2026-09-27T15:35:34.425774
CRMIF,Carmila S.A.,19.74,0.0,0.0,2507,5,2735000000,2026-09-27T15:35:34.425774
KHEXF,Keikyu Corporation,10.37,0.0,0.0,100,1,2733000000,2026-09-27T15:35:34.425774
BRVDF,Bravida Holding AB (publ),13.4,0.0,0.0,0,4,2726000000,2026-09-27T15:35:34.425774
CIM-PA,Chimera Investment Corporation,19.68,-0.26,-1.3,8750,8142,2721000000,2026-09-27T15:35:34.425774
EXXAF,Exxaro Resources Limited,11.61,0.0,0.0,500,143,2718000000,2026-09-27T15:35:34.425774
SEGSY,SIA Engineering Company Limited,24.24,0.0,0.0,1,1,2715000000,2026-09-27T15:35:34.425774
CLBT,Cellebrite DI Ltd.,10.79,-0.58,-5.1,3194000,2966000,2712000000,2026-09-27T15:35:34.425774
AVAH,Aveanna Healthcare Holdings Inc.,12.41,0.03,0.24,2182000,2937000,2709000000,2026-09-27T15:35:34.425774
EPWDF,"Electric Power Development Co., Ltd.",15.39,0.0,0.0,1,1,2709000000,2026-09-27T15:35:34.425774
CESDF,CES Energy Solutions Corp.,12.91,-0.24,-1.83,300,86341,2708000000,2026-09-27T15:35:34.425774
MAURF,"Marui Group Co., Ltd.",15.53,0.0,0.0,194,31,2703000000,2026-09-27T15:35:34.425774
WING,Wingstop Inc.,99.07,1.23,1.26,1199000,1257000,2699000000,2026-09-27T15:35:34.425774
SLDE,"Slide Insurance Holdings, Inc.",23.1,-0.45,-1.91,875222,1242000,2698000000,2026-09-27T15:35:34.425774
FUL,H.B. Fuller Company,50.06,0.06,0.12,1126000,761215,2695000000,2026-09-27T15:35:34.425774
LFTO,"Liftoff Mobile, Inc.",15.91,-0.01,-0.06,300267,858815,2694000000,2026-09-27T15:35:34.425774
BCC,Boise Cascade Company,77.14,1.04,1.37,232108,354631,2692000000,2026-09-27T15:35:34.425774
TDC,Teradata Corporation,28.94,-0.52,-1.77,1187000,2542000,2691000000,2026-09-27T15:35:34.425774
OSTIY,Österreichische Post AG,18.1,0.0,0.0,1,1,2689000000,2026-09-27T15:35:34.425774
BBAR,Banco BBVA Argentina S.A.,13.15,-0.34,-2.52,344109,620207,2686000000,2026-09-27T15:35:34.425774
TRMK,Trustmark Corporation,46.04,-0.05,-0.11,443925,402447,2681000000,2026-09-27T15:35:34.425774
NBTB,NBT Bancorp Inc.,51.57,0.44,0.86,388751,344257,2680000000,2026-09-27T15:35:34.425774
HAYW,"Hayward Holdings, Inc.",12.63,0.11,0.88,8251000,2976000,2679000000,2026-09-27T15:35:34.425774
ASAIY,Sendas Distribuidora S.A.,10.02,0.25,2.52,5138,28615,2677000000,2026-09-27T15:35:34.425774
REMYF,Rémy Cointreau SA,50.0,0.0,0.0,500,117,2675000000,2026-09-27T15:35:34.425774
FIVN,"Five9, Inc.",35.77,-0.89,-2.43,1461000,2592000,2673000000,2026-09-27T15:35:34.425774
MAN,ManpowerGroup Inc.,57.41,0.39,0.68,607329,1114000,2670000000,2026-09-27T15:35:34.425774
SSSAF,Shurgard Self Storage Ltd,26.43,0.0,0.0,450,1531,2669000000,2026-09-27T15:35:34.425774
PRBZF,Premium Brands Holdings Corporation,51.28,-0.84,-1.61,56,26584,2666000000,2026-09-27T15:35:34.425774
AMBBY,Ambu A/S,10.23,-0.02,-0.24,254,122,2665000000,2026-09-27T15:35:34.425774
BSFFF,Basic-Fit N.V.,41.07,0.0,0.0,300,59,2663000000,2026-09-27T15:35:34.425774
PCFBY,Pacific Basin Shipping Limited,10.33,0.41,4.13,8921,803,2662000000,2026-09-27T15:35:34.425774
NCHEF,Nichirei Corporation,10.6,0.0,0.0,100,32,2657000000,2026-09-27T15:35:34.425774
BKD,Brookdale Senior Living Inc.,11.11,0.04,0.36,3289000,4808000,2653000000,2026-09-27T15:35:34.425774
QURE,uniQure N.V.,38.23,-0.09,-0.23,1173000,1377000,2652000000,2026-09-27T15:35:34.425774
HOG,"Harley-Davidson, Inc.",25.45,-0.07,-0.27,2296000,2145000,2649000000,2026-09-27T15:35:34.425774
NMM,Navios Maritime Partners L.P.,91.51,1.38,1.53,225377,144139,2647000000,2026-09-27T15:35:34.425774
MGEE,"MGE Energy, Inc.",70.06,1.57,2.29,244925,191909,2645000000,2026-09-27T15:35:34.425774
SREMF,Sunrise Energy Metals Limited,15.6,-0.25,-1.58,3675,46180,2644000000,2026-09-27T15:35:34.425774
MIESF,"MITSUI E&S Co., Ltd.",26.19,0.0,0.0,200,13,2643000000,2026-09-27T15:35:34.425774
AKR,Acadia Realty Trust,19.24,0.03,0.16,949047,1395000,2642000000,2026-09-27T15:35:34.425774
NAMS,NewAmsterdam Pharma Company N.V.,22.58,-0.16,-0.7,1136000,1283000,2640000000,2026-09-27T15:35:34.425774
WGS,GeneDx Holdings Corp.,88.4,-0.08,-0.09,510331,718515,2636000000,2026-09-27T15:35:34.425774
FBK,FB Financial Corporation,52.74,-0.07,-0.13,445164,438509,2636000000,2026-09-27T15:35:34.425774
MMTOY,Mitsubishi Motors Corporation,19.64,0.0,0.0,100,33,2629000000,2026-09-27T15:35:34.425774
FBNC,First Bancorp,63.5,0.7,1.11,210356,230276,2627000000,2026-09-27T15:35:34.425774
EXOSF,Exosens,51.55,0.0,0.0,0,400,2624000000,2026-09-27T15:35:34.425774
AITUF,Anritsu Corporation,20.49,0.0,0.0,200,11,2623000000,2026-09-27T15:35:34.425774
ALRM,"Alarm.com Holdings, Inc.",53.38,-0.06,-0.11,260113,425698,2620000000,2026-09-27T15:35:34.425774
ACHC,"Acadia Healthcare Company, Inc.",28.09,0.29,1.04,1150000,2226000,2615000000,2026-09-27T15:35:34.425774
STLJF,Stella-Jones Inc.,47.87,0.0,0.0,8,9926,2612000000,2026-09-27T15:35:34.425774
DICCF,DIC Corporation,27.7,0.0,0.0,500,5,2611000000,2026-09-27T15:35:34.425774
GRDN,"Guardian Pharmacy Services, Inc.",41.21,-0.58,-1.39,720615,479741,2610000000,2026-09-27T15:35:34.425774
AMBFF,Ambu A/S,10.0,0.0,0.0,100,442,2607000000,2026-09-27T15:35:34.425774
HTO,H2O America,62.27,0.09,0.14,297752,444101,2606000000,2026-09-27T15:35:34.425774
SECZ,Securitize Corp.,15.96,-0.57,-3.45,6745000,2637000,2606000000,2026-09-27T15:35:34.425774
CUBI,"Customers Bancorp, Inc.",77.06,0.23,0.3,263232,285749,2603000000,2026-09-27T15:35:34.425774
MBX,"MBX Biosciences, Inc.",53.63,-1.76,-3.18,563518,599711,2583000000,2026-09-27T15:35:34.425774
FRRZF,Ferrotec Corporation,47.95,0.0,0.0,100,29,2580000000,2026-09-27T15:35:34.425774
APPN,Appian Corporation,36.01,-1.6,-4.25,620465,850157,2579000000,2026-09-27T15:35:34.425774
CALY,Callaway Golf Company,14.44,0.19,1.33,1499000,1932000,2578000000,2026-09-27T15:35:34.425774
SEOTF,"Seino Holdings Co., Ltd.",15.84,0.0,0.0,2,10,2576000000,2026-09-27T15:35:34.425774
APAM,Artisan Partners Asset Management Inc.,36.16,0.38,1.06,412904,858020,2567000000,2026-09-27T15:35:34.425774
SEYMF,"Solaria Energía y Medio Ambiente, S.A.",19.5,0.0,0.0,100,141,2567000000,2026-09-27T15:35:34.425774
GPCR,Structure Therapeutics Inc.,35.93,-0.09,-0.25,1574000,851284,2562000000,2026-09-27T15:35:34.425774
WTTR,"Select Water Solutions, Inc.",19.84,0.31,1.59,4766000,1707000,2558000000,2026-09-27T15:35:34.425774
GNCGY,Greencore Group plc,12.9,0.0,0.0,1,52,2558000000,2026-09-27T15:35:34.425774
FRME,First Merchants Corporation,40.71,0.22,0.56,754488,440901,2557000000,2026-09-27T15:35:34.425774
DRH,DiamondRock Hospitality Company,12.49,0.07,0.56,1981000,2661000,2556000000,2026-09-27T15:35:34.425774
TTAM,Titan America SA,13.85,0.32,2.37,200831,256303,2554000000,2026-09-27T15:35:34.425774
AXGN,"Axogen, Inc.",43.39,0.07,0.16,1083000,1185000,2546000000,2026-09-27T15:35:34.425774
PURR,Hyperliquid Strategies Inc.,12.85,-1.24,-8.8,31292000,17668000,2542000000,2026-09-27T15:35:34.425774
GULRY,Guoco Group Limited,15.45,0.0,0.0,2,6,2542000000,2026-09-27T15:35:34.425774
MBUMY,"Mabuchi Motor Co., Ltd.",10.75,0.0,0.0,987,38,2536000000,2026-09-27T15:35:34.425774
PASTF,OPmobility SE,17.7,0.0,0.0,250,4,2529000000,2026-09-27T15:35:34.425774
BANR,Banner Corporation,69.03,0.24,0.35,207071,344953,2529000000,2026-09-27T15:35:34.425774
SVLPF,Savills plc,15.21,0.0,0.0,2,53,2528000000,2026-09-27T15:35:34.425774
KD,"Kyndryl Holdings, Inc.",11.6,-0.14,-1.19,3933000,4009000,2527000000,2026-09-27T15:35:34.425774
SRGBF,Suruga Bank Ltd.,15.0,0.0,0.0,100,3,2525000000,2026-09-27T15:35:34.425774
TOMYF,"TOMY Company, Ltd.",29.37,0.0,0.0,100,1,2525000000,2026-09-27T15:35:34.425774
AAP,"Advance Auto Parts, Inc.",41.73,0.3,0.72,1605000,1925000,2520000000,2026-09-27T15:35:34.425774
HIMX,"Himax Technologies, Inc.",14.44,0.32,2.27,560627,1411000,2519000000,2026-09-27T15:35:34.425774
PRVA,"Privia Health Group, Inc.",19.71,0.32,1.65,1390000,1215000,2518000000,2026-09-27T15:35:34.425774
USNNF,"U-NEXT HOLDINGS Co.,Ltd.",13.95,0.0,0.0,8,1,2516000000,2026-09-27T15:35:34.425774
MCVEY,Medicover AB (publ),16.55,0.0,0.0,100,8,2515000000,2026-09-27T15:35:34.425774
JNPKF,Jenoptik AG,43.9,0.0,0.0,500,4075,2513000000,2026-09-27T15:35:34.425774
UE,Urban Edge Properties,19.9,0.1,0.51,781554,806174,2512000000,2026-09-27T15:35:34.425774
GDV,The Gabelli Dividend & Income Trust,28.95,0.17,0.59,91081,91957,2510000000,2026-09-27T15:35:34.425774
NGVT,Ingevity Corporation,73.0,1.21,1.69,242282,244380,2510000000,2026-09-27T15:35:34.425774
SVM,Silvercorp Metals Inc.,11.34,0.0,0.0,1817000,2473000,2508000000,2026-09-27T15:35:34.425774
BEAM,Beam Therapeutics Inc.,24.27,-0.39,-1.58,1218000,2023000,2507000000,2026-09-27T15:35:34.425774
STAEF,"Stanley Electric Co., Ltd.",20.35,0.0,0.0,5,2,2506000000,2026-09-27T15:35:34.425774
HUFAF,Hufvudstaden AB (publ),12.9,0.0,0.0,150,10,2506000000,2026-09-27T15:35:34.425774
NISUY,Nissui Corporation,82.6,0.0,0.0,100,1,2505000000,2026-09-27T15:35:34.425774
IRON,"Disc Medicine, Inc.",65.24,-1.2,-1.81,427228,492950,2505000000,2026-09-27T15:35:34.425774
LUNR,"Intuitive Machines, Inc.",15.61,-0.09,-0.57,6563000,9157000,2505000000,2026-09-27T15:35:34.425774
MOHCF,Motor Oil (Hellas) Corinth Refineries S.A.,23.0,0.0,0.0,500,3,2498000000,2026-09-27T15:35:34.425774
IMOS,ChipMOS TECHNOLOGIES INC.,71.78,2.06,2.95,74541,104228,2496000000,2026-09-27T15:35:34.425774
BVNRY,Bavarian Nordic A/S,11.04,-0.11,-1.03,118,2574,2494000000,2026-09-27T15:35:34.425774
AEGXF,Aecon Group Inc.,36.32,-0.68,-1.84,900,38895,2489000000,2026-09-27T15:35:34.425774
TOMYY,"TOMY Company, Ltd.",28.95,0.0,0.0,80,1,2489000000,2026-09-27T15:35:34.425774
TBLMF,Tiger Brands Limited,17.0,-0.14,-0.82,100,6,2485000000,2026-09-27T15:35:34.425774
HNWAF,"Hanwa Co., Ltd.",12.93,0.0,0.0,300,62,2485000000,2026-09-27T15:35:34.425774
BUSE,First Busey Corporation,30.09,0.09,0.3,1111000,789079,2485000000,2026-09-27T15:35:34.425774
SUPN,"Supernus Pharmaceuticals, Inc.",42.66,-0.63,-1.46,607464,803847,2484000000,2026-09-27T15:35:34.425774
NEO,"NeoGenomics, Inc.",19.33,-0.23,-1.18,2019000,2378000,2483000000,2026-09-27T15:35:34.425774
NOG,"Northern Oil and Gas, Inc.",23.29,-0.31,-1.31,1538000,2618000,2482000000,2026-09-27T15:35:34.425774
ASB-PE,Associated Banc-Corp,19.27,0.02,0.13,543,7344,2481000000,2026-09-27T15:35:34.425774
MMNNF,Munters Group AB (publ),13.58,-0.1,-0.75,200,358,2480000000,2026-09-27T15:35:34.425774
PKCOF,"PARK24 Co., Ltd.",14.5,0.0,0.0,100,2,2476000000,2026-09-27T15:35:34.425774
CENT,Central Garden & Pet Company,39.51,0.0,0.0,60527,98652,2473000000,2026-09-27T15:35:34.425774
ODFJF,Odfjell Drilling Ltd.,10.3,-0.55,-5.07,100,256,2470000000,2026-09-27T15:35:34.425774
ITCFY,Investec Group,17.75,0.0,0.0,1,14,2469000000,2026-09-27T15:35:34.425774
NIFCY,Nifco Inc.,13.23,0.0,0.0,1,1,2468000000,2026-09-27T15:35:34.425774
SVNBY,"Seven Bank, Ltd.",21.09,0.0,0.0,500,3,2464000000,2026-09-27T15:35:34.425774
AMSSY,ams-OSRAM AG,12.37,-0.28,-2.21,1307,9106,2463000000,2026-09-27T15:35:34.425774
GGGSF,Greggs plc,24.11,0.0,0.0,1064,852,2458000000,2026-09-27T15:35:34.425774
TKOBF,"TBS Holdings,Inc.",16.09,0.0,0.0,100,1,2458000000,2026-09-27T15:35:34.425774
ATHM,Autohome Inc.,21.33,0.03,0.14,510915,724763,2457000000,2026-09-27T15:35:34.425774
ARHCF,Alfresa Holdings Corporation,14.0,0.0,0.0,2700,119,2456000000,2026-09-27T15:35:34.425774
SOTDY,Ströer SE & Co. KGaA,11.0,0.0,0.0,1,32,2454000000,2026-09-27T15:35:34.425774
EEFT,"Euronet Worldwide, Inc.",65.61,1.28,1.99,616070,649396,2454000000,2026-09-27T15:35:34.425774
SOCNF,Socionext Inc.,14.0,0.0,0.0,18146,312,2454000000,2026-09-27T15:35:34.425774
BVNKF,Bavarian Nordic A/S,32.57,0.0,0.0,3,9,2453000000,2026-09-27T15:35:34.425774
HMNKF,HMS Networks AB (publ),48.73,0.0,0.0,100,1,2446000000,2026-09-27T15:35:34.425774
CLDX,"Celldex Therapeutics, Inc.",31.1,-0.38,-1.21,1872000,1203000,2442000000,2026-09-27T15:35:34.425774
TSCFY,TISCO Financial Group Public Company Limited,30.5,0.0,0.0,10,3,2442000000,2026-09-27T15:35:34.425774
VGPBF,VGP NV,80.45,0.0,0.0,100,210,2441000000,2026-09-27T15:35:34.425774
SYBT,"Stock Yards Bancorp, Inc.",78.57,0.51,0.65,144072,168495,2441000000,2026-09-27T15:35:34.425774
FCPT,"Four Corners Property Trust, Inc.",22.2,0.06,0.27,1593000,859007,2437000000,2026-09-27T15:35:34.425774
MH,"McGraw Hill, Inc.",12.73,-0.96,-7.01,621570,679555,2435000000,2026-09-27T15:35:34.425774
SKLYF,"Skylark Holdings Co., Ltd.",10.7,0.0,0.0,100,8,2433000000,2026-09-27T15:35:34.425774
SOIEF,Stolt-Nielsen Limited,36.64,0.0,0.0,100,136,2433000000,2026-09-27T15:35:34.425774
SKWD,"Skyward Specialty Insurance Group, Inc.",54.78,-0.1,-0.18,341472,500903,2432000000,2026-09-27T15:35:34.425774
IMNM,"Immunome, Inc.",21.41,-0.93,-4.16,2421000,1247000,2432000000,2026-09-27T15:35:34.425774
IOSP,Innospec Inc.,98.72,1.85,1.91,201985,176733,2432000000,2026-09-27T15:35:34.425774
NN,NextNav Inc.,14.38,-0.07,-0.48,2544000,2556000,2427000000,2026-09-27T15:35:34.425774
MIESY,"MITSUI E&S Co., Ltd.",24.05,0.0,0.0,4,6,2427000000,2026-09-27T15:35:34.425774
SMIZF,"Meliá Hotels International, S.A.",11.0,0.0,0.0,199,69,2423000000,2026-09-27T15:35:34.425774
HCM,HUTCHMED (China) Limited,13.94,0.04,0.29,71259,69666,2423000000,2026-09-27T15:35:34.425774
WLYB,"John Wiley & Sons, Inc.",47.77,-0.79,-1.63,29058,1702,2421000000,2026-09-27T15:35:34.425774
OVHFF,OVH Groupe S.A.,15.99,0.0,0.0,100,939,2419000000,2026-09-27T15:35:34.425774
VC,Visteon Corporation,90.46,0.61,0.68,495078,497357,2415000000,2026-09-27T15:35:34.425774
DENKF,Denka Company Limited,28.0,0.0,0.0,1000,15,2414000000,2026-09-27T15:35:34.425774
LB,LandBridge Company LLC,81.38,-1.11,-1.35,145108,300646,2413000000,2026-09-27T15:35:34.425774
DKCLF,"Daiei Kankyo Co., Ltd.",24.15,0.0,0.0,0,27,2412000000,2026-09-27T15:35:34.425774
EBOSY,EBOS Group Limited,23.3,0.0,0.0,2,41,2412000000,2026-09-27T15:35:34.425774
BFLBY,Bilfinger SE,13.05,-0.12,-0.91,3,153,2410000000,2026-09-27T15:35:34.425774
WLY,"John Wiley & Sons, Inc.",47.55,-1.06,-2.18,507130,508762,2410000000,2026-09-27T15:35:34.425774
NPPEY,"Nippon Electric Glass Co., Ltd.",16.5,0.0,0.0,100,41,2407000000,2026-09-27T15:35:34.425774
NKRKF,Nokian Renkaat Oyj,17.44,0.0,0.0,1,58,2405000000,2026-09-27T15:35:34.425774
HRMY,"Harmony Biosciences Holdings, Inc.",41.26,0.1,0.24,556859,895258,2403000000,2026-09-27T15:35:34.425774
ATRRF,Altarea SCA,97.08,0.0,0.0,100,2,2402000000,2026-09-27T15:35:34.425774
KSTUF,Kanematsu Corporation,14.43,0.0,0.0,200,4,2401000000,2026-09-27T15:35:34.425774
KGMEF,"Kagome Co., Ltd.",26.5,0.0,0.0,8,1,2397000000,2026-09-27T15:35:34.425774
MBIN,Merchants Bancorp,52.1,-0.13,-0.25,148555,186104,2393000000,2026-09-27T15:35:34.425774
BHFAP,"Brighthouse Financial, Inc.",14.43,0.19,1.33,43506,37734,2392000000,2026-09-27T15:35:34.425774
TKCBY,"Tokai Carbon Co., Ltd.",47.28,0.0,0.0,2,3,2392000000,2026-09-27T15:35:34.425774
VIA,"Via Transportation, Inc.",29.41,-0.57,-1.9,872984,835834,2391000000,2026-09-27T15:35:34.425774
HAWPF,Haw Par Corporation Limited,10.8,0.0,0.0,200,4,2391000000,2026-09-27T15:35:34.425774
NRIX,"Nurix Therapeutics, Inc.",23.01,-0.64,-2.71,1385000,1268000,2388000000,2026-09-27T15:35:34.425774
BKV,BKV Corporation,21.81,-1.27,-5.5,2011000,1406000,2387000000,2026-09-27T15:35:34.425774
PTY,PIMCO Corporate & Income Opportunity Fund,10.93,0.18,1.67,1825000,1368000,2384000000,2026-09-27T15:35:34.425774
IVT,InvenTrust Properties Corp.,30.53,-0.04,-0.13,554397,634269,2381000000,2026-09-27T15:35:34.425774
INOD,Innodata Inc.,69.21,-2.66,-3.7,1511000,1334000,2380000000,2026-09-27T15:35:34.425774
ALFRY,Alfresa Holdings Corporation,13.55,0.0,0.0,200,3,2377000000,2026-09-27T15:35:34.425774
ENDTF,Canoe EIT Income Fund,12.32,-0.1,-0.81,100,7765,2373000000,2026-09-27T15:35:34.425774
VVX,"V2X, Inc.",75.65,-0.54,-0.71,339988,683320,2371000000,2026-09-27T15:35:34.425774
KMT,Kennametal Inc.,31.03,0.96,3.19,1221000,1331000,2370000000,2026-09-27T15:35:34.425774
VAIAF,Vaisala Oyj,65.32,0.0,0.0,333,41,2370000000,2026-09-27T15:35:34.425774
VBVBF,Verbio SE,36.99,0.0,0.0,100,3,2367000000,2026-09-27T15:35:34.425774
NMRK,"Newmark Group, Inc.",13.06,-0.04,-0.31,2121000,1548000,2367000000,2026-09-27T15:35:34.425774
PTAUY,Port of Tauranga Limited,13.9,0.0,0.0,72,1,2365000000,2026-09-27T15:35:34.425774
BBT,Beacon Financial Corporation,28.19,0.19,0.68,1099000,841228,2363000000,2026-09-27T15:35:34.425774
DMPHF,Dermapharm Holding SE,47.69,0.0,0.0,100,1,2363000000,2026-09-27T15:35:34.425774
PLUS,ePlus inc.,90.51,-0.65,-0.71,137306,233904,2361000000,2026-09-27T15:35:34.425774
NAD,Nuveen Quality Municipal Income Fund,10.1,-0.02,-0.2,2764000,890563,2358000000,2026-09-27T15:35:34.425774
SWONF,SoftwareOne Holding AG,10.48,0.0,0.0,7500,545,2356000000,2026-09-27T15:35:34.425774
BJWTY,Beijing Enterprises Water Group Limited,16.44,0.0,0.0,100,8,2355000000,2026-09-27T15:35:34.425774
JMREY,"JL Mag Rare-Earth Co., Ltd.",10.22,0.0,0.0,100,32,2354000000,2026-09-27T15:35:34.425774
TRLV,Trulieve Cannabis Corp.,12.21,-0.06,-0.49,1011000,1416000,2351000000,2026-09-27T15:35:34.425774
CDGLY,ComfortDelGro Corporation Limited,21.68,0.0,0.0,100,307,2348000000,2026-09-27T15:35:34.425774
VERA,"Vera Therapeutics, Inc.",32.54,-0.8,-2.4,1233000,2395000,2345000000,2026-09-27T15:35:34.425774
GMOYF,"GMO internet group, Inc.",25.0,0.0,0.0,100,15,2345000000,2026-09-27T15:35:34.425774
SLS,"SELLAS Life Sciences Group, Inc.",11.61,-0.37,-3.09,4437000,7938000,2345000000,2026-09-27T15:35:34.425774
PEGIY,PT Energi Mega Persada Tbk,16.62,0.0,0.0,100,1,2340000000,2026-09-27T15:35:34.425774
CAIAF,CA Immobilien Anlagen AG,25.69,0.0,0.0,100,63,2340000000,2026-09-27T15:35:34.425774
KYN,"Kayne Anderson Energy Infrastructure Fund, Inc.",13.83,-0.28,-1.98,383794,329633,2339000000,2026-09-27T15:35:34.425774
SPPSY,Sopra Steria Group SA,12.09,0.0,0.0,109,1,2336000000,2026-09-27T15:35:34.425774
AUKUF,ams-OSRAM AG,23.45,0.86,3.81,100,28,2334000000,2026-09-27T15:35:34.425774
SOTDF,Ströer SE & Co. KGaA,41.84,-1.16,-2.69,100,25,2334000000,2026-09-27T15:35:34.425774
SNWGF,Snowline Gold Corp.,12.38,0.68,5.84,24944,213690,2333000000,2026-09-27T15:35:34.425774
NVG,Nuveen AMT-Free Municipal Credit Income Fund,10.8,-0.14,-1.28,2525000,634033,2331000000,2026-09-27T15:35:34.425774
LASR,"nLIGHT, Inc.",40.33,-0.29,-0.71,458349,1232000,2327000000,2026-09-27T15:35:34.425774
OSW,OneSpaWorld Holdings Limited,22.92,0.39,1.73,908620,927271,2326000000,2026-09-27T15:35:34.425774
SMTGF,SMA Solar Technology AG,66.95,0.0,0.0,200,52,2323000000,2026-09-27T15:35:34.425774
WAFD,"WaFd, Inc.",31.35,0.44,1.42,1670000,807000,2320000000,2026-09-27T15:35:34.425774
VRDN,"Viridian Therapeutics, Inc.",20.47,-0.19,-0.92,2091000,1858000,2319000000,2026-09-27T15:35:34.425774
NTB,The Bank of N.T. Butterfield & Son Limited,58.95,0.29,0.49,101710,169031,2318000000,2026-09-27T15:35:34.425774
UPST,"Upstart Holdings, Inc.",23.81,-0.83,-3.37,4574000,4267000,2317000000,2026-09-27T15:35:34.425774
TRTN-PA,Triton International Limited,25.53,0.08,0.31,2209,3261,2317000000,2026-09-27T15:35:34.425774
UVRBY,Universal Robina Corporation,10.9,0.0,0.0,1,27,2315000000,2026-09-27T15:35:34.425774
LTC,"LTC Properties, Inc.",42.94,-0.42,-0.97,532467,568601,2315000000,2026-09-27T15:35:34.425774
AERO,"Grupo Aeroméxico, S.A.B. de C.V.",15.82,0.24,1.54,250755,312882,2308000000,2026-09-27T15:35:34.425774
GNNDY,GN Store Nord A/S,47.52,-0.78,-1.61,200,528,2307000000,2026-09-27T15:35:34.425774
PRLB,"Proto Labs, Inc.",96.25,3.28,3.53,255948,206682,2302000000,2026-09-27T15:35:34.425774
ULVAF,"ULVAC, Inc.",46.75,0.0,0.0,500,91,2299000000,2026-09-27T15:35:34.425774
RSI,"Rush Street Interactive, Inc.",19.87,0.33,1.69,2876000,2867000,2297000000,2026-09-27T15:35:34.425774
ORPEF,emeis Société anonyme,14.22,0.0,0.0,1479,6,2290000000,2026-09-27T15:35:34.425774
MLYS,"Mineralys Therapeutics, Inc.",25.86,-0.73,-2.75,1184000,1016000,2286000000,2026-09-27T15:35:34.425774
LPG,Dorian LPG Ltd.,53.43,-0.62,-1.15,432293,612422,2286000000,2026-09-27T15:35:34.425774
RAMP,"LiveRamp Holdings, Inc.",37.5,0.02,0.05,1328000,1019000,2280000000,2026-09-27T15:35:34.425774
PRRFY,Premier Foods plc,13.21,0.0,0.0,8,222,2277000000,2026-09-27T15:35:34.425774
ALMR,"Alamar Biosciences, Inc.",32.8,-0.4,-1.2,297141,350041,2276000000,2026-09-27T15:35:34.425774
ANDE,"The Andersons, Inc.",66.97,0.18,0.27,268873,351282,2275000000,2026-09-27T15:35:34.425774
SPGNY,Springer Nature AG & Co. KGaA,11.44,0.0,0.0,200,176,2275000000,2026-09-27T15:35:34.425774
FFXDF,Fairfax India Holdings Corporation,16.95,-0.24,-1.4,3676,26760,2275000000,2026-09-27T15:35:34.425774
SHZNY,Shenzhen Expressway Corporation Limited,44.79,0.0,0.0,1100,17,2273000000,2026-09-27T15:35:34.425774
PHIN,PHINIA Inc.,62.04,2.1,3.5,343521,357603,2273000000,2026-09-27T15:35:34.425774
MIURF,"Miura Co., Ltd.",19.62,0.0,0.0,2,2,2271000000,2026-09-27T15:35:34.425774
JEHLY,Johnson Electric Holdings Limited,24.5,0.0,0.0,853,34,2270000000,2026-09-27T15:35:34.425774
LIOPY,Lion Corporation,16.4,0.0,0.0,274,4,2269000000,2026-09-27T15:35:34.425774
CDLR,Cadeler A/S,23.51,0.06,0.26,88823,78220,2268000000,2026-09-27T15:35:34.425774
MLFNF,Maple Leaf Foods Inc.,18.18,-0.21,-1.14,1,22295,2268000000,2026-09-27T15:35:34.425774
NSHBF,--,14.5,0.0,0.0,862,95,2265000000,2026-09-27T15:35:34.425774
HLIO,"Helios Technologies, Inc.",68.64,0.26,0.38,534260,326126,2262000000,2026-09-27T15:35:34.425774
CNXN,"PC Connection, Inc.",89.32,0.3,0.34,66126,148133,2254000000,2026-09-27T15:35:34.425774
PHVS,Pharvaris N.V.,32.02,-0.97,-2.94,597640,743857,2248000000,2026-09-27T15:35:34.425774
PBI,Pitney Bowes Inc.,16.38,0.02,0.12,830570,1771000,2246000000,2026-09-27T15:35:34.425774
OERCF,Österreichische Post AG,33.24,0.0,0.0,100,9,2245000000,2026-09-27T15:35:34.425774
TKUGF,"Takeuchi Mfg. Co., Ltd.",48.54,0.0,0.0,300,1,2242000000,2026-09-27T15:35:34.425774
SHAK,Shake Shack Inc.,55.55,-1.9,-3.31,1530000,1619000,2241000000,2026-09-27T15:35:34.425774
NWBI,"Northwest Bancshares, Inc.",15.31,0.13,0.86,813267,1024000,2241000000,2026-09-27T15:35:34.425774
WBRBF,Wienerberger AG,20.43,0.0,0.0,100,36,2231000000,2026-09-27T15:35:34.425774
FIGS,"FIGS, Inc.",13.42,0.93,7.45,4407000,2941000,2230000000,2026-09-27T15:35:34.425774
GGNDF,GN Store Nord A/S,15.31,0.0,0.0,100,130,2229000000,2026-09-27T15:35:34.425774
BGSI,Boyd Group Services Inc.,79.95,0.77,0.97,25583,53090,2225000000,2026-09-27T15:35:34.425774
TRN,"Trinity Industries, Inc.",27.91,0.07,0.25,633977,685306,2224000000,2026-09-27T15:35:34.425774
OKCTF,Okinawa Cellular Telephone Company,24.27,0.0,0.0,68,0,2220000000,2026-09-27T15:35:34.425774
SIND,Sinda Ltd.,13.94,-0.06,-0.43,36978,145268,2214000000,2026-09-27T15:35:34.425774
HTH,Hilltop Holdings Inc.,38.56,0.21,0.55,255388,270542,2209000000,2026-09-27T15:35:34.425774
PBH,Prestige Consumer Healthcare Inc.,46.61,0.96,2.1,447862,544580,2208000000,2026-09-27T15:35:34.425774
SSMR,Sunshine Silver Mining & Refining Company,15.35,0.04,0.26,238340,338119,2206000000,2026-09-27T15:35:34.425774
PTNRF,Partner Communications Company Ltd.,11.75,0.0,0.0,100,1,2206000000,2026-09-27T15:35:34.425774
EFSC,Enterprise Financial Services Corp,60.93,0.24,0.4,304908,245222,2205000000,2026-09-27T15:35:34.425774
BOWFF,Boardwalk Real Estate Investment Trust,43.75,0.47,1.09,700,7696,2201000000,2026-09-27T15:35:34.425774
PATK,"Patrick Industries, Inc.",68.49,0.73,1.08,633287,652193,2200000000,2026-09-27T15:35:34.425774
OFG,OFG Bancorp,51.94,0.2,0.39,235542,281685,2195000000,2026-09-27T15:35:34.425774
DRD,DRDGOLD Limited,25.21,0.27,1.08,188549,312719,2190000000,2026-09-27T15:35:34.425774
NPEGF,"Nippon Electric Glass Co., Ltd.",30.02,0.0,0.0,5,41,2190000000,2026-09-27T15:35:34.425774
TGOSY,"Toyoda Gosei Co., Ltd.",37.32,0.0,0.0,131,1,2188000000,2026-09-27T15:35:34.425774
AUPH,Aurinia Pharmaceuticals Inc.,16.44,-0.15,-0.93,740881,1173000,2187000000,2026-09-27T15:35:34.425774
LIFE,Ethos Technologies Inc.,34.3,-1.01,-2.86,1263000,1279000,2187000000,2026-09-27T15:35:34.425774
AADX,"Applied Aerospace & Defense, Inc.",12.64,-0.1,-0.78,1504000,1502000,2179000000,2026-09-27T15:35:34.425774
BKE,"The Buckle, Inc.",42.27,0.73,1.76,322371,476114,2177000000,2026-09-27T15:35:34.425774
CKNHY,Clarkson PLC,35.43,0.0,0.0,188,3,2177000000,2026-09-27T15:35:34.425774
CHA,Chagee Holdings Limited,11.41,-0.06,-0.52,542204,823996,2177000000,2026-09-27T15:35:34.425774
CC,The Chemours Company,14.46,0.27,1.9,1767000,2362000,2176000000,2026-09-27T15:35:34.425774
BDGIF,Badger Infrastructure Solutions Ltd.,64.65,0.0,0.0,100,6811,2176000000,2026-09-27T15:35:34.425774
OERLY,OC Oerlikon Corporation AG,13.05,0.0,0.0,110,232,2175000000,2026-09-27T15:35:34.425774
IMYSF,Imerys S.A.,25.59,0.0,0.0,700,87,2170000000,2026-09-27T15:35:34.425774
ICHR,"Ichor Holdings, Ltd.",57.94,1.47,2.6,380703,892909,2170000000,2026-09-27T15:35:34.425774
NZF,Nuveen Municipal Credit Income Fund,11.04,-0.03,-0.27,1405000,679831,2168000000,2026-09-27T15:35:34.425774
BTSBF,Betsson AB (publ),16.0,0.0,0.0,500,1,2165000000,2026-09-27T15:35:34.425774
ALGT,Allegiant Travel Company,79.09,2.25,2.93,459182,522823,2162000000,2026-09-27T15:35:34.425774
SDGR,"Schrödinger, Inc.",28.85,-0.6,-2.04,1370000,1465000,2158000000,2026-09-27T15:35:34.425774
JELLF,JEOL Ltd.,44.22,0.0,0.0,200,7,2154000000,2026-09-27T15:35:34.425774
IRLCF,Israel Corporation Ltd,27.91,0.0,0.0,1,3,2150000000,2026-09-27T15:35:34.425774
ABLGF,Alten S.A.,63.0,0.0,0.0,100,1,2150000000,2026-09-27T15:35:34.425774
SONO,"Sonos, Inc.",18.17,0.33,1.88,1874000,1931000,2150000000,2026-09-27T15:35:34.425774
ITOEF,"Ito En, Ltd.",18.64,1.39,8.06,300,33,2148000000,2026-09-27T15:35:34.425774
RVT,"Royce Small-Cap Trust, Inc.",17.27,-0.03,-0.17,201347,257185,2146000000,2026-09-27T15:35:34.425774
TKHIF,Takara Holdings Inc.,11.2,0.0,0.0,600,26,2144000000,2026-09-27T15:35:34.425774
NTCYF,Netcompany Group A/S,48.4,0.0,0.0,200,6,2142000000,2026-09-27T15:35:34.425774
SKXJF,"Sankyo Co., Ltd.",10.83,0.0,0.0,10100,161,2139000000,2026-09-27T15:35:34.425774
CKDOF,CKD Corporation,32.0,0.0,0.0,0,5,2139000000,2026-09-27T15:35:34.425774
MD,"Pediatrix Medical Group, Inc.",26.31,0.65,2.53,386027,776603,2138000000,2026-09-27T15:35:34.425774
BYLOF,Big Yellow Group Plc,10.89,0.0,0.0,500,1863,2135000000,2026-09-27T15:35:34.425774
PRGO,Perrigo Company plc,15.42,0.74,5.04,4275000,2960000,2134000000,2026-09-27T15:35:34.425774
CENTA,Central Garden & Pet Company,34.06,-0.13,-0.38,272844,302377,2132000000,2026-09-27T15:35:34.425774
AUBBF,AUB Group Limited,16.3,0.0,0.0,1005,6,2129000000,2026-09-27T15:35:34.425774
DBD,"Diebold Nixdorf, Incorporated",62.72,0.25,0.4,122396,269593,2129000000,2026-09-27T15:35:34.425774
SFFYF,Signify N.V.,17.74,0.0,0.0,500,68,2119000000,2026-09-27T15:35:34.425774
FLYW,Flywire Corporation,17.4,0.31,1.81,1695000,1819000,2117000000,2026-09-27T15:35:34.425774
FCF,First Commonwealth Financial Corporation,20.91,-0.03,-0.14,1002000,825655,2113000000,2026-09-27T15:35:34.425774
TVAHF,TV Asahi Holdings Corporation,21.0,0.0,0.0,400,1,2111000000,2026-09-27T15:35:34.425774
AGLFF,Angelalign Technology Inc.,12.28,0.0,0.0,100,249,2108000000,2026-09-27T15:35:34.425774
BXMT,"Blackstone Mortgage Trust, Inc.",12.5,0.11,0.89,1812000,2212000,2107000000,2026-09-27T15:35:34.425774
BVILY,Breville Group Limited,28.87,0.0,0.0,100,100,2106000000,2026-09-27T15:35:34.425774
TGOSF,"Toyoda Gosei Co., Ltd.",17.95,0.0,0.0,1,1,2105000000,2026-09-27T15:35:34.425774
EVT,Eaton Vance Tax-Advantaged Dividend Income Fund,28.23,0.24,0.86,103847,91312,2104000000,2026-09-27T15:35:34.425774
EXETF,Extendicare Inc.,22.13,0.0,0.0,3,83925,2103000000,2026-09-27T15:35:34.425774
SFEGY,Smartfit Escola de Ginástica e Dança S.A.,13.74,0.0,0.0,670,11,2102000000,2026-09-27T15:35:34.425774
MKMLF,"Makino Milling Machine Co., Ltd.",90.16,0.0,0.0,500,3,2100000000,2026-09-27T15:35:34.425774
ETOR,eToro Group Ltd.,26.39,-0.42,-1.57,825827,1064000,2099000000,2026-09-27T15:35:34.425774
PENN,"PENN Entertainment, Inc.",15.65,0.16,1.03,3033000,2782000,2098000000,2026-09-27T15:35:34.425774
DNEMF,Dunelm Group plc,10.4,0.0,0.0,5600,90,2097000000,2026-09-27T15:35:34.425774
PKCOY,"PARK24 Co., Ltd.",12.27,0.0,0.0,100,15,2096000000,2026-09-27T15:35:34.425774
NMRSF,"Namura Shipbuilding Co., Ltd.",30.12,0.0,0.0,1000,129,2095000000,2026-09-27T15:35:34.425774
KHNRF,"Keihan Holdings Co., Ltd.",20.75,0.0,0.0,100,1,2094000000,2026-09-27T15:35:34.425774
DKSSF,"Daiichikosho Co., Ltd.",20.25,0.0,0.0,100,100,2093000000,2026-09-27T15:35:34.425774
PDFS,"PDF Solutions, Inc.",49.55,1.67,3.49,403525,604123,2092000000,2026-09-27T15:35:34.425774
GLPGF,Lakefront Biotherapeutics NV,31.95,0.0,0.0,100,3,2092000000,2026-09-27T15:35:34.425774
ECPG,"Encore Capital Group, Inc.",98.41,0.83,0.85,194222,370436,2087000000,2026-09-27T15:35:34.425774
VISIF,"Visional, Inc.",51.54,0.0,0.0,1200,5,2087000000,2026-09-27T15:35:34.425774
CALX,"Calix, Inc.",33.14,-0.13,-0.39,821176,1117000,2087000000,2026-09-27T15:35:34.425774
NSHBY,Nisshinbo Holdings Inc.,26.7,0.0,0.0,100,4,2085000000,2026-09-27T15:35:34.425774
MTX,Minerals Technologies Inc.,66.98,0.63,0.95,120073,214579,2085000000,2026-09-27T15:35:34.425774
ARBFF,ARB Corporation Limited,24.92,0.0,0.0,20,23,2085000000,2026-09-27T15:35:34.425774
BYPLF,Bodycote plc,12.3,0.0,0.0,300,7,2083000000,2026-09-27T15:35:34.425774
CKNHF,Clarkson PLC,67.78,0.0,0.0,39,101,2082000000,2026-09-27T15:35:34.425774
SHO,"Sunstone Hotel Investors, Inc.",11.19,0.05,0.45,1661000,2352000,2081000000,2026-09-27T15:35:34.425774
PEB,Pebblebrook Hotel Trust,18.42,-0.18,-0.97,4153000,2160000,2079000000,2026-09-27T15:35:34.425774
DV,"DoubleVerify Holdings, Inc.",13.41,0.04,0.3,1587000,3639000,2078000000,2026-09-27T15:35:34.425774
CROMF,Crombie Real Estate Investment Trust,11.04,0.0,0.0,100,3209,2077000000,2026-09-27T15:35:34.425774
KYWAF,"EXEO Group, Inc.",10.22,0.0,0.0,310,4,2077000000,2026-09-27T15:35:34.425774
UHOIF,Ushio Inc.,26.17,0.0,0.0,100,44,2077000000,2026-09-27T15:35:34.425774
SRCE,1st Source Corporation,86.09,0.68,0.8,104762,121404,2073000000,2026-09-27T15:35:34.425774
CTRI,"Centuri Holdings, Inc.",20.51,0.12,0.59,1502000,1796000,2071000000,2026-09-27T15:35:34.425774
PLXNF,Pluxee N.V.,15.05,0.0,0.0,250,21,2068000000,2026-09-27T15:35:34.425774
WHR,Whirlpool Corporation,31.71,-1.27,-3.85,3101000,2490000,2067000000,2026-09-27T15:35:34.425774
DNLMY,Dunelm Group plc,10.25,0.0,0.0,9165,226,2067000000,2026-09-27T15:35:34.425774
GWNCF,Goldwin Inc.,15.08,0.0,0.0,0,1,2063000000,2026-09-27T15:35:34.425774
TBBK,"The Bancorp, Inc.",50.58,0.59,1.18,425583,477277,2063000000,2026-09-27T15:35:34.425774
SRG-PA,Seritage Growth Properties,21.25,-0.1,-0.47,2427,6163,2062000000,2026-09-27T15:35:34.425774
AILLI,Ameren Illinois Company,81.0,0.0,0.0,300,10,2062000000,2026-09-27T15:35:34.425774
GROUF,Grafton Group plc,11.05,0.0,0.0,500,8,2059000000,2026-09-27T15:35:34.425774
LCII,LCI Industries,84.51,0.96,1.15,442922,410684,2055000000,2026-09-27T15:35:34.425774
SAH,"Sonic Automotive, Inc.",64.95,2.47,3.95,307289,289753,2053000000,2026-09-27T15:35:34.425774
TRVI,"Trevi Therapeutics, Inc.",14.41,-0.26,-1.81,1365000,1951000,2053000000,2026-09-27T15:35:34.425774
NCNO,"nCino, Inc.",19.41,-0.56,-2.8,1238000,2486000,2052000000,2026-09-27T15:35:34.425774
UTZ,"Utz Brands, Inc.",14.24,0.0,0.0,726588,3488000,2050000000,2026-09-27T15:35:34.425774
CHRYY,Chorus Limited,23.59,-0.08,-0.34,100,442,2047000000,2026-09-27T15:35:34.425774
BSTZ,BlackRock Science and Technology Term Trust,29.76,0.21,0.71,106487,192001,2046000000,2026-09-27T15:35:34.425774
BEKSF,NV Bekaert SA,42.7,0.0,0.0,600,9,2043000000,2026-09-27T15:35:34.425774
INSP,"Inspire Medical Systems, Inc.",70.5,1.69,2.46,609651,802746,2038000000,2026-09-27T15:35:34.425774
DTNOY,DNO ASA,20.9,0.0,0.0,100,71,2038000000,2026-09-27T15:35:34.425774
TILE,"Interface, Inc.",35.2,0.01,0.03,329072,477803,2035000000,2026-09-27T15:35:34.425774
ENTOF,Entra ASA,11.17,0.0,0.0,225,1,2034000000,2026-09-27T15:35:34.425774
TAVHY,TAV Havalimanlari Holding A.S.,22.39,0.35,1.61,20,3734,2033000000,2026-09-27T15:35:34.425774
VCEL,Vericel Corporation,39.71,0.41,1.04,359338,505841,2033000000,2026-09-27T15:35:34.425774
KOD,Kodiak Sciences Inc.,32.35,-0.87,-2.62,2172000,701082,2033000000,2026-09-27T15:35:34.425774
NFYEF,NFI Group Inc.,17.06,0.36,2.16,225,32626,2032000000,2026-09-27T15:35:34.425774
DRVN,Driven Brands Holdings Inc.,12.31,0.27,2.24,1113000,955682,2031000000,2026-09-27T15:35:34.425774
KSS,Kohl's Corporation,17.9,0.66,3.83,4157000,3937000,2029000000,2026-09-27T15:35:34.425774
AHHLF,"ARE Holdings, Inc.",23.55,0.0,0.0,200,1,2024000000,2026-09-27T15:35:34.425774
URGN,UroGen Pharma Ltd.,41.35,0.12,0.29,646731,832390,2021000000,2026-09-27T15:35:34.425774
SZUKF,"Suzuken Co., Ltd.",30.3,0.0,0.0,100,1,2021000000,2026-09-27T15:35:34.425774
CURYY,Currys plc,19.8,0.0,0.0,100,1,2019000000,2026-09-27T15:35:34.425774
ARSUF,Fagron NV,27.5,0.0,0.0,2500,6,2018000000,2026-09-27T15:35:34.425774
TINLY,Teijin Limited,10.45,0.0,0.0,100,50,2018000000,2026-09-27T15:35:34.425774
TH,Target Hospitality Corp.,20.58,-0.87,-4.06,2115000,1554000,2015000000,2026-09-27T15:35:34.425774
TKYMY,Tokuyama Corporation,14.0,0.0,0.0,2,4,2014000000,2026-09-27T15:35:34.425774
STECF,Scatec ASA,12.6,0.0,0.0,3,11,2014000000,2026-09-27T15:35:34.425774
SEDG,"SolarEdge Technologies, Inc.",32.68,0.77,2.41,1881000,3121000,2011000000,2026-09-27T15:35:34.425774
IQMX,IQM Quantum Computers Oyj,10.61,0.16,1.53,240881,489012,2011000000,2026-09-27T15:35:34.425774
DEUZF,DEUTZ Aktiengesellschaft,13.13,0.0,0.0,614,117,2004000000,2026-09-27T15:35:34.425774
HKPMF,Hokuetsu Corporation,12.6,0.0,0.0,0,1,2002000000,2026-09-27T15:35:34.425774
HYMC,Hycroft Mining Holding Corporation,21.48,0.59,2.82,1770000,1839000,2002000000,2026-09-27T15:35:34.425774
AILLM,Ameren Illinois Company,78.6,0.0,0.0,100,9,2001000000,2026-09-27T15:35:34.425774
IBADF,"Inaba Denki Sangyo Co.,Ltd.",17.81,0.0,0.0,259,9,2000000000,2026-09-27T15:35:34.425774
ARLLF,Argan SA,77.56,0.0,0.0,2,2,1997000000,2026-09-27T15:35:34.425774
ARR,"ARMOUR Residential REIT, Inc.",14.1,-0.01,-0.07,4919000,3959000,1996000000,2026-09-27T15:35:34.425774
INVX,"Innovex International, Inc.",28.5,-0.06,-0.21,335829,672760,1993000000,2026-09-27T15:35:34.425774
BAND,Bandwidth Inc.,61.81,-0.02,-0.03,1090000,1061000,1989000000,2026-09-27T15:35:34.425774
RMGNF,RHI Magnesita N.V.,42.01,0.0,0.0,300,24,1989000000,2026-09-27T15:35:34.425774
OXINF,Oxford Instruments plc,36.25,0.0,0.0,200,149,1987000000,2026-09-27T15:35:34.425774
ATAZF,Atea ASA,17.79,0.0,0.0,270,1,1985000000,2026-09-27T15:35:34.425774
STDN,"Standard Nuclear, Inc.",12.34,0.09,0.73,224616,993952,1983000000,2026-09-27T15:35:34.425774
PLGO,Pelagos Insurance Capital Limit,23.96,-0.04,-0.17,412300,437403,1982000000,2026-09-27T15:35:34.425774
NWN,Northwest Natural Holding Company,47.04,0.07,0.15,272626,238484,1980000000,2026-09-27T15:35:34.425774
CEPU,Central Puerto S.A.,13.18,-0.24,-1.79,141337,232914,1977000000,2026-09-27T15:35:34.425774
RELOF,"Relo Group, Inc.",13.01,0.0,0.0,100,1,1974000000,2026-09-27T15:35:34.425774
WERN,"Werner Enterprises, Inc.",32.89,-0.59,-1.76,992024,1050000,1973000000,2026-09-27T15:35:34.425774
SRPT,"Sarepta Therapeutics, Inc.",18.67,0.28,1.52,2204000,3120000,1972000000,2026-09-27T15:35:34.425774
ESTA,Establishment Labs Holdings Inc.,65.97,0.39,0.59,265005,455125,1966000000,2026-09-27T15:35:34.425774
MESO,Mesoblast Limited,15.12,-0.36,-2.33,126052,228342,1963000000,2026-09-27T15:35:34.425774
CELJF,Cellcom Israel Ltd.,11.63,0.0,0.0,100,680,1963000000,2026-09-27T15:35:34.425774
BHVN,Biohaven Ltd.,12.99,-0.2,-1.52,1579000,2789000,1962000000,2026-09-27T15:35:34.425774
MOPHY,Monadelphous Group Limited,19.5,0.0,0.0,1,10,1961000000,2026-09-27T15:35:34.425774
AILLN,Ameren Illinois Company,77.05,0.0,0.0,200,92,1961000000,2026-09-27T15:35:34.425774
BLKB,"Blackbaud, Inc.",43.19,-0.08,-0.18,277817,567120,1960000000,2026-09-27T15:35:34.425774
GRC,The Gorman-Rupp Company,74.21,-0.44,-0.59,252339,190344,1960000000,2026-09-27T15:35:34.425774
AILIM,Ameren Illinois Company,77.0,0.0,0.0,390,4,1960000000,2026-09-27T15:35:34.425774
SHAZ,SharonAI Holdings Inc.,54.68,-1.72,-3.05,1229000,1952000,1958000000,2026-09-27T15:35:34.425774
GRDDY,Grand City Properties S.A.,11.1,0.0,0.0,100,6,1955000000,2026-09-27T15:35:34.425774
SPB,"Spectrum Brands Holdings, Inc.",84.91,0.14,0.17,227192,332865,1953000000,2026-09-27T15:35:34.425774
PGNY,"Progyny, Inc.",25.44,-0.53,-2.04,956511,1151000,1952000000,2026-09-27T15:35:34.425774
FRHLF,Freehold Royalties Ltd.,11.9,0.01,0.08,2056,76623,1951000000,2026-09-27T15:35:34.425774
HVBVF,Havas N.V.,19.96,0.0,0.0,261,145,1950000000,2026-09-27T15:35:34.425774
NKTR,Nektar Therapeutics,57.06,-2.32,-3.91,2529000,921184,1948000000,2026-09-27T15:35:34.425774
LCSHY,Lancashire Holdings Limited,16.0,0.0,0.0,100,1,1946000000,2026-09-27T15:35:34.425774
AGIO,"Agios Pharmaceuticals, Inc.",32.58,-0.32,-0.97,740409,1056000,1945000000,2026-09-27T15:35:34.425774
FDVWF,Friedrich Vorwerk Group SE,97.25,0.0,0.0,200,4,1945000000,2026-09-27T15:35:34.425774
PAEXY,Parex Resources Inc.,20.22,0.0,0.0,100,60,1945000000,2026-09-27T15:35:34.425774
QNT,Quantinuum Inc.,49.53,0.14,0.28,1754000,1843000,1945000000,2026-09-27T15:35:34.425774
GENB,"Generate Biomedicines, Inc.",15.15,-0.84,-5.25,1266000,1040000,1945000000,2026-09-27T15:35:34.425774
CMPR,Cimpress plc,79.79,1.18,1.5,108143,190682,1943000000,2026-09-27T15:35:34.425774
IVR-PC,Invesco Mortgage Capital Inc.,23.95,-0.01,-0.06,20252,14808,1939000000,2026-09-27T15:35:34.425774
ZD,"Ziff Davis, Inc.",56.51,0.04,0.07,632903,646631,1938000000,2026-09-27T15:35:34.425774
APELF,"Alps Alpine Co., Ltd.",10.0,0.0,0.0,400,6,1932000000,2026-09-27T15:35:34.425774
MFP,"Midera Food Processing, Inc.",42.69,-0.29,-0.67,326424,867944,1931000000,2026-09-27T15:35:34.425774
AFBOF,African Rainbow Minerals Limited,10.0,0.0,0.0,600,11,1928000000,2026-09-27T15:35:34.425774
GCT,GigaCloud Technology Inc.,53.98,0.07,0.13,584259,645760,1928000000,2026-09-27T15:35:34.425774
LKFT,Lakefront Biotherapeutics NV,29.38,-0.98,-3.23,250700,249896,1924000000,2026-09-27T15:35:34.425774
BXDC,Blackstone Digital Infrastructure Trust Inc.,19.08,-0.49,-2.5,2684000,1292000,1920000000,2026-09-27T15:35:34.425774
ADDLF,AddLife AB (publ),15.75,0.0,0.0,3000,9,1919000000,2026-09-27T15:35:34.425774
NGCRY,NagaCorp Ltd.,26.0,0.0,0.0,5,1,1917000000,2026-09-27T15:35:34.425774
EZPW,"EZCORP, Inc.",31.16,0.87,2.87,514132,979892,1915000000,2026-09-27T15:35:34.425774
TOP,TOP Financial Group Limited,15.47,0.48,3.2,80140,107633,1914000000,2026-09-27T15:35:34.425774
GENSF,Genus plc,28.94,0.0,0.0,145,6,1914000000,2026-09-27T15:35:34.425774
VOYG,"Voyager Technologies, Inc.",31.35,0.25,0.8,2484000,1854000,1913000000,2026-09-27T15:35:34.425774
OSGCF,OSG Corporation,23.25,0.0,0.0,100,6,1910000000,2026-09-27T15:35:34.425774
PRDO,Perdoceo Education Corporation,30.49,-1.19,-3.76,547341,713003,1908000000,2026-09-27T15:35:34.425774
BVC,BitVentures Limited,11.35,-1.69,-12.96,13278,39860,1907000000,2026-09-27T15:35:34.425774
WKRCF,Wacker Neuson SE,28.0,0.0,0.0,500,12,1904000000,2026-09-27T15:35:34.425774
KARO,Karooooo Ltd.,61.63,-0.38,-0.61,52745,105079,1904000000,2026-09-27T15:35:34.425774
SNKCF,"SENKO Group Holdings Co., Ltd.",11.35,0.0,0.0,200,1,1900000000,2026-09-27T15:35:34.425774
TKYMF,Tokuyama Corporation,26.41,0.0,0.0,0,39,1900000000,2026-09-27T15:35:34.425774
NPKYY,"Nippon Kayaku Co., Ltd.",13.16,0.0,0.0,11,6,1898000000,2026-09-27T15:35:34.425774
ZYME,Zymeworks Inc.,26.52,-0.29,-1.08,689286,633158,1896000000,2026-09-27T15:35:34.425774
FURCF,Forvia SE,10.3,0.0,0.0,8,19,1895000000,2026-09-27T15:35:34.425774
NSHKF,"Nippon Shokubai Co., Ltd.",12.82,0.0,0.0,100,1,1894000000,2026-09-27T15:35:34.425774
KOSCF,KOSE Holdings Corporation,33.38,0.0,0.0,200,0,1894000000,2026-09-27T15:35:34.425774
FTRE,Fortrea Holdings Inc.,19.89,-0.13,-0.65,679749,1397000,1892000000,2026-09-27T15:35:34.425774
EZKGF,"Ezaki Glico Co., Ltd.",30.82,0.0,0.0,200,1,1889000000,2026-09-27T15:35:34.425774
SGRY,"Surgery Partners, Inc.",14.4,0.2,1.41,1763000,2143000,1885000000,2026-09-27T15:35:34.425774
FPLSF,5N Plus Inc.,20.96,0.24,1.16,723,66366,1885000000,2026-09-27T15:35:34.425774
BLFS,"BioLife Solutions, Inc.",38.49,-0.09,-0.23,947485,1079000,1883000000,2026-09-27T15:35:34.425774
HVNVY,Havas N.V.,96.26,0.0,0.0,200,3,1881000000,2026-09-27T15:35:34.425774
PRCH,"Porch Group, Inc.",16.53,0.06,0.36,2638000,1647000,1876000000,2026-09-27T15:35:34.425774
GENSY,Genus plc,28.38,0.0,0.0,300,16,1876000000,2026-09-27T15:35:34.425774
ATS,ATS Corporation,19.1,0.21,1.11,136425,239141,1874000000,2026-09-27T15:35:34.425774
LIME,"Neutron Holdings, Inc. Common Stock",29.21,0.62,2.17,289264,413203,1870000000,2026-09-27T15:35:34.425774
OLN,Olin Corporation,16.4,0.14,0.86,1684000,2991000,1869000000,2026-09-27T15:35:34.425774
ATEN,"A10 Networks, Inc.",25.73,-0.26,-1.0,741032,1262000,1868000000,2026-09-27T15:35:34.425774
LIND,"Lindblad Expeditions Holdings, Inc.",28.45,0.87,3.15,782314,837796,1867000000,2026-09-27T15:35:34.425774
CMTHF,Cementir Holding N.V.,12.0,0.0,0.0,0,40,1866000000,2026-09-27T15:35:34.425774
HHULY,Hamburger Hafen und Logistik Aktiengesellschaft,12.4,0.0,0.0,199,111,1865000000,2026-09-27T15:35:34.425774
BLRDY,Billerud AB (publ),15.0,0.0,0.0,1,31,1865000000,2026-09-27T15:35:34.425774
LMAT,"LeMaitre Vascular, Inc.",81.52,0.7,0.87,230349,342134,1864000000,2026-09-27T15:35:34.425774
GABC,"German American Bancorp, Inc.",49.5,0.4,0.81,160641,148503,1860000000,2026-09-27T15:35:34.425774
BRVE,"Braveheart Bio, Inc.",20.62,-2.75,-11.77,471827,547600,1857000000,2026-09-27T15:35:34.425774
RBCAA,"Republic Bancorp, Inc.",94.55,0.42,0.45,71821,111174,1856000000,2026-09-27T15:35:34.425774
HUBG,"Hub Group, Inc.",30.34,0.31,1.03,767036,1114000,1855000000,2026-09-27T15:35:34.425774
NGL-PB,NGL Energy Partners LP,25.91,0.08,0.31,36029,36713,1852000000,2026-09-27T15:35:34.425774
TY,Tri-Continental Corporation,34.62,0.18,0.52,16915,32863,1849000000,2026-09-27T15:35:34.425774
NTST,NETSTREIT Corp.,18.21,-0.26,-1.41,2068000,1659000,1849000000,2026-09-27T15:35:34.425774
WS,"Worthington Steel, Inc.",36.26,0.78,2.2,196717,264882,1847000000,2026-09-27T15:35:34.425774
PMREF,Primaris Real Estate Investment Trust,15.63,0.0,0.0,100,19644,1846000000,2026-09-27T15:35:34.425774
ILKAY,Iluka Resources Limited,21.4,0.0,0.0,200,1141,1846000000,2026-09-27T15:35:34.425774
NVCR,NovoCure Limited,15.84,-0.36,-2.22,1028000,1420000,1845000000,2026-09-27T15:35:34.425774
VERX,"Vertex, Inc.",11.37,-0.31,-2.65,1080000,1931000,1844000000,2026-09-27T15:35:34.425774
EPAC,Enerpac Tool Group Corp.,35.7,-0.34,-0.94,564014,463590,1840000000,2026-09-27T15:35:34.425774
BLBD,Blue Bird Corporation,58.12,2.54,4.57,658176,536765,1839000000,2026-09-27T15:35:34.425774
WTSHF,Westshore Terminals Investment Corporation,29.75,-0.05,-0.17,500,3998,1838000000,2026-09-27T15:35:34.425774
OKIEY,"Oki Electric Industry Co., Ltd.",21.18,0.0,0.0,2000,1,1837000000,2026-09-27T15:35:34.425774
HMN,Horace Mann Educators Corporation,45.35,-0.53,-1.16,372053,279223,1837000000,2026-09-27T15:35:34.425774
XPRO,Expro Ltd,16.33,-0.39,-2.33,614498,944961,1835000000,2026-09-27T15:35:34.425774
MTPVY,Métropole Télévision S.A.,14.55,0.0,0.0,200,9,1833000000,2026-09-27T15:35:34.425774
THDDY,TV Asahi Holdings Corporation,18.2,0.0,0.0,1,23,1830000000,2026-09-27T15:35:34.425774
NSP,"Insperity, Inc.",47.83,-0.07,-0.15,534124,520792,1827000000,2026-09-27T15:35:34.425774
NGL-PC,NGL Energy Partners LP,25.85,0.0,0.0,215,1994,1826000000,2026-09-27T15:35:34.425774
MLLGF,Mullen Group Ltd.,18.95,0.0,0.0,100,35688,1824000000,2026-09-27T15:35:34.425774
WKC,World Kinect Corporation,35.65,-0.32,-0.89,679983,1163000,1824000000,2026-09-27T15:35:34.425774
PARXF,Parex Resources Inc.,18.94,-0.73,-3.71,10300,183730,1822000000,2026-09-27T15:35:34.425774
MTASF,Montana Aerospace AG,29.05,0.0,0.0,64,131,1822000000,2026-09-27T15:35:34.425774
KANKF,Kaneka Corporation,30.27,0.0,0.0,200,1,1817000000,2026-09-27T15:35:34.425774
GRNNF,Grand City Properties S.A.,10.28,0.0,0.0,191,146,1816000000,2026-09-27T15:35:34.425774
SNDA,"Sonida Senior Living, Inc.",37.71,0.16,0.43,388553,480103,1812000000,2026-09-27T15:35:34.425774
NXAGF,"NEXTAGE Co., Ltd.",23.11,0.0,0.0,900,14,1812000000,2026-09-27T15:35:34.425774
CMPS,COMPASS Pathways plc,13.06,-0.03,-0.23,2041000,3385000,1809000000,2026-09-27T15:35:34.425774
GRGCF,Georgia Capital PLC,59.91,2.78,4.87,3263,823,1808000000,2026-09-27T15:35:34.425774
STC,Stewart Information Services Corporation,59.19,-0.54,-0.9,294509,236320,1807000000,2026-09-27T15:35:34.425774
ASTH,"Astrana Health, Inc.",36.37,1.93,5.6,336606,525569,1804000000,2026-09-27T15:35:34.425774
VSTS,Vestis Corporation,13.65,-0.19,-1.37,1207000,1410000,1804000000,2026-09-27T15:35:34.425774
VIR,"Vir Biotechnology, Inc.",10.66,-0.06,-0.56,1126000,1817000,1804000000,2026-09-27T15:35:34.425774
SHALY,Shangri-La Asia Limited,10.08,0.0,0.0,50,17,1800000000,2026-09-27T15:35:34.425774
MNHFF,Mayr-Melnhof Karton AG,92.59,0.0,0.0,600,9,1799000000,2026-09-27T15:35:34.425774
BOBS,"Bob's Discount Furniture, Inc.",13.75,0.06,0.44,572971,952977,1797000000,2026-09-27T15:35:34.425774
PLYGF,PolyPeptide Group AG,54.42,0.0,0.0,200,27,1797000000,2026-09-27T15:35:34.425774
PLAB,"Photronics, Inc.",30.4,0.59,1.98,623528,1173000,1794000000,2026-09-27T15:35:34.425774
AILIN,Ameren Illinois Company,70.35,0.0,0.0,1000,42,1791000000,2026-09-27T15:35:34.425774
NBHC,National Bank Holdings Corporation,40.17,0.16,0.4,910165,396361,1789000000,2026-09-27T15:35:34.425774
MAUSY,"Matsui Securities Co., Ltd.",13.88,0.0,0.0,4,15,1787000000,2026-09-27T15:35:34.425774
SFFFF,Peugeot Invest Société anonyme,71.94,0.0,0.0,110,1,1786000000,2026-09-27T15:35:34.425774
NNKEF,"NANKAI Co., Ltd.",16.5,0.0,0.0,200,1,1785000000,2026-09-27T15:35:34.425774
DCOM,"Dime Commercial Bancshares, Inc.",40.37,0.16,0.4,257258,296547,1783000000,2026-09-27T15:35:34.425774
CCS,"Century Communities, Inc.",62.66,0.66,1.06,162854,270420,1782000000,2026-09-27T15:35:34.425774
NNWWF,The North West Company Inc.,37.62,0.13,0.35,100,4715,1780000000,2026-09-27T15:35:34.425774
ETG,Eaton Vance Tax-Advantaged Global Dividend Income Fund,23.31,0.22,0.95,120743,87685,1779000000,2026-09-27T15:35:34.425774
ACVA,ACV Auctions Inc.,10.46,0.0,0.0,3710000,7036000,1776000000,2026-09-27T15:35:34.425774
GTY,Getty Realty Corp.,28.66,-0.05,-0.17,776790,553049,1775000000,2026-09-27T15:35:34.425774
ETV,Eaton Vance Tax-Managed Buy-Write Opportunities Fund,15.19,-0.05,-0.33,194285,149676,1774000000,2026-09-27T15:35:34.425774
DAO,"Youdao, Inc.",14.7,0.14,0.96,24513,67084,1773000000,2026-09-27T15:35:34.425774
VET,Vermilion Energy Inc.,11.6,-0.27,-2.27,912006,1444000,1772000000,2026-09-27T15:35:34.425774
SFL,SFL Corporation Ltd.,12.78,-0.2,-1.54,1206000,1398000,1772000000,2026-09-27T15:35:34.425774
XNCR,"Xencor, Inc.",23.8,-0.08,-0.34,1170000,1255000,1770000000,2026-09-27T15:35:34.425774
EBLMY,Etablissements Maurel & Prom S.A.,44.29,0.0,0.0,100,3,1769000000,2026-09-27T15:35:34.425774
NURPF,Neuren Pharmaceuticals Limited,13.94,0.0,0.0,400,493,1767000000,2026-09-27T15:35:34.425774
HOPE,"Hope Bancorp, Inc.",13.83,0.11,0.8,858741,987423,1767000000,2026-09-27T15:35:34.425774
MQ,"Marqeta, Inc.",16.96,0.52,3.16,984588,966301,1766000000,2026-09-27T15:35:34.425774
AMPL,"Amplitude, Inc.",13.3,-0.39,-2.85,1139000,2056000,1764000000,2026-09-27T15:35:34.425774
SEPN,"Septerna, Inc.",37.77,-0.36,-0.94,344284,424285,1763000000,2026-09-27T15:35:34.425774
SFRGF,Salvatore Ferragamo S.p.A.,10.69,0.0,0.0,100,6,1762000000,2026-09-27T15:35:34.425774
DSFGY,Dah Sing Financial Holdings Limited,16.53,0.0,0.0,2,6,1758000000,2026-09-27T15:35:34.425774
PSNL,"Personalis, Inc.",16.46,-0.11,-0.66,1014000,3811000,1758000000,2026-09-27T15:35:34.425774
STBA,"S&T Bancorp, Inc.",49.82,0.22,0.44,306334,262826,1757000000,2026-09-27T15:35:34.425774
SMA,"SmartStop Self Storage REIT, Inc.",31.73,0.48,1.54,462676,726166,1757000000,2026-09-27T15:35:34.425774
CMRE,Costamare Inc.,14.53,-0.13,-0.89,263383,364412,1757000000,2026-09-27T15:35:34.425774
ZBIO,"Zenas BioPharma, Inc.",26.95,-0.55,-2.0,747843,787884,1757000000,2026-09-27T15:35:34.425774
NVAX,"Novavax, Inc.",10.63,0.03,0.28,3910000,4478000,1753000000,2026-09-27T15:35:34.425774
BRGAY,Borregaard ASA,35.15,0.0,0.0,100,100,1751000000,2026-09-27T15:35:34.425774
LKHLY,Lonking Holdings Limited,20.45,0.0,0.0,100,11,1751000000,2026-09-27T15:35:34.425774
TRRVF,TerraVest Industries Inc.,81.7,0.0,0.0,200,3021,1750000000,2026-09-27T15:35:34.425774
FSUN,FirstSun Capital Bancorp,39.74,0.5,1.27,272874,316261,1747000000,2026-09-27T15:35:34.425774
AMANF,Amano Corporation,25.12,0.0,0.0,2,6,1740000000,2026-09-27T15:35:34.425774
MNR,Mach Natural Resources LP,10.4,-0.12,-1.14,712241,613671,1736000000,2026-09-27T15:35:34.425774
LOB,"Live Oak Bancshares, Inc.",37.48,0.21,0.56,205332,219295,1735000000,2026-09-27T15:35:34.425774
HAPN,"Happen, Inc.",15.03,-0.32,-2.08,1563000,1555000,1735000000,2026-09-27T15:35:34.425774
CPRI,Capri Holdings Limited,15.1,-0.09,-0.59,2642000,4514000,1733000000,2026-09-27T15:35:34.425774
GEL,"Genesis Energy, L.P.",14.17,-0.16,-1.12,189043,244853,1732000000,2026-09-27T15:35:34.425774
AIN,Albany International Corp.,60.98,0.34,0.56,181983,267607,1730000000,2026-09-27T15:35:34.425774
TSLX,"Sixth Street Specialty Lending, Inc.",18.14,-0.01,-0.06,341636,481585,1730000000,2026-09-27T15:35:34.425774
TSMRF,Tsumura & Co.,23.2,0.0,0.0,100,6,1729000000,2026-09-27T15:35:34.425774
HOFJF,House Foods Group Inc.,19.36,0.0,0.0,100,1,1727000000,2026-09-27T15:35:34.425774
FRNM,"Freenome, Inc.",15.99,-0.02,-0.12,418837,761809,1718000000,2026-09-27T15:35:34.425774
AILLO,Ameren Illinois Company,67.35,0.0,0.0,100,14,1714000000,2026-09-27T15:35:34.425774
AI,"C3.ai, Inc.",10.65,-0.11,-1.02,4267000,5016000,1712000000,2026-09-27T15:35:34.425774
STEW,"SRH Total Return Fund, Inc.",17.72,0.12,0.68,32475,69138,1709000000,2026-09-27T15:35:34.425774
RLJ,RLJ Lodging Trust,11.2,0.08,0.72,1158000,1793000,1707000000,2026-09-27T15:35:34.425774
STRA,"Strategic Education, Inc.",76.83,-2.99,-3.75,191347,294331,1706000000,2026-09-27T15:35:34.425774
CTS,CTS Corporation,59.6,0.06,0.1,242641,221858,1702000000,2026-09-27T15:35:34.425774
DXC,DXC Technology Company,10.65,-0.16,-1.48,2634000,3421000,1702000000,2026-09-27T15:35:34.425774
ANIP,"ANI Pharmaceuticals, Inc.",74.0,-0.04,-0.05,229802,368385,1700000000,2026-09-27T15:35:34.425774
PDO,Pimco Dynamic Income Opportunities Fund,11.73,0.07,0.6,1054000,833000,1699000000,2026-09-27T15:35:34.425774
NBTX,Nanobiotix S.A.,33.31,-0.15,-0.45,124577,141012,1696000000,2026-09-27T15:35:34.425774
BY,"Byline Bancorp, Inc.",37.44,0.33,0.89,255935,283203,1692000000,2026-09-27T15:35:34.425774
MWTCY,"Manila Water Company, Inc.",14.27,0.0,0.0,90,49,1691000000,2026-09-27T15:35:34.425774
MIZUF,Mizuno Corporation,22.22,0.0,0.0,1,3,1690000000,2026-09-27T15:35:34.425774
AMBQ,"Ambiq Micro, Inc.",69.79,0.87,1.26,268491,521692,1688000000,2026-09-27T15:35:34.425774
IE,Ivanhoe Electric Inc.,10.56,0.57,5.71,1862000,2106000,1685000000,2026-09-27T15:35:34.425774
LNRCF,LunR Royalties Corp.,13.94,0.26,1.9,295,28212,1685000000,2026-09-27T15:35:34.425774
EVTC,"EVERTEC, Inc.",28.18,-0.02,-0.07,393793,434753,1684000000,2026-09-27T15:35:34.425774
NYAX,Nayax Ltd.,45.03,0.28,0.63,20945,22526,1683000000,2026-09-27T15:35:34.425774
XHR,"Xenia Hotels & Resorts, Inc.",18.17,0.24,1.34,840263,761690,1676000000,2026-09-27T15:35:34.425774
TCBK,TriCo Bancshares,52.38,0.28,0.54,421047,361206,1674000000,2026-09-27T15:35:34.425774
FLNG,FLEX LNG Ltd.,30.88,-0.19,-0.61,309981,376412,1670000000,2026-09-27T15:35:34.425774
CGEAF,Cogeco Communications Inc.,39.6,0.0,0.0,676,5615,1664000000,2026-09-27T15:35:34.425774
MONSF,Montea Comm. VA,71.23,0.0,0.0,76,10,1660000000,2026-09-27T15:35:34.425774
SGHIY,Shanghai Industrial Holdings Limited,15.26,0.0,0.0,1,9,1659000000,2026-09-27T15:35:34.425774
AILIH,Ameren Illinois Company,65.15,0.0,0.0,100,23,1658000000,2026-09-27T15:35:34.425774
OBK,"Origin Bancorp, Inc.",53.64,0.34,0.64,139899,166484,1655000000,2026-09-27T15:35:34.425774
PAX,Patria Investments Limited,10.24,0.09,0.89,644022,1053000,1653000000,2026-09-27T15:35:34.425774
OCFC,OceanFirst Financial Corp.,17.1,0.23,1.36,995141,977593,1653000000,2026-09-27T15:35:34.425774
WBI,WaterBridge Infrastructure LLC,29.8,-0.14,-0.47,354660,709065,1653000000,2026-09-27T15:35:34.425774
CNXC,Concentrix Corporation,27.08,-2.31,-7.86,2234000,1635000,1652000000,2026-09-27T15:35:34.425774
ECMPF,Eurocommercial Properties N.V.,29.96,0.0,0.0,1155,1,1649000000,2026-09-27T15:35:34.425774
ETON,"Eton Pharmaceuticals, Inc.",57.68,-1.81,-3.04,502888,561834,1649000000,2026-09-27T15:35:34.425774
NEXA,Nexa Resources S.A.,12.44,-0.2,-1.58,451612,733795,1648000000,2026-09-27T15:35:34.425774
NTLA,"Intellia Therapeutics, Inc.",11.75,-0.41,-3.37,2971000,3923000,1646000000,2026-09-27T15:35:34.425774
NHNKY,Nihon Kohden Corporation,10.28,0.2,2.03,1056,16411,1645000000,2026-09-27T15:35:34.425774
PRXXF,Paradox Interactive AB (publ),15.65,0.0,0.0,19,78,1638000000,2026-09-27T15:35:34.425774
GHRS,GH Research PLC,23.84,-0.61,-2.49,179976,264128,1636000000,2026-09-27T15:35:34.425774
PHMMF,"Pharma Mar, S.A.",94.6,0.0,0.0,100,17,1636000000,2026-09-27T15:35:34.425774
FRVWY,Friedrich Vorwerk Group SE,20.36,0.0,0.0,100,39,1629000000,2026-09-27T15:35:34.425774
BFSAF,Befesa S.A.,40.7,0.0,0.0,100,144,1628000000,2026-09-27T15:35:34.425774
RAPP,"Rapport Therapeutics, Inc.",33.91,0.08,0.24,711629,374017,1627000000,2026-09-27T15:35:34.425774
BL,"BlackLine, Inc.",27.99,0.1,0.36,810604,1007000,1627000000,2026-09-27T15:35:34.425774
SNDX,"Syndax Pharmaceuticals, Inc.",18.2,0.23,1.28,1315000,1661000,1625000000,2026-09-27T15:35:34.425774
COAG,"Hemab Therapeutics Holdings, Inc.",34.74,-0.98,-2.74,206679,440947,1623000000,2026-09-27T15:35:34.425774
KBKIF,"Kotobuki Spirits Co., Ltd.",10.5,0.0,0.0,1000,15,1622000000,2026-09-27T15:35:34.425774
IPSOF,Ipsos SA,39.0,0.0,0.0,200,14,1617000000,2026-09-27T15:35:34.425774
DSGR,"Distribution Solutions Group, Inc.",34.96,0.01,0.03,260425,231831,1617000000,2026-09-27T15:35:34.425774
KMTS,"Kestra Medical Technologies, Ltd.",27.14,1.38,5.36,339689,377296,1617000000,2026-09-27T15:35:34.425774
FRRFF,4imprint Group plc,57.63,0.0,0.0,2200,76,1616000000,2026-09-27T15:35:34.425774
PRGS,Progress Software Corporation,39.34,-0.89,-2.21,375191,602093,1613000000,2026-09-27T15:35:34.425774
HUIHY,Huabao International Holdings Limited,25.0,0.0,0.0,2,5,1611000000,2026-09-27T15:35:34.425774
GLP,Global Partners LP,47.54,-0.31,-0.65,32985,75339,1609000000,2026-09-27T15:35:34.425774
SBH,"Sally Beauty Holdings, Inc.",17.18,0.18,1.06,1008000,1314000,1608000000,2026-09-27T15:35:34.425774
AHL-PE,Aspen Insurance Holdings Limited,17.51,-0.08,-0.45,15968,27255,1608000000,2026-09-27T15:35:34.425774
CBL,"CBL & Associates Properties, Inc.",51.91,-0.4,-0.76,216086,269893,1606000000,2026-09-27T15:35:34.425774
STOK,"Stoke Therapeutics, Inc.",24.8,-0.49,-1.94,798371,857353,1600000000,2026-09-27T15:35:34.425774
ATEX,Anterix Inc.,81.42,0.09,0.11,168900,366117,1597000000,2026-09-27T15:35:34.425774
EFC,Ellington Financial Inc.,12.36,-0.01,-0.08,1575000,1199000,1593000000,2026-09-27T15:35:34.425774
MRVCF,Metrovacesa S.A.,10.5,0.0,0.0,10000,4,1592000000,2026-09-27T15:35:34.425774
IMKTA,"Ingles Markets, Incorporated",83.77,-0.34,-0.4,103262,117134,1591000000,2026-09-27T15:35:34.425774
ELE,Elemental Royalty Corporation,20.74,0.59,2.93,443556,341247,1591000000,2026-09-27T15:35:34.425774
WLTH,Wealthfront Corporation,10.18,-0.01,-0.1,1779000,1931000,1590000000,2026-09-27T15:35:34.425774
TRIN,Trinity Capital Inc.,17.66,0.17,0.97,630714,1010000,1587000000,2026-09-27T15:35:34.425774
LWSCF,Sienna Senior Living Inc.,14.31,0.0,0.0,100,62612,1587000000,2026-09-27T15:35:34.425774
NPNKF,"Nippon Shinyaku Co., Ltd.",23.5,0.0,0.0,81,19,1584000000,2026-09-27T15:35:34.425774
TNIEF,tonies SE,12.79,0.0,0.0,200,297,1583000000,2026-09-27T15:35:34.425774
IMCR,Immunocore Holdings plc,30.72,-0.57,-1.82,271994,467817,1582000000,2026-09-27T15:35:34.425774
GIC,Global Industrial Company,41.5,0.27,0.65,330137,130041,1581000000,2026-09-27T15:35:34.425774
TSDOF,Tessenderlo Group NV,26.8,0.0,0.0,200,8,1581000000,2026-09-27T15:35:34.425774
FXCNY,FIH Mobile Limited,20.18,0.0,0.0,100,6,1580000000,2026-09-27T15:35:34.425774
HAWK,"HawkEye 360, Inc.",16.1,0.1,0.63,867193,1175000,1577000000,2026-09-27T15:35:34.425774
TGLS,Tecnoglass Holdings Inc.,35.44,0.65,1.87,256710,262766,1572000000,2026-09-27T15:35:34.425774
OPRA,Opera Limited,17.65,-0.05,-0.28,286657,358425,1569000000,2026-09-27T15:35:34.425774
DPBSF,Dampskibsselskabet Norden A/S,57.28,0.0,0.0,200,12,1566000000,2026-09-27T15:35:34.425774
WWW,"Wolverine World Wide, Inc.",19.07,-0.23,-1.19,582308,779601,1565000000,2026-09-27T15:35:34.425774
ATEC,"Alphatec Holdings, Inc.",10.12,0.2,2.02,2623000,2295000,1563000000,2026-09-27T15:35:34.425774
CNOB,"ConnectOne Bancorp, Inc.",31.06,0.17,0.55,346434,412922,1563000000,2026-09-27T15:35:34.425774
PBT,Permian Basin Royalty Trust,33.53,-0.21,-0.62,66326,114296,1563000000,2026-09-27T15:35:34.425774
CBLUY,China BlueChemical Ltd.,16.95,0.0,0.0,200,3,1563000000,2026-09-27T15:35:34.425774
AESI,Atlas Energy Solutions Inc.,12.47,1.48,13.47,12154000,3370000,1558000000,2026-09-27T15:35:34.425774
NNRHF,"Neinor Homes, S.A.",16.01,0.0,0.0,113,3,1541000000,2026-09-27T15:35:34.425774
SHHPF,"Ship Healthcare Holdings, Inc.",16.88,0.0,0.0,2,1,1540000000,2026-09-27T15:35:34.425774
GAM,"General American Investors Company, Inc.",64.52,0.04,0.06,16182,19007,1538000000,2026-09-27T15:35:34.425774
CASH,"Pathward Financial, Inc.",73.8,0.3,0.41,173250,219280,1533000000,2026-09-27T15:35:34.425774
AVVOF,Avio S.p.A.,33.19,0.0,0.0,200,188,1532000000,2026-09-27T15:35:34.425774
ATUUF,Tenaz Energy Corp.,46.25,-1.8,-3.75,200,12720,1532000000,2026-09-27T15:35:34.425774
BWERY,BW Energy Limited,59.25,0.0,0.0,34,1,1531000000,2026-09-27T15:35:34.425774
OMCL,"Omnicell, Inc.",33.66,0.63,1.91,508395,687896,1531000000,2026-09-27T15:35:34.425774
IIPR,"Innovative Industrial Properties, Inc.",55.52,-0.07,-0.13,322404,333952,1531000000,2026-09-27T15:35:34.425774
CDMGF,Icade,20.15,0.0,0.0,100,12,1528000000,2026-09-27T15:35:34.425774
ANAB,"AnaptysBio, Inc.",51.0,-0.7,-1.35,437674,585314,1525000000,2026-09-27T15:35:34.425774
MPEVF,M.P. Evans Group PLC,29.32,0.0,0.0,100,26,1523000000,2026-09-27T15:35:34.425774
TSKMF,Tsubakimoto Chain Co.,15.07,0.0,0.0,400,5,1522000000,2026-09-27T15:35:34.425774
ARPTF,Airport City Ltd.,14.44,0.0,0.0,100,1,1522000000,2026-09-27T15:35:34.425774
SESMF,SUSS MicroTec SE,77.34,-5.66,-6.82,350,144,1514000000,2026-09-27T15:35:34.425774
HGTY,"Hagerty, Inc.",13.59,0.01,0.07,300616,301815,1513000000,2026-09-27T15:35:34.425774
DNACF,"DeNA Co., Ltd.",16.35,0.0,0.0,300,14,1513000000,2026-09-27T15:35:34.425774
KLKNF,Klöckner & Co SE,15.15,0.0,0.0,200,4,1511000000,2026-09-27T15:35:34.425774
SISXF,Savaria Corporation,21.0,0.38,1.84,160,7711,1510000000,2026-09-27T15:35:34.425774
PRKS,United Parks & Resorts Inc.,33.25,0.58,1.78,486659,660012,1508000000,2026-09-27T15:35:34.425774
RVLV,"Revolve Group, Inc.",21.2,0.52,2.51,600025,841368,1507000000,2026-09-27T15:35:34.425774
LDGYY,Landis+Gyr Group AG,14.15,0.0,0.0,700,62,1507000000,2026-09-27T15:35:34.425774
ENR,"Energizer Holdings, Inc.",22.0,-0.2,-0.9,745610,1004000,1507000000,2026-09-27T15:35:34.425774
LNXSF,LANXESS Aktiengesellschaft,17.19,0.0,0.0,1,47,1505000000,2026-09-27T15:35:34.425774
AGRO,Adecoagro S.A.,10.43,-0.2,-1.88,413458,786004,1505000000,2026-09-27T15:35:34.425774
SNLRF,Sanlorenzo S.p.A.,42.46,0.0,0.0,144,44,1505000000,2026-09-27T15:35:34.425774
RQI,"Cohen & Steers Quality Income Realty Fund, Inc.",11.17,0.01,0.09,498364,686512,1503000000,2026-09-27T15:35:34.425774
FBOHY,Forbo Holding AG,20.95,0.0,0.0,2,8,1502000000,2026-09-27T15:35:34.425774
ERMAF,ERAMET S.A.,52.31,0.0,0.0,600,1,1499000000,2026-09-27T15:35:34.425774
AIKCF,"Aica Kogyo Company, Limited",23.69,0.0,0.0,0,3,1499000000,2026-09-27T15:35:34.425774
CSNVY,Corbion N.V.,26.0,0.0,0.0,100,23,1499000000,2026-09-27T15:35:34.425774
ICFI,"ICF International, Inc.",83.56,0.56,0.67,230531,220833,1499000000,2026-09-27T15:35:34.425774
INVA,"Innoviva, Inc.",20.74,0.08,0.39,623372,810514,1498000000,2026-09-27T15:35:34.425774
WBTN,WEBTOON Entertainment Inc.,11.04,0.14,1.28,176693,397192,1498000000,2026-09-27T15:35:34.425774
QQQX,Nuveen Nasdaq 100 Dynamic Overwrite Fund,30.68,0.16,0.52,147687,105373,1498000000,2026-09-27T15:35:34.425774
TYRA,"Tyra Biosciences, Inc.",21.76,-0.65,-2.9,1422000,848284,1496000000,2026-09-27T15:35:34.425774
LYNX,Lyntris Inc.,12.86,-0.1,-0.77,265057,953192,1491000000,2026-09-27T15:35:34.425774
KMPR,Kemper Corporation,25.32,0.12,0.48,650184,891315,1491000000,2026-09-27T15:35:34.425774
AZTA,"Azenta, Inc.",34.02,-0.18,-0.53,781095,729601,1490000000,2026-09-27T15:35:34.425774
GLOB,Globant S.A.,34.5,-0.33,-0.95,486074,1635000,1490000000,2026-09-27T15:35:34.425774
ARDT,"Ardent Health, Inc.",10.54,0.06,0.57,251878,461633,1487000000,2026-09-27T15:35:34.425774
NOMD,Nomad Foods Limited,10.63,-0.04,-0.37,1321000,1549000,1486000000,2026-09-27T15:35:34.425774
UBEOF,UBE Corporation,15.28,0.0,0.0,100,1,1485000000,2026-09-27T15:35:34.425774
ADIG,ADI Global Distribution Inc,19.55,-0.91,-4.45,566022,1015000,1484000000,2026-09-27T15:35:34.425774
MNYFF,"Money Forward, Inc.",26.76,0.0,0.0,5000,79,1484000000,2026-09-27T15:35:34.425774
MHSMF,"Musashi Seimitsu Industry Co., Ltd.",22.6,0.0,0.0,500,9,1481000000,2026-09-27T15:35:34.425774
TNISF,"Técnicas Reunidas, S.A.",19.0,0.0,0.0,100,1,1479000000,2026-09-27T15:35:34.425774
LKFN,Lakeland Financial Corporation,59.51,0.66,1.12,192452,182452,1479000000,2026-09-27T15:35:34.425774
LCOMF,Lifestyle Communities Limited,12.15,0.0,0.0,4013,62,1479000000,2026-09-27T15:35:34.425774
CRSR,"Corsair Gaming, Inc.",13.66,0.11,0.81,969844,1611000,1478000000,2026-09-27T15:35:34.425774
GMYOY,"GMO internet group, Inc.",31.48,0.0,0.0,3,2200,1476000000,2026-09-27T15:35:34.425774
ALKT,"Alkami Technology, Inc.",13.8,-0.38,-2.68,3254000,1691000,1476000000,2026-09-27T15:35:34.425774
CSWC,Capital Southwest Corporation,23.13,0.09,0.39,502127,637514,1474000000,2026-09-27T15:35:34.425774
CSNVF,Corbion N.V.,25.57,0.0,0.0,100,57,1474000000,2026-09-27T15:35:34.425774
SBCLY,Sumitomo Bakelite Company Limited,16.8,0.0,0.0,5,26,1474000000,2026-09-27T15:35:34.425774
SLNLY,Stella International Holdings Limited,17.5,0.0,0.0,100,34,1472000000,2026-09-27T15:35:34.425774
TTCAF,"TS TECH Co., Ltd.",12.6,0.0,0.0,2800,43,1472000000,2026-09-27T15:35:34.425774
KRP,"Kimbell Royalty Partners, LP",14.57,-0.22,-1.49,847389,859268,1470000000,2026-09-27T15:35:34.425774
PGY,Pagaya Technologies Ltd.,17.62,-1.1,-5.88,3387000,2861000,1470000000,2026-09-27T15:35:34.425774
TFIN,"Triumph Financial, Inc.",61.45,0.6,0.99,203338,239398,1468000000,2026-09-27T15:35:34.425774
INBX,"Inhibrx Biosciences, Inc.",99.61,-0.79,-0.79,158651,309123,1466000000,2026-09-27T15:35:34.425774
PMDKY,PT. Mitra Adiperkasa Tbk,17.66,0.0,0.0,190,3,1466000000,2026-09-27T15:35:34.425774
SCL,Stepan Company,64.53,0.71,1.11,135358,140553,1466000000,2026-09-27T15:35:34.425774
GNL-PA,"Global Net Lease, Inc.",22.47,-0.05,-0.22,8032,8187,1459000000,2026-09-27T15:35:34.425774
WOLF,"Wolfspeed, Inc.",27.57,1.27,4.83,1529000,3690000,1459000000,2026-09-27T15:35:34.425774
KMMPF,Killam Apartment REIT,12.13,0.0,0.0,900,4968,1455000000,2026-09-27T15:35:34.425774
LGYRF,Landis+Gyr Group AG,54.62,0.0,0.0,380,73,1454000000,2026-09-27T15:35:34.425774
SKURF,SAKURA Internet Inc.,36.33,0.0,0.0,2000,33,1454000000,2026-09-27T15:35:34.425774
KLRA,"Kailera Therapeutics, Inc.",11.22,-0.76,-6.39,1723000,778982,1454000000,2026-09-27T15:35:34.425774
AMSC,American Superconductor Corporation,30.01,-0.41,-1.35,676100,723111,1454000000,2026-09-27T15:35:34.425774
OMER,Omeros Corporation,20.08,-0.05,-0.25,941976,1825000,1454000000,2026-09-27T15:35:34.425774
BCAT,BlackRock Capital Allocation Term Trust,13.7,-0.15,-1.08,1615000,881271,1450000000,2026-09-27T15:35:34.425774
POGHF,Pilot Corporation,13.81,0.0,0.0,100,50,1450000000,2026-09-27T15:35:34.425774
MALJF,Magellan Aerospace Corporation,24.66,0.59,2.45,100,4458,1449000000,2026-09-27T15:35:34.425774
JJSF,J&J Snack Foods Corp.,77.51,0.33,0.43,172927,219855,1448000000,2026-09-27T15:35:34.425774
DMC,Del Monte Corporation,30.71,0.2,0.66,224160,387746,1448000000,2026-09-27T15:35:34.425774
MAZE,"Maze Therapeutics, Inc.",26.05,-0.16,-0.61,925457,564214,1447000000,2026-09-27T15:35:34.425774
HCSG,"Healthcare Services Group, Inc.",21.05,0.08,0.38,400651,704771,1445000000,2026-09-27T15:35:34.425774
NKNSF,Nakanishi Inc.,17.63,0.0,0.0,1,1,1442000000,2026-09-27T15:35:34.425774
GLYYF,--,28.16,0.0,0.0,100,9,1439000000,2026-09-27T15:35:34.425774
BCHEY,Beach Energy Limited,12.6,0.0,0.0,100,50,1437000000,2026-09-27T15:35:34.425774
TMP,Tompkins Financial Corporation,99.57,1.43,1.46,86275,105831,1432000000,2026-09-27T15:35:34.425774
DELTF,Delta Galil Industries Ltd.,54.5,0.0,0.0,100,1,1430000000,2026-09-27T15:35:34.425774
SLVM,Sylvamo Corporation,35.96,0.0,0.0,239797,282961,1430000000,2026-09-27T15:35:34.425774
RARE,Ultragenyx Pharmaceutical Inc.,14.5,-0.27,-1.83,4293000,3676000,1430000000,2026-09-27T15:35:34.425774
DMLP,"Dorchester Minerals, L.P.",29.04,-0.27,-0.92,93906,168379,1426000000,2026-09-27T15:35:34.425774
NFJ,"Virtus Dividend, Interest & Premium Strategy Fund",15.14,0.08,0.53,244890,209963,1425000000,2026-09-27T15:35:34.425774
GDV-PH,The Gabelli Dividend & Income Trust,20.2,-0.23,-1.13,4095,5300,1424000000,2026-09-27T15:35:34.425774
PNTG,"The Pennant Group, Inc.",40.77,1.14,2.88,333018,315831,1424000000,2026-09-27T15:35:34.425774
AMAL,Amalgamated Financial Corp.,47.58,0.37,0.78,170211,188476,1423000000,2026-09-27T15:35:34.425774
SNCPF,Sun Corporation,66.08,0.0,0.0,100,1,1423000000,2026-09-27T15:35:34.425774
REX,REX American Resources Corporation,42.84,-0.44,-1.02,205807,184296,1421000000,2026-09-27T15:35:34.425774
CYMBF,Cymbria Corporation,65.17,0.0,0.0,200,10,1419000000,2026-09-27T15:35:34.425774
PYTCY,Playtech plc,10.2,0.0,0.0,3500,1878,1417000000,2026-09-27T15:35:34.425774
CUGKF,"Chugoku Marine Paints, Ltd.",28.53,0.0,0.0,0,1,1417000000,2026-09-27T15:35:34.425774
NVGS,Navigator Holdings Ltd.,23.02,-0.32,-1.37,370211,455714,1416000000,2026-09-27T15:35:34.425774
KRSA,"Korsana Biosciences, Inc.",31.0,-6.19,-16.64,34798,21679,1412000000,2026-09-27T15:35:34.425774
FIRRY,First Tractor Company Limited,12.55,0.0,0.0,101,12,1410000000,2026-09-27T15:35:34.425774
BRRDF,Borregaard ASA,14.15,0.0,0.0,132,3,1410000000,2026-09-27T15:35:34.425774
BHRB,Burke & Herbert Financial Services Corp.,69.84,0.5,0.72,123801,130176,1410000000,2026-09-27T15:35:34.425774
PEBO,Peoples Bancorp Inc.,39.22,0.15,0.38,470515,284823,1410000000,2026-09-27T15:35:34.425774
TRS,TriMas Corporation,39.15,-0.32,-0.81,288267,384450,1404000000,2026-09-27T15:35:34.425774
NMAX,"Newsmax, Inc.",10.87,-0.11,-1.0,683154,1106000,1404000000,2026-09-27T15:35:34.425774
ELEAF,EL.En. S.p.A.,17.5,0.0,0.0,1000,72,1404000000,2026-09-27T15:35:34.425774
FOIL,Londian Wason New Energy Tech Inc.,18.12,-0.11,-0.6,28577,41756,1403000000,2026-09-27T15:35:34.425774
ATLC,Atlanticus Holdings Corporation,92.5,1.11,1.21,77247,153766,1403000000,2026-09-27T15:35:34.425774
AVBP,"ArriVent BioPharma, Inc.",28.45,-1.65,-5.48,653151,506853,1403000000,2026-09-27T15:35:34.425774
BOEUF,Bonesupport Holding AB (publ),21.47,0.0,0.0,1117,127,1402000000,2026-09-27T15:35:34.425774
WABC,Westamerica Bancorporation,60.67,0.82,1.37,476092,192503,1402000000,2026-09-27T15:35:34.425774
RHUHF,Richelieu Hardware Ltd.,25.48,-0.48,-1.85,100,16755,1401000000,2026-09-27T15:35:34.425774
FLTLF,Flow Traders Ltd.,31.78,0.0,0.0,500,129,1401000000,2026-09-27T15:35:34.425774
ECAT,BlackRock ESG Capital Allocation Term Trust,14.07,-0.01,-0.07,314162,527728,1400000000,2026-09-27T15:35:34.425774
SNMSF,Spin Master Corp.,13.99,-0.09,-0.64,400,9747,1399000000,2026-09-27T15:35:34.425774
PAHC,Phibro Animal Health Corporation,34.45,0.52,1.53,206581,242738,1399000000,2026-09-27T15:35:34.425774
TRRSF,Trisura Group Ltd.,29.62,-0.14,-0.47,100,7468,1398000000,2026-09-27T15:35:34.425774
TEN,Tsakos Energy Navigation Limited,46.23,-0.52,-1.11,300215,316331,1393000000,2026-09-27T15:35:34.425774
HLFGY,Hilton Food Group plc,15.46,0.0,0.0,83,3,1391000000,2026-09-27T15:35:34.425774
FREKF,freee K.K.,23.32,-0.53,-2.24,19,1143,1390000000,2026-09-27T15:35:34.425774
AAPG,Ascentage Pharma Group Internat,14.86,-0.37,-2.46,2864,6549,1387000000,2026-09-27T15:35:34.425774
BTT,Blackrock Municipal 2030 Target Term Trust,21.74,0.14,0.65,244926,91850,1383000000,2026-09-27T15:35:34.425774
KARD,"Kardigan, Inc.",14.79,0.4,2.78,628912,479141,1383000000,2026-09-27T15:35:34.425774
ADNT,Adient plc,17.63,0.63,3.71,879185,984393,1382000000,2026-09-27T15:35:34.425774
ARLO,"Arlo Technologies, Inc.",12.84,-0.18,-1.38,1110000,1277000,1382000000,2026-09-27T15:35:34.425774
PMT-PA,PennyMac Mortgage Investment Trust,21.73,-0.2,-0.93,12812,7190,1381000000,2026-09-27T15:35:34.425774
MLKN,"MillerKnoll, Inc.",20.06,0.15,0.75,722330,693849,1379000000,2026-09-27T15:35:34.425774
PMT-PB,PennyMac Mortgage Investment Trust,21.56,-0.29,-1.33,15169,9752,1378000000,2026-09-27T15:35:34.425774
NHMBF,Nohmi Bosai Ltd.,23.37,0.0,0.0,100,1,1376000000,2026-09-27T15:35:34.425774
CTBI,"Community Trust Bancorp, Inc.",75.56,0.27,0.36,217795,112807,1373000000,2026-09-27T15:35:34.425774
UFCS,"United Fire Group, Inc.",53.33,-0.1,-0.19,111075,153584,1371000000,2026-09-27T15:35:34.425774
XZO,"Exzeo Group, Inc.",15.21,-0.44,-2.81,151113,228993,1370000000,2026-09-27T15:35:34.425774
OKUMF,Okuma Corporation,23.5,0.0,0.0,100,1,1368000000,2026-09-27T15:35:34.425774
LQDT,"Liquidity Services, Inc.",43.61,0.22,0.5,211426,219153,1366000000,2026-09-27T15:35:34.425774
SFDMY,Shanghai Fudan Microelectronics Group Company Limited,49.75,0.0,0.0,100,1,1366000000,2026-09-27T15:35:34.425774
ORIC,"ORIC Pharmaceuticals, Inc.",13.16,-0.02,-0.15,2494000,1506000,1364000000,2026-09-27T15:35:34.425774
MEITF,MEITEC Group Holdings Inc.,17.62,0.0,0.0,14300,3,1360000000,2026-09-27T15:35:34.425774
YONXF,"YONEX Co., Ltd.",15.9,0.0,0.0,4,27,1360000000,2026-09-27T15:35:34.425774
CNMD,CONMED Corporation,45.38,0.2,0.44,282550,517411,1359000000,2026-09-27T15:35:34.425774
EFOR,"Everforth, Inc.",33.12,0.69,2.13,512636,870842,1358000000,2026-09-27T15:35:34.425774
PLFRF,Palfinger AG,36.1,0.0,0.0,100,11,1357000000,2026-09-27T15:35:34.425774
AGL,"agilon health, inc.",80.73,4.9,6.46,281217,302623,1356000000,2026-09-27T15:35:34.425774
PIERF,Bajaj Mobility AG,36.55,0.0,0.0,200,99,1355000000,2026-09-27T15:35:34.425774
PRSU,"Pursuit Attractions and Hospitality, Inc.",49.28,0.84,1.73,189097,241198,1353000000,2026-09-27T15:35:34.425774
CLPIF,Compagnie des Alpes SA,26.61,0.0,0.0,2500,98,1352000000,2026-09-27T15:35:34.425774
FOR,Forestar Group Inc.,26.49,-0.21,-0.79,147051,140325,1351000000,2026-09-27T15:35:34.425774
GAMCF,Gamma Communications plc,15.14,0.0,0.0,100,1,1350000000,2026-09-27T15:35:34.425774
SUGBY,Suruga Bank Ltd.,80.02,0.0,0.0,90,0,1347000000,2026-09-27T15:35:34.425774
DRTS,Alpha Tau Medical Ltd.,14.54,-0.23,-1.56,432900,662006,1345000000,2026-09-27T15:35:34.425774
APPS,"Digital Turbine, Inc.",11.11,0.23,2.11,3590000,3510000,1344000000,2026-09-27T15:35:34.425774
XIORF,Xior Student Housing NV,28.78,0.0,0.0,325,335,1344000000,2026-09-27T15:35:34.425774
ICOSF,Intercos S.p.A.,14.44,0.0,0.0,0,22,1343000000,2026-09-27T15:35:34.425774
AMN,"AMN Healthcare Services, Inc.",34.56,0.0,0.0,450109,707955,1339000000,2026-09-27T15:35:34.425774
JWLLF,Jamieson Wellness Inc.,32.23,0.0,0.0,300,5171,1337000000,2026-09-27T15:35:34.425774
BRUN,"Boost Run, Inc.",16.77,0.05,0.3,1329000,2065000,1333000000,2026-09-27T15:35:34.425774
BYITY,Bytes Technology Group plc,11.58,0.0,0.0,39,9,1332000000,2026-09-27T15:35:34.425774
HKSHY,"The Hongkong and Shanghai Hotels, Limited",13.5,0.0,0.0,2,103,1332000000,2026-09-27T15:35:34.425774
MNFYY,"Money Forward, Inc.",12.0,0.0,0.0,1,26,1331000000,2026-09-27T15:35:34.425774
SWGHF,"Sawai Group Holdings Co., Ltd.",11.52,0.0,0.0,120,1,1330000000,2026-09-27T15:35:34.425774
FKRAF,Fiskars Oyj Abp,16.46,0.0,0.0,100,117,1329000000,2026-09-27T15:35:34.425774
FNOEF,"Furuno Electric Co., Ltd.",41.99,0.0,0.0,5,10,1327000000,2026-09-27T15:35:34.425774
AAT,"American Assets Trust, Inc.",21.58,0.09,0.42,379126,420104,1325000000,2026-09-27T15:35:34.425774
FMBH,"First Mid Bancshares, Inc.",49.72,0.33,0.67,208278,131434,1323000000,2026-09-27T15:35:34.425774
FCEL,"FuelCell Energy, Inc.",16.49,0.1,0.61,3764000,9390000,1318000000,2026-09-27T15:35:34.425774
HBT,"HBT Financial, Inc.",36.25,0.5,1.4,126486,135066,1318000000,2026-09-27T15:35:34.425774
GBX,"The Greenbrier Companies, Inc.",42.54,-0.14,-0.33,307499,455131,1316000000,2026-09-27T15:35:34.425774
MEIYF,Mercialys SA,14.13,0.0,0.0,50,1,1315000000,2026-09-27T15:35:34.425774
UMH,"UMH Properties, Inc.",15.4,0.08,0.52,483455,625111,1312000000,2026-09-27T15:35:34.425774
OKAMF,Okamura Corporation,13.84,0.0,0.0,0,48,1310000000,2026-09-27T15:35:34.425774
CFPZF,Canfor Corporation,11.15,0.03,0.27,200,17500,1310000000,2026-09-27T15:35:34.425774
CCEC,Capital Clean Energy Carriers Corp.,21.75,0.39,1.83,4252,8452,1310000000,2026-09-27T15:35:34.425774
SHPPF,Redcare Pharmacy NV,64.8,0.0,0.0,100,1,1308000000,2026-09-27T15:35:34.425774
EYE,"National Vision Holdings, Inc.",16.53,0.12,0.73,1337000,2133000,1307000000,2026-09-27T15:35:34.425774
CADNF,Cascades Inc.,12.88,0.33,2.63,14700,42614,1306000000,2026-09-27T15:35:34.425774
WD,"Walker & Dunlop, Inc.",37.98,0.67,1.8,476854,398750,1304000000,2026-09-27T15:35:34.425774
PRG,"PROG Holdings, Inc.",32.68,0.14,0.43,485170,576122,1302000000,2026-09-27T15:35:34.425774
NKOKF,"Noritsu Koki Co., Ltd.",12.44,0.0,0.0,10,2,1302000000,2026-09-27T15:35:34.425774
ASIC,Ategrity Specialty Insurance Company Holdings,27.15,0.61,2.3,127356,74657,1301000000,2026-09-27T15:35:34.425774
HLF,Herbalife Ltd.,12.55,0.34,2.78,2114000,1596000,1301000000,2026-09-27T15:35:34.425774
AINPF,Ain Holdings Inc.,36.86,0.0,0.0,1000,16,1297000000,2026-09-27T15:35:34.425774
LRCDF,Laurentian Bank of Canada,28.88,0.0,0.0,500,1255,1296000000,2026-09-27T15:35:34.425774
BFS-PD,"Saul Centers, Inc.",19.0,-0.23,-1.22,3329,2450,1292000000,2026-09-27T15:35:34.425774
SAOGF,"Seria Co., Ltd.",20.61,0.0,0.0,100,1,1292000000,2026-09-27T15:35:34.425774
GLYYY,Glory Ltd.,25.25,0.0,0.0,100,1,1291000000,2026-09-27T15:35:34.425774
SNBIF,SanBio Company Limited,16.45,0.0,0.0,1000,7,1284000000,2026-09-27T15:35:34.425774
MNSKY,MONY Group plc,10.04,0.1,1.01,100,4,1283000000,2026-09-27T15:35:34.425774
EPC,Edgewell Personal Care Company,27.82,0.49,1.79,409554,636503,1282000000,2026-09-27T15:35:34.425774
GOLD,"Gold.com, Inc.",43.95,0.47,1.08,351114,521330,1281000000,2026-09-27T15:35:34.425774
NWKHY,Netcare Limited,11.09,0.0,0.0,8,128,1280000000,2026-09-27T15:35:34.425774
BJRI,"BJ's Restaurants, Inc.",60.13,-1.83,-2.95,359098,465193,1279000000,2026-09-27T15:35:34.425774
TWAPF,"Towa Pharmaceutical Co., Ltd.",25.98,0.0,0.0,200,4,1279000000,2026-09-27T15:35:34.425774
AGZNF,Aegean Airlines S.A.,14.2,0.0,0.0,150,5,1276000000,2026-09-27T15:35:34.425774
NSSC,"Napco Security Technologies, Inc.",35.66,-0.02,-0.06,298255,377214,1276000000,2026-09-27T15:35:34.425774
DMRA,"Damora Therapeutics, Inc.",20.66,0.39,1.92,1432000,543760,1275000000,2026-09-27T15:35:34.425774
MEDOF,Medios AG,50.0,0.0,0.0,2000,2,1275000000,2026-09-27T15:35:34.425774
MRCHF,"H.U. Group Holdings, Inc.",23.35,0.0,0.0,300,85,1275000000,2026-09-27T15:35:34.425774
BCAX,Bicara Therapeutics Inc.,19.21,-0.57,-2.88,650268,645015,1271000000,2026-09-27T15:35:34.425774
OSBC,"Old Second Bancorp, Inc.",24.95,0.13,0.52,674137,433415,1269000000,2026-09-27T15:35:34.425774
SHNXY,Shandong Xinhua Pharmaceutical Company Limited,18.19,0.0,0.0,1100,4100,1267000000,2026-09-27T15:35:34.425774
USPH,"U.S. Physical Therapy, Inc.",84.84,1.08,1.29,108725,210188,1266000000,2026-09-27T15:35:34.425774
XPPLF,XP Power Limited,26.67,0.0,0.0,687,17,1264000000,2026-09-27T15:35:34.425774
VTOL,Bristow Group Inc.,42.62,0.32,0.76,181455,248330,1263000000,2026-09-27T15:35:34.425774
MNICF,"Mani, Inc.",12.82,0.0,0.0,100,1,1263000000,2026-09-27T15:35:34.425774
FUN,Six Flags Entertainment Corporation,12.32,-0.08,-0.65,1091000,2181000,1261000000,2026-09-27T15:35:34.425774
RDVT,"Red Violet, Inc.",78.55,-0.51,-0.65,249294,232850,1260000000,2026-09-27T15:35:34.425774
BIOGY,BioGaia AB (publ),12.45,0.0,0.0,270,15,1259000000,2026-09-27T15:35:34.425774
ADVOF,Adtran Networks SE,24.19,0.0,0.0,400,14,1259000000,2026-09-27T15:35:34.425774
HCXY,"Hercules Capital, Inc.",25.0,0.0,0.0,1276,2150,1258000000,2026-09-27T15:35:34.425774
AGGNY,Aegean Airlines S.A.,28.0,0.0,0.0,100,8,1258000000,2026-09-27T15:35:34.425774
IART,Integra LifeSciences Holdings Corporation,16.12,0.24,1.51,539024,857217,1254000000,2026-09-27T15:35:34.425774
ARZTF,ARYZTA AG,50.39,0.0,0.0,100,6,1251000000,2026-09-27T15:35:34.425774
XTEPY,Xtep International Holdings Limited,45.75,0.0,0.0,254,80,1250000000,2026-09-27T15:35:34.425774
QMCO,Quantum Corporation,31.68,2.19,7.43,4028000,1590000,1249000000,2026-09-27T15:35:34.425774
IRS,IRSA Inversiones y Representaciones Sociedad Anónima,14.75,-0.05,-0.34,132400,148366,1248000000,2026-09-27T15:35:34.425774
AVLN,Avalyn Pharma Inc.,28.08,-0.47,-1.65,223122,251034,1245000000,2026-09-27T15:35:34.425774
TPB,"Turning Point Brands, Inc.",62.07,1.95,3.24,549160,347363,1244000000,2026-09-27T15:35:34.425774
DIDAF,"Distribuidora Internacional de Alimentación, S.A.",21.6,0.0,0.0,200,19,1244000000,2026-09-27T15:35:34.425774
RDWR,Radware Ltd.,29.56,-0.23,-0.77,259578,267928,1244000000,2026-09-27T15:35:34.425774
HROW,"Harrow, Inc.",33.07,-0.03,-0.09,372041,569019,1240000000,2026-09-27T15:35:34.425774
RYZ,Ryerson Holding Corporation,23.85,0.16,0.68,406711,478160,1238000000,2026-09-27T15:35:34.425774
DPZUF,Domino's Pizza Enterprises Limited,13.05,0.0,0.0,2100,95,1237000000,2026-09-27T15:35:34.425774
NBR,Nabors Industries Ltd.,81.33,-1.66,-2.0,170065,247673,1236000000,2026-09-27T15:35:34.425774
PIGEF,Pigeon Corporation,10.32,0.0,0.0,12000,190,1233000000,2026-09-27T15:35:34.425774
PHGPY,Pets at Home Group Plc,11.4,0.0,0.0,100,80,1232000000,2026-09-27T15:35:34.425774
TRAX,"First Tracks Biotherapeutics, Inc.",34.42,-1.41,-3.94,356500,776900,1230000000,2026-09-27T15:35:34.425774
NBXG,Neuberger Berman Income Funds - Neuberger Next Generation Connectivity Fund Inc.,15.61,0.1,0.64,114779,188109,1229000000,2026-09-27T15:35:34.425774
DOLE,Dole plc,12.98,0.08,0.62,712976,1004000,1226000000,2026-09-27T15:35:34.425774
FQVTF,Fevertree Drinks PLC,11.23,0.0,0.0,4425,828,1226000000,2026-09-27T15:35:34.425774
SNAAF,"SAN-A CO.,LTD.",20.62,0.0,0.0,100,3,1226000000,2026-09-27T15:35:34.425774
AMVMF,AMG Critical Materials N.V.,34.38,-0.34,-0.98,1000,331,1223000000,2026-09-27T15:35:34.425774
SKKLF,Shikoku Kasei Holdings Corporation,14.08,0.0,0.0,100,27,1218000000,2026-09-27T15:35:34.425774
DAIPF,DAIHEN Corporation,51.55,0.0,0.0,500,2,1217000000,2026-09-27T15:35:34.425774
SGSUF,Sangetsu Corporation,20.67,0.0,0.0,100,1,1215000000,2026-09-27T15:35:34.425774
OKIEF,"Oki Electric Industry Co., Ltd.",14.0,0.0,0.0,100,1,1214000000,2026-09-27T15:35:34.425774
TTAPY,TTW Public Company Limited,15.15,0.0,0.0,149,11,1209000000,2026-09-27T15:35:34.425774
PPTTF,Perpetual Limited,10.44,0.0,0.0,400,2,1208000000,2026-09-27T15:35:34.425774
SPRPY,Superior Plus Corp.,11.25,0.0,0.0,100,1,1207000000,2026-09-27T15:35:34.425774
LBRX,LB Pharmaceuticals Inc,37.33,-0.47,-1.24,398935,324607,1204000000,2026-09-27T15:35:34.425774
HBBHF,HORNBACH Holding AG & Co. KGaA,75.25,0.0,0.0,1400,3,1204000000,2026-09-27T15:35:34.425774
OMDA,"Omada Health, Inc.",19.66,-0.06,-0.3,644503,1379000,1204000000,2026-09-27T15:35:34.425774
ROCK,"Gibraltar Industries, Inc.",40.56,0.86,2.17,373896,322365,1203000000,2026-09-27T15:35:34.425774
CMOPF,Cosmo N.V.,69.97,-1.93,-2.68,200,257,1203000000,2026-09-27T15:35:34.425774
DFIN,"Donnelley Financial Solutions, Inc.",48.92,-0.3,-0.61,203405,243241,1203000000,2026-09-27T15:35:34.425774
MSDL,Morgan Stanley Direct Lending Fund,14.29,-0.04,-0.28,516837,438893,1202000000,2026-09-27T15:35:34.425774
WLDN,"Willdan Group, Inc.",78.9,-0.73,-0.92,119033,252239,1202000000,2026-09-27T15:35:34.425774
UMAC,"Unusual Machines, Inc.",24.05,0.12,0.5,2324000,3832000,1201000000,2026-09-27T15:35:34.425774
TK,Teekay Corporation Ltd.,13.7,0.04,0.29,393215,555841,1201000000,2026-09-27T15:35:34.425774
FQVTY,Fevertree Drinks PLC,11.0,0.0,0.0,1,60,1201000000,2026-09-27T15:35:34.425774
WRDEF,Wereldhave N.V.,25.75,0.0,0.0,100,2,1201000000,2026-09-27T15:35:34.425774
HLIT,Harmonic Inc.,11.01,0.07,0.59,985982,1605000,1201000000,2026-09-27T15:35:34.425774
CNL,Collective Mining Ltd.,12.94,-0.09,-0.69,111829,105606,1200000000,2026-09-27T15:35:34.425774
XPEL,"XPEL, Inc.",43.48,-0.27,-0.62,223741,215282,1199000000,2026-09-27T15:35:34.425774
LZB,La-Z-Boy Incorporated,29.88,-0.03,-0.1,636572,623182,1197000000,2026-09-27T15:35:34.425774
ENGDF,naturenergie holding AG,36.06,0.0,0.0,1000,6,1191000000,2026-09-27T15:35:34.425774
ASBH,"American Savings Bank, National Association",18.3,-0.03,-0.16,55011,423062,1189000000,2026-09-27T15:35:34.425774
LEFUF,Leon's Furniture Limited,17.25,-0.01,-0.06,100,3209,1186000000,2026-09-27T15:35:34.425774
MYE,"Myers Industries, Inc.",31.36,-0.26,-0.82,306151,424750,1180000000,2026-09-27T15:35:34.425774
CLBK,"Columbia Financial, Inc.",11.33,0.07,0.62,2040000,5861000,1179000000,2026-09-27T15:35:34.425774
VOSSF,Vossloh AG,61.0,0.0,0.0,100,114,1179000000,2026-09-27T15:35:34.425774
SCSC,"ScanSource, Inc.",58.3,0.23,0.4,181240,256158,1174000000,2026-09-27T15:35:34.425774
AIP,"Arteris, Inc.",23.89,-0.3,-1.24,578662,752003,1174000000,2026-09-27T15:35:34.425774
UVE,"Universal Insurance Holdings, Inc.",42.14,-0.35,-0.82,178064,198160,1173000000,2026-09-27T15:35:34.425774
HFWA,Heritage Financial Corporation,28.57,0.32,1.13,419813,391163,1169000000,2026-09-27T15:35:34.425774
NHP,"National Healthcare Properties, Inc.",16.03,-0.19,-1.17,414554,613434,1169000000,2026-09-27T15:35:34.425774
BGLAF,BioGaia AB (publ),11.55,0.0,0.0,1000,1,1168000000,2026-09-27T15:35:34.425774
REPL,"Replimune Group, Inc.",12.36,-0.24,-1.9,1647000,4254000,1165000000,2026-09-27T15:35:34.425774
GIII,"G-III Apparel Group, Ltd.",27.12,0.07,0.26,446512,606809,1163000000,2026-09-27T15:35:34.425774
UVSP,Univest Financial Corporation,42.16,0.37,0.89,222335,237088,1163000000,2026-09-27T15:35:34.425774
AKEJF,"ARIAKE JAPAN Co., Ltd.",37.1,0.0,0.0,2,7,1163000000,2026-09-27T15:35:34.425774
LGIH,"LGI Homes, Inc.",49.99,1.0,2.04,362581,302668,1162000000,2026-09-27T15:35:34.425774
GAB-PH,The Gabelli Equity Trust Inc.,18.38,0.07,0.38,1064,9319,1162000000,2026-09-27T15:35:34.425774
GLOP-PA,GasLog Partners LP,25.31,-0.07,-0.28,1932,3706,1161000000,2026-09-27T15:35:34.425774
DFDDF,DFDS A/S,21.5,0.0,0.0,4000,31,1161000000,2026-09-27T15:35:34.425774
SPKOY,Sinopec Kantons Holdings Limited,18.68,0.0,0.0,109,7,1161000000,2026-09-27T15:35:34.425774
ACOLF,"and ST HD Co.,Ltd.",25.16,0.0,0.0,1,1,1161000000,2026-09-27T15:35:34.425774
BBNX,"Beta Bionics, Inc.",21.51,-0.25,-1.15,925981,1270000,1160000000,2026-09-27T15:35:34.425774
AMTB,Amerant Bancorp Inc.,29.57,0.27,0.92,330296,379693,1159000000,2026-09-27T15:35:34.425774
HZO,"MarineMax, Inc.",52.44,0.03,0.06,586140,664493,1158000000,2026-09-27T15:35:34.425774
CBRL,"Cracker Barrel Old Country Store, Inc.",51.81,-0.03,-0.06,1168000,956801,1158000000,2026-09-27T15:35:34.425774
CBLNF,Mersen S.A.,47.67,0.0,0.0,700,69,1157000000,2026-09-27T15:35:34.425774
CUYRF,"C.Uyemura & Co.,Ltd.",72.43,0.0,0.0,100,1,1156000000,2026-09-27T15:35:34.425774
TNC,Tennant Company,67.74,1.53,2.31,151016,200517,1155000000,2026-09-27T15:35:34.425774
AVO,"Mission Produce, Inc.",13.14,0.18,1.39,931018,883128,1152000000,2026-09-27T15:35:34.425774
SPTX,"Seaport Therapeutics, Inc.",21.52,0.4,1.89,192795,171900,1152000000,2026-09-27T15:35:34.425774
AFYA,Afya Limited,13.0,-0.73,-5.32,591541,188133,1150000000,2026-09-27T15:35:34.425774
FKDSF,"Fukuda Denshi Co., Ltd.",42.55,0.0,0.0,0,43,1150000000,2026-09-27T15:35:34.425774
CRI,"Carter's, Inc.",31.31,1.05,3.47,1290000,1223000,1149000000,2026-09-27T15:35:34.425774
WLFC,Willis Lease Finance Corporation,54.33,1.46,2.76,158987,256655,1149000000,2026-09-27T15:35:34.425774
DSL,DoubleLine Income Solutions Fund,10.02,0.07,0.7,728715,586282,1148000000,2026-09-27T15:35:34.425774
CGIFF,Chemtrade Logistics Income Fund,10.22,-0.12,-1.16,100,28596,1146000000,2026-09-27T15:35:34.425774
BGCHY,Bega Cheese Limited,15.0,0.0,0.0,3,4,1146000000,2026-09-27T15:35:34.425774
EOS,Eaton Vance Enhanced Equity Income Fund II,21.44,0.11,0.52,125235,124820,1143000000,2026-09-27T15:35:34.425774
NSUKF,"NS United Kaiun Kaisha, Ltd.",48.45,0.0,0.0,0,3,1142000000,2026-09-27T15:35:34.425774
AMRC,"Ameresco, Inc.",21.48,-0.19,-0.88,608708,660352,1140000000,2026-09-27T15:35:34.425774
JDWPY,J D Wetherspoon plc,54.0,0.0,0.0,12,2,1138000000,2026-09-27T15:35:34.425774
AFXXF,Afry AB,10.05,0.0,0.0,100,22,1138000000,2026-09-27T15:35:34.425774
SERNF,"Seiren Co.,Ltd.",19.5,0.0,0.0,3800,43,1138000000,2026-09-27T15:35:34.425774
GNK,Genco Shipping & Trading Limited,26.09,-0.35,-1.32,338800,492120,1137000000,2026-09-27T15:35:34.425774
LTGO,"Latigo Biotherapeutics, Inc.",17.15,-0.61,-3.43,274588,374660,1137000000,2026-09-27T15:35:34.425774
MUX,McEwen Inc.,19.02,0.36,1.93,730432,999488,1136000000,2026-09-27T15:35:34.425774
TGONF,Tetragon Financial Group Limited,13.51,0.0,0.0,606,7273,1136000000,2026-09-27T15:35:34.425774
TOAGF,"Toagosei Co., Ltd.",10.73,0.0,0.0,20,16,1134000000,2026-09-27T15:35:34.425774
MRHLF,MIRAIT ONE Corporation,13.02,0.0,0.0,100,5,1134000000,2026-09-27T15:35:34.425774
NNRDF,"Nishi-Nippon Railroad Co., Ltd.",15.0,0.0,0.0,100,1,1133000000,2026-09-27T15:35:34.425774
PD,"PagerDuty, Inc.",14.38,-0.57,-3.81,1635000,1549000,1131000000,2026-09-27T15:35:34.425774
NTTAF,Nitta Corporation,41.2,0.0,0.0,670,32,1130000000,2026-09-27T15:35:34.425774
CDRE,"Cadre Holdings, Inc.",26.39,0.18,0.69,453784,388219,1130000000,2026-09-27T15:35:34.425774
HTOCF,H2O Retailing Corporation,10.0,0.0,0.0,100,1,1127000000,2026-09-27T15:35:34.425774
MMI,"Marcus & Millichap, Inc.",29.75,-0.55,-1.82,156841,139766,1127000000,2026-09-27T15:35:34.425774
LIFZF,Labrador Iron Ore Royalty Corporation,17.55,-0.09,-0.51,1877,37517,1123000000,2026-09-27T15:35:34.425774
ASKLF,ASKUL Corporation,12.54,0.0,0.0,5,3,1123000000,2026-09-27T15:35:34.425774
CVSGF,CVS Group plc,16.6,0.0,0.0,100,18,1122000000,2026-09-27T15:35:34.425774
PWP,Perella Weinberg Partners,14.47,0.66,4.78,2131000,1213000,1119000000,2026-09-27T15:35:34.425774
UTI,"Universal Technical Institute, Inc.",20.3,-0.37,-1.79,1693000,1555000,1118000000,2026-09-27T15:35:34.425774
JCAP,"Jefferson Capital, Inc.",19.46,-0.08,-0.41,211228,323252,1118000000,2026-09-27T15:35:34.425774
DLX,Deluxe Corporation,24.33,0.04,0.16,415318,416880,1116000000,2026-09-27T15:35:34.425774
VLERF,Valeura Energy Inc.,10.5,-0.31,-2.84,3000,40706,1116000000,2026-09-27T15:35:34.425774
NGRRF,Nagarro SE,89.97,-0.1,-0.11,2,735,1113000000,2026-09-27T15:35:34.425774
BOW,Bowhead Specialty Holdings Inc.,33.76,-0.11,-0.32,111624,319568,1112000000,2026-09-27T15:35:34.425774
AVEX,AEVEX Corp.,16.07,-0.61,-3.66,988226,1694000,1112000000,2026-09-27T15:35:34.425774
AMPH,"Amphastar Pharmaceuticals, Inc.",26.13,-0.14,-0.53,370895,457468,1112000000,2026-09-27T15:35:34.425774
MCB,Metropolitan Bank Holding Corp.,89.6,0.98,1.11,117802,132579,1111000000,2026-09-27T15:35:34.425774
ECVT,Ecovyst Inc.,10.14,0.0,0.0,1009000,1363000,1110000000,2026-09-27T15:35:34.425774
SPH,"Suburban Propane Partners, L.P.",16.62,0.14,0.85,188228,188398,1109000000,2026-09-27T15:35:34.425774
NSOMF,"The Nisshin OilliO Group,Ltd.",12.09,0.0,0.0,200,3,1107000000,2026-09-27T15:35:34.425774
AORT,"Artivion, Inc.",22.63,-0.4,-1.74,502661,667776,1103000000,2026-09-27T15:35:34.425774
GLOP-PB,GasLog Partners LP,25.7,0.03,0.12,13033,2538,1102000000,2026-09-27T15:35:34.425774
DSKNF,"Duskin Co., Ltd.",23.37,0.0,0.0,100,1,1100000000,2026-09-27T15:35:34.425774
MITCF,Mitani Corporation,13.17,0.0,0.0,16300,262,1097000000,2026-09-27T15:35:34.425774
GO,Grocery Outlet Holding Corp.,11.07,-0.23,-2.04,2182000,2410000,1097000000,2026-09-27T15:35:34.425774
IRMD,IRADIMED CORPORATION,85.76,0.56,0.66,92626,125133,1097000000,2026-09-27T15:35:34.425774
VOR,Vor Biopharma Inc.,18.52,0.08,0.43,792795,1133000,1096000000,2026-09-27T15:35:34.425774
CSTL,"Castle Biosciences, Inc.",35.81,0.62,1.76,437679,388436,1094000000,2026-09-27T15:35:34.425774
TNDM,"Tandem Diabetes Care, Inc.",15.72,0.5,3.29,2788000,1907000,1094000000,2026-09-27T15:35:34.425774
FNEDF,Fastned B.V.,28.0,0.0,0.0,100,1,1090000000,2026-09-27T15:35:34.425774
YNOYF,"Yoshinoya Holdings Co., Ltd.",17.0,0.0,0.0,800,0,1089000000,2026-09-27T15:35:34.425774
ASGTF,Altus Group Limited,31.79,0.39,1.23,100,17017,1088000000,2026-09-27T15:35:34.425774
AOD,Abrdn Total Dynamic Dividend Fund,10.3,0.06,0.59,254575,404428,1086000000,2026-09-27T15:35:34.425774
DEA,"Easterly Government Properties, Inc.",22.91,0.2,0.88,365232,360828,1084000000,2026-09-27T15:35:34.425774
ODJBF,Odfjell SE,13.69,0.0,0.0,250,20,1084000000,2026-09-27T15:35:34.425774
THRM,Gentherm Incorporated,35.21,1.32,3.89,863395,406965,1082000000,2026-09-27T15:35:34.425774
AKTS,"Aktis Oncology, Inc.",19.43,-0.2,-1.02,518910,415823,1081000000,2026-09-27T15:35:34.425774
VCX,"Fundrise Growth Tech Fund, LLC",30.18,0.18,0.6,604956,496812,1080000000,2026-09-27T15:35:34.425774
KSPHF,"Kissei Pharmaceutical Co., Ltd.",25.77,0.0,0.0,100,1,1078000000,2026-09-27T15:35:34.425774
GSHD,"Goosehead Insurance, Inc.",45.23,1.58,3.62,459650,503406,1077000000,2026-09-27T15:35:34.425774
PSIX,"Power Solutions International, Inc.",46.65,0.11,0.24,306763,442969,1076000000,2026-09-27T15:35:34.425774
FSBC,Five Star Bancorp,43.83,0.4,0.92,88170,188742,1075000000,2026-09-27T15:35:34.425774
KNOIF,"Konoike Transport Co.,Ltd.",20.21,0.0,0.0,100,16,1073000000,2026-09-27T15:35:34.425774
TOWCF,TOWA Corporation,14.28,0.86,6.42,100,1235,1072000000,2026-09-27T15:35:34.425774
MDCKF,CHAPTERS Group AG,44.9,0.0,0.0,10,12756,1071000000,2026-09-27T15:35:34.425774
AEVA,"Aeva Technologies, Inc.",15.35,-0.27,-1.73,990298,1738000,1070000000,2026-09-27T15:35:34.425774
FTK,"Flotek Industries, Inc.",29.53,0.58,2.0,352299,507166,1070000000,2026-09-27T15:35:34.425774
GLOP-PC,GasLog Partners LP,25.5,0.02,0.1,273,1570,1067000000,2026-09-27T15:35:34.425774
OCSL,Oaktree Specialty Lending Corporation,12.1,0.02,0.17,410801,501247,1066000000,2026-09-27T15:35:34.425774
ENOV,Enovis Corporation,18.46,0.19,1.04,1061000,1461000,1065000000,2026-09-27T15:35:34.425774
SKSDF,Sakata Seed Corporation,25.25,0.0,0.0,400,35,1064000000,2026-09-27T15:35:34.425774
JVCZY,JVCKENWOOD Corporation,30.1,0.0,0.0,5,15,1064000000,2026-09-27T15:35:34.425774
CII,"BlackRock Enhanced Large Cap Core Fund, Inc.",24.32,0.27,1.12,67865,80015,1063000000,2026-09-27T15:35:34.425774
BNGRF,Savencia SA,82.35,0.0,0.0,100,1,1062000000,2026-09-27T15:35:34.425774
AHL-PD,Aspen Insurance Holdings Limited,17.79,-0.11,-0.61,17088,0,1062000000,2026-09-27T15:35:34.425774
LCTSF,Lectra SA,28.65,0.0,0.0,700,3,1061000000,2026-09-27T15:35:34.425774
NOPMF,Neo Performance Materials Inc.,22.94,-0.06,-0.26,1055,49377,1060000000,2026-09-27T15:35:34.425774
KRT,Karat Packaging Inc.,53.09,-1.07,-1.98,197440,152765,1058000000,2026-09-27T15:35:34.425774
UVV,Universal Corporation,42.47,-0.24,-0.56,400661,301628,1057000000,2026-09-27T15:35:34.425774
VETOF,Vetoquinol SA,90.8,0.0,0.0,125,1,1056000000,2026-09-27T15:35:34.425774
CODI-PB,Compass Diversified,22.19,-0.05,-0.22,11947,11071,1054000000,2026-09-27T15:35:34.425774
BNXYF,Open Up Group Inc.,12.38,0.0,0.0,100,1,1052000000,2026-09-27T15:35:34.425774
MRTN,"Marten Transport, Ltd.",12.87,0.03,0.23,983482,659868,1051000000,2026-09-27T15:35:34.425774
BMEZ,BlackRock Health Sciences Term Trust,16.81,0.01,0.06,148034,143930,1051000000,2026-09-27T15:35:34.425774
MGTX,MeiraGTx Holdings plc,10.91,-0.14,-1.27,1556000,798033,1048000000,2026-09-27T15:35:34.425774
CPAC,Cementos Pacasmayo S.A.A.,12.23,0.06,0.49,4940,52530,1047000000,2026-09-27T15:35:34.425774
SBR,Sabine Royalty Trust,71.79,-0.69,-0.95,23489,31861,1047000000,2026-09-27T15:35:34.425774
GPRE,Green Plains Inc.,14.92,-0.09,-0.6,978412,1469000,1046000000,2026-09-27T15:35:34.425774
IGIC,International General Insurance Holdings Ltd.,24.61,-0.01,-0.04,98675,92668,1045000000,2026-09-27T15:35:34.425774
CTTPY,"CTT - Correios De Portugal, S.A.",15.9,0.0,0.0,100,15,1043000000,2026-09-27T15:35:34.425774
ASA,ASA Gold and Precious Metals Limited,56.68,0.58,1.03,28396,59163,1040000000,2026-09-27T15:35:34.425774
ANRO,"Alto Neuroscience, Inc.",26.49,-0.69,-2.54,366243,535295,1040000000,2026-09-27T15:35:34.425774
EE,"Excelerate Energy, Inc.",33.09,-0.48,-1.43,247246,368276,1038000000,2026-09-27T15:35:34.425774
MBWM,Mercantile Bank Corporation,60.03,0.51,0.86,91155,118315,1038000000,2026-09-27T15:35:34.425774
PDS,Precision Drilling Corporation,81.87,-1.4,-1.68,66159,104930,1031000000,2026-09-27T15:35:34.425774
MPZAY,Mips AB (publ),19.45,0.0,0.0,1300,113,1031000000,2026-09-27T15:35:34.425774
STAA,STAAR Surgical Company,20.51,1.43,7.49,1309000,1004000,1028000000,2026-09-27T15:35:34.425774
MLTX,MoonLake Immunotherapeutics,12.04,-0.08,-0.66,1900000,1367000,1025000000,2026-09-27T15:35:34.425774
GHM,Graham Corporation,87.21,-0.32,-0.37,115697,205917,1024000000,2026-09-27T15:35:34.425774
DFH,"Dream Finders Homes, Inc.",11.3,0.21,1.89,1074000,746184,1023000000,2026-09-27T15:35:34.425774
PLRRF,Polar Capital Holdings Plc,10.85,0.0,0.0,435,27,1023000000,2026-09-27T15:35:34.425774
ITRN,Ituran Location and Control Ltd.,51.69,-0.19,-0.37,96470,136000,1022000000,2026-09-27T15:35:34.425774
CCORF,Canaccord Genuity Group Inc.,10.02,0.18,1.83,600,22793,1022000000,2026-09-27T15:35:34.425774
DSKIF,"Daiseki Co.,Ltd.",21.61,0.0,0.0,100,28,1022000000,2026-09-27T15:35:34.425774
GNIIF,GNI Group Ltd.,15.5,0.0,0.0,100,1,1020000000,2026-09-27T15:35:34.425774
RLEVF,Rami Levi Chain Stores Hashikma Marketing 2006 Ltd,74.0,0.0,0.0,600,9,1019000000,2026-09-27T15:35:34.425774
CEVA,"CEVA, Inc.",36.2,1.74,5.05,759130,764047,1019000000,2026-09-27T15:35:34.425774
TYG,Tortoise Energy Infrastructure Corporation,40.02,-0.4,-0.99,160282,139485,1017000000,2026-09-27T15:35:34.425774
RSTCF,"RS Technologies Co., Ltd.",38.17,0.0,0.0,200,62,1015000000,2026-09-27T15:35:34.425774
YRCCF,Yurtec Corporation,14.74,0.0,0.0,100,6,1012000000,2026-09-27T15:35:34.425774
TRUP,"Trupanion, Inc.",23.16,0.74,3.3,536934,463976,1010000000,2026-09-27T15:35:34.425774
CCNE,CNB Financial Corporation,34.09,0.18,0.53,125493,153073,1010000000,2026-09-27T15:35:34.425774
SDTHF,Sdiptech AB (publ),26.56,0.0,0.0,50,153,1009000000,2026-09-27T15:35:34.425774
MSEX,Middlesex Water Company,53.47,0.56,1.06,184281,153426,1008000000,2026-09-27T15:35:34.425774
MCBS,"MetroCity Bankshares, Inc.",34.98,0.18,0.52,95098,76887,1007000000,2026-09-27T15:35:34.425774
BFST,"Business First Bancshares, Inc.",30.86,0.23,0.75,176271,220177,1004000000,2026-09-27T15:35:34.425774
LNZNF,Lenzing Aktiengesellschaft,24.5,0.0,0.0,100,6,1004000000,2026-09-27T15:35:34.425774
GLUE,"Monte Rosa Therapeutics, Inc.",11.77,0.05,0.43,802135,1317000,1004000000,2026-09-27T15:35:34.425774
GRRMF,Gerresheimer AG,29.05,0.0,0.0,200,38,1003000000,2026-09-27T15:35:34.425774
MJDLF,Major Drilling Group International Inc.,12.18,-0.13,-1.06,200,28749,1002000000,2026-09-27T15:35:34.425774
PCRX,"Pacira BioSciences, Inc.",25.12,-0.44,-1.72,439929,573677,1001000000,2026-09-27T15:35:34.425774
MTWTF,"METAWATER Co., Ltd.",22.88,0.0,0.0,31193,117,1001000000,2026-09-27T15:35:34.425774
ANL,Adlai Nortye Group Ltd.,15.53,-0.3,-1.9,34799,191730,1000000000,2026-09-27T15:35:34.425774
IUSDF,AS ONE Corporation,14.0,0.0,0.0,100,1,998503000,2026-09-27T15:35:34.425774
FEIM,"Frequency Electronics, Inc.",88.43,3.89,4.6,349296,350509,996897000,2026-09-27T15:35:34.425774
MPZAF,Mips AB (publ),37.63,0.0,0.0,192,17,996861000,2026-09-27T15:35:34.425774
JANX,"Janux Therapeutics, Inc.",16.3,-0.38,-2.28,720171,887758,996529000,2026-09-27T15:35:34.425774
EQBK,"Equity Bancshares, Inc.",48.36,0.19,0.39,91331,117922,995853000,2026-09-27T15:35:34.425774
NPKI,NPK International Inc.,11.72,0.04,0.34,856915,849630,995144000,2026-09-27T15:35:34.425774
XIFR,"XPLR Infrastructure, LP",10.55,0.08,0.76,690227,907382,994865000,2026-09-27T15:35:34.425774
EXMRF,Exmar NV,12.5,0.0,0.0,100,1,993952000,2026-09-27T15:35:34.425774
TBN,Tamboran Resources Corporation,35.11,-1.14,-3.14,142506,134730,992912000,2026-09-27T15:35:34.425774
FPF,First Trust Intermediate Duration Preferred & Income Fund,16.3,0.08,0.49,197714,125769,991820000,2026-09-27T15:35:34.425774
NBBK,"NB Bancorp, Inc.",22.6,0.1,0.44,240911,303809,990298000,2026-09-27T15:35:34.425774
HBNC,"Horizon Bancorp, Inc.",19.28,0.06,0.31,652404,574323,989922000,2026-09-27T15:35:34.425774
HRTG,"Heritage Insurance Holdings, Inc.",33.27,0.09,0.27,198213,300566,989197000,2026-09-27T15:35:34.425774
ANYCF,ANYCOLOR Inc.,16.5,0.0,0.0,600,2,989190000,2026-09-27T15:35:34.425774
FIELF,Tsuburaya Fields Holdings Inc.,15.85,0.0,0.0,1100,17,986701000,2026-09-27T15:35:34.425774
ODTX,"Odyssey Therapeutics, Inc.",20.51,0.58,2.91,237781,276700,985680000,2026-09-27T15:35:34.425774
KKPCF,"Kaken Pharmaceutical Co., Ltd.",26.0,0.0,0.0,2,3,984576000,2026-09-27T15:35:34.425774
ANDG,Andersen Group Inc.,52.96,-0.41,-0.77,568517,479157,981900000,2026-09-27T15:35:34.425774
LMRI,"Lumexa Imaging Holdings, Inc.",10.21,0.33,3.34,440989,459171,980926000,2026-09-27T15:35:34.425774
PRCT,PROCEPT BioRobotics Corporation,17.2,-0.3,-1.71,1950000,1448000,979004000,2026-09-27T15:35:34.425774
YELP,Yelp Inc.,18.03,-0.34,-1.85,906878,1161000,978373000,2026-09-27T15:35:34.425774
CRVS,"Corvus Pharmaceuticals, Inc.",11.62,-0.18,-1.53,1100000,1027000,977485000,2026-09-27T15:35:34.425774
CAC,Camden National Corporation,57.82,0.92,1.62,94031,95465,976987000,2026-09-27T15:35:34.425774
QTGPF,Qt Group Oyj,38.46,0.0,0.0,400,38,976546000,2026-09-27T15:35:34.425774
MAOIF,Manitou BF SA,25.5,0.0,0.0,9,2,975792000,2026-09-27T15:35:34.425774
EKZRF,Eckert & Ziegler SE,15.57,0.0,0.0,0,12,974316000,2026-09-27T15:35:34.425774
SIFY,Sify Technologies Limited,13.35,-0.06,-0.45,43206,35630,967002000,2026-09-27T15:35:34.425774
BV,"BrightView Holdings, Inc.",10.41,0.5,5.05,1478000,1059000,963966000,2026-09-27T15:35:34.425774
CHI,Calamos Convertible Opportunities and Income Fund,11.9,-0.11,-0.92,143241,163995,962369000,2026-09-27T15:35:34.425774
PTA,Cohen & Steers Tax-Advantaged Preferred Securities and Income Fund,17.39,0.09,0.52,289638,164552,961205000,2026-09-27T15:35:34.425774
LNTEF,LINTEC Corporation,16.0,0.0,0.0,1100,17,960544000,2026-09-27T15:35:34.425774
CHY,Calamos Convertible and High Income Fund,11.94,-0.36,-2.93,487344,166220,960406000,2026-09-27T15:35:34.425774
BPMUF,Basilea Pharmaceutica AG,77.4,0.0,0.0,100,4,959130000,2026-09-27T15:35:34.425774
RMIX,"Suncrete, Inc.",13.05,0.66,5.33,477813,331796,958990000,2026-09-27T15:35:34.425774
KURA,"Kura Oncology, Inc.",10.76,-0.1,-0.92,1227000,1801000,957216000,2026-09-27T15:35:34.425774
TRST,TrustCo Bank Corp NY,56.2,-0.1,-0.18,100068,130371,956959000,2026-09-27T15:35:34.425774
VTXPF,Victrex plc,10.94,0.0,0.0,500,92,953596000,2026-09-27T15:35:34.425774
LIFCF,Life Corporation,11.02,0.0,0.0,100,3,952992000,2026-09-27T15:35:34.425774
VPG,"Vishay Precision Group, Inc.",71.63,3.06,4.46,472071,530690,952751000,2026-09-27T15:35:34.425774
CSBTF,Kuros Biosciences AG,24.0,0.0,0.0,1000,63,952158000,2026-09-27T15:35:34.425774
DEC,Diversified Energy Company,13.79,-0.26,-1.85,721688,907765,952023000,2026-09-27T15:35:34.425774
HAFC,Hanmi Financial Corporation,32.1,0.27,0.85,227150,237844,951741000,2026-09-27T15:35:34.425774
NBPVF,Neuberger Private Equity Partners Limited,19.5,0.0,0.0,25,685,951612000,2026-09-27T15:35:34.425774
BKSY,BlackSky Technology Inc.,23.25,0.08,0.35,780231,1075000,951503000,2026-09-27T15:35:34.425774
JPAVF,"Japan Aviation Electronics Industry, Limited",14.1,0.0,0.0,1,1,950738000,2026-09-27T15:35:34.425774
TSHTF,Toshiba Tec Corporation,17.94,0.0,0.0,100,1,950598000,2026-09-27T15:35:34.425774
FET,"Forum Energy Technologies, Inc.",82.83,-0.81,-0.97,157958,186480,950284000,2026-09-27T15:35:34.425774
CMP,"Compass Minerals International, Inc.",22.62,-0.13,-0.57,301515,429557,949607000,2026-09-27T15:35:34.425774
ASTE,"Astec Industries, Inc.",41.28,0.69,1.7,113028,230757,949136000,2026-09-27T15:35:34.425774
CPF,Central Pacific Financial Corp.,36.85,0.01,0.03,120188,158506,948793000,2026-09-27T15:35:34.425774
BMLKF,"BML, Inc.",25.21,0.0,0.0,33706,191,944849000,2026-09-27T15:35:34.425774
GLIBA,Liberty Capital Corporation,23.65,0.19,0.81,33283,54412,943753000,2026-09-27T15:35:34.425774
BVS,Bioventus Inc.,13.81,0.29,2.14,455410,674019,943294000,2026-09-27T15:35:34.425774
BDIMF,Black Diamond Group Limited,13.8,0.35,2.6,100,12726,942664000,2026-09-27T15:35:34.425774
MTA,Metalla Royalty & Streaming Ltd.,10.07,-0.09,-0.89,395703,427501,941503000,2026-09-27T15:35:34.425774
STK,Columbia Seligman Premium Technology Growth Fund,53.17,-0.39,-0.73,125354,56833,940847000,2026-09-27T15:35:34.425774
GLIBK,Liberty Capital Corporation,23.55,-0.22,-0.93,335348,449195,939763000,2026-09-27T15:35:34.425774
UPBD,"Upbound Group, Inc.",16.09,0.22,1.39,780092,947953,938037000,2026-09-27T15:35:34.425774
CNHHY,Cairn Homes plc,15.15,0.0,0.0,100,6,937603000,2026-09-27T15:35:34.425774
CGJTF,Cargojet Inc.,63.1,2.04,3.34,1,9385,933871000,2026-09-27T15:35:34.425774
DXYZ,Destiny Tech100 Inc.,30.62,1.48,5.08,794012,1083000,932859000,2026-09-27T15:35:34.425774
LIFNF,Lifenet Insurance Company,11.61,0.0,0.0,0,4,932751000,2026-09-27T15:35:34.425774
PXED,"Phoenix Education Partners, Inc.",25.85,0.07,0.27,191137,109955,931825000,2026-09-27T15:35:34.425774
CODI-PA,Compass Diversified,19.01,-0.13,-0.65,3858,5712,930837000,2026-09-27T15:35:34.425774
UTL,Unitil Corporation,50.98,0.14,0.28,143239,121268,929706000,2026-09-27T15:35:34.425774
CSR,Centerspace,55.29,0.12,0.22,146758,211739,928738000,2026-09-27T15:35:34.425774
SBSI,"Southside Bancshares, Inc.",31.09,0.19,0.61,122553,132990,926730000,2026-09-27T15:35:34.425774
HRVFF,Harvia Oyj,49.45,0.0,0.0,400,37,924223000,2026-09-27T15:35:34.425774
KFRC,Kforce Inc.,51.56,0.21,0.41,205069,263547,923388000,2026-09-27T15:35:34.425774
SBGI,"Sinclair, Inc.",12.78,0.04,0.31,456930,503065,922276000,2026-09-27T15:35:34.425774
HELP,Cybin D/B/A Helus Pharma,12.61,0.02,0.16,803169,1790000,921289000,2026-09-27T15:35:34.425774
BCX,Blackrock Resources & Commodities Strategy Trust,12.07,-0.14,-1.15,153399,165280,920194000,2026-09-27T15:35:34.425774
MPB,"Mid Penn Bancorp, Inc.",36.31,0.11,0.3,102634,136606,919922000,2026-09-27T15:35:34.425774
MTTRF,Mattr Corp.,14.98,0.0,0.0,3100,17520,918456000,2026-09-27T15:35:34.425774
PLOW,"Douglas Dynamics, Inc.",39.74,0.01,0.03,105988,256431,917082000,2026-09-27T15:35:34.425774
JBIO,"Jade Biosciences, Inc.",14.42,-0.31,-2.1,525772,913373,917074000,2026-09-27T15:35:34.425774
BNHUF,Bonheur ASA,21.51,0.0,0.0,2818,3,914725000,2026-09-27T15:35:34.425774
FMNB,Farmers National Banc Corp.,15.43,0.09,0.59,321882,404084,914190000,2026-09-27T15:35:34.425774
NNE,NANO Nuclear Energy Inc.,16.99,-0.03,-0.18,1326000,1989000,912331000,2026-09-27T15:35:34.425774
PDX,PIMCO Dynamic Income Strategy Fund,20.4,0.26,1.29,139378,112377,912022000,2026-09-27T15:35:34.425774
CGEM,"Cullinan Therapeutics, Inc.",14.81,-0.63,-4.08,1714000,823677,910194000,2026-09-27T15:35:34.425774
CBLL,"CeriBell, Inc.",23.69,-0.13,-0.55,270546,384287,909177000,2026-09-27T15:35:34.425774
RNP,"Cohen & Steers REIT and Preferred Income Fund, Inc.",18.93,-0.07,-0.37,123986,105884,908642000,2026-09-27T15:35:34.425774
IIPR-PA,"Innovative Industrial Properties, Inc.",24.91,-0.02,-0.08,18822,25804,907445000,2026-09-27T15:35:34.425774
SGP,"SpyGlass Pharma, Inc.",27.07,-0.58,-2.1,96408,112601,905437000,2026-09-27T15:35:34.425774
SNDVF,Scandinavian Tobacco Group A/S,11.49,0.0,0.0,131,145,904975000,2026-09-27T15:35:34.425774
NX,Quanex Building Products Corporation,19.74,0.46,2.39,312275,389768,904609000,2026-09-27T15:35:34.425774
HWARF,"Heiwa Real Estate Co., Ltd.",13.66,0.0,0.0,100,1,902850000,2026-09-27T15:35:34.425774
CRESY,"Cresud Sociedad Anónima, Comercial, Inmobiliaria, Financiera y Agropecuaria",12.71,-0.03,-0.24,208176,275880,901459000,2026-09-27T15:35:34.425774
FCBC,"First Community Bankshares, Inc.",47.62,0.19,0.4,57245,89409,900510000,2026-09-27T15:35:34.425774
TOTZF,Total Energy Services Inc.,24.73,-1.17,-4.52,3000,29493,900172000,2026-09-27T15:35:34.425774
RIGL,"Rigel Pharmaceuticals, Inc.",48.18,0.29,0.61,204927,313082,899996000,2026-09-27T15:35:34.425774
ACEL,"Accel Entertainment, Inc.",11.07,0.03,0.27,269970,290373,898812000,2026-09-27T15:35:34.425774
THFF,First Financial Corporation,75.56,0.34,0.45,101088,107830,898552000,2026-09-27T15:35:34.425774
JNDOF,JINS HOLDINGS Inc.,38.43,0.0,0.0,100,1,897164000,2026-09-27T15:35:34.425774
FRBT,"Forbright, Inc.",17.67,-0.25,-1.4,101221,139276,897007000,2026-09-27T15:35:34.425774
BBN,BlackRock Taxable Municipal Bond Trust,14.47,0.11,0.77,265433,171601,894138000,2026-09-27T15:35:34.425774
HSTM,"HealthStream, Inc.",29.1,0.23,0.8,196377,193968,890340000,2026-09-27T15:35:34.425774
BZH,"Beazer Homes USA, Inc.",33.37,0.01,0.03,487194,668425,890299000,2026-09-27T15:35:34.425774
MRCBF,Morguard Corporation,82.95,0.0,0.0,100,1,885762000,2026-09-27T15:35:34.425774
TBPH,"Theravance Biopharma, Inc.",17.03,0.0,0.0,10016000,870811,884176000,2026-09-27T15:35:34.425774
SANJF,"Sanken Electric Co., Ltd.",44.19,0.0,0.0,200,4,883285000,2026-09-27T15:35:34.425774
CYRX,"Cryoport, Inc.",17.41,0.01,0.06,446168,609895,881801000,2026-09-27T15:35:34.425774
BOZTY,Boozt AB (publ),15.12,0.0,0.0,17,33,881538000,2026-09-27T15:35:34.425774
REPX,"Riley Exploration Permian, Inc.",40.55,-1.14,-2.73,176529,263344,879771000,2026-09-27T15:35:34.425774
SHMWF,"ShinMaywa Industries, Ltd.",13.3,0.0,0.0,200,3,879707000,2026-09-27T15:35:34.425774
GRDLY,Grindrod Limited,13.17,0.0,0.0,100,1,879223000,2026-09-27T15:35:34.425774
FSSL,FS Specialty Lending Fund,11.57,0.0,0.0,217497,627873,878368000,2026-09-27T15:35:34.425774
APMD,"Apnimed, Inc.",21.09,-0.54,-2.5,298550,557032,877993000,2026-09-27T15:35:34.425774
RJET,Republic Airways Holdings Inc.,18.7,-0.02,-0.11,50297,95912,875525000,2026-09-27T15:35:34.425774
KOP,Koppers Holdings Inc.,46.27,0.31,0.67,98772,177917,875038000,2026-09-27T15:35:34.425774
RNWHF,Renew Holdings plc,11.05,0.0,0.0,100,1,874757000,2026-09-27T15:35:34.425774
HTLD,"Heartland Express, Inc.",11.3,-0.05,-0.44,543578,718066,873859000,2026-09-27T15:35:34.425774
KMDHF,"KOMEDA Holdings Co., Ltd.",19.19,0.0,0.0,1,3,873341000,2026-09-27T15:35:34.425774
BTRCF,Better Collective A/S,15.39,0.0,0.0,100,2,872553000,2026-09-27T15:35:34.425774
EGBN,"Eagle Bancorp, Inc.",28.54,0.22,0.78,378813,283138,870013000,2026-09-27T15:35:34.425774
SAFE,Safehold Inc.,12.26,-0.12,-0.97,550255,342601,868208000,2026-09-27T15:35:34.425774
SILXY,Silex Systems Limited,15.58,0.14,0.91,220,7295,867614000,2026-09-27T15:35:34.425774
STRD,Strategy Inc,73.72,1.62,2.25,171685,115696,867294000,2026-09-27T15:35:34.425774
DLIBF,Delta Israel Brands Ltd,34.61,0.0,0.0,0,14,866218000,2026-09-27T15:35:34.425774
GRPN,"Groupon, Inc.",21.3,0.41,1.96,690152,1399000,866171000,2026-09-27T15:35:34.425774
MCS,The Marcus Corporation,28.09,-0.17,-0.6,207190,266633,866075000,2026-09-27T15:35:34.425774
CIM,Chimera Investment Corporation,10.34,-0.07,-0.67,1731000,869201,864900000,2026-09-27T15:35:34.425774
FUJSF,"Fuji Seal International, Inc.",16.15,0.0,0.0,200,16,861503000,2026-09-27T15:35:34.425774
FUJXF,Fujimi Incorporated,11.61,0.0,0.0,1000,1,861268000,2026-09-27T15:35:34.425774
KBDC,"Kayne Anderson BDC, Inc.",13.04,0.05,0.38,401974,357847,861133000,2026-09-27T15:35:34.425774
MECGF,MEC Company Ltd.,47.16,0.0,0.0,100,1,861131000,2026-09-27T15:35:34.425774
SMBK,"SmartFinancial, Inc.",50.32,0.02,0.04,87711,116088,860395000,2026-09-27T15:35:34.425774
GSBC,"Great Southern Bancorp, Inc.",78.91,0.08,0.1,52210,98834,859922000,2026-09-27T15:35:34.425774
ODD,Oddity Tech Ltd.,18.64,0.57,3.15,711515,1177000,859762000,2026-09-27T15:35:34.425774
SFHLF,SAF-Holland SE,18.86,0.0,0.0,25000,9,856318000,2026-09-27T15:35:34.425774
AEBI,Aebi Schmidt Holding AG,11.0,-0.22,-1.96,734234,365968,853636000,2026-09-27T15:35:34.425774
CCBG,"Capital City Bank Group, Inc.",49.86,0.55,1.12,59101,77831,853269000,2026-09-27T15:35:34.425774
AIO,Virtus Artificial Intelligence & Technology Opportunities Fund,24.77,-0.01,-0.04,86889,68558,853055000,2026-09-27T15:35:34.425774
SKLUY,Skellerup Holdings Limited,87.0,0.0,0.0,100,4,852911000,2026-09-27T15:35:34.425774
KUCPF,"Kura Sushi, Inc.",10.72,0.0,0.0,100,0,851934000,2026-09-27T15:35:34.425774
EDESY,Elders Limited,19.73,0.0,0.0,20,3,850071000,2026-09-27T15:35:34.425774
EIG,"Employers Holdings, Inc.",47.3,-0.27,-0.57,341588,181777,849532000,2026-09-27T15:35:34.425774
PUBM,"PubMatic, Inc.",18.6,0.05,0.27,827265,658538,847231000,2026-09-27T15:35:34.425774
CODI,Compass Diversified,11.25,0.0,0.0,378738,667003,846405000,2026-09-27T15:35:34.425774
ADLRF,Alaris Equity Partners Income Trust,18.53,0.0,0.0,200,4933,845682000,2026-09-27T15:35:34.425774
AOSL,Alpha and Omega Semiconductor Limited,27.93,0.62,2.27,300375,611180,845141000,2026-09-27T15:35:34.425774
CADL,"Candel Therapeutics, Inc.",11.02,-0.53,-4.59,799596,1308000,843235000,2026-09-27T15:35:34.425774
SMP,"Standard Motor Products, Inc.",37.69,0.36,0.96,99034,159520,842006000,2026-09-27T15:35:34.425774
FLOC,Flowco Holdings Inc.,19.14,-0.36,-1.85,598482,568869,841637000,2026-09-27T15:35:34.425774
HQ,Horizon Quantum Holdings Ltd.,15.59,-0.21,-1.33,99143,421069,841425000,2026-09-27T15:35:34.425774
WSEWF,Gielda Papierów Wartosciowych w Warszawie S.A.,20.0,0.0,0.0,100,17,839440000,2026-09-27T15:35:34.425774
BRELY,Brazilian Rare Earths Limited,14.97,0.0,0.0,15,341,838780000,2026-09-27T15:35:34.425774
PTVLF,Pet Valu Holdings Ltd.,12.45,0.03,0.21,758,8668,836609000,2026-09-27T15:35:34.425774
AICHF,Aichi Steel Corporation,13.0,0.0,0.0,100,6,835208000,2026-09-27T15:35:34.425774
KTITF,"KATITAS CO., Ltd.",10.67,0.0,0.0,100,1,835051000,2026-09-27T15:35:34.425774
SIBN,"SI-BONE, Inc.",18.59,0.07,0.38,625833,568469,833177000,2026-09-27T15:35:34.425774
BUUU,BUUU Group Limited,44.2,-1.72,-3.74,157821,74655,833060000,2026-09-27T15:35:34.425774
HOIEF,Hosiden Corporation,16.9,0.0,0.0,100,7,832032000,2026-09-27T15:35:34.425774
RAYGF,--,12.39,0.0,0.0,0,0,830116000,2026-09-27T15:35:34.425774
AVTX,"Avalo Therapeutics, Inc.",15.47,-0.25,-1.59,1434000,1008000,829656000,2026-09-27T15:35:34.425774
GUNGF,"GungHo Online Entertainment, Inc.",15.8,0.0,0.0,2000,1,827397000,2026-09-27T15:35:34.425774
HSHP,Himalaya Shipping Ltd.,17.54,-0.49,-2.72,466271,366900,827362000,2026-09-27T15:35:34.425774
IBTA,"Ibotta, Inc.",41.06,-0.62,-1.49,158230,225063,827302000,2026-09-27T15:35:34.425774
SWDHY,Skyworth Group Limited,13.13,-3.25,-19.84,100,22,826401000,2026-09-27T15:35:34.425774
QNST,"QuinStreet, Inc.",14.41,0.01,0.07,805930,953917,824589000,2026-09-27T15:35:34.425774
CVLG,"Covenant Logistics Group, Inc.",32.47,-0.69,-2.08,176074,207963,824016000,2026-09-27T15:35:34.425774
MNTN,"MNTN, Inc.",11.01,0.1,0.92,370266,989547,823583000,2026-09-27T15:35:34.425774
RFAFF,RFA Financial Inc.,18.02,-0.17,-0.93,533,457,823163000,2026-09-27T15:35:34.425774
ORRF,"Orrstown Financial Services, Inc.",41.77,-0.08,-0.19,322568,109353,821600000,2026-09-27T15:35:34.425774
TRNS,"Transcat, Inc.",87.73,1.6,1.86,107789,125769,821136000,2026-09-27T15:35:34.425774
INMD,InMode Ltd.,14.26,0.07,0.49,412412,535028,820580000,2026-09-27T15:35:34.425774
INN-PE,"Summit Hotel Properties, Inc.",17.07,-0.1,-0.61,12704,6658,820123000,2026-09-27T15:35:34.425774
CAPL,CrossAmerica Partners LP,21.48,-0.13,-0.6,21290,36714,819961000,2026-09-27T15:35:34.425774
DAKT,"Daktronics, Inc.",17.02,-0.19,-1.1,596561,587203,818537000,2026-09-27T15:35:34.425774
FNXTF,Fenix Outdoor International AG,74.0,0.0,0.0,1,2,817961000,2026-09-27T15:35:34.425774
HOVNP,"Hovnanian Enterprises, Inc. PFD DEP1/1000A",18.6,-0.08,-0.4,4621,5220,817881000,2026-09-27T15:35:34.425774
EOI,Eaton Vance Enhanced Equity Income Fund,19.94,0.21,1.06,74838,67892,817575000,2026-09-27T15:35:34.425774
ELCMF,"Elecom Co., Ltd.",10.15,0.0,0.0,100,1,817467000,2026-09-27T15:35:34.425774
BLZE,"Backblaze, Inc.",13.19,-0.32,-2.33,1193000,2663000,816461000,2026-09-27T15:35:34.425774
PCN,PIMCO Corporate & Income Strategy Fund,10.78,0.07,0.65,528757,393687,815949000,2026-09-27T15:35:34.425774
HBIA,Hills Bancorporation,46.76,0.0,0.0,100,269,815342000,2026-09-27T15:35:34.425774
LCLN,"Lincoln International, Inc.",23.37,0.23,0.99,345102,558655,814374000,2026-09-27T15:35:34.425774
ADSE,ADS-TEC Energy PLC,10.81,-0.14,-1.28,11625,18817,812761000,2026-09-27T15:35:34.425774
ASGI,Abrdn Global Infrastructure Income Fund,19.26,-0.18,-0.93,203219,231209,812445000,2026-09-27T15:35:34.425774
ATTO,"Attovia Therapeutics, Inc.",17.78,-0.39,-2.15,404431,437516,811679000,2026-09-27T15:35:34.425774
CSWYY,China Shineway Pharmaceutical Group Limited,21.49,0.0,0.0,1,34,811677000,2026-09-27T15:35:34.425774
RZNXF,RAIZNEXT Corporation,15.03,0.0,0.0,0,6,811009000,2026-09-27T15:35:34.425774
BSLAF,Basler Aktiengesellschaft,26.35,0.0,0.0,100,7,810461000,2026-09-27T15:35:34.425774
SPFI,"South Plains Financial, Inc.",43.0,0.15,0.35,111752,133257,810082000,2026-09-27T15:35:34.425774
HIPO,Hippo Holdings Inc.,30.61,0.37,1.22,194825,179847,807779000,2026-09-27T15:35:34.425774
AIHZF,Ai Holdings Corporation,15.12,0.0,0.0,100,2,806430000,2026-09-27T15:35:34.425774
STRYF,Storytel AB (publ),10.48,0.0,0.0,3387,5,804437000,2026-09-27T15:35:34.425774
IQEPY,IQE plc,15.09,0.14,0.93,5000,14293,803372000,2026-09-27T15:35:34.425774
ALRS,Alerus Financial Corporation,32.17,0.18,0.56,453096,194317,801918000,2026-09-27T15:35:34.425774
ELVR,Elevra Lithium Limited,41.43,-1.4,-3.27,59522,50188,799685000,2026-09-27T15:35:34.425774
FDMT,"4D Molecular Therapeutics, Inc.",14.47,-0.24,-1.63,1018000,922477,799384000,2026-09-27T15:35:34.425774
MTW,"The Manitowoc Company, Inc.",22.14,0.71,3.31,305796,350220,798412000,2026-09-27T15:35:34.425774
PGC,Peapack-Gladstone Financial Corporation,45.03,0.21,0.47,99955,181163,798290000,2026-09-27T15:35:34.425774
CRTO,Criteo S.A.,16.28,-0.28,-1.69,285786,438236,797680000,2026-09-27T15:35:34.425774
GCMG,GCM Grosvenor Inc.,13.04,0.41,3.25,374427,505053,797087000,2026-09-27T15:35:34.425774
HTD,John Hancock Tax-Advantaged Dividend Income Fund,22.49,-0.06,-0.27,122484,65298,796862000,2026-09-27T15:35:34.425774
MITK,"Mitek Systems, Inc.",17.66,-0.42,-2.32,445288,732773,796861000,2026-09-27T15:35:34.425774
ACNFF,Acomo N.V.,26.8,0.0,0.0,390,143,796047000,2026-09-27T15:35:34.425774
SMBC,"Southern Missouri Bancorp, Inc.",72.26,0.05,0.07,68722,96293,795820000,2026-09-27T15:35:34.425774
TXO,"TXO Partners, L.P.",14.33,0.05,0.35,74922,158293,794547000,2026-09-27T15:35:34.425774
OBX,"Obsidian Therapeutics, Inc.",12.86,-0.55,-4.1,454476,362125,794399000,2026-09-27T15:35:34.425774
FISI,"Financial Institutions, Inc.",40.23,0.22,0.54,108323,152557,792787000,2026-09-27T15:35:34.425774
KURCF,Kureha Corporation,20.66,0.0,0.0,40,1,789773000,2026-09-27T15:35:34.425774
GNFTF,Genfit S.A.,15.75,0.0,0.0,300,82,789015000,2026-09-27T15:35:34.425774
XVIPF,Xvivo Perfusion AB (publ),25.01,0.0,0.0,1000,72,787802000,2026-09-27T15:35:34.425774
JBSS,"John B. Sanfilippo & Son, Inc.",67.24,0.19,0.28,104350,133190,786270000,2026-09-27T15:35:34.425774
LYTS,LSI Industries Inc.,21.09,0.15,0.72,363251,359006,785842000,2026-09-27T15:35:34.425774
IMMX,"Immix Biopharma, Inc.",10.97,-0.73,-6.24,1828000,1655000,784786000,2026-09-27T15:35:34.425774
PEO,"Adams Natural Resources Fund, Inc.",27.99,-0.21,-0.74,52955,58000,784511000,2026-09-27T15:35:34.425774
VREX,Varex Imaging Corporation,18.45,-0.02,-0.11,570428,847620,783451000,2026-09-27T15:35:34.425774
RPD,"Rapid7, Inc.",11.62,-1.23,-9.57,1802000,2399000,783195000,2026-09-27T15:35:34.425774
GILT,Gilat Satellite Networks Ltd.,10.14,0.12,1.2,267460,556547,781081000,2026-09-27T15:35:34.425774
MTUS,Metallus Inc.,18.84,-0.1,-0.53,199164,366838,780905000,2026-09-27T15:35:34.425774
CBGPY,Close Brothers Group plc,10.36,0.0,0.0,4,55,780729000,2026-09-27T15:35:34.425774
FOXF,Fox Factory Holding Corp.,18.55,0.03,0.16,361527,527412,779675000,2026-09-27T15:35:34.425774
SYCHF,"Sanyo Chemical Industries, Ltd.",35.29,0.0,0.0,0,16,778915000,2026-09-27T15:35:34.425774
PRAA,"PRA Group, Inc.",20.65,0.41,2.03,365183,403174,777431000,2026-09-27T15:35:34.425774
DLGEF,"Digital Garage, Inc.",16.85,0.0,0.0,900,7,776990000,2026-09-27T15:35:34.425774
CTO,"CTO Realty Growth, Inc.",20.72,0.17,0.83,532373,380469,776699000,2026-09-27T15:35:34.425774
DQ,Daqo New Energy Corp.,11.47,0.02,0.17,406946,909431,776131000,2026-09-27T15:35:34.425774
GAM-PB,"General American Investors Company, Inc.",22.67,-0.06,-0.26,55780,21538,775307000,2026-09-27T15:35:34.425774
APOG,"Apogee Enterprises, Inc.",37.15,0.84,2.31,205626,224211,775257000,2026-09-27T15:35:34.425774
CGBD,"Carlyle Secured Lending, Inc.",11.25,0.1,0.9,271137,533155,774052000,2026-09-27T15:35:34.425774
THQ,Abrdn Healthcare Opportunities Fund,18.67,-0.09,-0.48,111903,177082,773638000,2026-09-27T15:35:34.425774
SKKAF,"Sk Kaken Co.,Ltd.",57.32,0.0,0.0,1,2,773253000,2026-09-27T15:35:34.425774
ACAT,"Acasia Technology, Inc.",10.0,0.0,0.0,2500,4,772149000,2026-09-27T15:35:34.425774
APC,ARKO Petroleum Corp.,16.23,-0.54,-3.22,474185,139198,772065000,2026-09-27T15:35:34.425774
PHIG,"PHI Group, Inc.",31.75,0.0,0.0,2300,3942,771845000,2026-09-27T15:35:34.425774
YGWAF,Yokogawa Bridge Holdings Corp.,19.4,0.0,0.0,100,5,771057000,2026-09-27T15:35:34.425774
KELYB,"Kelly Services, Inc.",22.19,-0.35,-1.57,3718,4436,770702000,2026-09-27T15:35:34.425774
GNZLF,Gunze Limited,24.57,0.0,0.0,0,2,770146000,2026-09-27T15:35:34.425774
SHBI,"Shore Bancshares, Inc.",23.01,0.09,0.39,224882,195755,767896000,2026-09-27T15:35:34.425774
WGO,"Winnebago Industries, Inc.",27.15,0.25,0.93,502562,575096,767500000,2026-09-27T15:35:34.425774
CCCMF,Cancom SE,26.7,0.0,0.0,200,1,767350000,2026-09-27T15:35:34.425774
DPRTF,DIP Corporation,14.65,0.0,0.0,70,1,767000000,2026-09-27T15:35:34.425774
CGRIF,"Canadian General Investments, Limited",37.14,0.0,0.0,100,209,766391000,2026-09-27T15:35:34.425774
HTB,"HomeTrust Bancshares, Inc.",46.19,0.46,1.01,118280,187496,763692000,2026-09-27T15:35:34.425774
TYOTF,"Toyo Tanso Co., Ltd.",36.4,0.0,0.0,0,12,763386000,2026-09-27T15:35:34.425774
APEI,"American Public Education, Inc.",41.67,-1.04,-2.45,171437,305966,762534000,2026-09-27T15:35:34.425774
WYFI,"WhiteFiber, Inc.",19.62,-0.64,-3.16,1187000,2458000,762200000,2026-09-27T15:35:34.425774
FDUS,Fidus Investment Corporation,19.15,0.06,0.31,223729,372877,761607000,2026-09-27T15:35:34.425774
WLKP,Westlake Chemical Partners LP,21.6,0.09,0.42,11180,30376,761311000,2026-09-27T15:35:34.425774
MOV,"Movado Group, Inc.",34.12,0.7,2.09,195621,195842,761294000,2026-09-27T15:35:34.425774
WHTAF,WashTec AG,57.3,0.0,0.0,100,1,761077000,2026-09-27T15:35:34.425774
RVI,Robinhood Ventures Fund I,27.92,-0.73,-2.55,142457,234614,760742000,2026-09-27T15:35:34.425774
VBNK,VersaBank,23.41,0.1,0.43,293110,137338,758931000,2026-09-27T15:35:34.425774
DSGN,"Design Therapeutics, Inc.",12.12,-0.12,-0.98,434470,682349,758490000,2026-09-27T15:35:34.425774
COHTF,Cohort plc,16.47,0.0,0.0,100,14,757063000,2026-09-27T15:35:34.425774
BBSI,"Barrett Business Services, Inc.",31.14,-0.46,-1.46,377952,227431,754683000,2026-09-27T15:35:34.425774
QDEL,QuidelOrtho Corporation,10.94,0.25,2.34,1145000,1489000,750215000,2026-09-27T15:35:34.425774
MMGRF,Momentum Group AB (publ),15.03,0.0,0.0,200,1,743033000,2026-09-27T15:35:34.425774
PSSEF,Ponsse Oyj,26.55,0.0,0.0,100,5,742919000,2026-09-27T15:35:34.425774
WACLF,Wacoal Holdings Corp.,15.0,0.0,0.0,100,4,741556000,2026-09-27T15:35:34.425774
BFS,"Saul Centers, Inc.",30.0,0.15,0.5,134756,108225,741513000,2026-09-27T15:35:34.425774
WASH,"Washington Trust Bancorp, Inc.",38.86,0.14,0.36,106293,148758,741228000,2026-09-27T15:35:34.425774
PHAR,Pharming Group N.V.,10.46,0.02,0.19,128227,22358,740339000,2026-09-27T15:35:34.425774
IBCP,Independent Bank Corporation,35.83,0.21,0.59,496200,192700,738189000,2026-09-27T15:35:34.425774
BWMN,Bowman Consulting Group Ltd.,42.57,0.01,0.02,223437,325223,737898000,2026-09-27T15:35:34.425774
ROOT,"Root, Inc.",47.4,-0.41,-0.86,174786,239763,734380000,2026-09-27T15:35:34.425774
TSAT,Telesat Corporation,48.21,0.17,0.35,98809,209892,733725000,2026-09-27T15:35:34.425774
CSIQ,Canadian Solar Inc.,10.8,-0.15,-1.37,2005000,2035000,733285000,2026-09-27T15:35:34.425774
MSBPF,"Mitsubishi Pencil Co., Ltd.",14.66,0.0,0.0,10,2,733135000,2026-09-27T15:35:34.425774
REF,Reformation Inc.,12.37,-0.18,-1.43,434726,683300,730811000,2026-09-27T15:35:34.425774
TPLKF,PVA TePla AG,35.77,0.0,0.0,625,66,730516000,2026-09-27T15:35:34.425774
RMT,"Royce Micro-Cap Trust, Inc.",13.47,0.08,0.6,59805,116311,729960000,2026-09-27T15:35:34.425774
MQY,"BlackRock MuniYield Quality Fund, Inc.",10.16,0.01,0.1,851290,537463,729830000,2026-09-27T15:35:34.425774
SECVY,Séché Environnement SA,18.3,0.0,0.0,100,73,729515000,2026-09-27T15:35:34.425774
ASC,Ardmore Shipping Corporation,17.85,0.02,0.11,383832,608609,729206000,2026-09-27T15:35:34.425774
FFC,Flaherty & Crumrine Preferred Securities Income Fund Inc.,15.12,0.03,0.2,119141,101133,728450000,2026-09-27T15:35:34.425774
BTO,John Hancock Financial Opportunities Fund,36.69,0.21,0.58,35673,42060,727675000,2026-09-27T15:35:34.425774
GPRK,GeoPark Limited,11.2,-0.14,-1.23,901523,662793,726832000,2026-09-27T15:35:34.425774
DBVT,DBV Technologies S.A.,11.56,-0.04,-0.34,289997,305122,726529000,2026-09-27T15:35:34.425774
CWBC,Community West Bancshares,26.77,0.41,1.56,225474,248520,726299000,2026-09-27T15:35:34.425774
MDMXF,medmix AG,17.4,0.0,0.0,400,4,725688000,2026-09-27T15:35:34.425774
ETRA,"Electra Therapeutics, Inc.",11.55,-0.27,-2.28,438362,1356000,724958000,2026-09-27T15:35:34.425774
WFHG,World Financial Holding Group,11.41,-0.59,-4.92,2,0,724631000,2026-09-27T15:35:34.425774
FTH,"Faeth Therapeutics, Inc.",28.0,-1.05,-3.61,328156,334379,723532000,2026-09-27T15:35:34.425774
TCBX,"Third Coast Bancshares, Inc.",43.25,0.44,1.03,117946,113350,720327000,2026-09-27T15:35:34.425774
HZNOF,Dexterra Group Inc.,11.52,0.37,3.32,100,1796,719724000,2026-09-27T15:35:34.425774
FKWAF,"Furukawa Co.,Ltd.",22.64,0.0,0.0,200,15,719164000,2026-09-27T15:35:34.425774
BCSF,"Bain Capital Specialty Finance, Inc.",11.08,-0.04,-0.36,478105,404446,718743000,2026-09-27T15:35:34.425774
DNA,"Ginkgo Bioworks Holdings, Inc.",10.66,0.41,4.0,2265000,1235000,717847000,2026-09-27T15:35:34.425774
PSTL,"Postal Realty Trust, Inc.",23.65,0.2,0.85,201746,327192,715386000,2026-09-27T15:35:34.425774
PAYS,"Paysign, Inc.",12.67,-0.29,-2.24,720104,692400,715376000,2026-09-27T15:35:34.425774
RCBC,River City Bank,51.08,0.56,1.11,61825,47368,714858000,2026-09-27T15:35:34.425774
OBE,Obsidian Energy Ltd.,10.69,-0.56,-4.98,1014000,821357,713296000,2026-09-27T15:35:34.425774
LINC,Lincoln Educational Services Corporation,22.46,-1.42,-5.95,1298000,855417,712464000,2026-09-27T15:35:34.425774
DHTRF,DRI Healthcare Trust,12.95,0.0,0.0,1200,841,711775000,2026-09-27T15:35:34.425774
OSTTF,"OSAKA Titanium technologies Co.,Ltd.",16.25,0.0,0.0,100,55,711724000,2026-09-27T15:35:34.425774
AGFMF,AGF Management Limited,11.24,-0.14,-1.23,1400,39801,710929000,2026-09-27T15:35:34.425774
QVCG,QVC Group Inc.,14.21,-0.34,-2.34,203073,372944,710499000,2026-09-27T15:35:34.425774
IPX,IperionX Limited,19.61,-0.01,-0.05,160301,302949,710145000,2026-09-27T15:35:34.425774
MEGI,NYLI CBRE Global Infrastructure Megatrends Term Fund,13.6,-0.03,-0.22,170328,126673,707846000,2026-09-27T15:35:34.425774
AVNBF,Avon Technologies Plc,24.0,0.0,0.0,200,3,706840000,2026-09-27T15:35:34.425774
BALY,Bally's Corporation,14.0,-0.05,-0.36,169066,99960,706573000,2026-09-27T15:35:34.425774
VTS,"Vitesse Energy, Inc.",16.75,-0.3,-1.76,440820,502952,705247000,2026-09-27T15:35:34.425774
TCGLF,TechCreate Group Ltd.,34.5,0.0,0.0,20,4115,704921000,2026-09-27T15:35:34.425774
CARE,"Carter Bankshares, Inc.",30.31,0.24,0.8,184670,354338,702099000,2026-09-27T15:35:34.425774
PFIS,Peoples Financial Services Corp.,69.8,0.5,0.72,47571,60487,698724000,2026-09-27T15:35:34.425774
COLL,"Collegium Pharmaceutical, Inc.",22.53,-0.11,-0.49,503427,707944,698412000,2026-09-27T15:35:34.425774
GDOT,Green Dot Corporation,12.25,-0.54,-4.22,1393000,365560,698068000,2026-09-27T15:35:34.425774
AROW,Arrow Financial Corporation,37.65,0.32,0.86,62483,88787,697418000,2026-09-27T15:35:34.425774
BOT,"Robostrategy, Inc.",28.62,-1.39,-4.63,293576,459215,696932000,2026-09-27T15:35:34.425774
LEGH,Legacy Housing Corporation,29.3,0.22,0.76,172762,102323,696843000,2026-09-27T15:35:34.425774
PKOH,Park-Ohio Holdings Corp.,48.04,0.52,1.09,53464,83741,696100000,2026-09-27T15:35:34.425774
BCAL,California BanCorp,21.64,0.05,0.23,183710,206760,695738000,2026-09-27T15:35:34.425774
NIE,Virtus Equity & Convertible Income Fund,25.1,0.01,0.04,71594,58633,695495000,2026-09-27T15:35:34.425774
SLN,Silence Therapeutics plc,11.18,-0.04,-0.36,953230,1067000,694883000,2026-09-27T15:35:34.425774
HNRG,Hallador Energy Company,14.72,0.18,1.24,614099,750758,693950000,2026-09-27T15:35:34.425774
RLDCF,Roland Corporation,26.26,0.0,0.0,1000,16,693482000,2026-09-27T15:35:34.425774
CCXI,Churchill Capital Corp XI,12.43,0.2,1.64,1458000,3162000,692351000,2026-09-27T15:35:34.425774
CASS,"Cass Information Systems, Inc.",54.13,-0.25,-0.46,222589,81185,691565000,2026-09-27T15:35:34.425774
HDL,Super Hi International Holding Ltd.,11.74,0.0,0.0,131,658,691036000,2026-09-27T15:35:34.425774
MSBI,"Midland States Bancorp, Inc.",33.26,0.13,0.39,428013,172061,690215000,2026-09-27T15:35:34.425774
CCGFF,Credit Corp Group Limited,10.12,0.0,0.0,500,8,688838000,2026-09-27T15:35:34.425774
MG,"Mistras Group, Inc.",21.52,0.14,0.65,365405,295015,685635000,2026-09-27T15:35:34.425774
CCB,Coastal Financial Corporation,44.82,1.2,2.75,183835,241119,685133000,2026-09-27T15:35:34.425774
NGVC,"Natural Grocers by Vitamin Cottage, Inc.",29.71,-0.26,-0.87,96180,141233,684692000,2026-09-27T15:35:34.425774
RGR,"Sturm, Ruger & Company, Inc.",42.81,0.91,2.17,332708,141250,684029000,2026-09-27T15:35:34.425774
UELKY,Ülker Bisküvi Sanayi A.S.,18.5,0.0,0.0,200,42,683160000,2026-09-27T15:35:34.425774
OFRM,"Once Upon a Farm, PBC",16.26,-0.24,-1.45,269323,444938,682768000,2026-09-27T15:35:34.425774
CNNE,"Cannae Holdings, Inc.",15.74,0.21,1.35,457383,486069,682710000,2026-09-27T15:35:34.425774
ACGP,"Associated Capital Group, Inc.",33.45,0.0,0.0,2100,4285,680815000,2026-09-27T15:35:34.425774
TAKMF,"Takamatsu Construction Group Co., Ltd.",19.55,0.0,0.0,0,1,680701000,2026-09-27T15:35:34.425774
CLNFF,Calian Group Ltd.,59.04,-1.43,-2.36,100,1250,680304000,2026-09-27T15:35:34.425774
PRLPF,Propel Holdings Inc.,17.25,-1.48,-7.9,200,11096,679182000,2026-09-27T15:35:34.425774
DGICB,Donegal Group Inc.,18.2,0.79,4.54,2203,4530,675571000,2026-09-27T15:35:34.425774
LOGC,ContextLogic Holdings Inc.,14.75,0.08,0.55,11474,122587,674867000,2026-09-27T15:35:34.425774
DTNHF,"DOUTOR NICHIRES Holdings Co., Ltd.",16.0,0.0,0.0,100,3,672358000,2026-09-27T15:35:34.425774
VLGEA,"Village Super Market, Inc.",45.37,-0.41,-0.9,43431,52006,671907000,2026-09-27T15:35:34.425774
DGICA,Donegal Group Inc.,18.09,0.17,0.95,160844,121784,671488000,2026-09-27T15:35:34.425774
IFSPF,Interfor Corporation,10.21,0.01,0.1,400,22696,671481000,2026-09-27T15:35:34.425774
CLYM,"Climb Bio, Inc.",11.66,-0.23,-1.93,1401000,1432000,669707000,2026-09-27T15:35:34.425774
KRNT,Kornit Digital Ltd.,15.56,0.39,2.57,989625,266288,668559000,2026-09-27T15:35:34.425774
HELE,Helen of Troy Limited,28.63,-0.72,-2.45,515945,442395,666852000,2026-09-27T15:35:34.425774
BUI,"BlackRock Utilities, Infrastructure & Power Opportunities Trust",24.95,-0.14,-0.56,66332,71593,662393000,2026-09-27T15:35:34.425774
BWMX,"Betterware de México, S.A.P.I. de C.V.",16.74,0.29,1.76,30387,79358,660980000,2026-09-27T15:35:34.425774
NVCT,"Nuvectis Pharma, Inc.",20.22,-1.41,-6.52,191807,301980,660063000,2026-09-27T15:35:34.425774
CCD,Calamos Dynamic Convertible and Income Fund,23.01,-0.38,-1.62,70820,63620,658536000,2026-09-27T15:35:34.425774
MATV,"Mativ Holdings, Inc.",11.92,-0.25,-2.05,370848,549230,657866000,2026-09-27T15:35:34.425774
TBLD,Thornburg Income Builder Opportunities Trust,20.48,0.14,0.66,50835,56973,656877000,2026-09-27T15:35:34.425774
EVER,"EverQuote, Inc.",18.64,0.58,3.21,969033,741014,656869000,2026-09-27T15:35:34.425774
MSHHF,Mensch und Maschine Software SE,39.42,0.0,0.0,100,1,656798000,2026-09-27T15:35:34.425774
GOODO,Gladstone Commercial Corporation,19.79,-0.22,-1.1,5247,5880,656698000,2026-09-27T15:35:34.425774
OSPN,OneSpan Inc.,17.81,0.13,0.74,515156,443985,656337000,2026-09-27T15:35:34.425774
WWLNF,Worldline SA,11.6,0.0,0.0,100,20,656070000,2026-09-27T15:35:34.425774
ALPIB,Alpine Banks of Colorado,48.9,-0.3,-0.61,400,3138,655751000,2026-09-27T15:35:34.425774
ZVRA,"Zevra Therapeutics, Inc.",11.04,-0.22,-1.95,669425,1169000,655597000,2026-09-27T15:35:34.425774
AOHLF,Autohellas S.A.,13.63,0.0,0.0,8,18,655436000,2026-09-27T15:35:34.425774
PKE,Park Aerospace Corp.,30.11,0.45,1.52,228501,272339,654929000,2026-09-27T15:35:34.425774
INDHF,INDUS Holding AG,24.45,0.0,0.0,100,1,654039000,2026-09-27T15:35:34.425774
KE,"Kimball Electronics, Inc.",27.27,-0.21,-0.76,145351,204796,653580000,2026-09-27T15:35:34.425774
BHB,Bar Harbor Bankshares,38.96,-0.77,-1.94,267887,98650,653206000,2026-09-27T15:35:34.425774
SHEN,Shenandoah Telecommunications Company,11.76,-0.23,-1.92,1163000,658722,651089000,2026-09-27T15:35:34.425774
COVCF,COVER Corporation,10.2,0.0,0.0,200,179,650457000,2026-09-27T15:35:34.425774
OTCM,OTC Markets Group Inc.,54.15,0.15,0.28,1049,3725,648905000,2026-09-27T15:35:34.425774
ACNB,ACNB Corporation,63.73,0.29,0.46,56570,73106,648130000,2026-09-27T15:35:34.425774
AMBZ,American Business Bank,72.99,0.0,0.0,500,2406,648051000,2026-09-27T15:35:34.425774
DMII,Drugs Made In America Acquisition II Corp.,10.16,0.01,0.1,26426,53244,647192000,2026-09-27T15:35:34.425774
RA,Brookfield Real Assets Income Fund Inc.,11.71,0.0,0.0,258599,176368,647032000,2026-09-27T15:35:34.425774
CMRE-PB,Costamare Inc.,25.31,-0.09,-0.35,1270,2408,645618000,2026-09-27T15:35:34.425774
CMRE-PC,Costamare Inc.,26.63,-0.03,-0.1,329,3121,645543000,2026-09-27T15:35:34.425774
CCSI,"Consensus Cloud Solutions, Inc.",35.22,-0.15,-0.42,82736,153533,645404000,2026-09-27T15:35:34.425774
AGMJF,Algoma Central Corporation,15.89,0.0,0.0,300,234,644623000,2026-09-27T15:35:34.425774
DDI,"DoubleDown Interactive Co., Ltd.",13.0,0.0,0.0,188420,114142,644195000,2026-09-27T15:35:34.425774
PZZA,"Papa John's International, Inc.",19.55,-0.67,-3.31,1982000,1365000,643619000,2026-09-27T15:35:34.425774
HDIUF,ADENTRA Inc.,26.49,0.0,0.0,15,1911,642263000,2026-09-27T15:35:34.425774
NPRKF,NPR-Riken Corporation,23.84,0.0,0.0,0,63,641414000,2026-09-27T15:35:34.425774
BIT,BlackRock Multi-Sector Income Trust,11.23,0.04,0.36,460843,366038,640814000,2026-09-27T15:35:34.425774
SLRC,SLR Investment Corp.,11.74,0.06,0.51,425466,405707,640471000,2026-09-27T15:35:34.425774
ANGO,"AngioDynamics, Inc.",15.49,0.21,1.37,635493,462255,640239000,2026-09-27T15:35:34.425774
AEXAF,Atos Group,32.4,0.0,0.0,124,14,639906000,2026-09-27T15:35:34.425774
SWBI,"Smith & Wesson Brands, Inc.",14.26,0.18,1.28,419670,554371,639414000,2026-09-27T15:35:34.425774
WCCB,West Coast Community Bancorp,60.71,0.58,0.96,30270,6153,638917000,2026-09-27T15:35:34.425774
TIPT,Tiptree Inc.,17.15,0.17,1.0,237156,214757,638661000,2026-09-27T15:35:34.425774
EGHSF,Enghouse Systems Limited,11.83,0.05,0.42,600,27736,637648000,2026-09-27T15:35:34.425774
DLY,DoubleLine Yield Opportunities Fund,13.11,0.05,0.38,347286,196122,636347000,2026-09-27T15:35:34.425774
HPP,"Hudson Pacific Properties, Inc.",11.65,-0.06,-0.51,704394,697803,632231000,2026-09-27T15:35:34.425774
PHR,"Phreesia, Inc.",10.15,0.15,1.5,757735,784160,630020000,2026-09-27T15:35:34.425774
MAMA,"Mama's Creations, Inc.",13.35,-0.02,-0.15,1024000,707161,629419000,2026-09-27T15:35:34.425774
FILAF,F.I.L.A. - Fabbrica Italiana Lapis ed Affini S.p.A.,12.47,0.0,0.0,100,28,629254000,2026-09-27T15:35:34.425774
BLSM,"BlossomHill Therapeutics, Inc.",19.75,-0.72,-3.52,203053,273345,627752000,2026-09-27T15:35:34.425774
HYPOF,Hypoport SE,94.77,0.0,0.0,3,0,627361000,2026-09-27T15:35:34.425774
FWRG,"First Watch Restaurant Group, Inc.",10.14,-0.08,-0.78,1013000,1110000,625764000,2026-09-27T15:35:34.425774
CUPUF,"Caribbean Utilities Company, Ltd.",14.6,0.2,1.39,3700,603,625294000,2026-09-27T15:35:34.425774
EVOH,EvoAir Holdings Inc.,23.0,0.0,0.0,16,1,625155000,2026-09-27T15:35:34.425774
WHK,WhiteHawk Minerals Corp.,26.26,-0.09,-0.34,310686,186501,624869000,2026-09-27T15:35:34.425774
HLXFF,Hi-Lex Corporation,17.13,0.0,0.0,0,483,624618000,2026-09-27T15:35:34.425774
PAXS,PIMCO Access Income Fund,13.23,0.14,1.07,314689,229150,623821000,2026-09-27T15:35:34.425774
ADBKF,Addiko Bank AG,32.25,0.0,0.0,200,1,622010000,2026-09-27T15:35:34.425774
CLDT,Chatham Lodging Trust,13.35,-0.05,-0.37,235343,307658,621651000,2026-09-27T15:35:34.425774
CTGO,Contango Silver & Gold Inc.,18.55,0.42,2.32,544433,392131,620325000,2026-09-27T15:35:34.425774
CMRE-PD,Costamare Inc.,26.25,-0.01,-0.04,1017,4329,620266000,2026-09-27T15:35:34.425774
WDI,Western Asset Diversified Income Fund,11.91,0.06,0.51,332498,242836,618273000,2026-09-27T15:35:34.425774
TSHMF,"Shibaura Machine Co.,Ltd.",26.11,0.0,0.0,100,1,617423000,2026-09-27T15:35:34.425774
ACGAF,ACG Metals Limited,26.65,0.0,0.0,100,5,616823000,2026-09-27T15:35:34.425774
JBGS,JBG SMITH Properties,10.53,0.12,1.15,1052000,847001,616802000,2026-09-27T15:35:34.425774
CRWRF,Craneware plc,18.0,0.0,0.0,250,126,616269000,2026-09-27T15:35:34.425774
KNMOF,"Kanamoto Co.,Ltd.",18.13,0.0,0.0,165,2,615084000,2026-09-27T15:35:34.425774
LMB,"Limbach Holdings, Inc.",51.48,0.15,0.29,131365,346980,613899000,2026-09-27T15:35:34.425774
MLR,"Miller Industries, Inc.",54.04,0.2,0.37,91149,90298,613472000,2026-09-27T15:35:34.425774
MAMTF,MCAN Mortgage Corporation,14.95,-1.99,-11.76,200,734,611834000,2026-09-27T15:35:34.425774
FLGT,"Fulgent Genetics, Inc.",22.2,0.65,3.02,235726,293273,610840000,2026-09-27T15:35:34.425774
TKCCF,"Toukei Computer Co., Ltd.",33.88,0.0,0.0,700,11,610671000,2026-09-27T15:35:34.425774
NKX,Nuveen California AMT-Free Quality Municipal Income Fund,10.83,-0.03,-0.28,275530,161993,610079000,2026-09-27T15:35:34.425774
BZTAF,Boozt AB (publ),10.46,0.0,0.0,3793,62,609847000,2026-09-27T15:35:34.425774
HEHSF,Euronext Athens Holding S.A.,10.53,0.0,0.0,100,7,609160000,2026-09-27T15:35:34.425774
BRSYF,BrainsWay Ltd.,15.13,0.0,0.0,300,4,608841000,2026-09-27T15:35:34.425774
EROC,"ERock, Inc.",12.6,0.54,4.48,2272000,2374000,606993000,2026-09-27T15:35:34.425774
VEL,"Velocity Financial, Inc.",15.35,-0.05,-0.32,209367,124596,606040000,2026-09-27T15:35:34.425774
GOOD,Gladstone Commercial Corporation,12.5,-0.06,-0.48,363697,401649,605094000,2026-09-27T15:35:34.425774
EVAC,EQV Ventures Acquisition Corp. II,10.31,0.01,0.1,358119,92077,602597000,2026-09-27T15:35:34.425774
YSWY,"Yesway, Inc.",19.32,-0.13,-0.67,158698,332949,602505000,2026-09-27T15:35:34.425774
BCSS,Bain Capital GSS Investment Corp.,10.31,0.02,0.19,194550,32293,602104000,2026-09-27T15:35:34.425774
IGR,CBRE Global Real Estate Income Fund,11.89,-0.05,-0.42,340737,216651,601474000,2026-09-27T15:35:34.425774
OOMA,"Ooma, Inc.",21.77,-0.15,-0.68,335013,428231,600852000,2026-09-27T15:35:34.425774
BXC,BlueLinx Holdings Inc.,76.35,2.53,3.43,146931,163876,600128000,2026-09-27T15:35:34.425774
NTGR,"NETGEAR, Inc.",22.07,-0.05,-0.23,274034,347123,599841000,2026-09-27T15:35:34.425774
CXII,Churchill Capital Corp XII,10.79,0.07,0.65,1233,64707,599384000,2026-09-27T15:35:34.425774
CNDCF,Canadian Banc Corp.,11.1,0.0,0.0,181,963,598379000,2026-09-27T15:35:34.425774
ELMT,The Elmet Group Co.,19.64,-0.09,-0.46,373810,677620,598225000,2026-09-27T15:35:34.425774
GMRS,GMR Solutions Inc.,11.06,0.3,2.79,645624,792838,597480000,2026-09-27T15:35:34.425774
TMTMF,TechMatrix Corporation,14.91,0.0,0.0,100,1,596350000,2026-09-27T15:35:34.425774
SCHL,Scholastic Corporation,32.35,-2.48,-7.12,1209000,369731,595545000,2026-09-27T15:35:34.425774
CRD-A,Crawford & Company,12.5,0.07,0.56,92312,63766,594897000,2026-09-27T15:35:34.425774
KYRNF,"KYORIN Pharmaceutical Co., Ltd.",10.31,0.0,0.0,100,1,592271000,2026-09-27T15:35:34.425774
CGCLF,"Central Glass Co., Ltd.",23.86,0.0,0.0,10,93,591556000,2026-09-27T15:35:34.425774
MATW,Matthews International Corporation,18.95,-0.27,-1.4,1155000,717900,591490000,2026-09-27T15:35:34.425774
IBEX,IBEX Limited,44.53,1.31,3.03,208043,121180,591298000,2026-09-27T15:35:34.425774
CLMB,"Climb Global Solutions, Inc.",31.65,0.49,1.57,235358,151274,590609000,2026-09-27T15:35:34.425774
FBIZ,"First Business Financial Services, Inc.",70.53,0.33,0.47,46081,61625,590218000,2026-09-27T15:35:34.425774
CHBKF,"The Chiba Kogyo Bank, Ltd.",10.26,0.0,0.0,100,1,589656000,2026-09-27T15:35:34.425774
GGT-PE,The Gabelli Multimedia Trust Inc. 5.125% PFD SER E,20.0,0.02,0.08,975,1405,588797000,2026-09-27T15:35:34.425774
KIDS,OrthoPediatrics Corp.,22.55,-0.09,-0.4,125288,205415,588776000,2026-09-27T15:35:34.425774
CEPF,"Cantor Equity Partners IV, Inc.",10.3,0.02,0.15,133452,59690,588645000,2026-09-27T15:35:34.425774
DBIN,"Dacotah Banks, Inc.",52.99,0.34,0.65,951,392,588574000,2026-09-27T15:35:34.425774
AGM-PD,Federal Agricultural Mortgage Corporation,20.08,-0.09,-0.45,3940,5516,588398000,2026-09-27T15:35:34.425774
CBNK,"Capital Bancorp, Inc.",36.05,0.07,0.19,49226,53460,587271000,2026-09-27T15:35:34.425774
GCBC,"Greene County Bancorp, Inc.",34.46,-0.24,-0.69,18421,39134,586698000,2026-09-27T15:35:34.425774
UNIKF,Unitika Ltd.,10.18,0.0,0.0,100,15,586628000,2026-09-27T15:35:34.425774
CARS,Cars.com Inc.,10.9,0.29,2.73,458668,635974,583507000,2026-09-27T15:35:34.425774
PAR,PAR Technology Corporation,14.06,0.12,0.86,1103000,939431,581560000,2026-09-27T15:35:34.425774
MPLT,"MapLight Therapeutics, Inc.",10.46,-0.3,-2.79,317494,870017,581322000,2026-09-27T15:35:34.425774
VREOF,Vireo Growth Inc.,11.26,-0.22,-1.92,32675,41060,580878000,2026-09-27T15:35:34.425774
NML,Neuberger Berman Income Funds - Neuberger Energy Infrastructure and Income Fund Inc.,10.23,-0.13,-1.25,78629,132042,579621000,2026-09-27T15:35:34.425774
BWB,"Bridgewater Bancshares, Inc.",20.77,0.09,0.44,57425,154263,579147000,2026-09-27T15:35:34.425774
NCDL,Nuveen Churchill Direct Lending Corp.,11.7,-0.01,-0.09,158762,176438,577829000,2026-09-27T15:35:34.425774
SPPP,Sprott Physical Platinum & Palladium Tr,14.03,0.07,0.5,293591,624122,574206000,2026-09-27T15:35:34.425774
SFST,"Southern First Bancshares, Inc.",60.62,0.46,0.76,83438,106331,574178000,2026-09-27T15:35:34.425774
CDNL,Cardinal Infrastructure Group Inc.,28.02,0.48,1.74,867890,725085,572410000,2026-09-27T15:35:34.425774
KELYA,"Kelly Services, Inc.",16.48,0.07,0.43,166812,331331,572382000,2026-09-27T15:35:34.425774
MNPR,Monopar Therapeutics Inc.,85.24,-3.61,-4.06,105822,214655,572112000,2026-09-27T15:35:34.425774
NLLRF,PILLAR Corporation,25.0,0.0,0.0,200,3,571530000,2026-09-27T15:35:34.425774
ENPSF,Enplas Corporation,63.25,0.0,0.0,200,115,571256000,2026-09-27T15:35:34.425774
IIIN,Insteel Industries Inc.,29.48,0.35,1.2,120327,209060,570681000,2026-09-27T15:35:34.425774
GKSGF,Grenke AG,12.9,0.0,0.0,300,4,569895000,2026-09-27T15:35:34.425774
DCBO,Docebo Inc.,22.84,0.47,2.1,28958,73766,569803000,2026-09-27T15:35:34.425774
TDWRF,Tidewater Renewables Ltd.,15.57,0.0,0.0,600,617,568866000,2026-09-27T15:35:34.425774
JFKOF,"JAFCO Group Co., Ltd.",10.8,0.0,0.0,6000,96,568723000,2026-09-27T15:35:34.425774
EROK,EagleRock Land LLC,21.57,-0.44,-2.0,161391,174004,568483000,2026-09-27T15:35:34.425774
NGNE,Neurogene Inc.,28.31,-2.94,-9.41,200066,276539,566522000,2026-09-27T15:35:34.425774
LYOPF,Lycopodium Limited,14.2,0.0,0.0,100,3,564311000,2026-09-27T15:35:34.425774
CRD-B,Crawford & Company,11.83,-0.23,-1.91,9939,20442,563010000,2026-09-27T15:35:34.425774
UNTY,"Unity Bancorp, Inc.",56.05,0.72,1.3,56722,60750,562886000,2026-09-27T15:35:34.425774
YB,Yuanbao Inc.,12.22,0.09,0.7,14925,33504,562870000,2026-09-27T15:35:34.425774
CIVB,"Civista Bancshares, Inc.",27.06,0.0,0.0,166672,144242,562692000,2026-09-27T15:35:34.425774
MDDCF,"MEDIA DO Co., Ltd.",37.04,0.0,0.0,1122,2,562258000,2026-09-27T15:35:34.425774
FAX,Abrdn Asia-Pacific Income Fund Inc,13.5,-0.03,-0.22,283435,138485,557315000,2026-09-27T15:35:34.425774
NRIM,"Northrim BanCorp, Inc.",24.98,0.36,1.46,179571,149615,555674000,2026-09-27T15:35:34.425774
SBOEF,SBO AG,35.25,0.0,0.0,100,1,555521000,2026-09-27T15:35:34.425774
HY,"Hyster-Yale, Inc.",30.97,0.15,0.49,372716,106706,555304000,2026-09-27T15:35:34.425774
MSIF,"MSC Income Fund, Inc.",12.22,0.05,0.41,150036,259079,554119000,2026-09-27T15:35:34.425774
TITN,Titan Machinery Inc.,23.49,0.01,0.04,106606,227007,552788000,2026-09-27T15:35:34.425774
AEXA,American Exceptionalism Acquisi,11.16,-0.03,-0.27,40559,80014,551982000,2026-09-27T15:35:34.425774
ZNZNF,Zinzino AB (publ),14.0,0.0,0.0,100,643,551591000,2026-09-27T15:35:34.425774
RYBIF,Ryobi Limited,17.4,0.0,0.0,500,14,550100000,2026-09-27T15:35:34.425774
KACPF,KOA Corporation,14.8,0.0,0.0,1,3,549632000,2026-09-27T15:35:34.425774
BOIRF,Boiron SA,31.5,0.0,0.0,200,3,546912000,2026-09-27T15:35:34.425774
MNARF,Morguard North American Residential Real Estate Investment Trust,10.44,0.0,0.0,100,465,544759000,2026-09-27T15:35:34.425774
CRPIF,Care Property Invest NV,12.85,0.0,0.0,0,1,543207000,2026-09-27T15:35:34.425774
DCTH,"Delcath Systems, Inc.",15.6,-0.48,-2.99,262282,490630,541301000,2026-09-27T15:35:34.425774
NVRI,Enviri Corporation,19.15,-0.28,-1.44,278407,374709,539841000,2026-09-27T15:35:34.425774
UHT,Universal Health Realty Income Trust,38.65,-0.03,-0.08,94497,110319,537184000,2026-09-27T15:35:34.425774
GAMI,"GAMCO Investors, Inc.",25.0,-0.09,-0.36,26051,2757,536939000,2026-09-27T15:35:34.425774
ETD,Ethan Allen Interiors Inc.,21.29,0.24,1.14,365791,542931,536602000,2026-09-27T15:35:34.425774
BWAY,BrainsWay Ltd.,13.31,0.1,0.76,54526,114496,535603000,2026-09-27T15:35:34.425774
THW,Abrdn World Healthcare Fund,13.23,-0.09,-0.68,97953,138552,534013000,2026-09-27T15:35:34.425774
PKSHF,PKSHA Technology Inc.,17.4,0.0,0.0,0,20,533738000,2026-09-27T15:35:34.425774
PVARF,Porvair plc,11.53,0.0,0.0,202,56,532699000,2026-09-27T15:35:34.425774
CMDB,Costamare Bulkers Holdings Limited,21.9,-0.9,-3.95,84436,72723,532203000,2026-09-27T15:35:34.425774
HBCP,"Home Bancorp, Inc.",67.6,-0.12,-0.18,71733,86866,532063000,2026-09-27T15:35:34.425774
BSVN,Bank7 Corp.,55.85,0.56,1.01,46934,42450,532019000,2026-09-27T15:35:34.425774
NPB,"Northpointe Bancshares, Inc.",15.37,0.02,0.13,244762,217204,531523000,2026-09-27T15:35:34.425774
WNC,Wabash National Corporation,13.03,1.32,11.27,1177000,1017000,530805000,2026-09-27T15:35:34.425774
BWFG,"Bankwell Financial Group, Inc.",66.48,0.48,0.73,39982,74087,529977000,2026-09-27T15:35:34.425774
SENS,"Senseonics Holdings, Inc.",10.0,-0.34,-3.29,569075,683022,528741000,2026-09-27T15:35:34.425774
TSHMY,"Shibaura Machine Co.,Ltd.",11.17,0.0,0.0,47,2,528274000,2026-09-27T15:35:34.425774
SIGRF,Sligro Food Group N.V.,12.0,0.0,0.0,100,1,528202000,2026-09-27T15:35:34.425774
WJXFF,Wajax Corporation,24.25,-0.47,-1.9,100,9188,528164000,2026-09-27T15:35:34.425774
ASYTF,Assystem S.A.,35.3,0.0,0.0,130,2,523769000,2026-09-27T15:35:34.425774
NRTZF,Noritz Corporation,11.47,0.0,0.0,2000,1,523154000,2026-09-27T15:35:34.425774
ZRSEF,DocMorris AG,10.24,0.0,0.0,10,0,521846000,2026-09-27T15:35:34.425774
CBIO,"Crescent Biopharma, Inc.",13.99,-0.25,-1.76,228685,374882,519684000,2026-09-27T15:35:34.425774
IIM,Invesco Value Municipal Income Trust,11.0,-0.06,-0.54,335238,113750,518118000,2026-09-27T15:35:34.425774
AGMB,AgomAb Therapeutics NV,10.51,-0.07,-0.66,164011,125366,517596000,2026-09-27T15:35:34.425774
BSRR,Sierra Bancorp,39.9,0.25,0.63,23772,57238,517240000,2026-09-27T15:35:34.425774
MEI,"Methode Electronics, Inc.",14.51,-0.05,-0.34,441157,694112,517210000,2026-09-27T15:35:34.425774
TCMD,"Tactile Systems Technology, Inc.",22.73,-0.16,-0.7,264660,297644,514886000,2026-09-27T15:35:34.425774
SD,"SandRidge Energy, Inc.",13.87,-0.3,-2.12,351496,325968,514234000,2026-09-27T15:35:34.425774
IOBCF,Ion Beam Applications SA,17.7,0.0,0.0,200,158,514012000,2026-09-27T15:35:34.425774
MXLLF,"Maxell, Ltd.",13.94,0.0,0.0,1000,16,513846000,2026-09-27T15:35:34.425774
FRUYF,"Furuya Metal Co., Ltd.",20.72,0.0,0.0,100,4,509698000,2026-09-27T15:35:34.425774
CTAGY,Capita plc,17.1,0.0,0.0,200,3,508352000,2026-09-27T15:35:34.425774
DRUG,Bright Minds Biosciences Inc.,51.8,-1.71,-3.2,210970,176507,508265000,2026-09-27T15:35:34.425774
NHOXF,Nederman Holding AB (publ),14.5,0.0,0.0,100,1,508109000,2026-09-27T15:35:34.425774
ITG,"ITG, Inc.",10.48,0.05,0.48,141687,463106,507699000,2026-09-27T15:35:34.425774
CSV,"Carriage Services, Inc.",31.94,-0.04,-0.13,175607,154798,507281000,2026-09-27T15:35:34.425774
OBT,"Orange County Bancorp, Inc.",37.82,0.44,1.18,59761,58619,507089000,2026-09-27T15:35:34.425774
FFMR,First Farmers Financial Corporation,36.5,0.0,0.0,100,339,506557000,2026-09-27T15:35:34.425774
KRSP,Rice Acquisition Corporation 3,11.0,0.45,4.27,1917000,51239,506029000,2026-09-27T15:35:34.425774
PMMFF,"Premium Group Co., Ltd.",12.99,0.0,0.0,100,32,503190000,2026-09-27T15:35:34.425774
YORW,The York Water Company,30.98,0.23,0.76,453896,146447,502761000,2026-09-27T15:35:34.425774
NXRT,"NexPoint Residential Trust, Inc.",19.64,-0.54,-2.68,1183000,436230,501798000,2026-09-27T15:35:34.425774
AMCX,AMC Global Media Inc.,12.16,0.13,1.08,451298,639600,501600000,2026-09-27T15:35:34.425774
NWAX,New America Acquisition I Corp.,10.07,0.0,0.0,24091,96700,501486000,2026-09-27T15:35:34.425774
MCFT,"MasterCraft Boat Holdings, Inc.",20.59,0.22,1.08,229101,203209,501148000,2026-09-27T15:35:34.425774
HBB,Hamilton Beach Brands Holding Company,37.26,-0.05,-0.13,65818,69461,500861000,2026-09-27T15:35:34.425774
DRUNF,Dream Unlimited Corp.,11.9,-0.01,-0.08,100,3349,499124000,2026-09-27T15:35:34.425774
ETO,Eaton Vance Tax-Advantaged Global Dividend Opportunities Fund,30.43,0.1,0.33,16686,24995,498691000,2026-09-27T15:35:34.425774
AAC,Ares Acquisition Corporation III,10.07,0.0,0.0,6806,43128,497647000,2026-09-27T15:35:34.425774
WTBA,"West Bancorporation, Inc.",29.19,0.16,0.55,38853,61758,497507000,2026-09-27T15:35:34.425774
FWRD,Forward Air Corporation,14.69,-0.06,-0.41,434104,633215,496241000,2026-09-27T15:35:34.425774
EGTIF,"eGuarantee, Inc.",11.15,0.0,0.0,50,1,496049000,2026-09-27T15:35:34.425774
COFS,"ChoiceOne Financial Services, Inc.",33.06,0.19,0.58,39697,82723,494430000,2026-09-27T15:35:34.425774
WEDXF,Aventus Capital Inc,14.87,-0.24,-1.59,3735,5157,494346000,2026-09-27T15:35:34.425774
SIUAF,Stabilus SE,20.0,0.0,0.0,200,3,494000000,2026-09-27T15:35:34.425774
PBAM,"Private Bancorp of America, Inc.",86.25,0.46,0.54,102666,62107,493841000,2026-09-27T15:35:34.425774
AII,"American Integrity Insurance Group, Inc.",25.19,-0.14,-0.55,68577,163468,493558000,2026-09-27T15:35:34.425774
NPACF,Quadient S.A.,14.48,0.0,0.0,445,71,493485000,2026-09-27T15:35:34.425774
KNNCF,"KH Neochem Co., Ltd.",14.07,0.0,0.0,300,4,492702000,2026-09-27T15:35:34.425774
OLP,"One Liberty Properties, Inc.",22.49,0.01,0.04,104101,80209,492541000,2026-09-27T15:35:34.425774
PDLB,"Ponce Financial Group, Inc.",20.34,0.07,0.35,66257,71446,491982000,2026-09-27T15:35:34.425774
RSLBF,RaySearch Laboratories AB (publ),16.5,0.0,0.0,100,34,491765000,2026-09-27T15:35:34.425774
ESEA,Euroseas Ltd.,69.7,-1.33,-1.87,35319,44387,491760000,2026-09-27T15:35:34.425774
ONT,"Onterris, Inc.",14.0,-2.82,-16.77,1198000,659226,491644000,2026-09-27T15:35:34.425774
CHRRF,Chorus Aviation Inc.,21.75,0.75,3.57,700,4341,490906000,2026-09-27T15:35:34.425774
TATT,TAT Technologies Ltd.,37.57,0.18,0.48,82470,152468,488340000,2026-09-27T15:35:34.425774
GLRE,"Greenlight Capital Re, Ltd.",14.89,-0.04,-0.27,115612,146636,486030000,2026-09-27T15:35:34.425774
CMCO,Columbus McKinnon Corporation,16.83,0.8,4.99,440359,561690,485785000,2026-09-27T15:35:34.425774
NOEJF,NORMA Group SE,16.9,0.0,0.0,100,6,484640000,2026-09-27T15:35:34.425774
KDCLF,Japan Engine Corporation,57.74,0.0,0.0,0,1,484070000,2026-09-27T15:35:34.425774
MCCK,"Mestek, Inc.",64.0,-1.0,-1.54,830,415,482935000,2026-09-27T15:35:34.425774
NPCE,"NeuroPace, Inc.",14.06,0.09,0.64,231399,174488,482599000,2026-09-27T15:35:34.425774
ASMB,"Assembly Biosciences, Inc.",23.67,0.01,0.04,143521,271585,481935000,2026-09-27T15:35:34.425774
FMAO,"Farmers & Merchants Bancorp, Inc.",34.93,-0.1,-0.29,56941,69646,481097000,2026-09-27T15:35:34.425774
IDR,"Idaho Strategic Resources, Inc.",30.39,0.59,1.98,107976,219131,480957000,2026-09-27T15:35:34.425774
EHMEF,goeasy Ltd.,29.99,-0.26,-0.86,300,1639,480867000,2026-09-27T15:35:34.425774
NPPRF,"Nippon Ceramic Co., Ltd.",23.46,0.0,0.0,400,15,478795000,2026-09-27T15:35:34.425774
FTHY,First Trust High Yield Opportunities 2027 Term Fund,13.0,0.11,0.85,168062,99166,478049000,2026-09-27T15:35:34.425774
CLB,Core Laboratories Inc.,10.39,-0.1,-0.95,811411,779344,476740000,2026-09-27T15:35:34.425774
PWRL,Powerlaw Corp.,11.01,-0.04,-0.36,129126,140726,475200000,2026-09-27T15:35:34.425774
XRN,Chiron Real Estate Inc.,35.85,0.07,0.2,101233,87831,474576000,2026-09-27T15:35:34.425774
MBUU,"Malibu Boats, Inc.",24.09,0.67,2.86,296523,236396,474039000,2026-09-27T15:35:34.425774
FPI,Farmland Partners Inc.,10.86,0.16,1.5,733654,500330,473830000,2026-09-27T15:35:34.425774
CRAN,Crane Harbor Acquisition Corp. II,10.1,0.0,0.0,69,59600,473690000,2026-09-27T15:35:34.425774
OSKXF,"Osaka Steel Co., Ltd.",15.81,0.0,0.0,1800,4,473012000,2026-09-27T15:35:34.425774
MASS,908 Devices Inc.,11.44,-0.08,-0.69,303862,382960,472858000,2026-09-27T15:35:34.425774
KRUS,"Kura Sushi USA, Inc.",38.91,0.0,0.0,303309,248357,472750000,2026-09-27T15:35:34.425774
CTNM,"Contineum Therapeutics, Inc.",12.56,0.07,0.56,404929,459300,472521000,2026-09-27T15:35:34.425774
SPIR,"Spire Global, Inc.",12.08,-0.18,-1.47,509544,711866,472510000,2026-09-27T15:35:34.425774
DDMGF,"Daihatsu Infinearth Mfg.Co.,Ltd",18.56,0.0,0.0,100,1,472008000,2026-09-27T15:35:34.425774
IFN,"Aberdeen India Fund, Inc.",10.88,0.02,0.18,164400,138965,471204000,2026-09-27T15:35:34.425774
CLKXF,TWC Enterprises Limited,19.52,0.0,0.0,100,36,471068000,2026-09-27T15:35:34.425774
GTEN,"Gores Holdings X, Inc.",10.45,0.0,0.0,14,36295,471043000,2026-09-27T15:35:34.425774
HAPYF,Happinet Corporation,10.88,0.0,0.0,3300,53,471024000,2026-09-27T15:35:34.425774
NMAI,Nuveen Multi-Asset Income Fund,14.09,0.07,0.5,70363,89150,470967000,2026-09-27T15:35:34.425774
NDDLF,Nedap N.V.,71.21,0.0,0.0,250,4,470744000,2026-09-27T15:35:34.425774
CMTUF,Comture Corporation,14.76,0.0,0.0,100,5,470744000,2026-09-27T15:35:34.425774
REVXF,Revenio Group Oyj,13.54,0.0,0.0,1000,15,470643000,2026-09-27T15:35:34.425774
KMBIF,Kambi Group plc,17.95,0.0,0.0,594,9,469963000,2026-09-27T15:35:34.425774
AFGZF,Amadeus FiRe AG,86.34,0.0,0.0,0,2,469012000,2026-09-27T15:35:34.425774
GCGR,General Catalyst Global Resilience Merger Corp.,10.12,-0.02,-0.15,409,46847,467405000,2026-09-27T15:35:34.425774
FBDHF,FBD Holdings plc,13.0,0.0,0.0,100,6,467315000,2026-09-27T15:35:34.425774
CIX,CompX International Inc.,37.8,1.54,4.25,31223,16420,466326000,2026-09-27T15:35:34.425774
FKCIF,"Fukui Computer Holdings,Inc.",22.54,0.0,0.0,79,4,466097000,2026-09-27T15:35:34.425774
APXT,Apex Treasury Corporation,10.14,0.0,0.0,184,245817,466034000,2026-09-27T15:35:34.425774
LXFR,Luxfer Holdings PLC,17.25,0.0,0.0,270416,347411,465633000,2026-09-27T15:35:34.425774
JOUT,Johnson Outdoors Inc.,44.43,0.67,1.53,30729,47493,465612000,2026-09-27T15:35:34.425774
DPG,Duff & Phelps Utility and Infrastructure Fund Inc.,12.92,-0.02,-0.15,101451,60580,465083000,2026-09-27T15:35:34.425774
GGN-PB,"GAMCO Global Gold, Natural Resources & Income Trust",18.18,-0.12,-0.63,7516,6696,464703000,2026-09-27T15:35:34.425774
TECX,"Tectonic Therapeutic, Inc.",23.67,-0.45,-1.87,97044,209638,462733000,2026-09-27T15:35:34.425774
GRVY,"Gravity Co., Ltd.",66.51,-1.04,-1.54,10727,37431,462171000,2026-09-27T15:35:34.425774
CMCL,Caledonia Mining Corporation Plc,23.84,-0.03,-0.13,150550,208606,460948000,2026-09-27T15:35:34.425774
CZNC,Citizens & Northern Corporation,25.7,0.22,0.86,42730,64282,460926000,2026-09-27T15:35:34.425774
GUG,Guggenheim Active Allocation Fund,13.93,0.14,1.02,123368,105993,459413000,2026-09-27T15:35:34.425774
CFSKF,"Chofu Seisakusho Co., Ltd.",13.5,0.0,0.0,200,3,459020000,2026-09-27T15:35:34.425774
ABXXF,Abaxx Technologies Inc.,11.83,-0.54,-4.37,15197,72169,458876000,2026-09-27T15:35:34.425774
NIMU,Non-Invasive Monitoring Systems Inc,11.5,0.0,0.0,133,456,458828000,2026-09-27T15:35:34.425774
UARWF,United Arrows Ltd.,17.11,0.0,0.0,100,1,458688000,2026-09-27T15:35:34.425774
IPI,"Intrepid Potash, Inc.",34.04,-1.8,-5.02,179034,202533,458065000,2026-09-27T15:35:34.425774
MKKOF,Marimekko Oyj,11.25,0.0,0.0,40,2,455802000,2026-09-27T15:35:34.425774
HEXEY,Euronext Athens Holding S.A.,15.75,0.0,0.0,33,8,455569000,2026-09-27T15:35:34.425774
CDRO,"Codere Online Luxembourg, S.A.",10.01,0.21,2.14,79931,26898,455154000,2026-09-27T15:35:34.425774
GCHHF,Gooch & Housego PLC,16.62,0.0,0.0,200,9,454901000,2026-09-27T15:35:34.425774
ETB,Eaton Vance Tax-Managed Buy-Write Income Fund,15.48,0.04,0.26,54662,47990,454721000,2026-09-27T15:35:34.425774
BLW,BlackRock Limited Duration Income Trust,11.61,0.03,0.26,197837,169220,453940000,2026-09-27T15:35:34.425774
AIRTP,"Air T, Inc.",18.84,0.01,0.06,1095,3042,453887000,2026-09-27T15:35:34.425774
WEYS,"Weyco Group, Inc.",47.44,0.02,0.04,27747,23795,453099000,2026-09-27T15:35:34.425774
BGPBF,BTS Group AB (publ),23.35,0.0,0.0,2000,16,452916000,2026-09-27T15:35:34.425774
VHI,"Valhi, Inc.",15.99,-0.06,-0.37,10816,14730,452856000,2026-09-27T15:35:34.425774
CLPT,"ClearPoint Neuro, Inc.",14.83,0.22,1.51,280256,587477,452378000,2026-09-27T15:35:34.425774
BMRC,Bank of Marin Bancorp,27.91,0.13,0.47,107610,162514,451981000,2026-09-27T15:35:34.425774
GHY,"PGIM Global High Yield Fund, Inc",11.02,0.08,0.73,204016,160657,451392000,2026-09-27T15:35:34.425774
GHXI,"Gores Holdings XI, Inc.",10.0,0.0,0.0,150415,88154,450750000,2026-09-27T15:35:34.425774
MRAM,"Everspin Technologies, Inc.",18.47,0.59,3.3,989676,1160000,449745000,2026-09-27T15:35:34.425774
RBB,RBB Bancorp,26.58,0.13,0.49,88534,144815,449626000,2026-09-27T15:35:34.425774
ADUR,Aduro Clean Technologies Inc.,12.63,0.07,0.56,174083,442685,447650000,2026-09-27T15:35:34.425774
HKHC,Horizon Kinetics Holding Corporation,24.0,-0.48,-1.96,421,3522,447248000,2026-09-27T15:35:34.425774
CWCO,Consolidated Water Co. Ltd.,27.86,0.03,0.11,77520,87306,446118000,2026-09-27T15:35:34.425774
FFA,First Trust Enhanced Equity Income Fund,22.27,0.03,0.13,28851,25004,445135000,2026-09-27T15:35:34.425774
TRC,Tejon Ranch Co.,16.45,0.19,1.17,115054,144817,444503000,2026-09-27T15:35:34.425774
FTGFF,Firan Technology Group Corporation,17.61,0.21,1.22,200,4152,443366000,2026-09-27T15:35:34.425774
KBON,Karbon Capital Partners Corp.,10.07,0.0,0.0,1,45446,443231000,2026-09-27T15:35:34.425774
VDEVF,Van de Velde NV,35.66,0.0,0.0,100,1,442612000,2026-09-27T15:35:34.425774
MBVI,M3-Brigade Acquisition Vi Corp.,10.24,0.0,0.0,30,23614,441600000,2026-09-27T15:35:34.425774
ATNI,"ATN International, Inc.",28.62,-0.52,-1.78,93619,82012,440844000,2026-09-27T15:35:34.425774
FRBA,First Bank,17.8,0.21,1.19,68099,97004,440622000,2026-09-27T15:35:34.425774
ADV,Advantage Solutions Inc.,33.12,-0.83,-2.44,71433,109419,440340000,2026-09-27T15:35:34.425774
ULH,"Universal Logistics Holdings, Inc.",16.69,0.19,1.18,54545,48076,440079000,2026-09-27T15:35:34.425774
CBK,"Commercial Bancgroup, Inc.",32.09,0.28,0.88,35651,57173,439674000,2026-09-27T15:35:34.425774
CBAN,"Colony Bankcorp, Inc.",20.68,-0.06,-0.29,160931,206803,438861000,2026-09-27T15:35:34.425774
HVT-A,"Haverty Furniture Companies, Inc.",28.09,0.0,0.0,69,598,438025000,2026-09-27T15:35:34.425774
MEC,"Mayville Engineering Company, Inc.",17.16,0.39,2.33,583665,571584,437586000,2026-09-27T15:35:34.425774
IACO,Idea Acquisition Corp.,10.0,0.01,0.1,1017,33865,437500000,2026-09-27T15:35:34.425774
GLAD,Gladstone Capital Corporation,19.36,0.14,0.73,100837,164144,437402000,2026-09-27T15:35:34.425774
FVR,"FrontView REIT, Inc.",17.86,-0.36,-1.98,140328,183088,436783000,2026-09-27T15:35:34.425774
OXLCO,Oxford Lane Capital Corp.,23.6,-0.06,-0.25,539,2657,436680000,2026-09-27T15:35:34.425774
KMAAF,Komax Holding AG,85.12,0.0,0.0,100,2,436239000,2026-09-27T15:35:34.425774
SSMFF,SFC Energy AG,23.45,0.0,0.0,200,6,435994000,2026-09-27T15:35:34.425774
HVT,"Haverty Furniture Companies, Inc.",27.95,0.21,0.76,92777,122066,435842000,2026-09-27T15:35:34.425774
AMSF,"AMERISAFE, Inc.",23.51,-0.32,-1.34,924627,404565,435783000,2026-09-27T15:35:34.425774
MESH,Meshflow Acquisition Corp.,10.07,-0.01,-0.05,53451,145515,434484000,2026-09-27T15:35:34.425774
BGR,BlackRock Energy and Resources Trust,17.06,-0.18,-1.04,118536,89858,434282000,2026-09-27T15:35:34.425774
SACIF,"Sakai Chemical Industry Co., Ltd.",28.0,0.0,0.0,200,8,434158000,2026-09-27T15:35:34.425774
DBCA,D. Boral Acquisition I Corp.,10.03,0.0,0.0,28725,53230,434012000,2026-09-27T15:35:34.425774
UMH-PD,"UMH Properties, Inc.",20.7,-0.22,-1.05,22009,21599,433880000,2026-09-27T15:35:34.425774
PLBC,Plumas Bancorp,62.29,0.77,1.25,44794,55596,433477000,2026-09-27T15:35:34.425774
NRC,NRC Health,19.57,-0.62,-3.07,139180,113407,432880000,2026-09-27T15:35:34.425774
WFICF,Wall Financial Corporation,13.58,0.0,0.0,100,1,432290000,2026-09-27T15:35:34.425774
KRAQ,KRAKacquisition Corp.,10.02,-0.0,-0.01,2016,32728,432087000,2026-09-27T15:35:34.425774
CAL,"Caleres, Inc.",12.52,0.03,0.24,366050,521501,432002000,2026-09-27T15:35:34.425774
MAGN,Magnera Corporation,12.13,0.28,2.36,384577,419106,431828000,2026-09-27T15:35:34.425774
PHOE,Phoenix Asia Holdings Limited,19.99,1.16,6.16,3164,35428,431784000,2026-09-27T15:35:34.425774
KNTTF,"Kintetsu Department Store Co., Ltd.",10.69,0.0,0.0,200,1,430920000,2026-09-27T15:35:34.425774
MITT-PA,"TPG Mortgage Investment Trust, Inc.",20.89,0.11,0.53,10264,4097,430771000,2026-09-27T15:35:34.425774
RFAIU,RF Acquisition Corp II,43.05,0.0,0.0,887,179,430500000,2026-09-27T15:35:34.425774
MNRO,"Monro, Inc.",13.74,-0.24,-1.72,761212,1028000,429568000,2026-09-27T15:35:34.425774
LOCO,"El Pollo Loco Holdings, Inc.",14.09,-0.12,-0.84,164138,234695,428800000,2026-09-27T15:35:34.425774
ARQQ,Arqit Quantum Inc.,24.6,1.48,6.4,368792,412700,428099000,2026-09-27T15:35:34.425774
KIO,KKR Income Opportunities Fund,10.44,0.14,1.36,201470,200517,427885000,2026-09-27T15:35:34.425774
PBFS,"Pioneer Bancorp, Inc.",17.67,0.3,1.73,10663,12626,427256000,2026-09-27T15:35:34.425774
ASIX,AdvanSix Inc.,15.8,0.05,0.32,222509,268987,426619000,2026-09-27T15:35:34.425774
GRMZF,"grems,Inc.",18.44,0.0,0.0,0,11,426414000,2026-09-27T15:35:34.425774
SMC,Summit Midstream Corporation,30.8,-0.31,-1.0,77338,55776,424535000,2026-09-27T15:35:34.425774
XIII,Churchill Capital Corp XIII,10.22,-0.03,-0.29,3204,22783,423108000,2026-09-27T15:35:34.425774
NGS,"Natural Gas Services Group, Inc.",32.8,-0.5,-1.5,117220,121615,423064000,2026-09-27T15:35:34.425774
CLFD,"Clearfield, Inc.",31.07,0.54,1.77,67042,185241,422053000,2026-09-27T15:35:34.425774
SGU,"Star Group, L.P.",12.83,0.18,1.42,7150,20319,420968000,2026-09-27T15:35:34.425774
JSPCF,JSP Corporation,16.0,0.0,0.0,800,4,419313000,2026-09-27T15:35:34.425774
GNE,Genie Energy Ltd.,15.92,0.13,0.82,68834,77077,419008000,2026-09-27T15:35:34.425774
KFII,K&F Growth Acquisition Corp. II,10.67,0.01,0.09,125011,24100,418862000,2026-09-27T15:35:34.425774
NRRUF,Northview Residential REIT,11.59,0.0,0.0,100,4,418289000,2026-09-27T15:35:34.425774
USCB,"USCB Financial Holdings, Inc.",22.63,-0.04,-0.18,33194,63887,418077000,2026-09-27T15:35:34.425774
NPFD,Nuveen Variable Rate Preferred & Income Fund,17.28,0.01,0.06,50273,59457,417556000,2026-09-27T15:35:34.425774
USDE,StablecoinX Inc.,17.25,3.03,21.31,7723000,5576000,414507000,2026-09-27T15:35:34.425774
LPKFF,LPKF Laser & Electronics SE,16.89,0.34,2.05,7500,33798,413747000,2026-09-27T15:35:34.425774
CHCT,Community Healthcare Trust Incorporated,14.41,0.1,0.7,316577,324026,412902000,2026-09-27T15:35:34.425774
CARL,"Carlsmed, Inc.",15.1,0.28,1.89,65419,136052,412271000,2026-09-27T15:35:34.425774
CRNCY,Capricorn Energy PLC,12.0,1.87,18.46,100,74,411995000,2026-09-27T15:35:34.425774
MHCUF,Flagship Communities Real Estate Investment Trust,21.19,0.24,1.15,762,1871,411227000,2026-09-27T15:35:34.425774
NWPHF,Newron Pharmaceuticals S.p.A.,20.0,0.0,0.0,986,1,408953000,2026-09-27T15:35:34.425774
CTRN,"Citi Trends, Inc.",49.03,-1.04,-2.08,153995,166374,408883000,2026-09-27T15:35:34.425774
SCA,Graniteshares Autocallable Smci ETF,26.12,0.21,0.8,19192,396,408612000,2026-09-27T15:35:34.425774
MDLYF,"Medley, Inc.",13.52,0.0,0.0,1499,1,408586000,2026-09-27T15:35:34.425774
CLBR,Colombier Acquisition Corp. III,10.2,-0.01,-0.05,68160,68866,408170000,2026-09-27T15:35:34.425774
BOC,Boston Omaha Corporation,13.47,0.04,0.3,158227,137717,405805000,2026-09-27T15:35:34.425774
NPNVF,"Valqua, Ltd.",23.0,0.0,0.0,100,2,405584000,2026-09-27T15:35:34.425774
CRAQ,Cal Redwood Acquisition Corp.,10.4,0.0,0.0,9,29065,405515000,2026-09-27T15:35:34.425774
FRPH,"FRP Holdings, Inc.",21.11,0.03,0.14,73711,92161,405276000,2026-09-27T15:35:34.425774
ISTR,Investar Holding Corporation,29.37,-0.03,-0.1,91955,142765,404631000,2026-09-27T15:35:34.425774
CPS,Cooper-Standard Holdings Inc.,22.7,0.48,2.16,182660,198587,403361000,2026-09-27T15:35:34.425774
SCTX,Scribe Therapeutics Inc.,21.28,-0.33,-1.53,458382,302177,402866000,2026-09-27T15:35:34.425774
NPAC,New Providence Acquisition Corp. III,10.49,0.0,0.0,25162,89463,402720000,2026-09-27T15:35:34.425774
GMTL,Guardian Metal Resources PLC,10.09,-0.24,-2.32,230326,199507,401172000,2026-09-27T15:35:34.425774
AVBC,"Avidia Bancorp, Inc.",21.68,-0.01,-0.05,85423,138250,400462000,2026-09-27T15:35:34.425774
MEVO,M Evo Global Acquisition Corp II,10.0,-0.02,-0.2,113501,80941,400000000,2026-09-27T15:35:34.425774
HPS,John Hancock Preferred Income Fund III,12.42,0.07,0.57,65976,76482,399537000,2026-09-27T15:35:34.425774
NXG,NXG NextGen Infrastructure Income Fund,54.49,-0.46,-0.84,39992,107396,399530000,2026-09-27T15:35:34.425774
EDEMY,eDreams ODIGEO S.A.,40.0,0.0,0.0,300,6,399467000,2026-09-27T15:35:34.425774
JRI,Nuveen Real Asset Income and Growth Fund,11.02,-0.15,-1.34,297719,147501,398905000,2026-09-27T15:35:34.425774
FINS,Angel Oak Financial Strategies Income Term Trust,11.92,0.06,0.51,80591,43992,398329000,2026-09-27T15:35:34.425774
PKBK,"Parke Bancorp, Inc.",33.77,-0.01,-0.03,30971,48685,397185000,2026-09-27T15:35:34.425774
SKYH,Sky Harbour Group Corporation,10.01,0.18,1.83,123608,170526,396227000,2026-09-27T15:35:34.425774
MODVF,Melcor Developments Ltd.,13.22,-0.24,-1.75,2,184,396187000,2026-09-27T15:35:34.425774
OYOCF,OYO Corporation,17.75,0.0,0.0,2100,1,395656000,2026-09-27T15:35:34.425774
CHMG,Chemung Financial Corporation,82.0,-0.09,-0.11,54036,63587,395361000,2026-09-27T15:35:34.425774
FSTR,L.B. Foster Company,37.47,-0.05,-0.13,64359,64517,394176000,2026-09-27T15:35:34.425774
FCBM,"First Carolina Financial Services, Inc.",12.68,-0.03,-0.24,302863,144658,393953000,2026-09-27T15:35:34.425774
ARCT,Arcturus Therapeutics Holdings Inc.,13.85,-0.27,-1.91,629528,934207,393660000,2026-09-27T15:35:34.425774
MITT-PB,"TPG Mortgage Investment Trust, Inc.",19.29,0.05,0.26,6662,9179,393317000,2026-09-27T15:35:34.425774
CTEV,Claritev Corporation,23.2,-0.16,-0.68,199465,123807,393181000,2026-09-27T15:35:34.425774
KBRLF,K-Bro Linen Inc.,30.55,0.0,0.0,400,66,393047000,2026-09-27T15:35:34.425774
BNED,"Barnes & Noble Education, Inc.",11.33,0.2,1.8,138764,301414,392754000,2026-09-27T15:35:34.425774
SOHU,Sohu.com Limited,13.05,-0.13,-0.99,36227,65601,392353000,2026-09-27T15:35:34.425774
TACO,Berto Acquisition Corp.,10.45,0.01,0.1,17466,57633,392259000,2026-09-27T15:35:34.425774
ZKP,Lafayette Digital Acquisition Corp. I,10.03,0.0,0.0,3606,20049,392106000,2026-09-27T15:35:34.425774
RDAG,Republic Digital Acquisition Company,10.43,0.0,0.0,48165,47415,391125000,2026-09-27T15:35:34.425774
DFP,Flaherty & Crumrine Dynamic Preferred and Income Fund Inc.,19.02,0.05,0.26,112691,59139,390635000,2026-09-27T15:35:34.425774
WENN,Wen Acquisition Corp.,10.41,0.0,0.0,38,42166,390570000,2026-09-27T15:35:34.425774
JAPPF,"Japan System Techniques Co., Ltd.",15.78,0.0,0.0,1,16,389981000,2026-09-27T15:35:34.425774
MVBF,MVB Financial Corp.,30.12,0.32,1.07,50555,49461,389964000,2026-09-27T15:35:34.425774
ISD,"PGIM High Yield Bond Fund, Inc.",11.68,0.12,1.04,179355,151547,389458000,2026-09-27T15:35:34.425774
PCB,PCB Bancorp,27.71,0.17,0.62,39038,36649,389176000,2026-09-27T15:35:34.425774
FRST,Primis Financial Corp.,15.69,0.1,0.64,120311,169412,389097000,2026-09-27T15:35:34.425774
SFSVF,"Software Service, Inc.",85.59,0.0,0.0,49,3,388814000,2026-09-27T15:35:34.425774
OXM,"Oxford Industries, Inc.",25.95,-0.12,-0.46,682924,422060,388686000,2026-09-27T15:35:34.425774
FNLC,"The First Bancorp, Inc.",34.35,0.15,0.44,31630,32971,387548000,2026-09-27T15:35:34.425774
PRE,Prenetics Global Limited,22.97,0.04,0.17,136884,229119,385422000,2026-09-27T15:35:34.425774
GRRR,Gorilla Technology Group Inc.,14.01,-0.35,-2.44,480072,1077000,385409000,2026-09-27T15:35:34.425774
NCV-PA,Virtus Convertible & Income Fund,19.3,-0.05,-0.27,2212,7290,384776000,2026-09-27T15:35:34.425774
ADSGF,adesso SE,60.0,0.0,0.0,100,1,384428000,2026-09-27T15:35:34.425774
CZFS,"Citizens Financial Services, Inc.",79.85,0.52,0.66,34107,30760,384067000,2026-09-27T15:35:34.425774
PSSWF,PSI Software SE,23.79,0.0,0.0,100,95,384000000,2026-09-27T15:35:34.425774
JFEYF,"JFE Systems, Inc.",12.22,0.0,0.0,400,6,383669000,2026-09-27T15:35:34.425774
BSRTF,BSR Real Estate Investment Trust,11.23,0.12,1.08,4300,23565,382165000,2026-09-27T15:35:34.425774
TWIN,"Twin Disc, Incorporated",26.13,0.19,0.73,62041,102939,379902000,2026-09-27T15:35:34.425774
INDFY,Indofood Agri Resources Ltd.,13.6,0.0,0.0,450,25,379686000,2026-09-27T15:35:34.425774
FRFTF,TFF Group,17.5,0.0,0.0,100,25,379400000,2026-09-27T15:35:34.425774
TTRX,Turn Therapeutics Inc.,12.49,-0.77,-5.81,89951,116768,379293000,2026-09-27T15:35:34.425774
MCI,Barings Corporate Investors,18.38,-0.17,-0.89,20835,36723,378491000,2026-09-27T15:35:34.425774
SOFWF,SofWave Medical Ltd.,10.4,0.0,0.0,100,103,378296000,2026-09-27T15:35:34.425774
SDHY,PGIM Short Duration High Yield Opportunities Fund,15.32,0.19,1.26,60335,59917,377991000,2026-09-27T15:35:34.425774
OTLY,Oatly Group AB,11.84,-0.29,-2.39,25533,118568,377841000,2026-09-27T15:35:34.425774
VKGLF,Viking Line Abp,21.85,0.0,0.0,161,151,377568000,2026-09-27T15:35:34.425774
KTYCF,Kits Eyecare Ltd.,11.1,0.0,0.0,700,6498,377469000,2026-09-27T15:35:34.425774
PRTCY,PureTech Health plc,15.39,0.0,0.0,100,2803,377331000,2026-09-27T15:35:34.425774
VALU,"Value Line, Inc.",40.16,1.83,4.77,2291,3612,376785000,2026-09-27T15:35:34.425774
TCI,"Transcontinental Realty Investors, Inc.",42.88,-0.43,-0.99,19842,47338,376228000,2026-09-27T15:35:34.425774
ALOV,"Aldabra 4 Liquidity Opportunity Vehicle, Inc.",10.0,0.0,0.0,2157,38709,375188000,2026-09-27T15:35:34.425774
HACQ,HCM IV Acquisition Corp.,10.03,0.0,0.0,208,35403,375058000,2026-09-27T15:35:34.425774
MZYX,MOZAYYX Acquisition Corp.,10.0,0.01,0.1,31134,30860,375000000,2026-09-27T15:35:34.425774
RDIB,"Reading International, Inc.",16.37,-0.71,-4.18,53549,170481,374711000,2026-09-27T15:35:34.425774
GCO,Genesco Inc.,34.54,0.09,0.26,73049,204287,373728000,2026-09-27T15:35:34.425774
SLP,"Simulations Plus, Inc.",18.46,0.0,0.0,131272,303468,373350000,2026-09-27T15:35:34.425774
FENC,Fennec Pharmaceuticals Inc.,10.6,-0.02,-0.14,105063,200700,371887000,2026-09-27T15:35:34.425774
MOVE,"Corvex, Inc.",11.77,-0.21,-1.75,170576,358474,371370000,2026-09-27T15:35:34.425774
GIW,GigCapital8 Corp.,10.16,0.01,0.05,3570,74931,370556000,2026-09-27T15:35:34.425774
TCYSF,Tecsys Inc.,25.69,0.0,0.0,200,423,370371000,2026-09-27T15:35:34.425774
ABDDF,AB Dynamics plc,16.18,0.0,0.0,302,22,370362000,2026-09-27T15:35:34.425774
NECB,"Northeast Community Bancorp, Inc.",26.77,0.14,0.53,34633,41563,368517000,2026-09-27T15:35:34.425774
NWFL,Norwood Financial Corp.,33.78,0.12,0.36,28831,34804,368272000,2026-09-27T15:35:34.425774
FCRS,FutureCrest Acquisition Corp.,10.24,0.02,0.16,5648,69998,368180000,2026-09-27T15:35:34.425774
AMNF,"Armanino Foods of Distinction, Inc.",12.01,0.03,0.25,8927,19731,367963000,2026-09-27T15:35:34.425774
TWMIF,Tidewater Midstream and Infrastructure Ltd.,16.75,-0.55,-3.18,1900,8846,367428000,2026-09-27T15:35:34.425774
SDHI,Siddhi Acquisition Corp.,10.53,0.0,0.0,106,35007,366844000,2026-09-27T15:35:34.425774
WSBF,"Waterstone Financial, Inc.",20.39,0.07,0.34,63142,78958,366552000,2026-09-27T15:35:34.425774
VCHYF,"V Technology Co., Ltd.",38.72,-0.01,-0.01,200,4,366205000,2026-09-27T15:35:34.425774
RCEL,"AVITA Medical, Inc.",11.84,0.26,2.25,341291,445871,366174000,2026-09-27T15:35:34.425774
JILL,"J.Jill, Inc.",24.63,0.58,2.41,150816,118187,366075000,2026-09-27T15:35:34.425774
FLXS,"Flexsteel Industries, Inc.",89.37,1.0,1.13,126389,74660,365679000,2026-09-27T15:35:34.425774
GIX,GigCapital9 Corp.,10.01,-0.01,-0.05,642,38820,365651000,2026-09-27T15:35:34.425774
CLHLF,COLTENE Holding AG,61.16,0.0,0.0,5,1,365453000,2026-09-27T15:35:34.425774
RVRF,River Financial Corporation,46.77,0.0,0.0,200,7,365394000,2026-09-27T15:35:34.425774
KNOP,KNOT Offshore Partners LP,10.56,-0.13,-1.22,87035,48482,364880000,2026-09-27T15:35:34.425774
OPI,Office Properties Income Trust,16.6,-0.18,-1.07,66332,362084,364429000,2026-09-27T15:35:34.425774
MFGI,"Merchants Financial Group, Inc.",44.5,0.0,0.0,1300,2614,363954000,2026-09-27T15:35:34.425774
ALUB,Alussa Energy Acquisition Corp. II,10.12,0.0,0.0,638,70984,363687000,2026-09-27T15:35:34.425774
GBLI,"Global Indemnity Group, LLC",24.83,-0.2,-0.78,8630,7665,363600000,2026-09-27T15:35:34.425774
ADERY,"Aida Engineering, Ltd.",66.75,0.0,0.0,301,1,362992000,2026-09-27T15:35:34.425774
RNGR,"Ranger Energy Services, Inc.",15.51,0.05,0.32,89252,203117,362965000,2026-09-27T15:35:34.425774
VELO,"Velo3D, Inc.",11.29,0.27,2.45,1079000,1537000,362964000,2026-09-27T15:35:34.425774
SARDY,Sanford Limited,19.4,0.0,0.0,200,3,362804000,2026-09-27T15:35:34.425774
TACH,Titan Acquisition Corp,10.51,0.0,0.0,33454,50396,362595000,2026-09-27T15:35:34.425774
OTGA,OTG Acquisition Corp. I,10.26,0.01,0.1,901,46153,361922000,2026-09-27T15:35:34.425774
AOCIF,AutoCanada Inc.,15.74,0.0,0.0,3400,341,361826000,2026-09-27T15:35:34.425774
STRZ,Starz Entertainment Corp.,21.07,-1.64,-7.22,943615,218653,360806000,2026-09-27T15:35:34.425774
SHIP,Seanergy Maritime Holdings Corp,16.6,-0.33,-1.95,397498,323207,359692000,2026-09-27T15:35:34.425774
CGECF,Cogeco Inc.,37.86,0.0,0.0,200,1011,358545000,2026-09-27T15:35:34.425774
REAX,Real REMAX Group Inc.,16.43,0.95,6.14,991262,731745,358082000,2026-09-27T15:35:34.425774
KCHV,Kochav Defense Acquisition Corp.,10.45,0.0,0.0,8,25874,357990000,2026-09-27T15:35:34.425774
WILCF,G. Willi-Food International Ltd.,25.71,-0.09,-0.35,3860,9484,357534000,2026-09-27T15:35:34.425774
CCII,Cohen Circle Acquisition Corp. II,10.31,0.0,0.0,31,54876,357515000,2026-09-27T15:35:34.425774
ACAA,Averin Capital Acquisition Corp.,10.0,-0.02,-0.2,305008,32738,356825000,2026-09-27T15:35:34.425774
DIN,"Dine Brands Global, Inc.",28.17,-0.84,-2.9,604359,301482,356608000,2026-09-27T15:35:34.425774
ARCI,Archimedes Tech SPAC Partners III Co.,10.1,0.0,0.0,8,36793,356146000,2026-09-27T15:35:34.425774
SOUL,Soulpower Acquisition Corporation,10.47,-0.01,-0.09,254,48073,355495000,2026-09-27T15:35:34.425774
PAII,Pyrophyte Acquisition Corp. II,10.3,0.0,0.0,4640,33996,355274000,2026-09-27T15:35:34.425774
SI,"Shoulder Innovations, Inc.",16.99,-0.02,-0.12,76999,113385,353714000,2026-09-27T15:35:34.425774
SHOE,Shoe Station Group Inc.,13.0,-0.22,-1.66,1424000,934911,353390000,2026-09-27T15:35:34.425774
TSBK,"Timberland Bancorp, Inc.",45.41,0.31,0.69,23618,35288,353093000,2026-09-27T15:35:34.425774
BDCI,BTC Development Corp.,10.15,0.0,0.0,515,25458,352852000,2026-09-27T15:35:34.425774
OYSE,Oyster Enterprises II Acquisition Corp,10.4,0.0,0.02,587,31896,352623000,2026-09-27T15:35:34.425774
BLZR,Trailblazer Acquisition Corp.,10.22,0.01,0.05,50801,41444,351313000,2026-09-27T15:35:34.425774
KCLI,Kansas City Life Insurance Company,36.22,0.0,0.0,300,522,350733000,2026-09-27T15:35:34.425774
SBXE,SilverBox Corp V,10.1,0.0,0.0,7,33506,350420000,2026-09-27T15:35:34.425774
GBAB,Guggenheim Taxable Municipal Bond & Investment Grade Debt Trust,12.64,-0.05,-0.39,329640,110360,350121000,2026-09-27T15:35:34.425774
SORN,Soren Acquisition Corp.,10.02,0.0,0.0,56363,21057,348028000,2026-09-27T15:35:34.425774
TLNC,Talon Capital Corp.,10.24,0.0,0.0,5825,44301,347945000,2026-09-27T15:35:34.425774
WTWGF,Westwing Group SE,18.45,0.0,0.0,100,1,347560000,2026-09-27T15:35:34.425774
HCMA,HCM III Acquisition Corp.,10.3,0.0,0.0,41280,15069,347453000,2026-09-27T15:35:34.425774
FSBW,"FS Bancorp, Inc.",44.18,-0.08,-0.17,26705,22247,347350000,2026-09-27T15:35:34.425774
SRZN,"Surrozen, Inc.",29.54,-4.14,-12.29,1927000,415885,347200000,2026-09-27T15:35:34.425774
ARTNB,Artesian Resources Corporation,33.51,0.0,0.0,59,3,346062000,2026-09-27T15:35:34.425774
ENTA,"Enanta Pharmaceuticals, Inc.",11.88,-0.12,-1.0,217315,214095,346010000,2026-09-27T15:35:34.425774
TREE,"LendingTree, Inc.",24.62,0.28,1.15,292618,393714,345654000,2026-09-27T15:35:34.425774
DSAC,Daedalus Special Acquisition Corp.,10.15,0.0,0.0,404,103282,345286000,2026-09-27T15:35:34.425774
AVBH,"Avidbank Holdings, Inc.",31.41,0.21,0.67,46948,95344,344991000,2026-09-27T15:35:34.425774
SKSJF,"Shinko Shoji Co., Ltd.",12.05,0.0,0.0,1900,1,344026000,2026-09-27T15:35:34.425774
ARTNA,Artesian Resources Corporation,33.25,-0.07,-0.21,32156,30969,343377000,2026-09-27T15:35:34.425774
VLNT,Vallant Financial Inc.,24.72,-0.18,-0.72,300,5138,343011000,2026-09-27T15:35:34.425774
AACI,Armada Acquisition Corp. III,10.05,0.0,0.0,2171,26226,342000000,2026-09-27T15:35:34.425774
AGCC,Agencia Comercial Spirits Ltd,15.0,0.1,0.7,22381,40255,341798000,2026-09-27T15:35:34.425774
FOF,"Cohen & Steers Closed-End Opportunity Fund, Inc.",12.26,-0.02,-0.16,37759,51277,341141000,2026-09-27T15:35:34.425774
SCD,LMP Capital and Income Fund Inc.,14.85,-0.03,-0.2,70728,83650,340159000,2026-09-27T15:35:34.425774
IMXI,"International Money Express, Inc.",11.25,0.68,6.43,1487000,566080,339881000,2026-09-27T15:35:34.425774
IPFX,Inflection Point Acquisition Corp. VI,10.05,0.0,0.0,100103,104315,339020000,2026-09-27T15:35:34.425774
DSX-PB,Diana Shipping Inc.,27.4,0.2,0.74,933,1653,338979000,2026-09-27T15:35:34.425774
IA,"Innovative Aerosystems, Inc.",18.89,0.44,2.38,155351,287761,338115000,2026-09-27T15:35:34.425774
RCKY,"Rocky Brands, Inc.",45.1,0.43,0.96,89175,58638,337885000,2026-09-27T15:35:34.425774
VOGX,"Vogenx, Inc.",22.73,-1.47,-6.07,46868,210075,337656000,2026-09-27T15:35:34.425774
BCML,BayCom Corp,30.87,0.66,2.18,83274,54034,337104000,2026-09-27T15:35:34.425774
JSCIF,Judges Scientific plc,50.6,0.0,0.0,200,96,337031000,2026-09-27T15:35:34.425774
BFCC,BankFirst Capital Corporation,63.5,0.0,0.0,900,379,336033000,2026-09-27T15:35:34.425774
CVEO,Civeo Corporation,32.47,-0.53,-1.61,90554,124312,335638000,2026-09-27T15:35:34.425774
SPXX,Nuveen S&P 500 Dynamic Overwrite Fund,18.66,0.0,0.0,226332,250195,335442000,2026-09-27T15:35:34.425774
BEAG,Bold Eagle Acquisition Corp.,10.71,0.0,0.0,71225,25965,335416000,2026-09-27T15:35:34.425774
SCTH,"SecureTech Innovations, Inc.",19.52,0.82,4.39,200,3920,335153000,2026-09-27T15:35:34.425774
BLUW,Blue Water Acquisition Corp. III,10.37,0.0,0.02,263,32380,335108000,2026-09-27T15:35:34.425774
MIY,"BlackRock MuniYield Michigan Quality Fund, Inc.",11.54,-0.21,-1.79,129035,64115,334253000,2026-09-27T15:35:34.425774
XRPN,Armada Acquisition Corp. II,10.58,0.01,0.09,116630,95625,334222000,2026-09-27T15:35:34.425774
PPHC,"Public Policy Holding Company, Inc.",11.06,-0.26,-2.32,118100,173474,334195000,2026-09-27T15:35:34.425774
CLVSF,CellaVision AB (publ),14.0,0.0,0.0,400,27,333922000,2026-09-27T15:35:34.425774
EMF,Templeton Emerging Markets Fund,22.28,0.09,0.41,26969,33022,333039000,2026-09-27T15:35:34.425774
PESI,"Perma-Fix Environmental Services, Inc.",15.65,0.08,0.51,251881,455463,332067000,2026-09-27T15:35:34.425774
PAOTF,Parrot S.A.,10.73,-0.56,-4.96,166,258,331990000,2026-09-27T15:35:34.425774
NOA,North American Construction Group Ltd.,12.3,-0.19,-1.52,57425,97607,331041000,2026-09-27T15:35:34.425774
SWMR,"Swarmer, Inc",20.73,-1.24,-5.64,596339,512039,330374000,2026-09-27T15:35:34.425774
FERA,Fifth Era Acquisition Corp I,10.54,0.0,0.0,568,49373,329551000,2026-09-27T15:35:34.425774
CEPV,"Cantor Equity Partners V, Inc.",10.36,0.0,0.0,1,33460,329344000,2026-09-27T15:35:34.425774
NASB,"NASB Financial, Inc.",46.25,0.25,0.54,1300,1157,329323000,2026-09-27T15:35:34.425774
PCAP,ProCap Acquisition Corp,10.38,0.01,0.05,1926,69152,328838000,2026-09-27T15:35:34.425774
DRDB,Roman DBDR Acquisition Corp. II,10.71,0.0,0.0,5428,38198,328440000,2026-09-27T15:35:34.425774
LWAY,"Lifeway Foods, Inc.",21.74,-0.17,-0.78,89993,168060,328421000,2026-09-27T15:35:34.425774
CLW,Clearwater Paper Corporation,20.34,0.07,0.35,96097,172780,328039000,2026-09-27T15:35:34.425774
SZZL,Sizzle Acquisition Corp. II,10.49,0.0,0.0,27,62568,327987000,2026-09-27T15:35:34.425774
JGH,Nuveen Global High Income Fund,11.66,0.01,0.09,58846,79112,327947000,2026-09-27T15:35:34.425774
OBA,Oxley Bridge Acquisition Limited,10.34,0.0,0.0,3623,15847,327003000,2026-09-27T15:35:34.425774
PACH,Pioneer Acquisition I Corp,10.33,-0.02,-0.19,6708,43866,326686000,2026-09-27T15:35:34.425774
CSHX,Cashmere Valley Bank,89.97,0.0,0.0,423,1644,326610000,2026-09-27T15:35:34.425774
IPOOF,InPlay Oil Corp.,11.8,-0.13,-1.12,1010,50590,326265000,2026-09-27T15:35:34.425774
JMSB,"John Marshall Bancorp, Inc.",23.09,0.14,0.61,60041,52303,325849000,2026-09-27T15:35:34.425774
AWP,abrdn Global Premier Properties Fund,10.56,-0.1,-0.94,90937,157120,325836000,2026-09-27T15:35:34.425774
ELA,Envela Corporation,12.54,-0.08,-0.63,73494,135419,325582000,2026-09-27T15:35:34.425774
NEWT,"NewtekOne, Inc.",11.26,-0.04,-0.35,208463,244796,325242000,2026-09-27T15:35:34.425774
RTAC,Renatus Tactical Acquisition Corp I,10.43,0.0,0.0,17031,149020,325012000,2026-09-27T15:35:34.425774
FVCB,"FVCBankcorp, Inc.",17.98,0.19,1.07,68153,92842,324255000,2026-09-27T15:35:34.425774
FDBC,"Fidelity D & D Bancorp, Inc.",55.74,1.03,1.88,8966,11490,323766000,2026-09-27T15:35:34.425774
CCFN,Muncy Columbia Financial Corporation,30.5,0.0,0.0,20,1980,323728000,2026-09-27T15:35:34.425774
EVOX,Evolution Global Acquisition Corp,10.11,-0.01,-0.1,624,45060,323520000,2026-09-27T15:35:34.425774
ALDF,Aldel Financial II Inc.,10.83,0.0,0.0,12,32155,323473000,2026-09-27T15:35:34.425774
KOYN,"CSLM Digital Asset Acquisition Corp III, Ltd",10.23,0.0,0.0,4428,35287,322837000,2026-09-27T15:35:34.425774
RKICF,"Miroku Jyoho Service Co., Ltd.",10.77,0.0,0.0,0,6,322496000,2026-09-27T15:35:34.425774
SMTI,Sanara MedTech Inc.,35.06,-0.04,-0.11,147437,260111,322133000,2026-09-27T15:35:34.425774
MPTI,"M-tron Industries, Inc.",74.05,-0.6,-0.8,67065,176831,321857000,2026-09-27T15:35:34.425774
PMTR,Perimeter Acquisition Corp. I,10.42,-0.01,-0.1,12358,49695,321202000,2026-09-27T15:35:34.425774
JACS,Jackson Acquisition Company II,10.83,0.04,0.37,111,25017,320460000,2026-09-27T15:35:34.425774
CAES,"Cantor Equity Partners VII, Inc.",10.06,0.0,0.0,60,37747,320411000,2026-09-27T15:35:34.425774
FTCFF,FMS Enterprises Migun Ltd,34.78,0.0,0.0,155,2,319800000,2026-09-27T15:35:34.425774
MRFCF,UNISOL Holdings Corporation,13.35,0.0,0.0,1300,1,319674000,2026-09-27T15:35:34.425774
MLP,"Maui Land & Pineapple Company, Inc.",16.09,0.03,0.19,7251,17328,319534000,2026-09-27T15:35:34.425774
RNGT,Range Capital Acquisition Corp II,10.17,0.0,0.0,17,12773,318592000,2026-09-27T15:35:34.425774
COSO,"CoastalSouth Bancshares, Inc.",26.61,0.04,0.15,106330,107493,318108000,2026-09-27T15:35:34.425774
BBW,"Build-A-Bear Workshop, Inc.",25.77,0.67,2.67,355119,581284,317469000,2026-09-27T15:35:34.425774
TVA,Texas Ventures Acquisition III Corp,10.57,0.0,0.0,31235,200338,317100000,2026-09-27T15:35:34.425774
RMR,The RMR Group Inc.,18.53,-0.25,-1.33,137356,130196,316497000,2026-09-27T15:35:34.425774
ATII,Archimedes Tech SPAC Partners II Co.,10.69,0.0,0.05,158632,232988,316317000,2026-09-27T15:35:34.425774
SAC,Safeguard Acquisition Corp.,10.08,-0.02,-0.15,20469,61869,316176000,2026-09-27T15:35:34.425774
AEAQ,Activate Energy Acquisition Corp.,10.08,0.0,0.0,20,33612,315622000,2026-09-27T15:35:34.425774
SAAQ,Space Asset Acquisition Corp.,10.07,0.0,0.0,54,41014,315319000,2026-09-27T15:35:34.425774
DBMG,DBM Global Inc.,75.0,0.0,0.0,1,4,315220000,2026-09-27T15:35:34.425774
PBKOF,Pollard Banknote Limited,11.64,0.0,0.0,100,565,315021000,2026-09-27T15:35:34.425774
TZMOF,"Tazmo Co., Ltd.",21.72,0.0,0.0,100,26,314787000,2026-09-27T15:35:34.425774
IPXG,Inflection Point Acquisition Corp. VII,10.05,-0.01,-0.05,1830,112752,314727000,2026-09-27T15:35:34.425774
ITFRF,ITFOR Inc.,11.86,0.0,0.0,452,2,313985000,2026-09-27T15:35:34.425774
CNTHP,The Connecticut Light and Power Company,52.02,0.0,0.0,100,80,313951000,2026-09-27T15:35:34.425774
AACO,Abony Acquisition Corp. I,10.0,0.0,0.0,10,8249,313617000,2026-09-27T15:35:34.425774
CBNA,"Chain Bridge Bancorp, Inc.",47.76,0.35,0.74,13342,21377,313392000,2026-09-27T15:35:34.425774
ILLU,Illumination Acquisition Corp I,10.01,0.03,0.25,390,47063,313073000,2026-09-27T15:35:34.425774
CNLPL,The Connecticut Light and Power Company,51.85,0.0,0.0,500,144,312925000,2026-09-27T15:35:34.425774
BGT,BlackRock Floating Rate Income Trust,10.49,0.05,0.48,159899,124000,312861000,2026-09-27T15:35:34.425774
LEGO,Legato Merger Corp. IV,10.0,0.0,0.0,31,32753,312667000,2026-09-27T15:35:34.425774
LWAC,LightWave Acquisition Corp. Class A Ordinary Shares,10.38,0.0,0.0,8,20441,312242000,2026-09-27T15:35:34.425774
CAQ,Cambridge Acquisition Corp.,10.0,0.0,0.0,3410,24773,311622000,2026-09-27T15:35:34.425774
MTAL,Metals Acquisition Corp. II,10.16,0.0,0.0,10,32380,311573000,2026-09-27T15:35:34.425774
LPBB,Launch Two Acquisition Corp.,10.83,-0.01,-0.05,85179,58188,311362000,2026-09-27T15:35:34.425774
TWFG,"TWFG, Inc.",24.15,0.23,0.96,87681,158503,311060000,2026-09-27T15:35:34.425774
RAC,Rithm Acquisition Corp.,10.56,-0.01,-0.05,815,16490,310717000,2026-09-27T15:35:34.425774
SVIV,Spring Valley Acquisition Corp. IV,10.11,-0.05,-0.49,216013,25644,310040000,2026-09-27T15:35:34.425774
FCCO,First Community Corporation,32.95,0.3,0.92,50510,57622,309721000,2026-09-27T15:35:34.425774
CBYDF,Corby Spirit and Wine Limited,10.86,0.0,0.0,1,573,309172000,2026-09-27T15:35:34.425774
ITHA,ITHAX Acquisition Corp III,10.06,-0.01,-0.1,3612,11882,308507000,2026-09-27T15:35:34.425774
VHCP,Vine Hill Capital Investment Corp. II,10.06,0.0,0.0,23,25977,308507000,2026-09-27T15:35:34.425774
TMTS,Spartacus Acquisition Corp. II,10.02,0.0,0.0,619,51869,307433000,2026-09-27T15:35:34.425774
NLCP,"NewLake Capital Partners, Inc.",14.92,-0.11,-0.73,55647,66993,307065000,2026-09-27T15:35:34.425774
BDSX,"Biodesix, Inc.",29.1,-0.3,-1.02,98311,95242,307038000,2026-09-27T15:35:34.425774
PINE,"Alpine Income Property Trust, Inc.",17.07,0.09,0.53,205898,142241,306157000,2026-09-27T15:35:34.425774
UNTC,Unit Corporation,30.97,-0.03,-0.08,1023,15257,306096000,2026-09-27T15:35:34.425774
BIXI,Bitcoin Infrastructure Acquisition Corp Ltd.,10.15,0.0,0.0,24,20326,305549000,2026-09-27T15:35:34.425774
TSGMY,Tsugami Corporation,66.0,0.0,0.0,100,0,305532000,2026-09-27T15:35:34.425774
PHOS,First Phosphate Corp. American Depositary Shares,16.15,-0.04,-0.25,15091,50747,305468000,2026-09-27T15:35:34.425774
CFFI,C&F Financial Corporation,93.6,0.59,0.63,64432,41180,304358000,2026-09-27T15:35:34.425774
FTW,Presidio Production Company,10.2,-0.06,-0.58,52176,83120,304220000,2026-09-27T15:35:34.425774
EFR,Eaton Vance Senior Floating-Rate Trust,10.3,0.08,0.78,104519,113980,304093000,2026-09-27T15:35:34.425774
SILC,Silicom Ltd.,52.78,1.16,2.25,123071,187220,303359000,2026-09-27T15:35:34.425774
LE,"Lands' End, Inc.",10.26,-0.08,-0.77,117951,229050,303123000,2026-09-27T15:35:34.425774
ELLO,Ellomay Capital Ltd.,21.98,0.0,0.0,778,3620,302955000,2026-09-27T15:35:34.425774
SPHDF,Santhera Pharmaceuticals Holding AG,19.79,0.0,0.0,1800,9,302285000,2026-09-27T15:35:34.425774
NODK,"NI Holdings, Inc.",14.8,0.07,0.48,47136,25455,301990000,2026-09-27T15:35:34.425774
HVMC,Highview Merger Corp.,10.26,0.0,0.0,7,70576,301747000,2026-09-27T15:35:34.425774
JENA,Jena Acquisition Corporation II,10.39,-0.04,-0.38,839,19538,301050000,2026-09-27T15:35:34.425774
GSRF,GSR IV Acquisition Corp.,10.23,0.0,0.0,9,14876,300818000,2026-09-27T15:35:34.425774
QLEP,Quantum Leap Acquisition Corp,10.0,-0.04,-0.4,112,33198,299795000,2026-09-27T15:35:34.425774
SEG,Seaport Entertainment Group Inc.,23.4,-0.25,-1.06,74777,65466,299743000,2026-09-27T15:35:34.425774
MXF,"The Mexico Fund, Inc.",20.71,0.02,0.1,16219,33880,298640000,2026-09-27T15:35:34.425774
HPF,John Hancock Preferred Income Fund II,13.78,0.07,0.51,71941,46073,298348000,2026-09-27T15:35:34.425774
CHMI-PB,Cherry Hill Mortgage Investment Corporation,23.67,-0.05,-0.21,2948,2770,298327000,2026-09-27T15:35:34.425774
MYFW,"First Western Financial, Inc.",30.53,-0.05,-0.16,21447,58184,298129000,2026-09-27T15:35:34.425774
CRBBF,Corby Spirit and Wine Limited,10.46,-0.24,-2.24,200,144,297784000,2026-09-27T15:35:34.425774
NREF,"NexPoint Real Estate Finance, Inc.",15.77,0.01,0.06,52629,57433,297233000,2026-09-27T15:35:34.425774
GPAC,General Purpose Acquisition Corp.,10.09,0.01,0.1,809,61774,296747000,2026-09-27T15:35:34.425774
SVAQ,Silicon Valley Acquisition Corp.,10.11,0.01,0.1,229,77341,296435000,2026-09-27T15:35:34.425774
BPZZF,Boston Pizza Royalties Income Fund,13.92,0.0,0.0,201,7049,296198000,2026-09-27T15:35:34.425774
AFRI,Forafric Global PLC,10.97,-0.13,-1.17,20520,19611,295793000,2026-09-27T15:35:34.425774
BPRN,"Princeton Bancorp, Inc.",43.41,0.22,0.51,22561,23438,295761000,2026-09-27T15:35:34.425774
HCAC,Hall Chadwick Acquisition Corp.,10.12,-0.01,-0.05,21671,74722,295477000,2026-09-27T15:35:34.425774
IVUFF,IVU Traffic Technologies AG,17.12,0.0,0.0,12348,19,295372000,2026-09-27T15:35:34.425774
IRHO,Iron Horse Acquisitions Corp. II,10.06,0.0,0.0,13,69765,294959000,2026-09-27T15:35:34.425774
PLMKU,Plum Acquisition Corp. IV,10.76,0.0,0.0,100,139,293920000,2026-09-27T15:35:34.425774
XFLT,XAI Floating Rate & Alternative Income Trust,19.27,-0.09,-0.46,29421,80658,293499000,2026-09-27T15:35:34.425774
BACC,Blue Acquisition Corp.,10.49,-0.01,-0.05,671283,193034,293463000,2026-09-27T15:35:34.425774
ISBA,Isabella Bank Corporation,38.45,1.05,2.81,21595,60030,293330000,2026-09-27T15:35:34.425774
ACGC,ACP Holdings Acquisition Corp.,10.05,-0.0,-0.04,148,33287,292489000,2026-09-27T15:35:34.425774
ALIT,"Alight, Inc.",11.02,-0.26,-2.3,405578,625941,291142000,2026-09-27T15:35:34.425774
NCRBF,"Nippon Carbon Co., Ltd.",27.63,0.0,0.0,300,1,291078000,2026-09-27T15:35:34.425774
ADAC,American Drive Acquisition Company,10.12,0.0,0.0,13,18704,290950000,2026-09-27T15:35:34.425774
SKUYF,"Sansei Technologies, Inc.",16.4,0.0,0.0,858,1,290582000,2026-09-27T15:35:34.425774
FGII,FG Imperii Acquisition Corp.,10.02,0.0,0.0,2804,24734,289979000,2026-09-27T15:35:34.425774
SBXD,SilverBox Corp IV,11.39,0.29,2.61,1131,28390,289932000,2026-09-27T15:35:34.425774
ALCO,"Alico, Inc.",39.07,0.21,0.54,23339,19946,289843000,2026-09-27T15:35:34.425774
LPCV,Launchpad Cadenza Acquisition Corp I,10.08,0.01,0.1,266,26857,289800000,2026-09-27T15:35:34.425774
JWSMF,Jaws Mustang Acquisition Corporation,11.15,0.0,0.0,1,69,289504000,2026-09-27T15:35:34.425774
EAF,GrafTech International Ltd.,11.09,0.52,4.92,650179,436973,289362000,2026-09-27T15:35:34.425774
JAKK,"JAKKS Pacific, Inc.",25.26,0.72,2.93,39333,88485,289101000,2026-09-27T15:35:34.425774
GUT-PC,The Gabelli Utility Trust,19.98,0.01,0.08,2364,3448,289053000,2026-09-27T15:35:34.425774
LCHTF,Text S.A.,11.2,0.0,0.0,261,11,288400000,2026-09-27T15:35:34.425774
RCMT,"RCM Technologies, Inc.",40.47,-0.12,-0.3,37657,68463,287772000,2026-09-27T15:35:34.425774
OVLY,Oak Valley Bancorp,34.17,0.2,0.59,15063,25700,287462000,2026-09-27T15:35:34.425774
PMTS,CPI Card Group Inc.,24.75,0.45,1.85,134960,132130,286902000,2026-09-27T15:35:34.425774
RFMZ,"RiverNorth Flexible Municipal Income Fund II, Inc.",11.78,-0.1,-0.84,135379,57515,286864000,2026-09-27T15:35:34.425774
CUB,Lionheart Holdings,10.89,0.01,0.09,26874,121006,284913000,2026-09-27T15:35:34.425774
RIV,"RiverNorth Opportunities Fund, Inc.",10.4,0.06,0.58,43700,127665,284661000,2026-09-27T15:35:34.425774
RM,Regional Management Corp.,30.82,0.42,1.38,61756,87700,284339000,2026-09-27T15:35:34.425774
QNBC,QNB Corp.,45.79,0.24,0.53,32552,7811,284324000,2026-09-27T15:35:34.425774
NC,"NACCO Industries, Inc.",37.67,-0.05,-0.13,16580,16761,284055000,2026-09-27T15:35:34.425774
GABGF,--,46.95,0.0,0.0,0,13,284048000,2026-09-27T15:35:34.425774
FRD,"Friedman Industries, Incorporated",39.34,-0.13,-0.33,36165,82455,283751000,2026-09-27T15:35:34.425774
NEGG,"Newegg Commerce, Inc.",13.52,-0.61,-4.32,36985,67098,283568000,2026-09-27T15:35:34.425774
TRUX,Truxton Corporation,24.5,0.0,0.0,4777,2465,283106000,2026-09-27T15:35:34.425774
TVAI,Thayer Ventures Acquisition Corporation II,10.4,0.0,0.0,10,45926,282837000,2026-09-27T15:35:34.425774
RFI,"Cohen & Steers Total Return Realty Fund, Inc.",10.56,-0.02,-0.19,104018,94698,282603000,2026-09-27T15:35:34.425774
AXIN,Axiom Intelligence Acquisition Corp 1,10.34,0.0,0.0,51544,64158,281937000,2026-09-27T15:35:34.425774
FRAF,Franklin Financial Services Corporation,62.65,0.39,0.63,25143,37846,281899000,2026-09-27T15:35:34.425774
BKTI,BK Technologies Corporation,74.78,-0.09,-0.12,40511,39977,281875000,2026-09-27T15:35:34.425774
ATLO,Ames National Corporation,31.82,0.01,0.03,22807,38149,281837000,2026-09-27T15:35:34.425774
XCBE,X3 Acquisition Corp. Ltd.,10.01,0.0,0.0,563,33838,281531000,2026-09-27T15:35:34.425774
FNRN,First Northern Community Bancorp,17.17,0.09,0.53,57021,122603,281507000,2026-09-27T15:35:34.425774
NCZ-PA,Virtus Convertible & Income Fund II,18.67,-0.03,-0.13,6461,6055,281395000,2026-09-27T15:35:34.425774
WNEB,"Western New England Bancorp, Inc.",13.97,0.1,0.72,42238,51050,280041000,2026-09-27T15:35:34.425774
FUNC,First United Corporation,43.29,-0.01,-0.02,16697,24673,279387000,2026-09-27T15:35:34.425774
HWBK,"Hawthorn Bancshares, Inc.",38.16,-0.15,-0.39,26865,15555,279094000,2026-09-27T15:35:34.425774
KF,"The Korea Fund, Inc.",67.11,1.42,2.16,27170,26807,279067000,2026-09-27T15:35:34.425774
AMRN,Amarin Corporation plc,13.2,-0.23,-1.71,127281,68784,278821000,2026-09-27T15:35:34.425774
HQI,"HireQuest, Inc.",20.04,1.29,6.88,129281,22353,278364000,2026-09-27T15:35:34.425774
VLNSF,Velan Inc.,12.89,0.0,0.0,100,56,278239000,2026-09-27T15:35:34.425774
GBFH,GBank Financial Holdings Inc.,19.12,0.23,1.22,69833,88834,277555000,2026-09-27T15:35:34.425774
TCSIF,2CRSI S.A.,12.25,0.0,0.0,100,1,276629000,2026-09-27T15:35:34.425774
ARDC,"Ares Dynamic Credit Allocation Fund, Inc.",11.54,0.03,0.26,156259,103817,276568000,2026-09-27T15:35:34.425774
ASYS,"Amtech Systems, Inc.",15.78,0.38,2.47,180758,392850,276278000,2026-09-27T15:35:34.425774
NHIV,NewHold Investment Corp IV,10.05,-0.01,-0.1,622,25682,276120000,2026-09-27T15:35:34.425774
SAR,Saratoga Investment Corp.,17.11,-0.22,-1.27,120548,164760,275144000,2026-09-27T15:35:34.425774
MFIN,Medallion Financial Corp.,11.96,0.13,1.1,64661,64998,274605000,2026-09-27T15:35:34.425774
MGPI,"MGP Ingredients, Inc.",12.82,0.08,0.63,234260,216785,274528000,2026-09-27T15:35:34.425774
CEPO,"Cantor Equity Partners I, Inc.",10.77,0.0,0.0,1307,163385,274508000,2026-09-27T15:35:34.425774
NCZ,Virtus Convertible & Income Fund II,14.37,-0.12,-0.83,66977,59993,273446000,2026-09-27T15:35:34.425774
RFAI,RF Acquisition Corp II,32.75,1.75,5.65,26990,83766,273258000,2026-09-27T15:35:34.425774
MUZE,Muzero Acquisition Corp,10.0,0.0,0.0,274975,24831,273202000,2026-09-27T15:35:34.425774
REFI,"Chicago Atlantic Real Estate Finance, Inc.",10.65,0.04,0.38,210824,185761,272865000,2026-09-27T15:35:34.425774
ANIK,"Anika Therapeutics, Inc.",20.37,0.14,0.69,57654,94653,272611000,2026-09-27T15:35:34.425774
RMDEF,Remedy Entertainment Oyj,20.0,0.0,0.0,100,7,271809000,2026-09-27T15:35:34.425774
SEIGF,Semperit Aktiengesellschaft Holding,13.16,0.0,0.0,300,4,270746000,2026-09-27T15:35:34.425774
NKSH,"National Bankshares, Inc.",42.37,0.15,0.36,18258,35607,269923000,2026-09-27T15:35:34.425774
DNMX,Dynamix Corporation III,10.06,0.01,0.05,192,33990,269809000,2026-09-27T15:35:34.425774
EOVBF,AirTrip Corp.,13.0,0.0,0.0,2000,17,269008000,2026-09-27T15:35:34.425774
ESCA,"Escalade, Incorporated",19.52,0.21,1.09,29385,37760,268714000,2026-09-27T15:35:34.425774
LCNB,LCNB Corp.,18.83,0.42,2.28,35329,38801,268421000,2026-09-27T15:35:34.425774
IIIV,"i3 Verticals, Inc.",14.88,-0.25,-1.65,315121,489569,268134000,2026-09-27T15:35:34.425774
USNA,"USANA Health Sciences, Inc.",14.5,0.24,1.68,172041,180742,267910000,2026-09-27T15:35:34.425774
GLSI,"Greenwich LifeSciences, Inc.",18.22,0.12,0.66,66039,143828,267437000,2026-09-27T15:35:34.425774
CEEIF,Ceres Inc.,23.13,0.0,0.0,10,1,266988000,2026-09-27T15:35:34.425774
STRT,Strattec Security Corporation,66.92,1.14,1.73,88178,90968,266186000,2026-09-27T15:35:34.425774
FXNC,First National Corporation,29.38,-0.25,-0.84,82237,33549,265672000,2026-09-27T15:35:34.425774
TJGC,TJGC Group Limited,26.24,-1.96,-6.95,105031,1122000,265025000,2026-09-27T15:35:34.425774
OACC,Oaktree Acquisition Corp. III Life Sciences,10.78,-0.02,-0.19,2895,30576,265002000,2026-09-27T15:35:34.425774
STRO,"Sutro Biopharma, Inc.",15.98,0.27,1.72,292051,316234,264967000,2026-09-27T15:35:34.425774
SLAHF,Stella Chemifa Corporation,21.9,0.0,0.0,1424,22,264866000,2026-09-27T15:35:34.425774
SRV,NXG Cushing Midstream Energy Fund,42.38,-0.22,-0.52,33979,60941,264213000,2026-09-27T15:35:34.425774
KINS,"Kingstone Companies, Inc.",18.25,-0.05,-0.27,69952,111692,264189000,2026-09-27T15:35:34.425774
SMRGF,"Smaregi, Inc.",13.7,0.0,0.0,0,2206,263893000,2026-09-27T15:35:34.425774
DMAA,Drugs Made In America Acquisition Corp.,10.84,-0.01,-0.09,1470,30426,263162000,2026-09-27T15:35:34.425774
VABK,Virginia National Bankshares Corporation,48.33,1.26,2.68,17703,6776,262204000,2026-09-27T15:35:34.425774
PCYO,Pure Cycle Corporation,10.87,0.0,0.0,64711,76482,261938000,2026-09-27T15:35:34.425774
NTWO,Newbury Street II Acquisition Corp,10.86,0.0,0.0,52936,293085,261904000,2026-09-27T15:35:34.425774
EVI,"EVI Industries, Inc.",20.33,0.71,3.62,50874,86320,261821000,2026-09-27T15:35:34.425774
MLAA,Mountain Lake Acquisition Corp. II,10.01,0.0,0.0,408,59846,261261000,2026-09-27T15:35:34.425774
FACT,FACT II Acquisition Corp,10.72,0.0,0.01,4005,29253,260753000,2026-09-27T15:35:34.425774
RELL,"Richardson Electronics, Ltd.",17.52,0.39,2.28,67740,221166,260421000,2026-09-27T15:35:34.425774
PPIH,"Perma-Pipe International Holdings, Inc.",31.74,0.5,1.6,77197,85922,260115000,2026-09-27T15:35:34.425774
TYGIF,"Toyo Gosei Co.,Ltd.",32.74,0.0,0.0,100,1,259849000,2026-09-27T15:35:34.425774
ATONY,Anton Oilfield Services Group,19.0,0.0,0.0,338,6,259833000,2026-09-27T15:35:34.425774
BRT,BRT Apartments Corp.,13.77,0.07,0.51,63988,44333,258783000,2026-09-27T15:35:34.425774
DSP,Viant Technology Inc.,12.19,-0.15,-1.22,409193,338726,258234000,2026-09-27T15:35:34.425774
JACK,Jack in the Box Inc.,13.45,0.12,0.94,428712,895628,258058000,2026-09-27T15:35:34.425774
OFLX,"Omega Flex, Inc.",25.54,0.37,1.47,33968,40560,257809000,2026-09-27T15:35:34.425774
USAU,U.S. Gold Corp.,15.59,0.03,0.19,127085,210533,257682000,2026-09-27T15:35:34.425774
AUDC,AudioCodes Ltd.,10.66,0.13,1.23,95463,107261,257469000,2026-09-27T15:35:34.425774
PCRDF,PCA Corporation,12.84,0.0,0.0,100,1,257367000,2026-09-27T15:35:34.425774
AVNW,"Aviat Networks, Inc.",20.09,0.14,0.7,93972,151796,257183000,2026-09-27T15:35:34.425774
ACV,Virtus Diversified Income & Convertible Fund,24.73,-0.21,-0.84,35232,26968,257094000,2026-09-27T15:35:34.425774
ONIT,Onity Group Inc.,30.75,-0.26,-0.84,65502,63314,256901000,2026-09-27T15:35:34.425774
VNME,Vendome Acquisition Corporation I,10.27,-0.01,-0.1,1661,12453,256750000,2026-09-27T15:35:34.425774
ALMU,"Aeluma, Inc.",13.29,-0.07,-0.52,366327,554666,256041000,2026-09-27T15:35:34.425774
GENC,"Gencor Industries, Inc.",17.46,0.25,1.45,36092,53866,255923000,2026-09-27T15:35:34.425774
FFBB,FFB Bancorp,89.0,0.2,0.23,5100,2047,254978000,2026-09-27T15:35:34.425774
INFU,"InfuSystem Holdings, Inc.",12.71,0.02,0.16,106621,148930,253147000,2026-09-27T15:35:34.425774
FFMH,First Farmers and Merchants Corporation,64.0,0.0,0.0,140,403,252852000,2026-09-27T15:35:34.425774
SCII,SC II Acquisition Corp.,10.15,0.0,0.0,6,18861,252713000,2026-09-27T15:35:34.425774
RMM,Rivernorth Managed Duration Municipal Income Fund Inc.,12.72,-0.19,-1.47,152636,47909,251088000,2026-09-27T15:35:34.425774
BHR-PB,Braemar Hotels & Resorts Inc.,12.86,0.01,0.08,3141,10106,250927000,2026-09-27T15:35:34.425774
VLOS,Velos Acquisition I Corp.,10.68,-0.1,-0.93,2103,67720,250787000,2026-09-27T15:35:34.425774
OHAC,Oceanhawk Acquisition Corp,10.0,0.02,0.2,506,29936,250633000,2026-09-27T15:35:34.425774
CPZ,Calamos Long/Short Equity & Dynamic Income Term Trust,12.76,0.06,0.43,69071,72714,250409000,2026-09-27T15:35:34.425774
ENSPF,E Split Corp.,12.0,0.0,0.0,1100,750,250273000,2026-09-27T15:35:34.425774
MKLY,McKinley Acquisition Corporation,10.28,0.02,0.19,1554,61120,250260000,2026-09-27T15:35:34.425774
HCKT,"The Hackett Group, Inc.",10.03,-0.18,-1.76,137800,295790,249525000,2026-09-27T15:35:34.425774
FGPR,"Ferrellgas Partners, L.P.",21.87,-0.03,-0.14,12125,2998,248391000,2026-09-27T15:35:34.425774
EFSI,"Eagle Financial Services, Inc.",45.72,0.32,0.7,23631,61569,247419000,2026-09-27T15:35:34.425774
GTERA,Globa Terra Acquisition Corporation,10.42,0.0,0.0,3818,8936,247235000,2026-09-27T15:35:34.425774
CAF,"Morgan Stanley China A Share Fund, Inc.",18.46,-0.18,-0.97,15123,16679,246513000,2026-09-27T15:35:34.425774
SSNEF,"Sanshin Electronics Co., Ltd.",20.1,0.0,0.0,100,1,246077000,2026-09-27T15:35:34.425774
PAMT,PAMT CORP,11.75,0.01,0.09,30420,20411,246072000,2026-09-27T15:35:34.425774
VARNF,Varia US Properties AG,24.25,0.0,0.0,264,15,245556000,2026-09-27T15:35:34.425774
RMBI,"Richmond Mutual Bancorporation, Inc.",15.26,0.03,0.2,58538,84463,244734000,2026-09-27T15:35:34.425774
CNTHO,The Connecticut Light and Power Company,40.55,0.04,0.1,100,177,244727000,2026-09-27T15:35:34.425774
MCGA,Yorkville Acquisition Corp.,10.35,0.0,0.05,722,93217,244184000,2026-09-27T15:35:34.425774
INR,"Infinity Natural Resources, Inc.",13.06,-0.32,-2.39,281430,290544,243465000,2026-09-27T15:35:34.425774
SSAC,SPACSphere Acquisition Corp.,10.12,0.0,0.0,1827,56920,243366000,2026-09-27T15:35:34.425774
MBRFF,Mo-BRUK S.A.,69.25,0.0,0.0,120,3,243267000,2026-09-27T15:35:34.425774
CLKFF,Clarke Inc.,15.73,-0.3,-1.89,230,181,243169000,2026-09-27T15:35:34.425774
SOCA,Solarius Capital Acquisition Corp.,10.34,0.0,0.0,3814,16469,242473000,2026-09-27T15:35:34.425774
IGAC,Invest Green Acquisition Corporation,10.14,0.06,0.6,3681,28688,242042000,2026-09-27T15:35:34.425774
HLXC,Helix Acquisition Corp. III,10.94,0.0,0.0,20,24985,241336000,2026-09-27T15:35:34.425774
DYNC,Dynamix Corporation,10.9,0.02,0.14,9721,40249,241143000,2026-09-27T15:35:34.425774
DAAQ,Digital Asset Acquisition Corp.,10.46,0.02,0.19,799,50066,240580000,2026-09-27T15:35:34.425774
ACU,Acme United Corporation,62.75,-0.56,-0.88,22299,34771,240572000,2026-09-27T15:35:34.425774
ALFNF,Alfen N.V.,11.0,0.0,0.0,4000,73,239234000,2026-09-27T15:35:34.425774
FBLA,"FB Bancorp, Inc.",16.47,0.21,1.29,82098,84653,239142000,2026-09-27T15:35:34.425774
MACI,Melar Acquisition Corp. I,11.05,0.0,0.0,1026,1706,238919000,2026-09-27T15:35:34.425774
JPO,YieldMax JP Option Income Strategy ETF,13.7,0.17,1.28,17659,25003,238406000,2026-09-27T15:35:34.425774
TDWD,Tailwind 2.0 Acquisition Corp.,10.1,0.0,0.0,8,30315,237805000,2026-09-27T15:35:34.425774
AACP,Apogee Acquisition Corp,10.1,0.0,0.0,5,41025,237047000,2026-09-27T15:35:34.425774
RLTY,Cohen & Steers Real Estate Opportunities & Income Fund,14.11,-0.21,-1.47,98189,55387,235953000,2026-09-27T15:35:34.425774
BHR-PD,Braemar Hotels & Resorts Inc.,16.63,-0.43,-2.52,4429,5718,235832000,2026-09-27T15:35:34.425774
TWLV,Twelve Seas Investment Company III,10.06,-0.01,-0.1,960,24053,235781000,2026-09-27T15:35:34.425774
UTMD,"Utah Medical Products, Inc.",74.18,-0.57,-0.76,22482,31903,235434000,2026-09-27T15:35:34.425774
HMFAF,Hammond Manufacturing Company Limited,20.73,0.0,0.0,200,2050,235011000,2026-09-27T15:35:34.425774
ACAZF,Acadian Timber Corp.,12.5,0.06,0.48,100,2568,234757000,2026-09-27T15:35:34.425774
LATA,Galata Acquisition Corp. II,10.19,0.0,0.0,89813,10753,234370000,2026-09-27T15:35:34.425774
COPL,Copley Acquisition Corp,10.56,0.0,0.0,39,33617,234125000,2026-09-27T15:35:34.425774
SPXXF,SpareBank 1 Nord-Norge,16.0,0.0,0.0,100,9,233600000,2026-09-27T15:35:34.425774
CNTHN,The Connecticut Light and Power Company,38.7,0.0,0.0,160,67,233562000,2026-09-27T15:35:34.425774
ELMD,"Electromed, Inc.",27.88,0.02,0.07,92761,108390,233249000,2026-09-27T15:35:34.425774
NUW,Nuveen AMT-Free Municipal Value Fund,12.98,0.02,0.19,86177,58653,233008000,2026-09-27T15:35:34.425774
DYOR,Insight Digital Partners II,10.13,-0.01,-0.1,771,45949,232990000,2026-09-27T15:35:34.425774
BLRK,Bluerock Acquisition Corp.,10.11,-0.02,-0.15,29014,73033,232530000,2026-09-27T15:35:34.425774
SVCC,Stellar V Capital Corp.,10.72,0.01,0.09,520,10052,231712000,2026-09-27T15:35:34.425774
BIII,Black Spade Acquisition III Co,10.05,0.0,0.0,109,125938,231035000,2026-09-27T15:35:34.425774
HMH,HMH Holding Inc.,19.16,0.54,2.9,152371,199712,230737000,2026-09-27T15:35:34.425774
INBK,First Internet Bancorp,26.39,0.35,1.34,33825,46234,230479000,2026-09-27T15:35:34.425774
KROS,"Keros Therapeutics, Inc.",11.62,0.07,0.61,216070,210133,230392000,2026-09-27T15:35:34.425774
PEBK,"Peoples Bancorp of North Carolina, Inc.",43.24,-0.27,-0.62,14132,33603,230094000,2026-09-27T15:35:34.425774
PDEX,"Pro-Dex, Inc.",71.77,-1.25,-1.71,59961,83374,229903000,2026-09-27T15:35:34.425774
MRBK,Meridian Corporation,19.27,0.13,0.68,43520,100636,229873000,2026-09-27T15:35:34.425774
LIEN,"Chicago Atlantic BDC, Inc.",10.04,0.07,0.7,116697,58376,229119000,2026-09-27T15:35:34.425774
CRAC,Crown Reserve Acquisition Corp. I,10.24,0.0,0.0,435,18557,229056000,2026-09-27T15:35:34.425774
IRAB,Iris Acquisition Corp II,10.0,0.0,0.0,39,22168,229047000,2026-09-27T15:35:34.425774
CHMI-PA,Cherry Hill Mortgage Investment Corporation,21.29,0.29,1.38,2379,3392,228646000,2026-09-27T15:35:34.425774
CMTV,Community Bancorp,40.82,0.35,0.86,30532,38131,228629000,2026-09-27T15:35:34.425774
AMWL,American Well Corporation,13.43,-0.04,-0.3,80740,122950,228428000,2026-09-27T15:35:34.425774
CUE,"Cue Biopharma, Inc.",31.41,-1.44,-4.38,228129,259173,228175000,2026-09-27T15:35:34.425774
TBCH,Turtle Beach Corporation,12.74,-0.03,-0.23,179634,319438,228170000,2026-09-27T15:35:34.425774
NYLPF,"Nippon Care Supply Co., Ltd.",14.67,0.0,0.0,0,0,227982000,2026-09-27T15:35:34.425774
NATR,"Nature's Sunshine Products, Inc.",12.92,0.01,0.08,77335,161928,227334000,2026-09-27T15:35:34.425774
OPBK,OP Bancorp,15.18,0.07,0.46,30634,49139,226677000,2026-09-27T15:35:34.425774
RPKIF,Richards Group Inc.,21.25,0.0,0.0,300,303,226270000,2026-09-27T15:35:34.425774
BXSY,Bexil Investment Trust,17.4,-0.05,-0.29,313,10477,225214000,2026-09-27T15:35:34.425774
CFBK,CF Bankshares Inc.,34.51,0.4,1.17,49372,56722,224046000,2026-09-27T15:35:34.425774
LGI,"Lazard Global Total Return and Income Fund, Inc.",17.18,0.01,0.06,36753,33400,223804000,2026-09-27T15:35:34.425774
IACQU,Irenic Acquisition Corp.,10.13,0.0,0.0,11,480,222860000,2026-09-27T15:35:34.425774
ONCH,1RT Acquisition Corp.,10.32,0.0,0.0,8,56298,222525000,2026-09-27T15:35:34.425774
RGCO,"RGC Resources, Inc.",21.28,0.5,2.41,17026,14590,221728000,2026-09-27T15:35:34.425774
LYXX,Lynx Capital,25.25,0.0,0.0,200,9,221618000,2026-09-27T15:35:34.425774
AOUT,"American Outdoor Brands, Inc.",17.55,0.52,3.05,153844,173955,221502000,2026-09-27T15:35:34.425774
PSF,"Cohen & Steers Select Preferred and Income Fund, Inc.",18.36,-0.02,-0.11,61324,38420,220838000,2026-09-27T15:35:34.425774
DGAC,Disciplined Growth Acquisition Corporation,10.0,0.01,0.1,835,120720,220635000,2026-09-27T15:35:34.425774
REA,"Rare Earths Americas, Inc.",11.04,0.15,1.38,79828,126985,220291000,2026-09-27T15:35:34.425774
LOVE,The Lovesac Company,15.19,0.49,3.33,238425,247666,219092000,2026-09-27T15:35:34.425774
SLGL,Sol-Gel Technologies Ltd.,66.85,6.11,10.06,26065,54142,218867000,2026-09-27T15:35:34.425774
SPOK,"Spok Holdings, Inc.",10.46,0.11,1.06,111260,154538,218804000,2026-09-27T15:35:34.425774
KISB,"Kish Bancorp, Inc.",71.95,0.0,0.0,10,577,218094000,2026-09-27T15:35:34.425774
MLGF,Malaga Financial Corporation,22.0,0.0,0.0,2445,3028,217694000,2026-09-27T15:35:34.425774
PBNC,PB Financial Corporation,72.0,0.0,0.0,110,522,217529000,2026-09-27T15:35:34.425774
AUUMF,Aumann AG,16.84,0.0,0.0,100,1,217471000,2026-09-27T15:35:34.425774
CNLHO,The Connecticut Light and Power Company,36.0,0.0,0.0,1200,125,217267000,2026-09-27T15:35:34.425774
PFSTY,--,12.0,0.0,0.0,0,5,217143000,2026-09-27T15:35:34.425774
FORR,"Forrester Research, Inc.",11.4,-0.17,-1.47,86856,124080,217045000,2026-09-27T15:35:34.425774
GSHR,Gesher Acquisition Corp. II,10.57,0.01,0.09,75245,31193,216200000,2026-09-27T15:35:34.425774
SOME,Somerset Trust Holding Company,85.5,0.5,0.59,220,857,215656000,2026-09-27T15:35:34.425774
YARW,Yarrow Bioscience Inc,25.54,-0.53,-2.03,474165,77838,215531000,2026-09-27T15:35:34.425774
FXLG,FS Bancorp,52.5,0.0,0.0,223,398,214519000,2026-09-27T15:35:34.425774
CCAQ,Collective Acquisition Corp.,10.59,0.0,0.0,56,53612,214164000,2026-09-27T15:35:34.425774
CNLHP,The Connecticut Light and Power Company,35.44,0.0,0.0,100,80,213894000,2026-09-27T15:35:34.425774
LMNR,Limoneira Company,11.78,-0.19,-1.59,149826,92284,213595000,2026-09-27T15:35:34.425774
EGHA,EGH Acquisition Corp.,10.4,0.0,0.0,11,44782,213200000,2026-09-27T15:35:34.425774
DRETF,Dream Office Real Estate Investment Trust,12.96,0.0,0.0,100,201,213042000,2026-09-27T15:35:34.425774
IDAC,Iron Dome Acquisition I Corp.,10.0,-0.02,-0.25,10849,11708,212000000,2026-09-27T15:35:34.425774
HAVA,Harvard Ave Acquisition Corporation,10.22,0.0,0.0,8,37219,211484000,2026-09-27T15:35:34.425774
LSMNF,lastminute.com N.V.,19.92,0.0,0.0,620,1,211305000,2026-09-27T15:35:34.425774
RICK,"RCI Hospitality Holdings, Inc.",27.56,0.32,1.17,33490,49592,210682000,2026-09-27T15:35:34.425774
CBTN,"Citizens Bancorp Investment, Inc.",35.5,0.0,0.0,500,254,210230000,2026-09-27T15:35:34.425774
OAKC,Oakworth Capital Inc.,42.5,0.13,0.31,200,420,209924000,2026-09-27T15:35:34.425774
TDAC,Translational Development Acquisition Corp.,10.87,0.01,0.09,4660,28530,209887000,2026-09-27T15:35:34.425774
PSBQ,"PSB Holdings, Inc.",52.0,0.86,1.68,5554,4169,209121000,2026-09-27T15:35:34.425774
CNLTP,The Connecticut Light and Power Company,34.62,0.0,0.0,200,260,208939000,2026-09-27T15:35:34.425774
LYBC,Lyons Bancorp Inc.,61.41,0.0,0.0,100,353,208454000,2026-09-27T15:35:34.425774
OVBC,Ohio Valley Banc Corp.,44.15,-0.06,-0.14,39051,36874,207991000,2026-09-27T15:35:34.425774
ESOA,Energy Services of America Corporation,11.12,0.03,0.27,74907,144150,207490000,2026-09-27T15:35:34.425774
IIF,"Morgan Stanley India Investment Fund, Inc.",22.02,0.11,0.5,20764,29223,206694000,2026-09-27T15:35:34.425774
WLII,Willow Lane Acquisition Corp. II,10.25,-0.01,-0.05,858,22839,206526000,2026-09-27T15:35:34.425774
FIRY,Firy Inc.,12.42,-0.32,-2.51,135947,506558,206448000,2026-09-27T15:35:34.425774
CZWI,"Citizens Community Bancorp, Inc.",21.34,0.13,0.61,28368,56538,205936000,2026-09-27T15:35:34.425774
CMT,"Core Molding Technologies, Inc.",23.21,0.11,0.48,47153,27517,205386000,2026-09-27T15:35:34.425774
SGC,"Superior Group of Companies, Inc.",12.88,0.31,2.47,24451,46358,205374000,2026-09-27T15:35:34.425774
ZUMZ,Zumiez Inc.,13.31,-0.13,-0.97,178476,267171,204050000,2026-09-27T15:35:34.425774
ELWSF,Electreon Wireless Ltd,13.5,0.0,0.0,350,28,203958000,2026-09-27T15:35:34.425774
TAYD,"Taylor Devices, Inc.",63.23,-0.34,-0.53,83181,41228,203918000,2026-09-27T15:35:34.425774
GDEV,GDEV Inc.,11.22,0.0,0.0,595,5773,203648000,2026-09-27T15:35:34.425774
MPAA,"Motorcar Parts of America, Inc.",10.7,0.14,1.33,89861,118255,202585000,2026-09-27T15:35:34.425774
CSBB,"CSB Bancorp, Inc.",77.04,0.0,0.0,790,631,202385000,2026-09-27T15:35:34.425774
KTWO,K2 Capital Acquisition Corporation,10.08,0.0,0.0,2270,25014,202015000,2026-09-27T15:35:34.425774
FCAP,"First Capital, Inc.",60.29,-0.86,-1.41,16679,16411,201647000,2026-09-27T15:35:34.425774
PKIN,Pekin Life Insurance Company,11.8,0.0,0.0,151,438,201403000,2026-09-27T15:35:34.425774
BEBE,TGE Value Creative Solutions Corp,10.04,0.0,0.0,6,19509,200800000,2026-09-27T15:35:34.425774
QUIK,QuickLogic Corporation,10.96,-0.03,-0.27,149248,280806,200762000,2026-09-27T15:35:34.425774
RBKB,"Rhinebeck Bancorp, Inc.",12.83,-0.02,-0.16,69594,147093,200609000,2026-09-27T15:35:34.425774
FIGX,FIGX Capital Acquisition Corp.,10.32,0.0,0.0,57,17911,200059000,2026-09-27T15:35:34.425774
CNPWM,The Connecticut Light and Power Company,33.05,0.0,0.0,570,100,199463000,2026-09-27T15:35:34.425774
CHCI,"Comstock Holding Companies, Inc.",19.33,-0.07,-0.36,28363,37134,198750000,2026-09-27T15:35:34.425774
BETR,Better Home & Finance Holding Company,10.45,-0.39,-3.6,592241,554069,198535000,2026-09-27T15:35:34.425774
LFAC,Leapfrog Acquisition Corporation,10.09,0.02,0.15,643,26568,198159000,2026-09-27T15:35:34.425774
AIIA,AI Infrastructure Acquisition Corp.,10.26,-0.02,-0.19,879,21803,197915000,2026-09-27T15:35:34.425774
UBAB,"United Bancorporation of Alabama, Inc.",64.55,-0.5,-0.77,118,879,197223000,2026-09-27T15:35:34.425774
LFHTF,Leifheit Aktiengesellschaft,21.52,0.0,0.0,325,14,196557000,2026-09-27T15:35:34.425774
BNR,Burning Rock Biotech Limited,18.6,0.6,3.33,39519,27634,196162000,2026-09-27T15:35:34.425774
SUDKY,Studsvik AB (publ),23.5,0.0,0.0,200,3,196074000,2026-09-27T15:35:34.425774
BMBN,"Benchmark Bankshares, Inc.",43.86,0.0,0.0,300,1022,195340000,2026-09-27T15:35:34.425774
FDENF,La Française de l'Energie S.A.,36.95,0.0,0.0,100,1,195096000,2026-09-27T15:35:34.425774
LARK,"Landmark Bancorp, Inc.",31.97,0.65,2.08,7990,9366,195034000,2026-09-27T15:35:34.425774
CAXCF,CAC Holdings Corporation,11.25,0.0,0.0,0,3,194970000,2026-09-27T15:35:34.425774
SABK,"South Atlantic Bancshares, Inc.",25.61,0.0,0.0,6,596,194827000,2026-09-27T15:35:34.425774
CNLPM,The Connecticut Light and Power Company,32.1,-0.4,-1.23,300,395,193730000,2026-09-27T15:35:34.425774
CNPWP,The Connecticut Light and Power Company,32.05,0.0,0.0,700,152,193428000,2026-09-27T15:35:34.425774
TYFG,"Tri-County Financial Group, Inc.",80.75,1.75,2.22,100,2582,192998000,2026-09-27T15:35:34.425774
BANX,ArrowMark Financial Corp.,19.92,-0.54,-2.64,120768,36957,192940000,2026-09-27T15:35:34.425774
AFCJF,AFC Ajax NV,10.5,0.0,0.0,150,1,192500000,2026-09-27T15:35:34.425774
ETX,Eaton Vance Municipal Income 2028 Term Trust,17.53,-0.11,-0.62,19152,18476,191008000,2026-09-27T15:35:34.425774
SBKO,"Summit Bank Group, Inc.",24.46,0.11,0.45,303,1115,190837000,2026-09-27T15:35:34.425774
STRW,"Strawberry Fields REIT, Inc.",13.4,0.13,0.98,49188,41746,189708000,2026-09-27T15:35:34.425774
STCGF,Stack Capital Group Inc.,12.05,-0.1,-0.82,400,9937,188966000,2026-09-27T15:35:34.425774
CBFV,"CB Financial Services, Inc.",37.05,-0.06,-0.16,3564,4982,188273000,2026-09-27T15:35:34.425774
ESP,Espey Mfg. & Electronics Corp.,65.63,2.38,3.76,55416,45088,188242000,2026-09-27T15:35:34.425774
FNWD,Finward Bancorp,43.24,0.98,2.32,27795,17387,187359000,2026-09-27T15:35:34.425774
CNLTN,The Connecticut Light and Power Company,31.0,0.0,0.0,1300,217,187091000,2026-09-27T15:35:34.425774
HNVR,"Hanover Bancorp, Inc.",26.51,0.45,1.73,57552,48388,187039000,2026-09-27T15:35:34.425774
SBFG,"SB Financial Group, Inc.",29.86,-0.87,-2.83,16185,21203,186714000,2026-09-27T15:35:34.425774
MSWV,Main Street Financial Services Corp.,23.75,0.0,0.0,100,3290,186368000,2026-09-27T15:35:34.425774
INBC,"InBankshares, Corp",15.6,0.14,0.91,2500,7434,186354000,2026-09-27T15:35:34.425774
IDE,"Voya Infrastructure, Industrials and Materials Fund",12.28,0.01,0.08,46447,40798,186120000,2026-09-27T15:35:34.425774
SB-PC,"Safe Bulkers, Inc.",26.15,0.12,0.48,475,328,183801000,2026-09-27T15:35:34.425774
CPKF,"Chesapeake Financial Shares, Inc.",38.87,0.0,0.0,225,560,182173000,2026-09-27T15:35:34.425774
UTGN,"UTG, Inc.",57.99,0.0,0.0,15,82,181667000,2026-09-27T15:35:34.425774
SB-PD,"Safe Bulkers, Inc.",25.95,-0.21,-0.8,1252,3988,181623000,2026-09-27T15:35:34.425774
WHG,"Westwood Holdings Group, Inc.",19.03,0.01,0.05,16884,21458,181606000,2026-09-27T15:35:34.425774
BDCO,Blue Dolphin Energy Company,12.17,-0.83,-6.38,11744,43103,181600000,2026-09-27T15:35:34.425774
CNLHN,The Connecticut Light and Power Company,30.07,0.0,0.0,345,61,181478000,2026-09-27T15:35:34.425774
CNLTL,The Connecticut Light and Power Company,30.02,0.0,0.0,1076,69,181177000,2026-09-27T15:35:34.425774
PRMY,Primary Bank,37.5,0.2,0.54,100,4890,181084000,2026-09-27T15:35:34.425774
ECBK,"ECB Bancorp, Inc.",20.7,0.0,0.0,8642,9169,180870000,2026-09-27T15:35:34.425774
FGFH,"Foresight Financial Group, Inc.",49.97,0.07,0.14,200,1134,180605000,2026-09-27T15:35:34.425774
RIOXF,"Rion Co., Ltd.",14.63,0.0,0.0,1,12,180393000,2026-09-27T15:35:34.425774
TEN-PF,Tsakos Energy Navigation Limited,26.62,0.02,0.07,2497,5760,179609000,2026-09-27T15:35:34.425774
GPAT,GP-Act III Acquisition Corp.,11.09,0.0,0.0,8,10990,179228000,2026-09-27T15:35:34.425774
MDWD,MediWound Ltd.,13.84,0.01,0.07,72570,86249,178678000,2026-09-27T15:35:34.425774
PAAC,Proem Acquisition Corp I,10.07,0.0,0.0,20,8225,178474000,2026-09-27T15:35:34.425774
OZ,"Belpointe PREP, LLC",43.81,-0.2,-0.45,25160,9307,177591000,2026-09-27T15:35:34.425774
CHEC,Chenghe Acquisition III Co.,10.28,0.01,0.1,25006,6704,177584000,2026-09-27T15:35:34.425774
BWIV,Blue Water Acquisition Corp. IV,10.0,0.03,0.3,270,19855,177583000,2026-09-27T15:35:34.425774
BREZ,Breeze Acquisition Corp. II,10.02,0.0,0.0,50007,32173,177248000,2026-09-27T15:35:34.425774
PLQC,Plains Acquisition Corporation,68.75,0.0,0.0,249,2139,177162000,2026-09-27T15:35:34.425774
RVII,Robinhood Ventures Fund II,22.11,-0.29,-1.29,113061,330093,176880000,2026-09-27T15:35:34.425774
NEN,New England Realty Associates Limited Partnership,51.01,1.0,2.0,315,834,176876000,2026-09-27T15:35:34.425774
MNSB,"MainStreet Bancshares, Inc.",24.83,-0.03,-0.12,37313,31834,176816000,2026-09-27T15:35:34.425774
BVFL,"BV Financial, Inc.",20.87,0.06,0.29,12871,15530,176782000,2026-09-27T15:35:34.425774
MPV,Barings Participation Investors,16.37,-0.05,-0.3,9852,21700,176669000,2026-09-27T15:35:34.425774
GF,"The New Germany Fund, Inc.",10.75,-0.06,-0.56,20637,25577,175308000,2026-09-27T15:35:34.425774
OLYFF,Olympia Financial Group Inc.,72.64,0.0,0.0,150,8,174786000,2026-09-27T15:35:34.425774
PED,PEDEVCO Corp.,13.11,-0.56,-4.1,12326,35288,174258000,2026-09-27T15:35:34.425774
RDCM,RADCOM Ltd.,10.36,0.06,0.58,49027,147461,173410000,2026-09-27T15:35:34.425774
NYNOF,Nynomic AG,26.39,0.0,0.0,3230,1022,173351000,2026-09-27T15:35:34.425774
TRCY,Tri City Bankshares Corporation,19.45,0.0,0.0,2200,3495,173201000,2026-09-27T15:35:34.425774
MRUWY,"Maruwa Co.,Ltd.",13.96,0.31,2.27,1237,41101,172264000,2026-09-27T15:35:34.425774
NODB,North Dallas Bank & Trust Co.,67.0,0.0,0.0,1200,177,172125000,2026-09-27T15:35:34.425774
MFCSF,Medical Facilities Corporation,10.58,0.04,0.38,200,7709,171531000,2026-09-27T15:35:34.425774
EBMT,"Eagle Bancorp Montana, Inc.",21.53,0.13,0.61,25008,42139,171496000,2026-09-27T15:35:34.425774
TAVI,Tavia Acquisition Corp.,10.77,0.0,0.0,166,3646,171388000,2026-09-27T15:35:34.425774
MRDN,Meridian Holdings Inc.,13.36,0.12,0.94,30027,71704,169036000,2026-09-27T15:35:34.425774
NMP,NMP Acquisition Corp.,10.37,-0.01,-0.1,1544,35182,165618000,2026-09-27T15:35:34.425774
AKAFF,Akatsuki Inc.,13.72,0.0,0.0,1,1,165083000,2026-09-27T15:35:34.425774
MNAT,Marquette National Corporation,37.61,0.0,0.0,200,168,164997000,2026-09-27T15:35:34.425774
FLC,Flaherty & Crumrine Total Return Fund Inc.,15.76,0.03,0.19,48864,23495,164800000,2026-09-27T15:35:34.425774
ARBV,American Riviera Bancorp,28.6,0.04,0.14,700,1779,164735000,2026-09-27T15:35:34.425774
SFIGA,"STAR Financial Group, Inc.",59.58,0.0,0.0,4,65,164555000,2026-09-27T15:35:34.425774
ACR,ACRES Commercial Realty Corp.,10.48,-0.48,-4.38,59205,33303,164248000,2026-09-27T15:35:34.425774
EMYB,"Embassy Bancorp, Inc.",22.05,-0.05,-0.23,13452,4515,163294000,2026-09-27T15:35:34.425774
ENBP,ENB Financial Corp,28.55,-0.11,-0.38,2500,733,163155000,2026-09-27T15:35:34.425774
ECF,Ellsworth Growth and Income Fund Ltd.,11.92,-0.1,-0.83,48984,21661,162802000,2026-09-27T15:35:34.425774
EMIS,Emmis Acquisition Corp.,10.27,0.01,0.1,34195,14644,162018000,2026-09-27T15:35:34.425774
VBF,Invesco Bond Fund,14.18,-0.11,-0.77,63874,71607,162008000,2026-09-27T15:35:34.425774
QRED,Quasaredge Acquisition Corporation,10.05,0.0,0.0,28,40558,161202000,2026-09-27T15:35:34.425774
LKSP,Lake Superior Acquisition Corp.,10.25,0.0,0.0,1135,23303,160857000,2026-09-27T15:35:34.425774
WRIV,White River Bancshares Co,32.99,-0.01,-0.03,100,2450,160777000,2026-09-27T15:35:34.425774
WENC,West Enclave Merger Corp.,10.0,0.0,0.0,7,6566,160496000,2026-09-27T15:35:34.425774
DIMC,"Dimeco, Inc.",63.0,0.0,0.0,400,819,160239000,2026-09-27T15:35:34.425774
SLBK,"Skyline Bankshares, Inc.",28.24,0.0,0.0,15,2549,160172000,2026-09-27T15:35:34.425774
GLED,GalaxyEdge Acquisition Corporation,10.02,0.01,0.1,3124,21822,160145000,2026-09-27T15:35:34.425774
LAFA,LaFayette Acquisition Corp.,10.19,0.01,0.1,808,8817,160119000,2026-09-27T15:35:34.425774
QEPC,"Q.E.P. Co., Inc.",53.49,-0.01,-0.02,100,1668,159581000,2026-09-27T15:35:34.425774
TCGX,TCGX Acquisition Corp.,14.1,-0.28,-1.95,5360,91610,159383000,2026-09-27T15:35:34.425774
FMAC,Future Money Acquisition Corporation,10.09,0.0,0.0,116,9649,159223000,2026-09-27T15:35:34.425774
STLE,Steele Bancorp Inc.,46.75,0.25,0.54,750,1134,159187000,2026-09-27T15:35:34.425774
SPEG,Silver Pegasus Acquisition Corp.,10.38,-0.01,-0.1,3608,15792,159160000,2026-09-27T15:35:34.425774
FREVS,"First Real Estate Investment Trust of New Jersey, Inc.",21.2,-0.15,-0.7,1200,1879,158628000,2026-09-27T15:35:34.425774
TYCB,"Calvin B. Taylor Bankshares, Inc.",60.0,0.0,0.0,107,60,158347000,2026-09-27T15:35:34.425774
BSET,"Bassett Furniture Industries, Incorporated",18.28,0.41,2.29,11434,43493,158273000,2026-09-27T15:35:34.425774
WPAC,White Pearl Acquisition Corp.,10.06,0.0,0.0,7,11706,157620000,2026-09-27T15:35:34.425774
FINW,FinWise Bancorp,11.32,0.04,0.35,86023,33919,157152000,2026-09-27T15:35:34.425774
BEOB,BEO Bancorp,64.24,-0.01,-0.02,503,249,156316000,2026-09-27T15:35:34.425774
AMRRY,American Rare Earths Limited,13.34,0.05,0.38,200,4671,155381000,2026-09-27T15:35:34.425774
XHLD,"TEN Holdings, Inc.",12.95,0.25,1.97,1288000,4398000,155140000,2026-09-27T15:35:34.425774
TONT,Graf Global Corp.,10.9,-0.01,-0.05,25838,63323,154340000,2026-09-27T15:35:34.425774
FSRL,"First Reliance Bancshares, Inc.",19.5,0.1,0.52,44296,15858,153952000,2026-09-27T15:35:34.425774
CDR-PC,"Cedar Realty Trust, Inc.",15.15,0.01,0.03,574,6280,153858000,2026-09-27T15:35:34.425774
EDRY,EuroDry Ltd.,48.16,-2.74,-5.38,218972,135512,153131000,2026-09-27T15:35:34.425774
INAC,Indigo Acquisition Corp.,10.33,-0.03,-0.29,226,3723,152419000,2026-09-27T15:35:34.425774
YCY,AA Mission Acquisition Corp. II,10.29,0.01,0.1,76777,20285,151626000,2026-09-27T15:35:34.425774
CDR-PB,"Cedar Realty Trust, Inc.",16.27,-0.09,-0.52,113,3099,150877000,2026-09-27T15:35:34.425774
BTGGF,Bitcoin Group SE,30.0,0.0,0.0,1200,2,150000000,2026-09-27T15:35:34.425774
CEPS,"Cantor Equity Partners VI, Inc.",10.2,0.0,0.0,3,11650,149685000,2026-09-27T15:35:34.425774
CBBI,"CBB Bancorp, Inc.",14.09,-0.02,-0.14,194,2277,149187000,2026-09-27T15:35:34.425774
VNCE,Vince Holding Corp.,11.5,0.36,3.23,678312,254320,148865000,2026-09-27T15:35:34.425774
RTB,"RTB Digital, Inc.",10.27,-0.05,-0.48,85596,121339,148551000,2026-09-27T15:35:34.425774
DLNG-PA,Dynagas LNG Partners LP,26.12,-0.01,-0.04,574,3662,148521000,2026-09-27T15:35:34.425774
AMBK,American Bank Incorporated,23.43,0.0,0.0,200,200,148476000,2026-09-27T15:35:34.425774
INTT,InTest Corporation,11.57,-0.09,-0.77,102705,144460,148394000,2026-09-27T15:35:34.425774
APUR,Aperture AC,10.03,0.0,0.0,5,79433,147778000,2026-09-27T15:35:34.425774
POLE,Andretti Acquisition Corp. II,10.73,-0.02,-0.19,2424,62495,147364000,2026-09-27T15:35:34.425774
CNRD,"Conrad Industries, Inc.",29.35,0.24,0.82,1210,3512,147276000,2026-09-27T15:35:34.425774
TRAD,Apex Tech Acquisition Inc.,10.05,0.01,0.05,2906,2793,147102000,2026-09-27T15:35:34.425774
STRS,Stratus Properties Inc.,18.35,0.12,0.66,7141,63846,146483000,2026-09-27T15:35:34.425774
MYX,Maywood Acquisition Corp. 2,10.04,-0.01,-0.1,831,11874,145887000,2026-09-27T15:35:34.425774
FMBM,F & M Bank Corp.,40.48,0.09,0.22,768,2374,145191000,2026-09-27T15:35:34.425774
NEOJF,NEOJAPAN Inc.,10.35,0.0,0.0,200,1,145155000,2026-09-27T15:35:34.425774
EML,The Eastern Company,24.1,-0.5,-2.02,3343,16125,145023000,2026-09-27T15:35:34.425774
XFLH,XFLH Capital Corporation,10.04,0.0,0.0,6,6663,144459000,2026-09-27T15:35:34.425774
WW,"WW International, Inc.",14.35,0.37,2.61,173394,193147,143532000,2026-09-27T15:35:34.425774
PBCO,PBCO Financial Corporation,28.28,0.0,0.0,2446,2869,143438000,2026-09-27T15:35:34.425774
CHBH,"Croghan Bancshares, Inc.",71.15,0.0,0.0,426,373,142887000,2026-09-27T15:35:34.425774
SPE,"Special Opportunities Fund, Inc.",12.93,-0.02,-0.15,48432,32793,142507000,2026-09-27T15:35:34.425774
FFDF,FFD Financial Corporation,49.0,0.25,0.51,4348,420,142343000,2026-09-27T15:35:34.425774
BHAV,BHAV Acquisition Corp,10.03,0.01,0.15,2098,4707,140824000,2026-09-27T15:35:34.425774
HOFT,Hooker Furnishings Corporation,13.14,0.03,0.23,11710,55222,140495000,2026-09-27T15:35:34.425774
BMN,Blackrock 2037 Municipal Target Term Trust,22.83,-0.32,-1.38,27038,9369,140351000,2026-09-27T15:35:34.425774
HURC,"Hurco Companies, Inc.",21.65,0.02,0.09,9203,28685,140212000,2026-09-27T15:35:34.425774
AGPU,Axe Compute Inc.,12.09,0.74,6.52,250784,441841,140137000,2026-09-27T15:35:34.425774
SPRB,"Spruce Biosciences, Inc.",48.72,-0.3,-0.61,37188,77441,140022000,2026-09-27T15:35:34.425774
LSBK,"Lake Shore Bancorp, Inc.",17.82,0.18,1.02,21223,17039,139954000,2026-09-27T15:35:34.425774
SRBK,"SR Bancorp, Inc.",19.2,-0.06,-0.31,15240,24396,139561000,2026-09-27T15:35:34.425774
RFAM,RF Acquisition Corp III,10.01,0.0,0.05,38840,15504,139403000,2026-09-27T15:35:34.425774
PFD,Flaherty & Crumrine Preferred Income Fund Inc.,10.83,-0.07,-0.64,50996,31530,139193000,2026-09-27T15:35:34.425774
CCNB,"Coastal Carolina Bancshares, Inc.",18.43,0.0,0.0,300,2107,138917000,2026-09-27T15:35:34.425774
JUTOY,Jutal Offshore Oil Services Limited,13.85,0.0,0.0,20,9,137870000,2026-09-27T15:35:34.425774
SCPQ,Social Commerce Partners Corporation,10.05,0.0,0.0,8,12234,137517000,2026-09-27T15:35:34.425774
WFSTF,Western Forest Products Inc.,12.91,-0.3,-2.3,100,3271,136306000,2026-09-27T15:35:34.425774
PPBN,Pinnacle Bankshares Corporation,63.06,0.0,0.0,275,496,136289000,2026-09-27T15:35:34.425774
SOMC,"Southern Michigan Bancorp, Inc.",30.3,0.0,0.0,1200,1644,136270000,2026-09-27T15:35:34.425774
SFDL,Security Federal Corporation,44.0,0.0,0.0,100,2014,136102000,2026-09-27T15:35:34.425774
MED,"Medifast, Inc.",12.17,0.25,2.1,200380,159396,136069000,2026-09-27T15:35:34.425774
PLUN,Plutonian Acquisition Corp II,10.08,0.02,0.2,131,36193,135853000,2026-09-27T15:35:34.425774
FCPB,"First Capital Bancshares, Inc.",14.27,0.0,0.0,70,322,135668000,2026-09-27T15:35:34.425774
BGX,Blackstone Long-Short Credit Income Fund,10.61,0.1,0.95,44171,63401,134835000,2026-09-27T15:35:34.425774
CTUY,Century Next Financial Corporation,72.0,0.0,0.0,20,292,134402000,2026-09-27T15:35:34.425774
FBIP,"FNB Bancorp, Inc.",51.65,0.0,0.0,200,98,133977000,2026-09-27T15:35:34.425774
BCV,Bancroft Fund Ltd.,23.79,-0.23,-0.98,7137,14888,133879000,2026-09-27T15:35:34.425774
BIOYF,BioSyent Inc.,11.82,0.0,0.0,400,1631,133670000,2026-09-27T15:35:34.425774
FOA,Finance of America Companies Inc.,14.49,0.1,0.69,53479,62969,133568000,2026-09-27T15:35:34.425774
HEQ,John Hancock Diversified Income Fund,11.19,0.01,0.09,12956,22936,133481000,2026-09-27T15:35:34.425774
TISI,"Team, Inc.",29.06,0.09,0.31,14912,25188,133188000,2026-09-27T15:35:34.425774
ACNT,Ascent Industries Co.,14.7,0.06,0.41,20315,43655,132439000,2026-09-27T15:35:34.425774
UCPLF,United Corporations Limited,10.7,0.0,0.0,1190,79,131154000,2026-09-27T15:35:34.425774
CURN,"Currency Exchange International, Corp.",22.15,-0.03,-0.14,100,3201,130601000,2026-09-27T15:35:34.425774
COOK,"Traeger, Inc.",46.6,-0.13,-0.28,55706,51012,130397000,2026-09-27T15:35:34.425774
SMID,Smith-Midland Corporation,24.28,0.26,1.08,13877,14925,128796000,2026-09-27T15:35:34.425774
FMBN,"Farmers & Merchants Bancshares, Inc.",39.0,0.0,0.0,50,92,128692000,2026-09-27T15:35:34.425774
OCC,Optical Cable Corporation,14.53,0.25,1.75,121446,256561,128475000,2026-09-27T15:35:34.425774
JDVB,"JD Bancshares, Inc.",37.26,0.0,0.0,541,374,127724000,2026-09-27T15:35:34.425774
FXAC,FortuneX Acquisition Corporation,10.08,0.02,0.2,1210,45500,127330000,2026-09-27T15:35:34.425774
CGO,Calamos Global Total Return Fund,12.94,0.04,0.35,11383,27473,127165000,2026-09-27T15:35:34.425774
CZBS,Citizens Bancshares Corporation,65.0,-0.2,-0.31,3000,1273,126836000,2026-09-27T15:35:34.425774
OESX,"Orion Energy Systems, Inc.",30.59,1.34,4.58,50458,81968,125091000,2026-09-27T15:35:34.425774
MGYR,"Magyar Bancorp, Inc.",19.36,0.0,0.0,501,2917,125008000,2026-09-27T15:35:34.425774
CWBK,CW Bancorp,42.63,-0.79,-1.82,900,2515,124834000,2026-09-27T15:35:34.425774
AKA,a.k.a. Brands Holding Corp.,11.22,0.29,2.65,1237,3466,123320000,2026-09-27T15:35:34.425774
HYNE,"Hoyne Bancorp, Inc.",16.43,0.0,0.0,5970,8585,122638000,2026-09-27T15:35:34.425774
TEN-PE,Tsakos Energy Navigation Limited,25.68,0.06,0.21,6653,6129,121876000,2026-09-27T15:35:34.425774
JFBC,"Jeff Bank, National Association",28.75,0.7,2.5,1200,1907,121742000,2026-09-27T15:35:34.425774
CODA,"Coda Octopus Group, Inc.",10.78,0.07,0.65,61023,94742,121632000,2026-09-27T15:35:34.425774
BOTJ,"Bank of the James Financial Group, Inc.",26.75,0.06,0.22,54883,36098,121534000,2026-09-27T15:35:34.425774
CMHF,"Community Heritage Financial, Inc.",41.15,0.0,0.0,1158,1432,121316000,2026-09-27T15:35:34.425774
JHS,John Hancock Income Securities Trust,10.41,-0.01,-0.1,12283,10236,121241000,2026-09-27T15:35:34.425774
IAF,Abrdn Australia Equity Fund Inc,12.62,-0.07,-0.55,23516,17850,120930000,2026-09-27T15:35:34.425774
CHAR,Charlton Aria Acquisition Corporation,10.99,-0.03,-0.23,1176,9666,120505000,2026-09-27T15:35:34.425774
BLHK,blueharbor bank,40.5,0.0,0.0,230,3228,119854000,2026-09-27T15:35:34.425774
VTVT,vTv Therapeutics Inc.,30.21,-0.52,-1.69,28789,70971,119448000,2026-09-27T15:35:34.425774
AXR,AMREP Corporation,22.37,-0.26,-1.15,4705,9661,119117000,2026-09-27T15:35:34.425774
NMBF,Nmb Financial Corp,22.25,0.0,0.0,100,92,118996000,2026-09-27T15:35:34.425774
BBNA,--,18.25,0.0,0.0,1100,628,118964000,2026-09-27T15:35:34.425774
MPCB,"Mountain Pacific Bancorp, Inc.",17.0,0.0,0.0,500,1568,118796000,2026-09-27T15:35:34.425774
HARL,Harleysville Financial Corporation,33.25,0.07,0.21,816,1028,118340000,2026-09-27T15:35:34.425774
FKYS,First Keystone Corporation,18.7,0.18,0.97,2950,1898,118229000,2026-09-27T15:35:34.425774
QUMS,Quantumsphere Acquisition Corporation,10.34,0.0,0.0,133,23115,117945000,2026-09-27T15:35:34.425774
KTHN,Katahdin Bankshares Corp.,37.1,0.08,0.22,525,873,117919000,2026-09-27T15:35:34.425774
BRKH,Burtech Acquisition Corp II,10.02,-0.01,-0.15,632,44956,117782000,2026-09-27T15:35:34.425774
UNB,"Union Bankshares, Inc.",23.6,0.14,0.59,856,6366,116722000,2026-09-27T15:35:34.425774
PROV,"Provident Financial Holdings, Inc.",18.42,0.05,0.27,16128,12036,114830000,2026-09-27T15:35:34.425774
PLMK,Plum Acquisition Corp. IV,10.72,0.0,0.0,147,15771,114731000,2026-09-27T15:35:34.425774
WSBK,"Winchester Bancorp, Inc.",12.74,0.04,0.31,3118,6939,114160000,2026-09-27T15:35:34.425774
PTBS,"Potomac Bancshares, Inc.",27.35,-0.13,-0.47,505,663,113354000,2026-09-27T15:35:34.425774
BORT,Bank of Botetourt,57.21,0.0,0.0,100,42,113001000,2026-09-27T15:35:34.425774
OXBC,Oxford Bank Corporation,45.31,0.0,0.0,352,480,112823000,2026-09-27T15:35:34.425774
UNIB,"University Bancorp, Inc.",21.77,-0.13,-0.59,100,293,112540000,2026-09-27T15:35:34.425774
MCRAB,"McRae Industries, Inc.",50.0,0.0,0.0,79,147,112512000,2026-09-27T15:35:34.425774
RMMZ,"RiverNorth Managed Duration Municipal Income Fund II, Inc.",13.29,0.0,0.0,19489,16685,112367000,2026-09-27T15:35:34.425774
GSBX,Golden State Bancorp,39.4,0.0,0.0,300,93,112127000,2026-09-27T15:35:34.425774
GRML,Greenland Mines Ltd,14.66,-0.23,-1.54,22428000,7373000,111649000,2026-09-27T15:35:34.425774
PFBX,Peoples Financial Corporation,24.0,0.0,0.0,64,1563,110819000,2026-09-27T15:35:34.425774
RNAQ,Rainier Acquisition Corporation,10.09,0.0,0.0,7307,17255,110801000,2026-09-27T15:35:34.425774
BYFC,Broadway Financial Corporation,11.91,0.0,0.0,132,4355,110507000,2026-09-27T15:35:34.425774
RSKIA,"George Risk Industries, Inc.",22.56,0.31,1.39,2330,622,110281000,2026-09-27T15:35:34.425774
PBNK,Pinnacle Bank,18.4,0.0,0.0,400,2263,109864000,2026-09-27T15:35:34.425774
SFBC,"Sound Financial Bancorp, Inc.",42.72,-3.28,-7.13,1359,10725,109707000,2026-09-27T15:35:34.425774
BURCA,"Burnham Holdings, Inc.",23.1,0.0,0.0,1000,722,109307000,2026-09-27T15:35:34.425774
PAI,Western Asset Investment Grade Income Fund Inc.,11.49,-0.03,-0.26,13192,17601,109281000,2026-09-27T15:35:34.425774
RACD,Research Alliance Corporation IV,12.01,0.01,0.08,1099,18966,109273000,2026-09-27T15:35:34.425774
PBHC,"Pathfinder Bancorp, Inc.",17.35,0.0,0.0,3750,9009,108934000,2026-09-27T15:35:34.425774
IACYF,Inter Action Corporation,10.71,0.0,0.0,1054,17,108657000,2026-09-27T15:35:34.425774
UBOH,"United Bancshares, Inc.",40.0,0.0,0.0,1000,1106,108586000,2026-09-27T15:35:34.425774
BNCC,"BNCCORP, Inc.",30.65,-0.16,-0.52,1900,6684,107968000,2026-09-27T15:35:34.425774
QSEA,Quartzsea Acquisition Corporati,10.64,-0.0,-0.0,996,6198,107831000,2026-09-27T15:35:34.425774
GLU,The Gabelli Global Utility & Income Trust,17.82,-0.45,-2.46,14426,7436,106775000,2026-09-27T15:35:34.425774
FTFI,"First Berlin Bancorp, Inc.",40.6,0.0,0.0,100,104,106250000,2026-09-27T15:35:34.425774
BCTF,"Bancorp 34, Inc.",15.5,-0.02,-0.13,2000,2930,105741000,2026-09-27T15:35:34.425774
OFED,Oconee Federal Financial Corp.,18.0,0.0,0.0,2300,268,104748000,2026-09-27T15:35:34.425774
CHPG,ChampionsGate Acquisition Corporation,10.45,0.01,0.1,228,3939,104367000,2026-09-27T15:35:34.425774
LAKE,"Lakeland Industries, Inc.",10.49,0.01,0.05,49649,66334,104229000,2026-09-27T15:35:34.425774
RISE,Pictet Emerging Markets Rising Economies ETF,18.52,0.1,0.52,905,1847,104196000,2026-09-27T15:35:34.425774
PPLL,Peoples Ltd.,57.05,-0.1,-0.17,800,620,103525000,2026-09-27T15:35:34.425774
CBKM,"Consumers Bancorp, Inc.",32.69,-0.01,-0.03,310,1822,103193000,2026-09-27T15:35:34.425774
AMAN,Amanat Acquisition Corp,10.65,0.05,0.52,3329,31788,103039000,2026-09-27T15:35:34.425774
STBK,"Studio Financial Holdings, Inc.",14.35,0.01,0.08,200,1035,102972000,2026-09-27T15:35:34.425774
ECF-PA,Ellsworth Growth and Income Fund Ltd.,19.5,0.54,2.85,191,1849,102708000,2026-09-27T15:35:34.425774
ENDI,"CrossingBridge Advisors, LLC",15.25,-0.35,-2.24,2380,1100,101942000,2026-09-27T15:35:34.425774
NACB,"National Capital Bancorp, Inc.",88.45,0.95,1.09,51,195,101929000,2026-09-27T15:35:34.425774
CSTAF,Constellation Acquisition Corp I,13.05,0.0,0.0,1,4,101745000,2026-09-27T15:35:34.425774
PLUN-UN,Plutonian Acquisition Corp II,10.17,0.0,0.0,508,1436,101700000,2026-09-27T15:35:34.425774
CNBB,"CNB Community Bancorp, Inc.",50.21,-1.44,-2.79,3620,360,101395000,2026-09-27T15:35:34.425774
UWHR,Uwharrie Capital Corp,14.26,0.0,0.0,200,2933,101089000,2026-09-27T15:35:34.425774
PMN,"ProMIS Neurosciences, Inc.",11.27,-0.3,-2.59,20104,91382,101066000,2026-09-27T15:35:34.425774
JBTC,"JBT Bancorp, Inc.",41.5,0.5,1.22,500,1041,100998000,2026-09-27T15:35:34.425774
SEBC,Southeastern Banking Corporation,31.75,1.0,3.25,900,366,100961000,2026-09-27T15:35:34.425774
BKSC,Bank of South Carolina Corporation,18.91,0.08,0.42,100,1612,100958000,2026-09-27T15:35:34.425774
CYVF,Crystal Valley Financial Corporation,80.0,0.0,0.0,13,684,100329000,2026-09-27T15:35:34.425774
SPKL,Spark I Acquisition Corporation,11.59,-0.01,-0.04,3102,30736,100312000,2026-09-27T15:35:34.425774
ECOR,"electroCore, Inc.",11.12,-0.23,-2.03,52223,88776,100257000,2026-09-27T15:35:34.425774
CITZ,Citizens Bancshares Corporation,48.05,0.0,0.0,470,57,100102000,2026-09-27T15:35:34.425774
RACC,Research Alliance Corporation III,10.92,-0.14,-1.27,2667,79014,99356000,2026-09-27T15:35:34.425774
ORBN,"Oregon Bancorp, Inc.",39.97,-0.03,-0.07,100,2141,98884000,2026-09-27T15:35:34.425774
KEQU,Kewaunee Scientific Corporation,34.02,-0.26,-0.76,707,4574,98500000,2026-09-27T15:35:34.425774
JTTT,JATT III Acquisition Corp,10.94,0.06,0.55,1038,55295,96917000,2026-09-27T15:35:34.425774
CPTP,"Capital Properties, Inc.",14.68,0.0,0.0,3167,290,96887000,2026-09-27T15:35:34.425774
BSFO,Bank of San Francisco,43.25,0.3,0.7,2800,887,95804000,2026-09-27T15:35:34.425774
SIRZF,SIR Royalty Income Fund,10.87,0.0,0.0,500,9,95607000,2026-09-27T15:35:34.425774
FNWB,First Northwest Bancorp,10.05,0.0,0.0,21571,25039,95592000,2026-09-27T15:35:34.425774
RGT,"Royce Global Trust, Inc.",14.48,-0.02,-0.14,4383,18847,95030000,2026-09-27T15:35:34.425774
AUBN,"Auburn National Bancorporation, Inc.",27.23,0.04,0.14,9720,1615,94860000,2026-09-27T15:35:34.425774
PARK,"Park Dental Partners, Inc.",19.91,0.3,1.53,85597,31685,94678000,2026-09-27T15:35:34.425774
IGI,Western Asset Investment Grade Opportunity Trust Inc.,15.75,0.0,0.0,9934,13836,94401000,2026-09-27T15:35:34.425774
MFBP,"M&F Bancorp, Inc.",48.65,-0.6,-1.22,320,2214,94233000,2026-09-27T15:35:34.425774
ATVK,"GlobalTek Ventures, Inc.",10.3,0.0,0.0,9,380,93981000,2026-09-27T15:35:34.425774
CULL,"Cullman Bancorp, Inc.",16.99,-0.01,-0.06,100,1784,93844000,2026-09-27T15:35:34.425774
NIPG,NIP Group Inc.,12.5,-1.3,-9.42,5959,39587,93482000,2026-09-27T15:35:34.425774
SLRK,"Solera National Bancorp, Inc.",21.7,0.75,3.58,100,10047,93309000,2026-09-27T15:35:34.425774
PEGX,"The Pegasus Companies, Incorporated",68.26,0.0,0.0,1,0,93095000,2026-09-27T15:35:34.425774
FDSB,"Fifth District Bancorp, Inc.",17.75,-0.07,-0.39,2436,5984,92933000,2026-09-27T15:35:34.425774
CZBT,"Citizens Bancorp of Virginia, Inc.",43.99,0.0,0.0,110,926,92732000,2026-09-27T15:35:34.425774
FSMK,"1ST SUMMIT BANCORP of Johnstown, Inc.",43.69,0.0,0.0,200,779,92557000,2026-09-27T15:35:34.425774
SOBS,Solvay Bank Corp.,36.5,0.0,0.0,134,679,92535000,2026-09-27T15:35:34.425774
CIWV,Citizens Financial Corp.,51.49,0.0,0.0,500,461,92388000,2026-09-27T15:35:34.425774
DTSQU,DT Cloud Star Acquisition Corporation,11.89,0.0,0.0,599,19,92149000,2026-09-27T15:35:34.425774
ORPB,Oregon Pacific Bancorp,12.83,0.0,0.0,1003,4425,92118000,2026-09-27T15:35:34.425774
KEWL,"Keweenaw Land Association, Limited",81.0,0.34,0.42,61,374,91229000,2026-09-27T15:35:34.425774
BCOW,"1895 Bancorp of Wisconsin, Inc.",17.71,0.06,0.36,3923,10091,91167000,2026-09-27T15:35:34.425774
FUSB,"First US Bancshares, Inc.",16.44,-0.01,-0.06,47950,15809,90497000,2026-09-27T15:35:34.425774
PBKC,"Pioneer Bankcorp, Inc.",82.01,-1.99,-2.37,729,94,90356000,2026-09-27T15:35:34.425774
MMTX,Miluna Acquisition Corp,10.2,0.01,0.1,9171,12200,90047000,2026-09-27T15:35:34.425774
ORIQ,Origin Investment Corp I,10.44,0.0,0.0,25,8511,90044000,2026-09-27T15:35:34.425774
SIMA,SIM Acquisition Corp. I,10.93,0.0,0.0,60,2147,89838000,2026-09-27T15:35:34.425774
CZBC,Citizens Bancorp,15.94,-0.01,-0.06,200,777,89648000,2026-09-27T15:35:34.425774
BYNO,byNordic Acquisition Corporation,12.94,0.0,0.0,100,33,89432000,2026-09-27T15:35:34.425774
FBIOP,"Fortress Biotech, Inc.",16.65,-0.18,-1.07,64688,12017,89348000,2026-09-27T15:35:34.425774
MRTI,"Maxus Realty Trust, Inc.",75.11,0.0,0.0,100,96,89231000,2026-09-27T15:35:34.425774
MCBK,"Madison County Financial, Inc.",33.4,0.0,0.0,400,273,89183000,2026-09-27T15:35:34.425774
SVRN,"SVRN, Inc.",47.26,5.03,11.91,244368,74879,88651000,2026-09-27T15:35:34.425774
JLS,Nuveen Mortgage and Income Fund,16.15,0.0,0.0,37896,24839,88448000,2026-09-27T15:35:34.425774
NOBH,"Nobility Homes, Inc.",28.02,0.0,0.0,1000,285,88366000,2026-09-27T15:35:34.425774
RLYB,Rallybio Corporation,16.62,0.01,0.06,7026,23726,88295000,2026-09-27T15:35:34.425774
EDVR,Endeavor Bancorp,20.0,0.0,0.0,400,374,88213000,2026-09-27T15:35:34.425774
BCV-PA,Bancroft Fund Ltd.,19.52,0.33,1.72,3868,2019,88160000,2026-09-27T15:35:34.425774
PFX,PhenixFIN Corporation,45.59,-1.27,-2.71,2640,11439,88047000,2026-09-27T15:35:34.425774
BKOR,"Oak Ridge Financial Services, Inc.",32.05,0.0,0.0,75,438,87900000,2026-09-27T15:35:34.425774
RMI,"RiverNorth Opportunistic Municipal Income Fund, Inc.",13.75,-0.17,-1.22,21556,16395,87657000,2026-09-27T15:35:34.425774
CNDA,Concord Acquisition Corp II,12.5,0.0,0.0,2,1,87637000,2026-09-27T15:35:34.425774
KSBI,"KS Bancorp, Inc.",78.63,0.0,0.0,37,74,87104000,2026-09-27T15:35:34.425774
JATT,JATT II Acquisition Corp.,11.15,-0.27,-2.36,26933,24447,86970000,2026-09-27T15:35:34.425774
MCAH,Mountain Crest Acquisition 6 Corp.,10.03,0.0,0.0,880,18353,86874000,2026-09-27T15:35:34.425774
ACCMF,AAC Clyde Space AB (publ),11.19,0.0,0.0,400,128,86755000,2026-09-27T15:35:34.425774
ALIS,Calisa Acquisition Corp,10.29,-0.05,-0.48,920,38511,86719000,2026-09-27T15:35:34.425774
SDHC,Smith Douglas Homes Corp.,10.28,-0.22,-2.1,22693,54311,86275000,2026-09-27T15:35:34.425774
GIBO,GIBO Holdings Limited,33.0,0.0,0.0,7867,11809,85955000,2026-09-27T15:35:34.425774
COLAU,Columbus Acquisition Corp,10.8,0.0,0.0,14,53,85798000,2026-09-27T15:35:34.425774
NUVR,"Nuvera Communications, Inc.",16.35,0.06,0.37,1000,2187,85740000,2026-09-27T15:35:34.425774
CZNL,Citizens National Corporation,87.0,0.0,0.0,350,53,84992000,2026-09-27T15:35:34.425774
UBCP,"United Bancorp, Inc.",14.81,-0.37,-2.4,15240,5907,84972000,2026-09-27T15:35:34.425774
PTHS,Pelthos Therapeutics Inc.,22.19,-0.21,-0.94,14800,60015,84954000,2026-09-27T15:35:34.425774
PECE,Peace Acquisition Corp,10.01,0.0,0.0,6,36815,84417000,2026-09-27T15:35:34.425774
FBSI,"First Bancshares, Inc.",34.9,0.0,0.0,172,176,84206000,2026-09-27T15:35:34.425774
SSBI,Summit State Bank,12.44,0.38,3.2,9657,5238,84143000,2026-09-27T15:35:34.425774
IBTN,"InsCorp, Inc.",28.26,0.01,0.04,503,1669,84048000,2026-09-27T15:35:34.425774
RPT,Rithm Property Trust Inc.,10.81,-0.14,-1.28,12809,79658,84021000,2026-09-27T15:35:34.425774
BSAA,BEST SPAC I Acquisition Corp.,11.32,0.0,0.0,154,8817,83762000,2026-09-27T15:35:34.425774
FDVA,"Freedom Financial Holdings, Inc.",12.0,0.2,1.69,100,1265,83745000,2026-09-27T15:35:34.425774
CABO,"Cable One, Inc.",14.65,-0.98,-6.27,345098,268815,83123000,2026-09-27T15:35:34.425774
WSTN,Westin Acquisition Corp,10.19,0.0,0.0,6,20057,82040000,2026-09-27T15:35:34.425774
CPHC,Canterbury Park Holding Corporation,15.78,0.0,0.0,104,1811,81794000,2026-09-27T15:35:34.425774
FSEA,"First Seacoast Bancorp, Inc.",17.24,0.06,0.35,26575,5950,81104000,2026-09-27T15:35:34.425774
BCSO,Bancorp. of Southern Indiana,60.0,0.0,0.0,29,1,80923000,2026-09-27T15:35:34.425774
FBTT,"First Bankers Trustshares, Inc.",27.0,-0.02,-0.07,200,644,80900000,2026-09-27T15:35:34.425774
CYFL,Century Financial Corporation,49.0,-0.8,-1.61,150,342,80832000,2026-09-27T15:35:34.425774
MAYS,"J.W. Mays, Inc.",40.0,-0.65,-1.6,1511,1350,80631000,2026-09-27T15:35:34.425774
SAMG,Silvercrest Asset Management Group Inc.,10.3,0.18,1.78,67026,74811,80564000,2026-09-27T15:35:34.425774
SVBT,SVB & T Corporation,72.99,0.0,0.0,250,174,80519000,2026-09-27T15:35:34.425774
HNNA,"Hennessy Advisors, Inc.",10.18,-0.01,-0.1,3147,6404,80467000,2026-09-27T15:35:34.425774
JUVF,Juniata Valley Financial Corp.,15.88,-0.13,-0.81,150,2750,79945000,2026-09-27T15:35:34.425774
RFM,"RiverNorth Flexible Municipal Income Fund, Inc.",13.04,-0.09,-0.65,11195,14139,79736000,2026-09-27T15:35:34.425774
DTF,DTF Tax-Free Income 2028 Term Fund Inc.,11.27,-0.06,-0.53,11164,5082,79223000,2026-09-27T15:35:34.425774
RENEF,Cartesian Growth Corporation II,12.71,0.0,0.0,3,23,79120000,2026-09-27T15:35:34.425774
SSEA,Starry Sea Acquisition Corp,10.35,-0.02,-0.19,258,13687,79031000,2026-09-27T15:35:34.425774
FMN,Federated Hermes Premier Municipal Income Fund,10.06,-0.1,-0.98,62914,25087,78656000,2026-09-27T15:35:34.425774
AIRT,"Air T, Inc.",29.03,0.37,1.29,60475,25042,78280000,2026-09-27T15:35:34.425774
PONGF,Atari SA,21.0,0.0,0.0,17,103,78184000,2026-09-27T15:35:34.425774
APTL,Alaska Power & Telephone Company,84.0,0.0,0.0,100,71,78054000,2026-09-27T15:35:34.425774
FRSB,"First Resource Bancorp, Inc.",25.88,0.0,0.0,10,714,77862000,2026-09-27T15:35:34.425774
WTG,Wintergreen Acquisition Corp.,10.58,-0.01,-0.08,1533,48153,77619000,2026-09-27T15:35:34.425774
VMCAF,Valuence Merger Corp. I,13.0,0.0,0.0,500,1,77554000,2026-09-27T15:35:34.425774
LFGP,"Ledyard Financial Group, Inc.",22.24,0.19,0.86,300,3376,77500000,2026-09-27T15:35:34.425774
CMCAF,Piermont Valley Acquisition Corp,13.0,0.0,0.0,268,74,77408000,2026-09-27T15:35:34.425774
WATT,Energous Corporation,13.95,0.79,6.0,208046,198000,77103000,2026-09-27T15:35:34.425774
CPBI,"Central Plains Bancshares, Inc.",19.8,-0.18,-0.9,749,3157,76983000,2026-09-27T15:35:34.425774
NBRG,Newbridge Acquisition Limited,10.06,0.0,0.0,545,20650,75915000,2026-09-27T15:35:34.425774
ISRLF,Israel Acquisitions Corp,12.51,-0.19,-1.5,211,60,75764000,2026-09-27T15:35:34.425774
MNMB,"Merchants & Marine Bancorp, Inc.",56.95,1.95,3.55,800,595,75763000,2026-09-27T15:35:34.425774
NDLS,Noodles & Company,12.61,-0.3,-2.32,15094,48209,75240000,2026-09-27T15:35:34.425774
HFBL,"Home Federal Bancorp, Inc. of Louisiana",24.8,-0.2,-0.8,1074,2374,75159000,2026-09-27T15:35:34.425774
CRT,Cross Timbers Royalty Trust,12.5,0.25,2.04,28764,22930,75000000,2026-09-27T15:35:34.425774
RVCB,River Valley Community Bancorp,23.76,0.01,0.04,101,349,74546000,2026-09-27T15:35:34.425774
IXAQF,IX Acquisition Corp.,11.51,0.01,0.09,1388,107,74252000,2026-09-27T15:35:34.425774
WSKEF,WISeKey International Holding AG,12.5,0.0,0.0,100,1,74247000,2026-09-27T15:35:34.425774
NSTS,"NSTS Bancorp, Inc.",14.12,0.01,0.07,21234,10115,74174000,2026-09-27T15:35:34.425774
IOR,"Income Opportunity Realty Investors, Inc.",18.23,0.0,0.0,103,576,74126000,2026-09-27T15:35:34.425774
IEHC,IEH Corporation,29.84,0.84,2.9,960,4792,73713000,2026-09-27T15:35:34.425774
PBKX,Partners Bank of California,16.48,0.0,0.0,500,17876,73614000,2026-09-27T15:35:34.425774
LEAT,Leatt Corporation,11.75,-0.06,-0.51,181,4392,73172000,2026-09-27T15:35:34.425774
RANG,Range Capital Acquisition Corp.,10.86,0.01,0.09,2420,1731,72740000,2026-09-27T15:35:34.425774
MVLY,Mission Valley Bancorp,21.7,0.0,0.0,200,1204,72606000,2026-09-27T15:35:34.425774
EEA,"The European Equity Fund, Inc.",10.59,0.01,0.05,2990,18226,72530000,2026-09-27T15:35:34.425774
OPXS,"Optex Systems Holdings, Inc",10.42,-0.03,-0.29,8006,34080,72522000,2026-09-27T15:35:34.425774
DWNX,Delhi Bank Corp.,21.46,0.0,0.0,200,1650,72474000,2026-09-27T15:35:34.425774
CLST,"Catalyst Bancorp, Inc.",17.9,0.0,0.0,39,2761,72205000,2026-09-27T15:35:34.425774
INTG,The InterGroup Corporation,33.33,-3.45,-9.38,34132,98763,71620000,2026-09-27T15:35:34.425774
AIFU,AIFU Inc.,12.02,2.92,32.09,78251,31361,71227000,2026-09-27T15:35:34.425774
SODI,"Solitron Devices, Inc.",33.0,0.0,0.0,954,2774,71039000,2026-09-27T15:35:34.425774
CBWA,Commencement Bancorp Inc.,19.06,-0.04,-0.21,942,5606,70957000,2026-09-27T15:35:34.425774
RGS,Regis Corporation,28.36,-0.14,-0.51,12239,7079,70917000,2026-09-27T15:35:34.425774
CCBC,Chino Commercial Bancorp,18.25,0.0,0.0,125,374,70342000,2026-09-27T15:35:34.425774
COE,51Talk Online Education Group,11.67,0.1,0.86,197473,36766,70105000,2026-09-27T15:35:34.425774
IMAQ,International Media Acquisition Corp.,10.1,0.0,0.0,7,204,69050000,2026-09-27T15:35:34.425774
CBAF,CITBA Financial Corporation,45.67,0.0,0.0,800,879,68848000,2026-09-27T15:35:34.425774
HFBK,Harford Bank,44.8,0.0,0.0,100,571,67800000,2026-09-27T15:35:34.425774
FBVI,FCN Banc Corp.,39.0,0.0,0.0,769,190,67173000,2026-09-27T15:35:34.425774
CMSG,Consensus Mining & Seigniorage,30.71,-0.24,-0.78,4173,1533,67021000,2026-09-27T15:35:34.425774
GOSS,"Gossamer Bio, Inc.",10.94,0.01,0.09,426556,360054,66913000,2026-09-27T15:35:34.425774
HLFN,Home Loan Financial Corporation,47.0,0.0,0.0,1260,111,66245000,2026-09-27T15:35:34.425774
OAKV,"Oak View Bankshares, Inc.",19.0,-0.1,-0.52,1100,3300,66239000,2026-09-27T15:35:34.425774
PGNN,"Paragon Financial Solutions, Inc.",14.4,0.0,0.0,100,1015,65957000,2026-09-27T15:35:34.425774
APLM,"Apollomics, Inc.",22.35,-1.13,-4.81,39569,23133,65149000,2026-09-27T15:35:34.425774
BTQNF,BQE Water Inc.,50.0,0.0,0.0,100,28,65048000,2026-09-27T15:35:34.425774
DXR,Daxor Corporation,11.01,0.05,0.46,16421,15584,64279000,2026-09-27T15:35:34.425774
FUXA,"1 Finanx AI Technologies, Inc.",58.0,-30.0,-34.09,350,40,64094000,2026-09-27T15:35:34.425774
ASCBF,A SPAC II Acquisition Corp.,11.99,0.0,0.0,8,3,64070000,2026-09-27T15:35:34.425774
LTELF,LS telcom AG,10.97,0.0,0.0,0,0,63569000,2026-09-27T15:35:34.425774
HBSI,"Highlands Bankshares, Inc.",47.8,0.0,0.0,54,47,63001000,2026-09-27T15:35:34.425774
IBWC,IBW Financial Corporation,97.0,0.0,0.0,100,47,62641000,2026-09-27T15:35:34.425774
STBI,"Sturgis Bancorp, Inc.",28.75,0.0,0.0,2800,1961,62496000,2026-09-27T15:35:34.425774
RWCB,Redwood Capital Bancorp,33.31,0.0,0.0,500,1203,62208000,2026-09-27T15:35:34.425774
INKT,"MiNK Therapeutics, Inc.",12.18,-0.12,-0.98,11487,11852,62155000,2026-09-27T15:35:34.425774
MBKL,"MBT Bancshares, Inc.",30.14,0.0,0.0,100,14,61592000,2026-09-27T15:35:34.425774
FMFG,"Farmers and Merchants Bancshares, Inc.",18.76,-0.18,-0.95,1600,725,61213000,2026-09-27T15:35:34.425774
LSFG,"Lifestore Financial Group, Inc.",59.4,0.0,0.0,700,274,61211000,2026-09-27T15:35:34.425774
CEFC,Commercial National Financial Corporation,15.75,0.0,0.0,3401,876,61075000,2026-09-27T15:35:34.425774
BSPA,"Ballston Spa Bancorp, Inc.",82.05,0.0,0.0,100,76,60936000,2026-09-27T15:35:34.425774
CBRRF,Chain Bridge I,10.31,0.0,0.0,1,1,59928000,2026-09-27T15:35:34.425774
FFWC,FFW Corporation,55.0,0.0,0.0,350,200,59629000,2026-09-27T15:35:34.425774
CAPN,Cayson Acquisition Corp,11.25,0.0,0.0,52,1819,59491000,2026-09-27T15:35:34.425774
OSBK,Oconee Financial Corporation,56.5,0.0,0.0,100,84,59262000,2026-09-27T15:35:34.425774
FFBW,"FFBW, Inc.",16.12,-0.02,-0.12,301,1293,59238000,2026-09-27T15:35:34.425774
CIBH,"CIB Marine Bancshares, Inc.",44.3,0.0,0.0,200,749,59158000,2026-09-27T15:35:34.425774
KANP,"Kaanapali Land, LLC",32.0,0.0,0.0,3,30,59028000,2026-09-27T15:35:34.425774
FHRT,First Hartford Corporation,25.75,0.0,0.0,100,20,58385000,2026-09-27T15:35:34.425774
DENI,"Denali Bancorporation, Inc.",20.0,0.0,0.0,600,919,58258000,2026-09-27T15:35:34.425774
MXE,Mexico Equity & Income Fund Inc.,13.0,0.1,0.77,1121,3087,57203000,2026-09-27T15:35:34.425774
BBBK,Baker Boyer Bancorp,43.26,0.0,0.0,165,60,57065000,2026-09-27T15:35:34.425774
JANL,Janel Corporation,48.0,0.0,0.0,200,93,56945000,2026-09-27T15:35:34.425774
MKTW,"MarketWise, Inc.",20.34,1.19,6.21,17390,17806,56804000,2026-09-27T15:35:34.425774
IBAC,IB Acquisition Corp.,11.3,0.0,0.0,88,1369,56593000,2026-09-27T15:35:34.425774
NIDB,"Northeast Indiana Bancorp, Inc.",24.01,0.0,0.0,1485,484,56505000,2026-09-27T15:35:34.425774
NCEW,New Century Logistics (BVI) Limited,17.63,0.0,0.0,39,2907,56416000,2026-09-27T15:35:34.425774
SAIH,SAIHEAT Limited,30.55,0.53,1.76,12726,13122,56120000,2026-09-27T15:35:34.425774
KVACF,Keen Vision Acquisition Corporation,12.2,0.0,0.0,520,4769,56033000,2026-09-27T15:35:34.425774
BURCB,"Burnham Holdings, Inc.",11.75,0.0,0.0,100,1,55600000,2026-09-27T15:35:34.425774
INFT,Infinity Bancorp,17.85,0.0,0.0,1300,1195,55427000,2026-09-27T15:35:34.425774
BKFG,"BKF Capital Group, Inc.",94.0,0.0,0.0,100,1,54828000,2026-09-27T15:35:34.425774
WSSH,West Shore Bank Corp.,44.0,0.0,0.0,70,103,54220000,2026-09-27T15:35:34.425774
WDFN,Woodlands Financial Services Company,38.48,0.0,0.0,400,1098,53843000,2026-09-27T15:35:34.425774
FGFI,"First Greenwich Financial, Inc.",19.98,0.0,0.0,600,30,53760000,2026-09-27T15:35:34.425774
WFCF,"Where Food Comes From, Inc.",10.79,-1.36,-11.18,495,6460,53740000,2026-09-27T15:35:34.425774
GVYB,"Golden Valley Bancshares, Inc.",24.41,0.0,0.0,200,176,53551000,2026-09-27T15:35:34.425774
EUDA,EUDA Health Holdings Limited,17.86,1.32,7.99,21140,13238,53483000,2026-09-27T15:35:34.425774
BKFL,"BankFLORIDA Bancorp, Inc.",16.8,0.0,0.0,8000,158,53430000,2026-09-27T15:35:34.425774
MSSAF,Metal Sky Star Acquisition Corporation,16.31,0.0,0.0,549,26,53261000,2026-09-27T15:35:34.425774
ACFN,"Acorn Energy, Inc.",20.99,0.19,0.89,43391,45546,53191000,2026-09-27T15:35:34.425774
ELOX,"Eloxx Pharmaceuticals, Inc.",15.03,-0.97,-6.06,27605,51853,51648000,2026-09-27T15:35:34.425774
SOGP,Sound Group Inc.,12.17,0.47,4.02,8529,15184,50978000,2026-09-27T15:35:34.425774
BKHA,Black Hawk Acquisition Corporation,12.27,0.08,0.66,14110,911,50964000,2026-09-27T15:35:34.425774
FSBH,FSBH Corp.,16.77,0.06,0.36,100,246,50464000,2026-09-27T15:35:34.425774
PNBI,"Pioneer Bankshares, Inc.",50.1,0.0,0.0,1993,176,50223000,2026-09-27T15:35:34.425774
ALCYF,Alchemy Investments Acquisition Corp 1,11.85,0.0,0.0,40,1125,49865000,2026-09-27T15:35:34.425774
ALSAF,Alpha Star Acquisition Corporation,15.4,0.0,0.0,1,1,49695000,2026-09-27T15:35:34.425774
RSF,"RiverNorth Capital and Income Fund, Inc.",14.28,-0.05,-0.35,9393,9274,49472000,2026-09-27T15:35:34.425774
EQFN,Equitable Financial Corp.,19.5,0.0,0.0,5844,893,49325000,2026-09-27T15:35:34.425774
TMAK,"Touchmark Bancshares, Inc.",11.0,0.0,0.0,1600,2892,49081000,2026-09-27T15:35:34.425774
TCBS,"Texas Community Bancshares, Inc.",17.0,-0.0,-0.0,5943,1401,48836000,2026-09-27T15:35:34.425774
LCRXF,LACROIX Group SA,10.1,0.0,0.0,0,0,47433000,2026-09-27T15:35:34.425774
YHNA,YHN Acquisition I Limited,11.04,-0.01,-0.09,5378,11650,47315000,2026-09-27T15:35:34.425774
FMY,First Trust Mortgage Income Fund,11.21,0.2,1.82,970,3166,47229000,2026-09-27T15:35:34.425774
COLA,Columbus Acquisition Corp,10.45,-0.05,-0.48,3885,23877,46967000,2026-09-27T15:35:34.425774
RYM,"RYTHM, Inc.",21.76,-0.95,-4.18,12469,12968,46765000,2026-09-27T15:35:34.425774
LUMB,Lumbee Guaranty Bank,14.03,-0.12,-0.85,100,555,46622000,2026-09-27T15:35:34.425774
HCBC,"High Country Bancorp, Inc.",46.49,0.0,0.0,800,619,46373000,2026-09-27T15:35:34.425774
MBBC,"Marathon Bancorp, Inc.",15.28,0.0,0.0,4208,2853,45991000,2026-09-27T15:35:34.425774
UNBK,United National Bank,54.5,0.0,0.0,21,116,43864000,2026-09-27T15:35:34.425774
VHC,VirnetX Holding Corporation,10.36,-1.87,-15.29,94523,60798,43684000,2026-09-27T15:35:34.425774
ALBY,"Community Capital Bancshares, Inc.",34.0,0.49,1.46,100,626,43265000,2026-09-27T15:35:34.425774
CCTSF,Cactus Acquisition Corp. 1 Limited,11.01,0.0,0.0,7,1,43226000,2026-09-27T15:35:34.425774
OTTW,"Ottawa Bancorp, Inc.",18.78,0.08,0.43,100,6660,43216000,2026-09-27T15:35:34.425774
CYSM,Community Bancorp of Santa Maria,19.45,0.0,0.0,200,606,42687000,2026-09-27T15:35:34.425774
MDVT,Middlebury National Corporation,49.55,0.05,0.1,2200,588,42608000,2026-09-27T15:35:34.425774
HFBA,HFB Financial Corporation,37.47,0.0,0.0,100,293,42472000,2026-09-27T15:35:34.425774
PRPO,"Precipio, Inc.",23.65,-0.82,-3.35,52298,127131,42338000,2026-09-27T15:35:34.425774
RDAGU,Republic Digital Acquisition Company,10.5,0.0,0.0,624,180,41580000,2026-09-27T15:35:34.425774
TETEF,Technology & Telecommunication Acquisition Corporation,12.08,0.0,0.0,4,1,41293000,2026-09-27T15:35:34.425774
HCKG,"Hocking Valley Bancshares, Inc.",33.21,0.0,0.0,600,204,41290000,2026-09-27T15:35:34.425774
FIGP,"Forge Group, Inc.",20.0,0.0,0.0,100,440,40865000,2026-09-27T15:35:34.425774
AIOS,AIOS Tech Inc.,12.5,0.07,0.6,16699,42169,40500000,2026-09-27T15:35:34.425774
GRF,"Eagle Capital Growth Fund, Inc.",10.17,0.0,0.0,44,2812,40353000,2026-09-27T15:35:34.425774
ANDC,"Andover Bancorp, Inc.",20.15,0.0,0.0,500,666,40143000,2026-09-27T15:35:34.425774
NBST,Newbury Street Acquisition Corporation,11.55,0.0,0.0,90,46,40105000,2026-09-27T15:35:34.425774
EXCH,"Exchange Bankshares, Inc.",67.42,0.0,0.0,300,133,39685000,2026-09-27T15:35:34.425774
WINV,WinVest Acquisition Corp.,12.55,0.0,0.0,23,1,39322000,2026-09-27T15:35:34.425774
QNTO,"Quaint Oak Bancorp, Inc.",14.7,0.0,0.0,500,523,38949000,2026-09-27T15:35:34.425774
PFBN,Pacific Alliance Bank,11.98,0.0,0.0,500,138,38705000,2026-09-27T15:35:34.425774
AFJK,"Aimei Health Technology Co., Ltd",12.19,0.01,0.04,4702,28177,38598000,2026-09-27T15:35:34.425774
FRFC,First Robinson Financial Corporation,75.01,2.29,3.15,500,90,38588000,2026-09-27T15:35:34.425774
EFSG,"Enterprise Financial Services Group, Inc.",32.0,0.0,0.0,316,20,38410000,2026-09-27T15:35:34.425774
MCAG,Mountain Crest Acquisition Corp. V,13.27,0.0,0.0,273,4,38125000,2026-09-27T15:35:34.425774
NCI,Neo-Concept International Group Holdings Limited,14.65,0.01,0.07,231348,634811,37786000,2026-09-27T15:35:34.425774
STRR,"Star Equity Holdings, Inc.",10.17,0.0,0.0,340,3804,37521000,2026-09-27T15:35:34.425774
FMFP,First Community Financial Corporation,12.93,0.0,0.0,100,557,36586000,2026-09-27T15:35:34.425774
WELNF,Integrated Wellness Acquisition Corp,12.21,0.0,0.0,11,4,35969000,2026-09-27T15:35:34.425774
RBNK,RiverBank Holding Company,31.25,0.0,0.0,100,587,35248000,2026-09-27T15:35:34.425774
DMFG,Decker Manufacturing Corporation,57.1,0.0,0.0,25,33,34881000,2026-09-27T15:35:34.425774
FBPA,The Farmers Bank of Appomattox,32.05,-0.1,-0.31,708,85,34731000,2026-09-27T15:35:34.425774
PCLB,"Pinnacle Bancshares, Inc.",38.65,0.0,0.0,300,146,34721000,2026-09-27T15:35:34.425774
AMFC,AMB Financial Corp.,38.0,0.0,0.0,300,166,34099000,2026-09-27T15:35:34.425774
CNBZ,CNB Corporation,28.0,1.0,3.7,465,93,33900000,2026-09-27T15:35:34.425774
WOBK,Woodsboro Bank,85.6,0.0,0.0,604,57,33886000,2026-09-27T15:35:34.425774
WHLRD,"Wheeler Real Estate Investment Trust, Inc.",36.25,-0.25,-0.68,204,426,33833000,2026-09-27T15:35:34.425774
EHLD,Euroholdings Ltd.,11.95,0.43,3.73,7196,6901,33659000,2026-09-27T15:35:34.425774
PFSB,"PFS Bancorp, Inc.",21.76,0.0,0.0,500,1912,33642000,2026-09-27T15:35:34.425774
LVLU,"Lulu's Fashion Lounge Holdings, Inc.",11.54,0.94,8.87,10925,49249,33138000,2026-09-27T15:35:34.425774
BXLC,Bexil Corporation,60.0,0.0,0.0,100,3,33046000,2026-09-27T15:35:34.425774
SOUB,"SouthPoint Bancshares, Inc.",11.1,-0.12,-1.1,3401,1560,32976000,2026-09-27T15:35:34.425774
HRBK,Harbor Bankshares Corporation,27.0,0.0,0.0,100,507,32873000,2026-09-27T15:35:34.425774
PPAL,Peoples Trust Company of St. Albans,60.1,0.0,0.0,50,2,32792000,2026-09-27T15:35:34.425774
COHN,Cohen & Company Inc.,10.11,0.01,0.05,13613,18826,32645000,2026-09-27T15:35:34.425774
WVFC,WVS Financial Corp.,19.9,-0.04,-0.2,461,1684,32643000,2026-09-27T15:35:34.425774
NSYS,Nortech Systems Incorporated,11.28,0.05,0.45,6311,19263,32190000,2026-09-27T15:35:34.425774
HVLM,"Huron Valley Bancorp, Inc.",36.25,0.0,0.0,100,1,31958000,2026-09-27T15:35:34.425774
QNCX,"Quince Therapeutics, Inc.",31.0,0.45,1.47,10335,30663,31529000,2026-09-27T15:35:34.425774
HERZ,"Herzfeld Credit Income Fund, Inc.",15.54,-0.03,-0.17,73248,28061,31355000,2026-09-27T15:35:34.425774
REOP,"Reo Plastics, Inc.",70.25,0.0,0.0,210,231,31252000,2026-09-27T15:35:34.425774
ELMA,"Elmer Bancorp, Inc.",26.83,0.0,0.0,438,103,30895000,2026-09-27T15:35:34.425774
CDAB,"Coeur d'Alene Bancorp, Inc.",16.0,0.0,0.0,21188,704,30388000,2026-09-27T15:35:34.425774
URSB,"URSB Bancorp, Inc.",12.95,0.05,0.39,6252,2893,30230000,2026-09-27T15:35:34.425774
RAND,Rand Capital Corporation,10.0,-0.1,-0.99,1990,2971,29698000,2026-09-27T15:35:34.425774
BIOQ,"Bioqual, Inc.",33.0,0.0,0.0,1095,19,29516000,2026-09-27T15:35:34.425774
PRKA,"Parks! America, Inc.",39.11,0.0,0.0,165,26,29321000,2026-09-27T15:35:34.425774
MMAZ,"M2MMA, Inc.",12.75,0.0,0.0,101,54,28793000,2026-09-27T15:35:34.425774
EBSH,"Empire Bancshares, Inc.",43.0,0.0,0.0,100,444,28435000,2026-09-27T15:35:34.425774
HSPOF,Horizon Space Acquisition I Corp.,11.99,0.0,0.0,6,17,28409000,2026-09-27T15:35:34.425774
BBGI,"Beasley Broadcast Group, Inc.",15.29,-0.75,-4.65,55035,47926,28329000,2026-09-27T15:35:34.425774
CCG,Cheche Group Inc.,11.3,-1.6,-12.4,20012,65390,28311000,2026-09-27T15:35:34.425774
VWFB,"VWF Bancorp, Inc.",14.65,0.0,0.0,2975,1666,28129000,2026-09-27T15:35:34.425774
EMCGF,Embrace Change Acquisition Corp.,11.21,0.0,0.0,975,20,27154000,2026-09-27T15:35:34.425774
CLRCF,ClimateRock,12.75,0.0,0.0,32,1,26765000,2026-09-27T15:35:34.425774
GTPS,"Great American Bancorp, Inc.",75.0,0.0,0.0,200,30,26725000,2026-09-27T15:35:34.425774
HRGG,"Heritage NOLA Bancorp, Inc.",21.2,0.0,0.0,100,414,26281000,2026-09-27T15:35:34.425774
TETAA,"Alpha G Investment Management, Inc.",16.4,0.0,0.0,400,660,26261000,2026-09-27T15:35:34.425774
LINS,Life Insurance Company Of Alabama,78.85,0.0,0.0,300,7,26114000,2026-09-27T15:35:34.425774
FBPI,"First Bancorp of Indiana, Inc.",15.18,-0.02,-0.13,200,247,25917000,2026-09-27T15:35:34.425774
PLRZ,Polyrizon Ltd.,10.77,0.26,2.52,985,65261,25882000,2026-09-27T15:35:34.425774
MNBO,MNB Holdings Corporation,56.3,0.0,0.0,612,1,25717000,2026-09-27T15:35:34.425774
APLO,"Apollo Bancorp, Inc.",51.0,0.0,0.0,1,79,25633000,2026-09-27T15:35:34.425774
ASPC,A SPAC III Acquisition Corp.,10.84,0.02,0.23,688,21312,25328000,2026-09-27T15:35:34.425774
FLEW,Fleetwood Bank Corporation,85.21,0.0,0.0,100,153,25193000,2026-09-27T15:35:34.425774
EURK,Eureka Acquisition Corp,11.54,-0.01,-0.06,537,9466,25056000,2026-09-27T15:35:34.425774
CTYP,Community Bankers' Corporation,10.8,0.0,0.0,400,287,24409000,2026-09-27T15:35:34.425774
MF,MindForge Inc.,13.41,-0.44,-3.2,13739,462049,24375000,2026-09-27T15:35:34.425774
GOVB,"Gouverneur Bancorp, Inc.",22.9,-0.15,-0.65,100,949,24249000,2026-09-27T15:35:34.425774
BRRE,Blue Ridge Real Estate Company,10.0,0.0,0.0,400,73,24084000,2026-09-27T15:35:34.425774
SNNF,"Seneca Bancorp, Inc.",13.35,-0.55,-3.96,200,1649,24036000,2026-09-27T15:35:34.425774
GDST,Chi Special Acquisition Corp.,12.5,0.0,0.0,200,3,23330000,2026-09-27T15:35:34.425774
TVLF,"Tennessee Valley Financial Holdings, Inc.",12.55,0.0,0.0,200,447,22978000,2026-09-27T15:35:34.425774
MKIN,"MCNB Banks, Inc.",21.0,0.0,0.0,3200,528,22674000,2026-09-27T15:35:34.425774
LOGN,Logansport Financial Corp.,36.66,0.0,0.0,325,309,22664000,2026-09-27T15:35:34.425774
FEDU,Four Seasons Education (Cayman) Inc.,10.0,0.6,6.38,468,1088,22614000,2026-09-27T15:35:34.425774
CKX,"CKX Lands, Inc.",10.81,-0.14,-1.28,6095,4512,22205000,2026-09-27T15:35:34.425774
UNTN,"United Tennessee Bankshares, Inc.",29.88,0.0,0.0,1100,361,22120000,2026-09-27T15:35:34.425774
VNTRF,Venator Materials PLC,28.0,0.0,0.0,50,0,21999000,2026-09-27T15:35:34.425774
CIBN,"Community Investors Bancorp, Inc.",27.5,0.0,0.0,1000,163,21839000,2026-09-27T15:35:34.425774
FUXAD,--,19.26,0.0,0.0,0,44,21284000,2026-09-27T15:35:34.425774
MSBB,"Mercer Bancorp, Inc.",21.0,0.09,0.43,266,371,21279000,2026-09-27T15:35:34.425774
FIBH,"First Bancshares, Inc.",39.0,0.0,0.0,100,263,21275000,2026-09-27T15:35:34.425774
TDCB,Third Century Bancorp,18.0,0.0,0.0,135,209,21174000,2026-09-27T15:35:34.425774
AQUC,Aquaron Acquisition Corp.,12.1,0.0,0.0,298,8,20946000,2026-09-27T15:35:34.425774
TETAB,"Alpha G Investment Management, Inc.",12.83,0.0,0.0,2379,65,20545000,2026-09-27T15:35:34.425774
GSIW,Garden Stage Limited,14.03,-0.6,-4.07,7397,25971,20525000,2026-09-27T15:35:34.425774
BSHI,"Boss Holdings, Inc.",12.15,0.0,0.0,300,98,19435000,2026-09-27T15:35:34.425774
MDRR,"Medalist Diversified, Inc.",11.86,0.0,0.0,380,4147,19314000,2026-09-27T15:35:34.425774
JTNB,"JTNB Bancorp, Inc.",20.45,0.0,0.0,1007,387,19312000,2026-09-27T15:35:34.425774
GRNQ,Greenpro Capital Corp.,10.55,-0.77,-6.8,22224,49439,19125000,2026-09-27T15:35:34.425774
CRZY,Crazy Woman Creek Bancorp Incorporated,35.0,0.0,0.0,400,53,18550000,2026-09-27T15:35:34.425774
FIDS,"FNB, Inc.",27.25,0.0,0.0,269,201,18203000,2026-09-27T15:35:34.425774
PTN,"Palatin Technologies, Inc.",10.1,0.26,2.7,22381,64690,17962000,2026-09-27T15:35:34.425774
FNCHQ,"Finch Therapeutics Group, Inc.",10.35,0.0,0.0,600,1080,16620000,2026-09-27T15:35:34.425774
TRWAF,TraWell Co S.p.A.,32.65,0.0,0.0,100,1,16447000,2026-09-27T15:35:34.425774
SDOT,Sadot Group Inc.,11.01,-0.22,-1.96,33892,2131000,16018000,2026-09-27T15:35:34.425774
PLYR,Polymeric Resources Corporation,14.0,0.0,0.0,100,1,15764000,2026-09-27T15:35:34.425774
ACMTA,ACMAT Corporation,19.0,0.0,0.0,100,8,14649000,2026-09-27T15:35:34.425774
ERKH,"Eureka Homestead Bancorp, Inc.",14.25,0.4,2.89,200,1153,14622000,2026-09-27T15:35:34.425774
SMAL,"Summit Bancshares, Inc.",11.55,0.0,0.0,268,2765,13446000,2026-09-27T15:35:34.425774
TVE,Tennessee Valley Authority PARRS A 2029,23.22,0.17,0.74,18574,9674,13277000,2026-09-27T15:35:34.425774
RPGL,Republic Power Group Limited,13.0,-1.68,-11.45,15734,47108,13120000,2026-09-27T15:35:34.425774
ELLH,"Elah Holdings, Inc.",17.75,0.0,0.0,635,119,13117000,2026-09-27T15:35:34.425774
FXBY,Foxby Corp.,24.73,0.0,0.0,575,207,12902000,2026-09-27T15:35:34.425774
SRNN,"The Southern Banc Company, Inc.",16.81,0.0,0.0,100,339,12809000,2026-09-27T15:35:34.425774
IDWM,"IDW Media Holdings, Inc.",40.48,0.0,0.0,159,17,11706000,2026-09-27T15:35:34.425774
FSGB,"1st Federal Savings Bank of SC, Inc.",11.0,0.0,0.0,158,50,11140000,2026-09-27T15:35:34.425774
OCNB,"Oconomowoc Bancshares, Inc.",32.0,0.0,0.0,7,0,10724000,2026-09-27T15:35:34.425774
EWSB,"EWSB Bancorp, Inc.",10.16,0.0,0.0,7400,321,10304000,2026-09-27T15:35:34.425774
CVR,Chicago Rivet & Machine Co.,10.25,0.0,0.0,294,2785,9903000,2026-09-27T15:35:34.425774
CBHC,CBC Holding Company,28.4,0.0,0.0,551,9,9881000,2026-09-27T15:35:34.425774
TANH,Tantech Holdings Ltd,14.38,-0.12,-0.86,5873,59314,9598000,2026-09-27T15:35:34.425774
VERF,Versailles Financial Corporation,25.77,0.0,0.0,100,1,8186000,2026-09-27T15:35:34.425774
VEEE,Twin Vee Powercats Co.,13.95,-0.2,-1.41,62347,2710000,8151000,2026-09-27T15:35:34.425774
LINSA,Life Insurance Company Of Alabama,13.0,0.0,0.0,2300,115,8109000,2026-09-27T15:35:34.425774
MFBI,"Monroe Federal Bancorp, Inc.",12.78,0.0,0.0,1044,243,6651000,2026-09-27T15:35:34.425774
MMTRS,Mills Music Trust,23.0,0.0,0.0,100,101,6387000,2026-09-27T15:35:34.425774
LYTHF,Lytus Technologies Holdings PTV. Ltd.,13.0,0.0,0.0,100,9,5432000,2026-09-27T15:35:34.425774
ABBB,"Auburn Bancorp, Inc.",10.75,0.0,0.0,100,44,5410000,2026-09-27T15:35:34.425774
DEFG,Grayscale Decentralized Finance (DeFi) Fund LLC,20.65,1.25,6.47,610,1078,4935000,2026-09-27T15:35:34.425774
OZYMF,Strategic Partners A/S,90.0,0.0,0.0,3250,0,4837000,2026-09-27T15:35:34.425774
MBDC,Massachusetts Business Development Corp.,29.0,0.0,0.0,105,112,3248000,2026-09-27T15:35:34.425774
BUSC,"Blue Star Global, Inc.",12.42,0.0,0.0,2,0,3162000,2026-09-27T15:35:34.425774
MCPB,Mt. Carmel Public Utility Co.,11.75,0.0,0.0,93,8,2350000,2026-09-27T15:35:34.425774
AWRY,Allegheny & Western Railway Co.,72.0,0.0,0.0,200,3,2304000,2026-09-27T15:35:34.425774
GOGY,Golden Grail Technology Corp.,13.01,0.0,0.0,111,133,2052000,2026-09-27T15:35:34.425774
SRLY,Southern Realty Co.,15.21,0.0,0.0,400,17,1749000,2026-09-27T15:35:34.425774
BUHF,Buck Hill Falls Company,12.75,0.0,0.0,300,4,1336000,2026-09-27T15:35:34.425774
AFGC,"American Financial Group, Inc.",18.85,-0.08,-0.42,10041,15353,748545,2026-09-27T15:35:34.425774
NECPY,NEC Corporation,13.71,0.0,0.0,32,2011,1521,2026-09-27T15:35:34.425774
AAAC,Columbia AAA CLO ETF,20.12,0.0,0.0,6,76547,0,2026-09-27T15:35:34.425774
AAAD,PGIM AAA CLO Aggregate Duration ETF,48.45,0.08,0.17,4,228,0,2026-09-27T15:35:34.425774
AAAP,Pacer Funds Trust - Pacer Barings CLO Market Flex ETF,25.46,-0.02,-0.06,7,84845,0,2026-09-27T15:35:34.425774
AAC-UN,Ares Acquisition Corporation III,10.18,-0.01,-0.1,830,254685,0,2026-09-27T15:35:34.425774
AACIU,Armada Acquisition Corp. III,10.32,0.18,1.78,201,31,0,2026-09-27T15:35:34.425774
AACOU,Abony Acquisition Corp. I,10.1,0.0,0.0,525,4588,0,2026-09-27T15:35:34.425774
AAUB,Alpha Architect US Equity 4 ETF,51.74,0.24,0.46,3752,4548,0,2026-09-27T15:35:34.425774
ABND,American Century Core Plus Income ETF,42.01,0.07,0.18,8324,22704,0,2026-09-27T15:35:34.425774
ABR-PD,"Arbor Realty Trust, Inc.",14.98,-0.22,-1.45,16747,17622,0,2026-09-27T15:35:34.425774
ABR-PE,"Arbor Realty Trust, Inc.",14.79,-0.22,-1.47,10066,9508,0,2026-09-27T15:35:34.425774
ABR-PF,"Arbor Realty Trust, Inc.",21.04,-0.56,-2.59,21129,13761,0,2026-09-27T15:35:34.425774
ACBE,Pacer Metaurus Enhanced Core Income Autocallable ETF,25.29,-0.01,-0.04,4,560,0,2026-09-27T15:35:34.425774
ACEI,Innovator Equity Autocallable I,23.95,0.14,0.59,1967,24555,0,2026-09-27T15:35:34.425774
ACGCU,ACP Holdings Acquisition Corp.,10.25,0.0,0.0,2500,363,0,2026-09-27T15:35:34.425774
ACGLN,Arch Capital Group Ltd.,15.32,0.03,0.21,44779,54757,0,2026-09-27T15:35:34.425774
ACII,Innovator Index Autocallable Income Strategy ETF,25.58,0.02,0.1,30857,46846,0,2026-09-27T15:35:34.425774
ACKY,VistaShares Target 15 ACKtivist,17.54,0.09,0.49,57820,23342,0,2026-09-27T15:35:34.425774
ACOM,Harbor Active Commodity ETF,24.06,-0.24,-0.99,1487,555,0,2026-09-27T15:35:34.425774
ACP-PA,Abrdn Income Credit Strategies Fund,18.38,0.01,0.08,455,3113,0,2026-09-27T15:35:34.425774
ACQQ,ProShares Nasdaq-100 Autocallable Income ETF,25.55,0.16,0.63,200,2700,0,2026-09-27T15:35:34.425774
ACR-PC,ACRES Commercial Realty Corp.,23.74,-0.05,-0.21,12117,20065,0,2026-09-27T15:35:34.425774
ACR-PD,ACRES Commercial Realty Corp.,18.35,-0.52,-2.76,4862,5804,0,2026-09-27T15:35:34.425774
ACRT,ProShares Russell 2000 Autocallable Income ETF,23.3,0.05,0.2,316,0,0,2026-09-27T15:35:34.425774
ACSP,ProShares S&P 500 Autocallable Income ETF,24.47,0.31,1.29,8611,2247,0,2026-09-27T15:35:34.425774
ACTS,FIS Tactical Equity ETF,25.85,0.24,0.93,10,8012,0,2026-09-27T15:35:34.425774
ACYN,FT Vest Laddered Autocallable Barrier & Income ETF,20.83,-0.02,-0.1,1243000,1957000,0,2026-09-27T15:35:34.425774
ACYQ,FT Vest Autocallable Barrier & High Income ETF,21.15,0.1,0.48,57689,84498,0,2026-09-27T15:35:34.425774
ACYS,FT Vest Laddered Autocallable Barrier & Resilient Income ETF,20.52,0.01,0.05,540477,403523,0,2026-09-27T15:35:34.425774
ADAMG,"Adamas Trust, Inc.",25.0,0.01,0.02,9948,10330,0,2026-09-27T15:35:34.425774
ADAMH,"Adamas Trust, Inc.",25.1,-0.06,-0.24,51178,26960,0,2026-09-27T15:35:34.425774
ADAML,"Adamas Trust, Inc.",25.07,0.04,0.16,2527,12496,0,2026-09-27T15:35:34.425774
ADAMM,"Adamas Trust, Inc.",25.61,-0.02,-0.1,4743,14428,0,2026-09-27T15:35:34.425774
ADAMN,"Adamas Trust, Inc.",24.49,-0.01,-0.04,11716,7931,0,2026-09-27T15:35:34.425774
ADAMZ,"Adamas Trust, Inc.",17.82,-0.33,-1.79,12106,10149,0,2026-09-27T15:35:34.425774
ADBU,Direxion Daily Adbe Bull 2X ETF,20.18,-0.63,-3.04,13413,33025,0,2026-09-27T15:35:34.425774
ADC-PA,Agree Realty Corporation,15.53,0.01,0.06,34526,19263,0,2026-09-27T15:35:34.425774
ADDS,Hedgeye Index Adds ETF,25.6,-0.31,-1.2,1344,7926,0,2026-09-27T15:35:34.425774
ADRX,"ADARx Pharmaceuticals, Inc. Common Stock",19.35,2.35,13.82,4209000,4213000,0,2026-09-27T15:35:34.425774
AELV,Harbor ETF Trust - Harbor AlphaEdge Large Cap Value ETF,26.42,0.18,0.69,158,1369,0,2026-09-27T15:35:34.425774
AEMC,Harbor AlphaEdge Mid Cap Core ETF,19.69,0.15,0.75,847,4971,0,2026-09-27T15:35:34.425774
AEMG,Harbor AlphaEdge Mid Cap Growth ETF,19.6,0.1,0.49,6,4919,0,2026-09-27T15:35:34.425774
AEMV,Harbor AlphaEdge Mid Cap Value ETF,19.34,0.17,0.87,1,4942,0,2026-09-27T15:35:34.425774
AESPU,Aeon Acquisition I Corp.,10.17,0.0,0.0,500,9942,0,2026-09-27T15:35:34.425774
AFDM,First Trust Exchange-Traded Fund III - First Trust Active Factor International ETF,90.05,0.9,1.01,850,2007,0,2026-09-27T15:35:34.425774
AFEM,First Trust Active Factor Emerging Markets Fund,99.5,0.86,0.88,1831,3274,0,2026-09-27T15:35:34.425774
AFGR,First Trust Active Factor Large Cap Growth ETF,38.0,0.08,0.22,1742,5698,0,2026-09-27T15:35:34.425774
AGD,Abrdn Global Dynamic Dividend Fund,11.83,-0.03,-0.25,79388,103195,0,2026-09-27T15:35:34.425774
AGIQ,SoFi Agentic AI ETF,26.84,-0.16,-0.59,2630,4925,0,2026-09-27T15:35:34.425774
AGM-PE,Federal Agricultural Mortgage Corporation,19.97,-0.01,-0.05,2892,4785,0,2026-09-27T15:35:34.425774
AGM-PF,Federal Agricultural Mortgage Corporation,18.25,-0.04,-0.22,14864,9634,0,2026-09-27T15:35:34.425774
AGM-PG,Federal Agricultural Mortgage Corporation,17.06,0.0,0.0,11246,8855,0,2026-09-27T15:35:34.425774
AGM-PH,Federal Agricultural Mortgage Corporation,21.8,-0.01,-0.05,3177,5140,0,2026-09-27T15:35:34.425774
AGNCL,AGNC Investment Corp.,25.47,0.09,0.35,18409,12846,0,2026-09-27T15:35:34.425774
AGNCO,AGNC Investment Corp.,25.61,-0.0,-0.0,39801,28657,0,2026-09-27T15:35:34.425774
AGNCP,AGNC Investment Corp.,25.23,0.02,0.08,49397,51212,0,2026-09-27T15:35:34.425774
AGNCZ,AGNC Investment Corp.,25.09,-0.04,-0.16,89995,42277,0,2026-09-27T15:35:34.425774
AGTFF,--,14.01,0.0,0.0,900,3763,0,2026-09-27T15:35:34.425774
AHBM,Amplify Top 10 Asia Memory ETF,26.04,0.64,2.52,226,12511,0,2026-09-27T15:35:34.425774
AHD,Graniteshares Autocallable Hood ETF,26.53,0.03,0.11,6453,2690,0,2026-09-27T15:35:34.425774
AHL-PF,Aspen Insurance Holdings Limited,22.67,-0.01,-0.02,3446,7,0,2026-09-27T15:35:34.425774
AHRT-PA,AH REALTY TRUST INC,20.12,-0.12,-0.59,7852,7769,0,2026-09-27T15:35:34.425774
AIBF,iShares Future AI Beneficiaries ETF,25.09,0.01,0.06,1313,1200,0,2026-09-27T15:35:34.425774
AICH,Tidal Trust IV - China AI ETF,26.81,-0.11,-0.43,2417,0,0,2026-09-27T15:35:34.425774
AIFR,Defiance Global Foundries ETF,26.36,0.35,1.34,1427,1475,0,2026-09-27T15:35:34.425774
AIIA-UN,AI Infrastructure Acquisition Corp.,10.43,0.07,0.68,798,1020,0,2026-09-27T15:35:34.425774
AIMG,Defiance AI Magnificent 10 ETF,20.27,0.2,0.98,3561,7250,0,2026-09-27T15:35:34.425774
AINF,Defiance Inference AI Chip ETF,20.61,0.3,1.46,318,1150,0,2026-09-27T15:35:34.425774
AINT,FINQ DOLLAR NEUTRAL U.S. Large Cap AI-Managed Equity ETF,34.6,0.21,0.62,1209,2550,0,2026-09-27T15:35:34.425774
AIQD,Microsectors -3x Short Artificial Intelligence,39.09,-0.11,-0.29,2,380,0,2026-09-27T15:35:34.425774
AIQU,"MicroSectors - MicroSectors 3× Long Artificial Intelligence (AI) ETNs due May 30, 2046",21.55,0.04,0.21,5029,9826,0,2026-09-27T15:35:34.425774
AIX,Defiance US 100 Tech AI Moat ETF,25.35,0.29,1.17,1035,1186,0,2026-09-27T15:35:34.425774
ALB-PA,Albemarle Corporation,46.13,0.08,0.17,24689,297375,0,2026-09-27T15:35:34.425774
ALCUF,Alchemy Investments Acquisition Corp 1,10.51,0.0,0.0,0,15,0,2026-09-27T15:35:34.425774
ALDFU,Aldel Financial II Inc.,10.94,0.0,0.0,14,233,0,2026-09-27T15:35:34.425774
ALL-PI,The Allstate Corporation,17.28,0.02,0.12,24949,38922,0,2026-09-27T15:35:34.425774
ALL-PJ,The Allstate Corporation,26.1,-0.02,-0.08,27150,49569,0,2026-09-27T15:35:34.425774
ALTG-PA,Alta Equipment Group Inc.,25.2,-0.21,-0.83,2577,1895,0,2026-09-27T15:35:34.425774
AMEI,Amana Equity Income ETF,25.94,0.19,0.75,1914,6506,0,2026-09-27T15:35:34.425774
AMEM,Amana Developing World ETF,25.26,0.26,1.05,1057,5785,0,2026-09-27T15:35:34.425774
AMGR,Amana Growth ETF,25.7,0.23,0.9,5,9925,0,2026-09-27T15:35:34.425774
AMIGY,Admiral Group plc,48.25,-0.65,-1.33,3009,19219,0,2026-09-27T15:35:34.425774
AMVIF,Aumovio SE,41.78,0.21,0.5,300,7631,0,2026-09-27T15:35:34.425774
ANG-PD,American National Group Inc.,24.14,0.25,1.05,36575,23592,0,2026-09-27T15:35:34.425774
ANGU,SEI Ang Research Enhanced U.S. Large Cap ETF,25.55,0.11,0.42,1663,8760000,0,2026-09-27T15:35:34.425774
ANTW,Anthropic AI Lab Ecosystem ETF,25.53,0.02,0.08,98272,58129,0,2026-09-27T15:35:34.425774
APMCU,AmperCap Acquisition Company,10.03,0.0,0.0,237,9079,0,2026-09-27T15:35:34.425774
AQLG,HCM Large Cap Growth ETF,26.31,-0.2,-0.76,4,144,0,2026-09-27T15:35:34.425774
ARCIU,Archimedes Tech SPAC Partners III Co.,10.25,0.0,0.0,5334,2409,0,2026-09-27T15:35:34.425774
ARCLU,ARC Group Acquisition I Corp,10.2,0.0,0.0,521,696,0,2026-09-27T15:35:34.425774
ARCP,Aristotle Core Plus Income ETF,24.56,0.0,0.0,1,60626,0,2026-09-27T15:35:34.425774
ARL,"American Realty Investors, Inc.",16.21,0.47,2.99,2195,11441,0,2026-09-27T15:35:34.425774
ARMS,Aristotle Multi-Sector Income ETF,24.66,0.02,0.08,1,60946,0,2026-09-27T15:35:34.425774
ARR-PC,"ARMOUR Residential REIT, Inc.",19.6,-0.27,-1.36,17273,13869,0,2026-09-27T15:35:34.425774
ASB-PF,Associated Banc-Corp,18.7,-0.09,-0.49,2776,11377,0,2026-09-27T15:35:34.425774
ASEC,American Century Securitized Credit ETF,49.23,-0.15,-0.3,12,8772,0,2026-09-27T15:35:34.425774
ATC,GraniteShares Autocallable COIN ETF,24.86,0.16,0.63,159,612,0,2026-09-27T15:35:34.425774
ATCL,Rex Autocallable Income ETF,24.47,0.03,0.13,32579,32563,0,2026-09-27T15:35:34.425774
ATCN,"Atec, Inc.",20.0,0.0,0.0,3000,10,0,2026-09-27T15:35:34.425774
ATGAF,AltaGas Ltd.,18.93,0.0,0.0,87,3,0,2026-09-27T15:35:34.425774
ATH-PB,Athene Holding Ltd.,17.12,-0.13,-0.75,26836,26669,0,2026-09-27T15:35:34.425774
ATH-PD,Athene Holding Ltd.,15.13,-0.08,-0.53,61813,59475,0,2026-09-27T15:35:34.425774
ATH-PE,Athene Holding Ltd.,24.95,-0.05,-0.2,32498,39544,0,2026-09-27T15:35:34.425774
ATLCP,Atlanticus Holdings Corporation,23.96,0.0,0.0,1913,3926,0,2026-09-27T15:35:34.425774
AUAU,Global X Gold Miners ETF,39.95,0.27,0.69,2108,1763,0,2026-09-27T15:35:34.425774
AUB-PA,Atlantic Union Bankshares Corporation,23.58,0.13,0.55,3998,12571,0,2026-09-27T15:35:34.425774
AVK,Advent Convertible and Income Fund,11.62,-0.12,-1.02,242281,142901,0,2026-09-27T15:35:34.425774
AVVIY,Aviva plc,18.73,0.15,0.81,17821,46326,0,2026-09-27T15:35:34.425774
AWFDF,--,25.88,0.0,0.0,100,1284,0,2026-09-27T15:35:34.425774
BAC-PM,Bank of America Corporation,19.66,-0.11,-0.56,163447,146994,0,2026-09-27T15:35:34.425774
BAC-PN,Bank of America Corporation,18.46,0.02,0.11,156945,151386,0,2026-09-27T15:35:34.425774
BAC-PO,Bank of America Corporation,16.19,-0.06,-0.37,175663,124808,0,2026-09-27T15:35:34.425774
BAC-PP,Bank of America Corporation,15.68,0.04,0.26,297759,81319,0,2026-09-27T15:35:34.425774
BAC-PQ,Bank of America Corporation,15.7,-0.05,-0.32,164993,150565,0,2026-09-27T15:35:34.425774
BAC-PS,Bank of America Corporation,17.52,-0.16,-0.9,115070,82327,0,2026-09-27T15:35:34.425774
BACCU,Blue Acquisition Corp.,10.88,-0.01,-0.09,322,2355,0,2026-09-27T15:35:34.425774
BAMKF,Brookfield Corporation,12.5,0.0,0.0,100,1,0,2026-09-27T15:35:34.425774
BANC-PF,"Banc of California, Inc.",24.72,-0.13,-0.52,142574,42880,0,2026-09-27T15:35:34.425774
BAVA,Bitwise Avalanche ETF,28.44,-0.01,-0.05,4090,2514,0,2026-09-27T15:35:34.425774
BBLS,Munificent Seven ETF,24.69,-0.19,-0.78,415,14038,0,2026-09-27T15:35:34.425774
BBUL,GraniteShares 2x Long BB Daily ETF,11.47,-1.43,-11.1,89137,14447,0,2026-09-27T15:35:34.425774
BCCQU,Bleichroeder Acquisition Corp. III,10.25,0.04,0.39,105,129015,0,2026-09-27T15:35:34.425774
BCEFF,BCE Inc.,15.4,0.0,0.0,1000,15,0,2026-09-27T15:35:34.425774
BCEPF,BCE Inc.,15.02,0.0,0.0,600,22,0,2026-09-27T15:35:34.425774
BCEXF,BCE Inc.,10.0,0.0,0.0,300,4,0,2026-09-27T15:35:34.425774
BCON,"Beacon Holding Company, Inc.",13.75,0.0,0.0,200,3784,0,2026-09-27T15:35:34.425774
BCPPF,BCE Inc.,11.0,0.0,0.0,1000,15,0,2026-09-27T15:35:34.425774
BD,Russell Investments Core Plus Bond ETF,24.05,0.05,0.2,1,349,0,2026-09-27T15:35:34.425774
BDL,"Flanigan's Enterprises, Inc.",45.12,0.7,1.58,22114,33441,0,2026-09-27T15:35:34.425774
BEP-PA,Brookfield Renewable Partners L.P.,16.37,0.11,0.68,1287,12145,0,2026-09-27T15:35:34.425774
BFH-PB,"Bread Financial Holdings, Inc.",24.67,0.05,0.2,69138,36386,0,2026-09-27T15:35:34.425774
BFLX,Ishares Flexible Equity Active ETF,25.95,0.14,0.54,703489,1051000,0,2026-09-27T15:35:34.425774
BFS-PE,"Saul Centers, Inc.",18.76,-0.1,-0.53,4541,3595,0,2026-09-27T15:35:34.425774
BGB,Blackstone Strategic Credit 2027 Term Fund,11.11,0.05,0.45,109258,150498,0,2026-09-27T15:35:34.425774
BGH,Barings Global Short Duration High Yield Fund,13.16,0.05,0.38,71277,82177,0,2026-09-27T15:35:34.425774
BHAVU,BHAV Acquisition Corp,10.15,0.0,0.0,304,1334,0,2026-09-27T15:35:34.425774
BHFAM,"Brighthouse Financial, Inc.",10.49,0.33,3.25,63635,64690,0,2026-09-27T15:35:34.425774
BHFAN,"Brighthouse Financial, Inc.",11.87,0.21,1.8,93656,68346,0,2026-09-27T15:35:34.425774
BHFAO,"Brighthouse Financial, Inc.",14.77,0.25,1.72,39972,42844,0,2026-09-27T15:35:34.425774
BHV,BlackRock Virginia Municipal Bond Trust,12.66,0.08,0.64,686,5204,0,2026-09-27T15:35:34.425774
BHYP,Bitwise Hyperliquid ETF,51.41,-1.76,-3.31,262404,390384,0,2026-09-27T15:35:34.425774
BIDWU,Tribeca Strategic Acquisition Corp.,10.04,0.04,0.4,1600,11876,0,2026-09-27T15:35:34.425774
BIFRF,Biofrontera AG,22.68,0.0,0.0,0,0,0,2026-09-27T15:35:34.425774
BIII-UN,Black Spade Acquisition III Co,10.21,0.0,0.0,1137,651,0,2026-09-27T15:35:34.425774
BIP-PA,Brookfield Infrastructure Partners L.P.,16.44,-0.09,-0.54,3168,7132,0,2026-09-27T15:35:34.425774
BIP-PB,Brookfield Infrastructure Partners L.P.,16.21,-0.12,-0.73,5481,13552,0,2026-09-27T15:35:34.425774
BIPJ,Brookfield Infrastructure Finance ULC,23.39,0.16,0.69,5218,8779,0,2026-09-27T15:35:34.425774
BITA,iShares Bitcoin Premium Income ETF,63.26,-0.33,-0.52,25267,34660,0,2026-09-27T15:35:34.425774
BKAMF,Brookfield Corporation,14.33,0.0,0.0,648,9,0,2026-09-27T15:35:34.425774
BKFOF,Brookfield Corporation,17.97,0.0,0.0,0,8,0,2026-09-27T15:35:34.425774
BKFPF,Brookfield Corporation,11.34,0.0,0.0,7500,15,0,2026-09-27T15:35:34.425774
BKHAU,Black Hawk Acquisition Corporation,12.29,0.04,0.33,368,440,0,2026-09-27T15:35:34.425774
BLX,Bladex Inc.,54.74,0.08,0.15,81574,170903,0,2026-09-27T15:35:34.425774
BLZRU,Trailblazer Acquisition Corp.,10.29,-0.02,-0.19,3253,2074,0,2026-09-27T15:35:34.425774
BME,BlackRock Health Sciences Trust,44.84,-0.14,-0.31,27686,43417,0,2026-09-27T15:35:34.425774
BNY-PK,The Bank of New York Mellon Corporation,24.22,0.01,0.04,45851,70208,0,2026-09-27T15:35:34.425774
BOE,BlackRock Enhanced Global Dividend Trust,12.06,0.01,0.08,183159,99606,0,2026-09-27T15:35:34.425774
BOH-PA,Bank of Hawaii Corporation,15.29,-0.03,-0.2,4314,11994,0,2026-09-27T15:35:34.425774
BORTP,Bank of Botetourt,61.0,0.0,0.0,200,14,0,2026-09-27T15:35:34.425774
BPRE,Bluerock Private Real Estate Fund,12.35,0.05,0.41,865094,906604,0,2026-09-27T15:35:34.425774
BPRO,Bitwise Proficio Currency Debasement ETF,20.93,0.1,0.5,682,8311,0,2026-09-27T15:35:34.425774
BPYPM,Brookfield Property Preferred L.P.,16.09,-0.02,-0.12,9855,24384,0,2026-09-27T15:35:34.425774
BPYPN,Brookfield Property Partners L.P.,13.21,0.01,0.08,22852,29612,0,2026-09-27T15:35:34.425774
BPYPO,Brookfield Property Partners L.P.,14.61,0.06,0.41,14264,29919,0,2026-09-27T15:35:34.425774
BRCFF,Brookfield Corporation,18.87,0.0,0.0,160,103,0,2026-09-27T15:35:34.425774
BRIB,FIS Bright Portfolios Core Bond ETF,24.29,0.04,0.16,5613,29723,0,2026-09-27T15:35:34.425774
BRIPF,Brookfield Infrastructure Partners L.P.,17.85,0.0,0.0,0,70,0,2026-09-27T15:35:34.425774
BRKHU,Burtech Acquisition Corp II,10.12,0.0,0.0,611,6215,0,2026-09-27T15:35:34.425774
BROPF,Brookfield Office Properties Inc.,10.83,0.0,0.0,0,0,0,2026-09-27T15:35:34.425774
BRPSF,Brookfield Corporation,12.98,0.0,0.0,0,3,0,2026-09-27T15:35:34.425774
BRRKU,Bluerock Acquisition Corp. II Units,10.01,0.01,0.1,3580000,3580000,0,2026-09-27T15:35:34.425774
BRSM,MFS Blended Research Small-Mid Cap ETF,25.01,0.02,0.1,251,3893,0,2026-09-27T15:35:34.425774
BSCA,Invesco Bulletshares 2036 Corporate Bond ETF,19.06,0.03,0.16,64823,23011,0,2026-09-27T15:35:34.425774
BSGR,Invesco Bulletshares 2027 Treasury Bond ETF,24.95,0.0,0.02,7618,566,0,2026-09-27T15:35:34.425774
BSGT,Invesco Bulletshares 2029 Treasury Bond ETF,24.6,0.04,0.14,5609,3307,0,2026-09-27T15:35:34.425774
BSJY,Invesco Bulletshares 2034 High Yield Corporate Bond ETF,24.04,-0.03,-0.11,21750,1098,0,2026-09-27T15:35:34.425774
BSL,Blackstone Senior Floating Rate 2027 Term Fund,12.9,0.05,0.39,26918,44509,0,2026-09-27T15:35:34.425774
BSMA,Invesco BulletShares 2036 Muncpl Bd ETF,24.61,-0.05,-0.18,13745,0,0,2026-09-27T15:35:34.425774
BSOL,Bitwise Solana Staking ETF,16.79,0.61,3.77,6700000,3315000,0,2026-09-27T15:35:34.425774
BST,BlackRock Science and Technology Trust,48.9,0.17,0.35,87812,88846,0,2026-09-27T15:35:34.425774
BSTS,Invesco Bulletshares 2028 Treasury Bond ETF,24.78,0.02,0.06,9766,1666,0,2026-09-27T15:35:34.425774
BSTU,Invesco Bulletshares 2030 Treasury Bond ETF,24.44,0.07,0.29,12291,333,0,2026-09-27T15:35:34.425774
BSTV,Invesco Bulletshares 2031 Treasury Bond ETF,24.34,0.07,0.27,18381,1329,0,2026-09-27T15:35:34.425774
BTA,Beacon Tactical Alternatives Risk ETF,25.45,-0.18,-0.72,210690,37663,0,2026-09-27T15:35:34.425774
BTCU,Direxion Daily Bitcoin Bull 2X ETF,27.52,-0.31,-1.1,51492,28904,0,2026-09-27T15:35:34.425774
BTDL,GraniteShares 2x Long BTDR Daily ETF,15.9,-2.15,-11.89,68162,29554,0,2026-09-27T15:35:34.425774
BTOT,iShares Total USD Fixed Income Market ETF,47.59,0.11,0.23,370,915,0,2026-09-27T15:35:34.425774
BUSEP,First Busey Corporation,25.56,-0.29,-1.12,25988,11217,0,2026-09-27T15:35:34.425774
BW-PA,"Babcock & Wilcox Enterprises, Inc.",18.87,-0.31,-1.62,98913,19222,0,2026-09-27T15:35:34.425774
BWBBP,"Bridgewater Bancshares, Inc.",19.6,-0.03,-0.15,1190,2455,0,2026-09-27T15:35:34.425774
BWIV-UN,Blue Water Acquisition Corp. IV,10.11,0.0,0.0,521,2512,0,2026-09-27T15:35:34.425774
BYNOU,byNordic Acquisition Corporation,14.39,0.0,0.0,10,1,0,2026-09-27T15:35:34.425774
C-PR,Citigroup Inc.,23.03,0.24,1.05,109126,149297,0,2026-09-27T15:35:34.425774
CAGE,Calamos Autocallable Growth ETF,29.31,0.34,1.18,93900,111798,0,2026-09-27T15:35:34.425774
CAIIU,Collective Acquisition Corp. II,10.07,0.0,0.0,33,2198,0,2026-09-27T15:35:34.425774
CAPNU,Cayson Acquisition Corp,11.35,0.0,0.0,100,11,0,2026-09-27T15:35:34.425774
CAQUU,Cambridge Acquisition Corp.,10.07,0.0,0.0,10,415,0,2026-09-27T15:35:34.425774
CATLU,Catalyst Acquisition Corp.,10.01,0.0,0.0,1,179381,0,2026-09-27T15:35:34.425774
CBSU,Central Bank Corporation,30.0,0.0,0.0,1,3,0,2026-09-27T15:35:34.425774
CCCTU,Columbus Circle Capital Corp III,10.03,0.0,0.0,29,116469,0,2026-09-27T15:35:34.425774
CCID,Carlyle Credit Income Fund,24.98,0.03,0.14,1473,3438,0,2026-09-27T15:35:34.425774
CCIIU,Cohen Circle Acquisition Corp. II,10.48,0.0,0.0,10,125,0,2026-09-27T15:35:34.425774
CCML,Roundhill MLCC & PCB ETF,27.12,0.5,1.86,29276,67690,0,2026-09-27T15:35:34.425774
CCNEP,CNB Financial Corporation,24.9,-0.1,-0.4,500,1125,0,2026-09-27T15:35:34.425774
CCU,Compañía Cervecerías Unidas S.A.,11.0,0.07,0.64,135263,155039,0,2026-09-27T15:35:34.425774
CCXIU,Churchill Capital Corp XI,12.9,0.24,1.9,36392,22571,0,2026-09-27T15:35:34.425774
CCYY,"CCCB Bancorp, Inc.",12.44,0.0,0.0,100,674,0,2026-09-27T15:35:34.425774
CDPI,Columbia High Dividend Premium Income ETF Shares,19.83,0.03,0.13,109,5090,0,2026-09-27T15:35:34.425774
CDZIP,Cadiz Inc.,21.92,0.12,0.55,7014,5496,0,2026-09-27T15:35:34.425774
CEE,"The Central and Eastern Europe Fund, Inc.",19.24,0.24,1.26,16740,23906,0,2026-09-27T15:35:34.425774
CET,Central Securities Corporation,56.39,0.54,0.97,25161,30919,0,2026-09-27T15:35:34.425774
CFG-PE,"Citizens Financial Group, Inc.",17.08,0.05,0.29,99334,54289,0,2026-09-27T15:35:34.425774
CFG-PH,"Citizens Financial Group, Inc.",25.07,-0.16,-0.63,36888,31651,0,2026-09-27T15:35:34.425774
CFG-PI,"Citizens Financial Group, Inc.",24.24,-0.02,-0.08,79448,35809,0,2026-09-27T15:35:34.425774
CFR-PB,"Cullen/Frost Bankers, Inc.",15.99,-0.18,-1.11,3425,17493,0,2026-09-27T15:35:34.425774
CFTR-PA,"Cantor Fitzgerald Income Trust, Inc.",25.39,-0.16,-0.63,6405,6054,0,2026-09-27T15:35:34.425774
CGPT,VegaShares AI Inference ETF,20.54,0.15,0.73,218,2250,0,2026-09-27T15:35:34.425774
CHIP,Rex AI Chipmaking ETF,25.39,0.54,2.17,3853,10133,0,2026-09-27T15:35:34.425774
CHSCL,CHS Inc.,25.05,-0.04,-0.15,54097,30403,0,2026-09-27T15:35:34.425774
CHSCM,CHS Inc.,23.86,-0.09,-0.4,27942,31820,0,2026-09-27T15:35:34.425774
CHSCN,CHS Inc.,24.62,-0.05,-0.18,24019,24177,0,2026-09-27T15:35:34.425774
CHSCO,CHS Inc.,25.55,0.04,0.16,10056,23090,0,2026-09-27T15:35:34.425774
CHSCP,CHS Inc.,25.98,0.0,0.0,7533,18928,0,2026-09-27T15:35:34.425774
CICB,CION Investment Corporation,24.7,-0.15,-0.61,4228,5692,0,2026-09-27T15:35:34.425774
CIMO,Chimera Investment Corporation,25.25,-0.05,-0.18,11705,6625,0,2026-09-27T15:35:34.425774
CJEWY,Chow Tai Fook Jewellery Group Limited,15.45,0.0,0.0,99,222,0,2026-09-27T15:35:34.425774
CLDT-PA,Chatham Lodging Trust,19.68,-0.19,-0.97,26461,12246,0,2026-09-27T15:35:34.425774
CLIM,Climate Resilient US REIT Index ETF,24.73,0.04,0.16,113,230,0,2026-09-27T15:35:34.425774
CLNK,BITWISE CHAINLINK ETF,25.33,1.2,4.98,105948,36631,0,2026-09-27T15:35:34.425774
CLOC,AAM Crescent Clo ETF,25.15,0.05,0.2,11191,4030,0,2026-09-27T15:35:34.425774
CLOO,NYLI Investment Grade CLO ETF,25.22,0.01,0.04,8,3706,0,2026-09-27T15:35:34.425774
CMC,Commercial Metals Company,65.73,1.51,2.35,879629,1160000,0,2026-09-27T15:35:34.425774
CMS-PB,Consumers Energy Company,76.05,0.0,0.0,1,644,0,2026-09-27T15:35:34.425774
CMS-PC,CMS Energy Corporation,16.82,0.14,0.84,34457,24538,0,2026-09-27T15:35:34.425774
CNOBP,"ConnectOne Bancorp, Inc.",25.29,0.07,0.28,701,5612,0,2026-09-27T15:35:34.425774
CODI-PC,Compass Diversified,21.49,-0.24,-1.08,14468,9317,0,2026-09-27T15:35:34.425774
COF-PI,Capital One Financial Corporation,16.77,-0.15,-0.89,184417,157871,0,2026-09-27T15:35:34.425774
COF-PJ,Capital One Financial Corporation,16.15,-0.02,-0.12,335711,127492,0,2026-09-27T15:35:34.425774
COF-PK,Capital One Financial Corporation,15.75,-0.1,-0.62,9497,12985,0,2026-09-27T15:35:34.425774
COF-PL,Capital One Financial Corporation,14.98,-0.06,-0.4,69877,71322,0,2026-09-27T15:35:34.425774
COF-PN,Capital One Financial Corporation,14.65,-0.13,-0.88,39607,45429,0,2026-09-27T15:35:34.425774
COOL,"VegaShares AI Thermal, Cooling & Power Management ETF",22.13,0.63,2.93,3748,3547,0,2026-09-27T15:35:34.425774
COPZ,Defiance Daily Target 2X Long Copper Miners ETF,16.16,0.17,1.06,7445,25811,0,2026-09-27T15:35:34.425774
CORZW,"Core Scientific, Inc.",10.62,-0.74,-6.51,17523,0,0,2026-09-27T15:35:34.425774
CORZZ,"Core Scientific, Inc.",17.64,-0.35,-1.95,178,0,0,2026-09-27T15:35:34.425774
CPKRF,Canada Packers Inc.,10.84,0.0,0.0,25,7049,0,2026-09-27T15:35:34.425774
CPOIF,Capstone Infrastructure Corporation,17.18,0.0,0.0,680,29,0,2026-09-27T15:35:34.425774
CPPTL,Copper Property CTL Pass Through Trust,10.23,-0.04,-0.39,588,31250,0,2026-09-27T15:35:34.425774
CPTL,Global X Morningstar Capital Allocation Leaders ETF,48.9,0.27,0.55,2745,3196,0,2026-09-27T15:35:34.425774
CRAM,Defiance China Memory ETF,25.3,0.05,0.19,484,2875,0,2026-09-27T15:35:34.425774
CRCA,Connecticut River Community Bank,20.47,-1.87,-8.37,502217,1192000,0,2026-09-27T15:35:34.425774
CRCO,YieldMax CRCL Option Income Strategy ETF,14.16,-0.26,-1.8,156693,91006,0,2026-09-27T15:35:34.425774
CRIB,Russell Investments Global Real Estate ETF,23.83,-0.02,-0.07,8,926,0,2026-09-27T15:35:34.425774
CROB,Defiance China Robotics ETF,21.59,-0.2,-0.93,5578,16430,0,2026-09-27T15:35:34.425774
CRXP,Columbia Core Plus Bond ETF Shares,18.9,-0.02,-0.11,110,5658,0,2026-09-27T15:35:34.425774
CSBA,--,13.8,0.0,0.0,1345,7158,0,2026-09-27T15:35:34.425774
CSEN,Cohen & Steers Etf Trust - Cohen & Steers Future Of Energy Etf,25.24,-0.23,-0.89,8135,40614,0,2026-09-27T15:35:34.425774
CSGNF,CSG N.V.,16.78,0.0,0.0,0,3931,0,2026-09-27T15:35:34.425774
CSIO,Cohen & Steers Infrastructure Opportunities Active ETF,27.12,-0.03,-0.11,27824,12984,0,2026-09-27T15:35:34.425774
CSRA,Cohen & Steers Real Assets Active ETF,24.84,-0.12,-0.49,209,8371,0,2026-09-27T15:35:34.425774
CSSD,Cohen & Steers Short Duration Preferred And Income Active ETF,24.78,0.02,0.1,9212,15184,0,2026-09-27T15:35:34.425774
CTAP,Simplify US Equity PLUS Managed Futures Strategy ETF,29.94,-0.51,-1.67,20107,108936,0,2026-09-27T15:35:34.425774
CTO-PA,"CTO Realty Growth, Inc.",19.67,-0.31,-1.55,7378,4653,0,2026-09-27T15:35:34.425774
CTSUF,Cactus Acquisition Corp. 1 Limited,11.0,0.0,0.0,900,5,0,2026-09-27T15:35:34.425774
CWESF,National Bank of Canada,18.0,0.0,0.0,1000,16,0,2026-09-27T15:35:34.425774
CXIIU,Churchill Capital Corp XII,11.17,0.42,3.91,392,27936,0,2026-09-27T15:35:34.425774
CYD,China Yuchai International Limited,33.03,1.83,5.87,180835,133490,0,2026-09-27T15:35:34.425774
CYJBY,Hiab Oyj,36.3,0.0,0.0,1200,1,0,2026-09-27T15:35:34.425774
DACL,REX Defensive Autocallable Income ETF,24.99,0.0,0.0,5820,7316,0,2026-09-27T15:35:34.425774
DBCAU,D. Boral Acquisition I Corp.,10.38,0.05,0.48,1202,449,0,2026-09-27T15:35:34.425774
DBL,DoubleLine Opportunistic Credit Fund,13.56,0.0,0.0,86306,65749,0,2026-09-27T15:35:34.425774
DBRG-PH,"DigitalBridge Group, Inc.",14.73,-0.06,-0.44,35474,22766,0,2026-09-27T15:35:34.425774
DBRG-PI,"DigitalBridge Group, Inc.",14.9,0.05,0.3,814538,76928,0,2026-09-27T15:35:34.425774
DBRG-PJ,"DigitalBridge Group, Inc.",15.38,0.01,0.07,454811,70369,0,2026-09-27T15:35:34.425774
DCAP,ETF Opportunities Trust - T-Strive Digital Credit Preferred Income ETF,24.99,-0.05,-0.2,7568,122,0,2026-09-27T15:35:34.425774
DCOM-P,"Dime Commercial Bancshares, Inc.",16.3,-0.05,-0.31,75569,15126,0,2026-09-27T15:35:34.425774
DDDD,YieldMax U.S. Stocks Target Double Distribution ETF,32.8,0.08,0.24,8796,6584,0,2026-09-27T15:35:34.425774
DEPW,Google DeepMind AI Lab Ecosystem ETF,25.3,0.07,0.27,1053,3387,0,2026-09-27T15:35:34.425774
DFMC,U.S. Micro Cap Portfolio: ETF C,58.21,0.27,0.47,12239,26436,0,2026-09-27T15:35:34.425774
DFTT,DF Tactical 30 ETF,31.36,0.12,0.38,368,2225,0,2026-09-27T15:35:34.425774
DGAC-UN,Disciplined Growth Acquisition Corporation,10.08,0.0,0.0,502,15665,0,2026-09-27T15:35:34.425774
DHCNL,Diversified Healthcare Trust,18.75,-0.0,-0.03,16889,7576,0,2026-09-27T15:35:34.425774
DINE,--,24.56,-0.07,-0.3,62,559,0,2026-09-27T15:35:34.425774
DISK,Tema Memory ETF,39.91,1.17,3.02,68438,308912,0,2026-09-27T15:35:34.425774
DIT,AMCON Distributing Company,67.56,0.0,0.0,9,1322,0,2026-09-27T15:35:34.425774
DITPF,PT DCI Indonesia Tbk,10.45,0.0,0.0,0,1,0,2026-09-27T15:35:34.425774
DIVE,Dana Concentrated Dividend ETF,27.23,0.06,0.23,10312,2038,0,2026-09-27T15:35:34.425774
DIVH,Integrity Dividend Harvest ETF,24.4,0.07,0.31,3271,8852,0,2026-09-27T15:35:34.425774
DLCU,U.S. Large Company Portfolio ETF,50.13,0.14,0.28,146,2100,0,2026-09-27T15:35:34.425774
DLR-PL,"Digital Realty Trust, Inc.",18.15,-0.14,-0.79,43012,28759,0,2026-09-27T15:35:34.425774
DLUX,DoubleLine Ultrashort Income ETF,50.08,-0.02,-0.04,812,2861,0,2026-09-27T15:35:34.425774
DMIIU,Drugs Made In America Acquisition II Corp.,10.2,-0.01,-0.1,100,360,0,2026-09-27T15:35:34.425774
DMXU,Xtrackers Bloomberg Developed Markets ex US Equity ETF,38.42,0.39,1.03,1800,3363,0,2026-09-27T15:35:34.425774
DNMXU,Dynamix Corporation III,10.15,-0.0,-0.0,5243,1887,0,2026-09-27T15:35:34.425774
DPRE,Virtus Duff & Phelps Real Estat,24.87,-0.01,-0.06,645,1623,0,2026-09-27T15:35:34.425774
DQSE,FT Vest NASDAQ-100 Dual Directional Buffer ETF - September,30.8,0.11,0.34,18233,44700,0,2026-09-27T15:35:34.425774
DRAY,YieldMax DKNG Option Income Strategy ETF,12.86,0.36,2.88,21218,7982,0,2026-09-27T15:35:34.425774
DRES,GMO Domestic Resilience ETF,28.65,0.16,0.57,219,2463,0,2026-09-27T15:35:34.425774
DRKY,VistaShares Target 15 DRUKMacro Distribution ETF,22.62,-0.03,-0.15,52248,8879,0,2026-09-27T15:35:34.425774
DUKU,Duke Energy Corporation,47.47,-2.53,-5.06,27160,958615,0,2026-09-27T15:35:34.425774
DUNK,Dana Unconstrained Equity ETF,28.35,0.2,0.71,20790,11288,0,2026-09-27T15:35:34.425774
DUSG,U.S. Small Cap Growth Portfolio: ETF Class Shares,49.99,0.27,0.55,3570,0,0,2026-09-27T15:35:34.425774
DX-PC,"Dynex Capital, Inc.",25.68,0.0,0.0,27782,9035,0,2026-09-27T15:35:34.425774
DYNCU,Dynamix Corporation,10.95,-0.25,-2.28,761,18,0,2026-09-27T15:35:34.425774
EBBGF,Enbridge Inc.,25.02,-0.13,-0.52,1100,2018,0,2026-09-27T15:35:34.425774
EBF,"Ennis, Inc.",22.13,-0.18,-0.81,155841,149544,0,2026-09-27T15:35:34.425774
EBGEF,Enbridge Inc.,25.27,0.0,0.0,760,960,0,2026-09-27T15:35:34.425774
EBRZF,Enbridge Inc.,15.45,0.0,0.0,500,4,0,2026-09-27T15:35:34.425774
ECC-PD,Eagle Point Credit Company,17.68,-0.37,-2.02,18356,12042,0,2026-09-27T15:35:34.425774
ECCC,Eagle Point Credit Company,25.0,0.0,0.0,244,2612,0,2026-09-27T15:35:34.425774
EDGQ,Global X Nasdaq-100 Income Edge ETF,28.21,0.15,0.52,10608,12669,0,2026-09-27T15:35:34.425774
EDGX,Global X U.S. 500 Income Edge ETF,27.06,0.17,0.62,15048,6731,0,2026-09-27T15:35:34.425774
EDN,Empresa Distribuidora y Comercializadora Norte Sociedad Anónima,21.32,-0.68,-3.09,46952,73747,0,2026-09-27T15:35:34.425774
EFC-PB,Ellington Financial Inc.,25.07,-0.01,-0.04,5047,7224,0,2026-09-27T15:35:34.425774
EFC-PC,Ellington Financial Inc.,25.4,-0.01,-0.04,1229,2733,0,2026-09-27T15:35:34.425774
EFC-PD,Ellington Financial Inc.,23.42,-0.08,-0.34,399,554,0,2026-09-27T15:35:34.425774
EFSCP,Enterprise Financial Services Corp,16.79,-0.19,-1.1,4793,2442,0,2026-09-27T15:35:34.425774
EFT,Eaton Vance Floating-Rate Income Trust,10.5,0.12,1.16,68668,95180,0,2026-09-27T15:35:34.425774
EICA,Eagle Point Income Company,24.96,-0.01,-0.04,2284,2887,0,2026-09-27T15:35:34.425774
EIIA,Eagle Point Institutional Income Fund,25.16,0.01,0.04,949,5188,0,2026-09-27T15:35:34.425774
EJPRF,East Japan Railway Company,19.48,0.0,0.0,2000,225,0,2026-09-27T15:35:34.425774
ELLA,Ellington Credit Company,25.09,0.01,0.04,2606,14811,0,2026-09-27T15:35:34.425774
ELOL,Leverage Shares 100% TSLA AND 100% SPCX Daily ETF,23.85,-0.38,-1.59,4322,17002,0,2026-09-27T15:35:34.425774
EMCUF,Embrace Change Acquisition Corp.,10.81,0.0,0.0,5,1,0,2026-09-27T15:35:34.425774
EMET,VanEck ETF Trust - VanEck Copper And Electrification Metals ETF,42.27,0.29,0.69,3295,5439,0,2026-09-27T15:35:34.425774
EMFI,Pictet Emerging Markets Debt ETF,48.26,-0.2,-0.41,4577,539,0,2026-09-27T15:35:34.425774
EMICF,Emera Incorporated,15.04,0.0,0.0,0,15,0,2026-09-27T15:35:34.425774
EMO,ClearBridge Energy Midstream Opportunity Fund Inc,51.39,-0.68,-1.31,34301,39439,0,2026-09-27T15:35:34.425774
ENBFF,Enbridge Inc.,15.5,0.0,0.0,100,1,0,2026-09-27T15:35:34.425774
ENBHF,Enbridge Inc.,16.98,0.0,0.0,149,6,0,2026-09-27T15:35:34.425774
ENBMF,Enbridge Inc.,17.15,0.0,0.0,700,25,0,2026-09-27T15:35:34.425774
ENBNF,Enbridge Inc.,16.44,0.0,0.0,1200,73,0,2026-09-27T15:35:34.425774
ENBRF,Enbridge Inc.,17.75,0.0,0.0,100,4,0,2026-09-27T15:35:34.425774
ENNPF,Enbridge Inc.,18.2,0.0,0.0,100,158,0,2026-09-27T15:35:34.425774
ENRG,Ninepoint North American Energy Independence ETF,19.35,-0.17,-0.87,3332,350650,0,2026-09-27T15:35:34.425774
EOT,Eaton Vance National Municipal Opportunities Trust,15.41,-0.05,-0.32,34988,33092,0,2026-09-27T15:35:34.425774
EPR-PC,EPR Properties,25.24,-0.06,-0.24,1871,7702,0,2026-09-27T15:35:34.425774
EPR-PE,EPR Properties,31.6,0.18,0.56,392,4956,0,2026-09-27T15:35:34.425774
EQH-PA,"Equitable Holdings, Inc.",18.05,0.02,0.11,148198,85458,0,2026-09-27T15:35:34.425774
EQH-PC,"Equitable Holdings, Inc.",15.96,0.03,0.19,14785,28248,0,2026-09-27T15:35:34.425774
EQQQ,ProShares Ultra QQQ Equal Weight,41.46,0.28,0.68,679,4640,0,2026-09-27T15:35:34.425774
ERH,Allspring Utilities and High Income Fund,10.24,-0.1,-0.97,16436,27285,0,2026-09-27T15:35:34.425774
ESBG,"First Trust Enhanced Stocks, Bonds & Gold ETF",21.17,0.15,0.72,116,460,0,2026-09-27T15:35:34.425774
ESGRF,Enstar Group Limited,22.77,0.0,0.0,1482,3762,0,2026-09-27T15:35:34.425774
ESIM,Strategy Shares - Eventide International ETF,29.06,0.21,0.73,148134,21904,0,2026-09-27T15:35:34.425774
ESLG,Eventide Large Cap Growth ETF,28.51,0.07,0.25,12695,5369,0,2026-09-27T15:35:34.425774
ESLV,Eventide Large Cap Value ETF,28.14,0.08,0.28,9007,5323,0,2026-09-27T15:35:34.425774
ESSC,Eventide Small Cap ETF,29.09,0.06,0.21,1475,9966,0,2026-09-27T15:35:34.425774
ESUM,Strategy Shares - Eventide US Market ETF,30.56,0.14,0.46,26067,31268,0,2026-09-27T15:35:34.425774
ET-PI,Energy Transfer LP,11.32,-0.03,-0.26,37065,65222,0,2026-09-27T15:35:34.425774
ETI-P,"Entergy Texas, Inc.",20.95,-0.35,-1.64,5048,2084,0,2026-09-27T15:35:34.425774
ETSS-UN,Energy Transition Special Opportunities,10.11,0.0,0.0,5,1368,0,2026-09-27T15:35:34.425774
ETY,Eaton Vance Tax-Managed Diversified Equity Income Fund,14.15,0.08,0.57,382464,275920,0,2026-09-27T15:35:34.425774
EVAC-UN,EQV Ventures Acquisition Corp. II,10.44,0.0,0.0,101,75,0,2026-09-27T15:35:34.425774
EVMU,Direxion Daily Ether Bull 2X ETF,35.98,-0.08,-0.21,1878,4863,0,2026-09-27T15:35:34.425774
EVOXU,Evolution Global Acquisition Corp,10.28,0.0,0.0,213,654,0,2026-09-27T15:35:34.425774
EWAVU,East West Ave Acquisition Corp.,10.03,0.0,0.0,1571,171095,0,2026-09-27T15:35:34.425774
EXEQ,Wedbush ReturnOnLeadership(R) U.S. Large-Cap ETF,27.03,0.22,0.81,17,234,0,2026-09-27T15:35:34.425774
FBRT-PE,"Franklin BSP Realty Trust, Inc.",19.01,-0.14,-0.73,46364,20768,0,2026-09-27T15:35:34.425774
FC,Franklin Covey Co.,17.31,0.04,0.23,33673,88023,0,2026-09-27T15:35:34.425774
FCNCO,"First Citizens BancShares, Inc.",19.55,-0.02,-0.1,14301,17009,0,2026-09-27T15:35:34.425774
FCNCP,"First Citizens BancShares, Inc.",18.91,0.01,0.06,3629,14760,0,2026-09-27T15:35:34.425774
FCRS-UN,FutureCrest Acquisition Corp.,10.39,0.0,0.0,728,3004,0,2026-09-27T15:35:34.425774
FECM,First Eagle Core Municipal ETF,23.83,-0.14,-0.59,40,596,0,2026-09-27T15:35:34.425774
FEMG,Fidelity Enhanced Mid Cap Growt,26.24,0.08,0.3,1604,1707,0,2026-09-27T15:35:34.425774
FEMV,Fidelity Enhanced Mid Cap Value,26.63,0.05,0.18,2804,1657,0,2026-09-27T15:35:34.425774
FESC,First Eagle Small Cap Equity ET,22.99,0.13,0.56,8677,2550,0,2026-09-27T15:35:34.425774
FGBIP,"First Guaranty Bancshares, Inc.",17.39,-0.36,-2.05,17445,3604,0,2026-09-27T15:35:34.425774
FGIIU,FG Imperii Acquisition Corp.,10.07,0.0,0.0,500,1468,0,2026-09-27T15:35:34.425774
FGNXP,FG Nexus Inc.,25.99,1.09,4.38,1325,492,0,2026-09-27T15:35:34.425774
FHN-PE,First Horizon Corporation,23.15,0.14,0.61,13702,9723,0,2026-09-27T15:35:34.425774
FHN-PF,First Horizon Corporation,16.5,0.14,0.86,26518,11222,0,2026-09-27T15:35:34.425774
FIGXU,FIGX Capital Acquisition Corp.,10.36,0.0,0.0,100,1433,0,2026-09-27T15:35:34.425774
FIMU,Fidelity Intermediate Municipal Income ETF,19.09,-0.03,-0.13,19347,4057,0,2026-09-27T15:35:34.425774
FITB-PA,Fifth Third Bancorp,21.48,0.08,0.37,7459,11325,0,2026-09-27T15:35:34.425774
FITB-PK,Fifth Third Bancorp,18.41,0.15,0.82,44539,40671,0,2026-09-27T15:35:34.425774
FITB-PM,Fifth Third Bancorp,25.33,0.03,0.12,532604,27908,0,2026-09-27T15:35:34.425774
FITZ,Fitz-Gerald Must Have Portfolio ETF,26.0,0.0,0.0,25317,38788,0,2026-09-27T15:35:34.425774
FIZY,Tidal Trust II - Fitz-Gerald Must Have Portfolio and Options Overlay ETF,26.24,-0.06,-0.21,13845,20678,0,2026-09-27T15:35:34.425774
FJDIU,ARC Group Securities Acquisition I,10.03,0.01,0.1,27464,164063,0,2026-09-27T15:35:34.425774
FLG-PA,"Flagstar Bank, National Association",23.71,-0.06,-0.25,18642,32990,0,2026-09-27T15:35:34.425774
FMOO,F&M Bancorp,65.4,0.0,0.0,1168,29,0,2026-09-27T15:35:34.425774
FMTL,First Trust Indxx Critical Metals ETF,35.5,0.29,0.81,1091,4674,0,2026-09-27T15:35:34.425774
FNMAP,Federal National Mortgage Association,10.0,-0.02,-0.2,1200,8901,0,2026-09-27T15:35:34.425774
FORFF,Fortis Inc.,15.92,0.0,0.0,50,9,0,2026-09-27T15:35:34.425774
FOUR-PA,"Shift4 Payments, Inc.",52.37,0.72,1.4,3026,44296,0,2026-09-27T15:35:34.425774
FPWR,First Trust EIP Power Solutions ETF,34.56,-0.01,-0.04,3526,8128,0,2026-09-27T15:35:34.425774
FRA,"BlackRock Floating Rate Income Strategies Fund, Inc.",10.5,0.06,0.57,201269,149438,0,2026-09-27T15:35:34.425774
FREI,Fidelity Real Estate Income ETF,24.18,-0.06,-0.25,35402,37178,0,2026-09-27T15:35:34.425774
FRIZ,Franklin Dividend Growth ETF,26.75,0.16,0.6,112,304,0,2026-09-27T15:35:34.425774
FRMEP,First Merchants Corporation,25.2,-0.05,-0.2,1457,1165,0,2026-09-27T15:35:34.425774
FRTJF,--,21.33,0.05,0.23,0,2907,0,2026-09-27T15:35:34.425774
FRTSF,Fortis Inc.,15.0,0.0,0.0,100,1,0,2026-09-27T15:35:34.425774
FRUT,Yorkville America MANGOS Plus Index ETF,28.04,-0.06,-0.23,2641,7568,0,2026-09-27T15:35:34.425774
FSEG,Fidelity Enhanced Small Cap Gro,26.13,0.05,0.18,1697,2331,0,2026-09-27T15:35:34.425774
FSEV,Fidelity Enhanced Small Cap Val,25.82,0.1,0.39,1507,2252,0,2026-09-27T15:35:34.425774
FSML,Franklin Small Cap Enhanced ETF,29.24,0.08,0.28,388,20439,0,2026-09-27T15:35:34.425774
FSOL,Fidelity Solana Fund,14.38,0.55,3.98,439416,322244,0,2026-09-27T15:35:34.425774
FSTB,Fidelity Short-Term Bond ETF,19.81,0.03,0.15,32491,169,0,2026-09-27T15:35:34.425774
FTAIM,FTAI Aviation Ltd.,27.04,-0.19,-0.72,977,2388,0,2026-09-27T15:35:34.425774
FTG,Fullerthaler Behavioral Growth ETF,24.06,-0.01,-0.04,7384,7910,0,2026-09-27T15:35:34.425774
FTHB,FIS Faith Income ETF,24.45,0.03,0.12,15,6631,0,2026-09-27T15:35:34.425774
FTIIU,FutureTech II Acquisition Corp.,12.0,0.0,0.0,1,12,0,2026-09-27T15:35:34.425774
FTRSF,Fortis Inc.,18.39,0.0,0.0,1600,54,0,2026-09-27T15:35:34.425774
FULTP,Fulton Financial Corporation,17.43,-0.14,-0.77,12063,13601,0,2026-09-27T15:35:34.425774
FVNNU,Future Vision II Acquisition Corp.,10.19,-1.8,-15.01,941,1079,0,2026-09-27T15:35:34.425774
FWACU,Futurewave Acquisition Corporation,10.08,0.0,0.0,574,6511,0,2026-09-27T15:35:34.425774
FXACU,FortuneX Acquisition Corporation,10.36,0.0,0.0,833,5457,0,2026-09-27T15:35:34.425774
FXSRF,Fixstars Corporation,14.1,0.0,0.0,0,3,0,2026-09-27T15:35:34.425774
GAB-PK,The Gabelli Equity Trust Inc.,18.46,0.1,0.54,8538,6014,0,2026-09-27T15:35:34.425774
GAIN,Gladstone Investment Corporation,15.81,0.16,1.02,190157,189607,0,2026-09-27T15:35:34.425774
GAINI,Gladstone Investment Corporation,25.41,-0.01,-0.06,9189,7493,0,2026-09-27T15:35:34.425774
GBHI,Gabelli High Income ETF,24.84,-0.07,-0.28,745,166,0,2026-09-27T15:35:34.425774
GCGRU,General Catalyst Global Resilience Merger Corp.,10.29,-0.04,-0.39,483,692,0,2026-09-27T15:35:34.425774
GCLO,Guggenheim Investment Grade CLO ETF,50.28,0.02,0.04,48980,39380,0,2026-09-27T15:35:34.425774
GCPU,Grayscale Funds Trust - AI Compute ETF,36.95,-1.12,-2.93,4135,6479,0,2026-09-27T15:35:34.425774
GCSH,Guggenheim Ultra Short Income ETF,49.99,0.06,0.12,34028,45369,0,2026-09-27T15:35:34.425774
GDV-PK,The Gabelli Dividend & Income Trust,16.19,0.09,0.56,8633,8956,0,2026-09-27T15:35:34.425774
GEEQ,Guggenheim Enhanced Equity Income ETF,47.2,0.04,0.08,10,48450,0,2026-09-27T15:35:34.425774
GENZ,VanEck ETF Trust - VanEck Digital Native Economy ETF,37.07,-0.1,-0.26,75,2164,0,2026-09-27T15:35:34.425774
GEQ,Cambria Global EW 2 ETF,51.44,0.33,0.66,212,4429,0,2026-09-27T15:35:34.425774
GGAUF,NeuroMind AI Corp.,11.71,0.0,0.0,1,1,0,2026-09-27T15:35:34.425774
GGT-PG,The Gabelli Multimedia Trust Inc.,20.19,0.22,1.1,8882,2621,0,2026-09-27T15:35:34.425774
GGTL,Gabelli ETFs Trust - Gabelli Global Technology Leaders ETF,40.75,0.34,0.85,222,2447,0,2026-09-27T15:35:34.425774
GGZ,The Gabelli Global Small and Mid Cap Value Trust,15.43,-0.11,-0.71,3478,6763,0,2026-09-27T15:35:34.425774
GHXIU,"Gores Holdings XI, Inc.",10.18,0.01,0.1,404,16700,0,2026-09-27T15:35:34.425774
GIEQ,Goldman Sachs Data Enhanced International Equity ETF,42.1,0.53,1.28,276,14154,0,2026-09-27T15:35:34.425774
GISC,Guggenheim Securitized Income ETF,49.47,0.05,0.11,31545,11009,0,2026-09-27T15:35:34.425774
GLDN,Nicholas Gold Income ETF,16.42,0.13,0.81,5886,7511,0,2026-09-27T15:35:34.425774
GLFEP,Golf Entertainment Group Inc.,10.73,0.0,0.0,200,679,0,2026-09-27T15:35:34.425774
GLIBB,Liberty Capital Corporation,26.0,0.0,0.0,50,32,0,2026-09-27T15:35:34.425774
GMEY,YieldMax GME Option Income Stra,24.91,-1.63,-6.15,18102,1676,0,2026-09-27T15:35:34.425774
GMOC,GMO ULTRA SHORT INCOME ETF,50.17,0.0,0.0,54363,2458,0,2026-09-27T15:35:34.425774
GMOD,GMO Dynamic Allocation ETF,27.68,0.16,0.57,20722,11144,0,2026-09-27T15:35:34.425774
GNL-PB,"Global Net Lease, Inc.",21.19,-0.04,-0.19,10958,7070,0,2026-09-27T15:35:34.425774
GNL-PD,"Global Net Lease, Inc.",22.5,-0.08,-0.35,9216,7325,0,2026-09-27T15:35:34.425774
GNL-PE,"Global Net Lease, Inc.",22.35,0.1,0.45,15829,6985,0,2026-09-27T15:35:34.425774
GOLI,Defiance Gold Enhanced Options Income ETF,12.52,0.05,0.4,13928,19498,0,2026-09-27T15:35:34.425774
GOLS,Gabelli Opportunities in Live and Sports ETF,26.07,-0.03,-0.11,2972,4782,0,2026-09-27T15:35:34.425774
GOODN,Gladstone Commercial Corporation,21.88,-0.17,-0.77,8466,2692,0,2026-09-27T15:35:34.425774
GPACU,General Purpose Acquisition Corp.,10.15,-0.02,-0.15,856,5588,0,2026-09-27T15:35:34.425774
GPATU,GP-Act III Acquisition Corp.,10.99,0.0,0.0,2,4,0,2026-09-27T15:35:34.425774
GPMT-PA,Granite Point Mortgage Trust Inc.,14.96,-0.05,-0.3,15236,9466,0,2026-09-27T15:35:34.425774
GPUS-PD,"Hyperscale Data, Inc.",16.75,-0.26,-1.53,4531,3492,0,2026-09-27T15:35:34.425774
GRBK-PA,"Green Brick Partners, Inc.",20.85,-0.44,-2.07,3409,2627,0,2026-09-27T15:35:34.425774
GRNI,Fundstrat Granny Shots US Large Cap & Income ETF,21.42,0.01,0.07,26594,25865,0,2026-09-27T15:35:34.425774
GRNJ,Fundstrat Granny Shots US Small- & Mid-Cap ETF,29.89,0.2,0.67,72415,168268,0,2026-09-27T15:35:34.425774
GRWTF,Great-West Lifeco Inc.,14.53,0.0,0.0,700,32,0,2026-09-27T15:35:34.425774
GSL,"Global Ship Lease, Inc.",44.33,0.22,0.5,288149,313344,0,2026-09-27T15:35:34.425774
GSL-PB,"Global Ship Lease, Inc.",26.4,-0.0,-0.01,4305,6671,0,2026-09-27T15:35:34.425774
GSNR,Grayscale Near Trust,12.15,-6.85,-36.05,116937,13167,0,2026-09-27T15:35:34.425774
GTERU,Globa Terra Acquisition Corporation,10.5,0.0,0.0,700,788,0,2026-09-27T15:35:34.425774
GTND,EA Series Trust - Goaltender ETF,26.05,0.13,0.49,161,1393,0,2026-09-27T15:35:34.425774
GUACU,Berto Acquisition Corp. II,10.06,0.01,0.1,315577,13973,0,2026-09-27T15:35:34.425774
GXLC,Global X U.S. 500 ETF,93.14,0.45,0.48,13,234,0,2026-09-27T15:35:34.425774
HAWG,HCM Hedged Equity ETF,30.55,0.11,0.37,924,115473,0,2026-09-27T15:35:34.425774
HBANL,Huntington Bancshares Incorporated,25.27,0.22,0.88,25325,22822,0,2026-09-27T15:35:34.425774
HBANM,Huntington Bancshares Incorporated,20.03,-0.02,-0.1,11985,16896,0,2026-09-27T15:35:34.425774
HBANP,Huntington Bancshares Incorporated,15.93,-0.32,-1.97,108571,68647,0,2026-09-27T15:35:34.425774
HBANZ,Huntington Bancshares Incorporated,19.05,-0.15,-0.78,10236,10607,0,2026-09-27T15:35:34.425774
HBIL,Harbor Short Term Treasury ETF,20.07,0.0,0.0,8,7480,0,2026-09-27T15:35:34.425774
HBIT,Hedgeye Hedged Bitcoin ETF,25.73,-0.02,-0.08,7624,14361,0,2026-09-27T15:35:34.425774
HBRD,Invesco U.S. Hybrid Bond ETF,23.86,-0.02,-0.1,3,253,0,2026-09-27T15:35:34.425774
HCMAU,HCM III Acquisition Corp.,10.47,0.0,0.0,1016,517,0,2026-09-27T15:35:34.425774
HEFT,Hedgeye Fourth Turning ETF,26.44,-0.06,-0.23,7031,22423,0,2026-09-27T15:35:34.425774
HELS,ETF Opportunities Trust - Hedgeye 130/30 Equity ETF,23.74,-0.12,-0.5,75116,10336,0,2026-09-27T15:35:34.425774
HFRO-PA,Highland Funds I - Highland Opportunities and Income Fund,15.82,0.02,0.13,6224,11479,0,2026-09-27T15:35:34.425774
HFRO-PB,Highland Funds I - Highland Opportunities and Income Fund,15.61,-0.02,-0.13,11387,12992,0,2026-09-27T15:35:34.425774
HIRAF,Hirata Corporation,16.27,0.0,0.0,0,3,0,2026-09-27T15:35:34.425774
HIYY,YieldMax HIMS Option Income Str,11.69,-0.01,-0.11,21928,55901,0,2026-09-27T15:35:34.425774
HLTH,Tema Healthcare AI ETF,29.59,-0.1,-0.34,7629,5500,0,2026-09-27T15:35:34.425774
HNKLY,"Hisense Home Appliances Group Co., Ltd.",28.0,0.0,0.0,100,453,0,2026-09-27T15:35:34.425774
HOLD,Harbor Alpha Layering ETF,32.96,-0.07,-0.21,76,363,0,2026-09-27T15:35:34.425774
HPI,John Hancock Preferred Income Fund,14.31,0.01,0.07,120926,63825,0,2026-09-27T15:35:34.425774
HPP-PC,"Hudson Pacific Properties, Inc.",14.25,-0.28,-1.96,2710,18897,0,2026-09-27T15:35:34.425774
HQDG,Raub Brock Dividend Growth ETF,24.76,0.18,0.74,528,1285,0,2026-09-27T15:35:34.425774
HQH,Abrdn Healthcare Investors,21.24,-0.05,-0.23,136670,212633,0,2026-09-27T15:35:34.425774
HQL,Abrdn Life Sciences Investors,18.97,-0.3,-1.56,122518,150077,0,2026-09-27T15:35:34.425774
HRSK,Toews Agility Shares Hedged Risk ETF,25.42,0.09,0.35,974,3317,0,2026-09-27T15:35:34.425774
HSPUF,Horizon Space Acquisition I Corp.,11.21,-1.18,-9.52,101,4,0,2026-09-27T15:35:34.425774
HUMM,800VDC AI Datacenter Ecosystem ETF,27.48,0.51,1.89,796,11928,0,2026-09-27T15:35:34.425774
HWIV,Hotchkis & Wiley International Value Fund,26.0,-0.19,-0.73,13,3854,0,2026-09-27T15:35:34.425774
HWMV,Hotchkis & Wiley Mid-Cap Value Fund,24.9,-0.07,-0.27,8,950,0,2026-09-27T15:35:34.425774
HWO,Hotchkis & Wiley Opportunities Fund,26.17,-0.31,-1.16,165,409,0,2026-09-27T15:35:34.425774
HXA,Mast HedgeIndex Corporate Arbitrage ETF,24.77,-0.0,-0.0,108,116,0,2026-09-27T15:35:34.425774
HXC,Mast HedgeIndex Strategic Commodities ETF,26.31,-0.23,-0.87,5,48164,0,2026-09-27T15:35:34.425774
HXE,Mast HedgeIndex Adaptive Equities ETF,25.82,0.18,0.69,26,8931,0,2026-09-27T15:35:34.425774
HXF,Mast HedgeIndex Managed Futures Strategy ETF,25.62,-0.06,-0.25,4566,8068,0,2026-09-27T15:35:34.425774
HYAC-UN,Haymaker Acquisition Corp V,10.05,-0.01,-0.1,7035,2462000,0,2026-09-27T15:35:34.425774
IACOU,Idea Acquisition Corp.,10.05,0.0,0.0,229,7666,0,2026-09-27T15:35:34.425774
IBCB,iShares iBonds Dec 2036 Term Corporate ETF,23.83,0.04,0.17,74181,87661,0,2026-09-27T15:35:34.425774
IBFR,Innovator International Developed Managed 10 Buffer ETF,50.48,0.32,0.64,1949,1476,0,2026-09-27T15:35:34.425774
IBIM,iShares iBonds Oct 2036 Term TIPS ETF,23.78,0.06,0.25,14042,17436,0,2026-09-27T15:35:34.425774
ICHMF,ISE Chemicals Corporation,24.73,0.0,0.0,0,1,0,2026-09-27T15:35:34.425774
ICPI,iShares 0-1 Year TIPS Bond ETF,50.33,0.02,0.05,22306,9173,0,2026-09-27T15:35:34.425774
ICPY,"Tweedy, Browne International In",13.12,0.08,0.61,3807,22006,0,2026-09-27T15:35:34.425774
ICR-PA,"Inpoint Commercial Real Estate Income, Inc.",22.04,-0.21,-0.95,239,3149,0,2026-09-27T15:35:34.425774
IDEQ,Lazard Active ETF Trust - Lazard International Dynamic Equity ETF,35.78,0.29,0.82,453736,304952,0,2026-09-27T15:35:34.425774
IDT,IDT Corporation,67.46,-0.29,-0.43,219474,205717,0,2026-09-27T15:35:34.425774
IDYN,iShares International Equity Fa,30.65,0.36,1.2,4725,13114,0,2026-09-27T15:35:34.425774
IEAGU,Infinite Eagle Acquisition Corp.,10.37,0.0,0.0,107,3541,0,2026-09-27T15:35:34.425774
IFLN,Invesco Bloomberg Enhanced Fallen Angels ETF,17.63,-0.06,-0.32,40185,41426,0,2026-09-27T15:35:34.425774
IFLR,Innovator International Developed Managed Floor ETF,53.56,0.52,0.98,6242,12736,0,2026-09-27T15:35:34.425774
IGA,Voya Global Advantage and Premium Opportunity Fund,10.3,-0.01,-0.1,84463,73642,0,2026-09-27T15:35:34.425774
IINC,Alki Consolidated Income ETF,25.2,0.03,0.12,544,13222,0,2026-09-27T15:35:34.425774
IMPPP,Imperial Petroleum Inc.,25.8,0.27,1.05,2138,1023,0,2026-09-27T15:35:34.425774
IMVP,Invesco India ETF,19.31,0.06,0.29,31611,38606,0,2026-09-27T15:35:34.425774
INN-PF,"Summit Hotel Properties, Inc.",16.37,0.17,1.05,8570,10071,0,2026-09-27T15:35:34.425774
INTAF,Intact Financial Corporation,17.75,0.0,0.0,2000,23,0,2026-09-27T15:35:34.425774
INTEU,Integral Acquisition Corporation 1,11.49,0.0,0.0,10,1,0,2026-09-27T15:35:34.425774
INVUP,"Investview, Inc.",25.99,0.0,0.0,100,323,0,2026-09-27T15:35:34.425774
INYY,Yieldmax Intc Option Income Strategy ETF,41.65,-1.67,-3.86,29419,51307,0,2026-09-27T15:35:34.425774
IOSDF,IONOS Group SE,39.78,0.23,0.58,107,24,0,2026-09-27T15:35:34.425774
IPHXU,Inflection Point Acquisition Corp. VIII,10.08,0.02,0.2,740,583550,0,2026-09-27T15:35:34.425774
IQGR,Astoria International Quality Growth Kings ETF,25.45,0.29,1.17,38284,0,0,2026-09-27T15:35:34.425774
IQQ,iShares Nasdaq 100 ETF,25.19,0.11,0.44,2710000,938916,0,2026-09-27T15:35:34.425774
IRAB-UN,Iris Acquisition Corp II,10.05,0.0,0.0,845,154,0,2026-09-27T15:35:34.425774
IRE,Defiance Daily Target 2X Long I,10.7,-1.03,-8.78,5930000,7616000,0,2026-09-27T15:35:34.425774
ISHFF,iShares IV Public Limited Company - iShares $ Short Duration Corporate Bond UCITS ETF,97.77,-0.74,-0.75,2462,1050,0,2026-09-27T15:35:34.425774
ISLUF,Israel Acquisitions Corp,12.45,0.0,0.0,997,36,0,2026-09-27T15:35:34.425774
ISRL,Defiance KSM Israel 120 ETF,24.6,0.16,0.67,617,3600,0,2026-09-27T15:35:34.425774
IVAUF,Libity,13.99,0.0,0.0,195,9,0,2026-09-27T15:35:34.425774
IXQUF,IX Acquisition Corp.,10.51,0.0,0.0,400,8,0,2026-09-27T15:35:34.425774
JA,Janus Henderson AA-A CLO ETF,50.32,-0.01,-0.02,24055,22960,0,2026-09-27T15:35:34.425774
JCAL,J.P. Morgan Exchange-Traded Fund Trust - JPMorgan California Tax Free Bond ETF,47.56,-0.22,-0.46,242734,33885,0,2026-09-27T15:35:34.425774
JCE,Nuveen Core Equity Alpha Fund,16.81,0.05,0.3,19655,34882,0,2026-09-27T15:35:34.425774
JDVL,John Hancock Disciplined Value,31.66,0.17,0.54,71415,89973,0,2026-09-27T15:35:34.425774
JHI,John Hancock Investors Trust,12.25,0.05,0.41,20415,17352,0,2026-09-27T15:35:34.425774
JHLN,John Hancock Global Senior Loan,24.58,-0.01,-0.03,8351,24544,0,2026-09-27T15:35:34.425774
JIDE,JPMorgan International Dynamic ETF,51.8,0.5,0.98,896,552,0,2026-09-27T15:35:34.425774
JINT,Janus Henderson International Core Alpha ETF,25.17,0.35,1.39,207,0,0,2026-09-27T15:35:34.425774
JLVP,JPMorgan U.S. Large Cap Value Plus ETF,50.05,0.53,1.06,64,7550,0,2026-09-27T15:35:34.425774
JMATF,--,31.17,0.0,0.0,200,165,0,2026-09-27T15:35:34.425774
JMPLD,Johnson Matthey PLC,63.97,1.22,1.94,1,1379,0,2026-09-27T15:35:34.425774
JOF,"Japan Smaller Capitalization Fund, Inc.",12.66,0.25,2.01,37294,73831,0,2026-09-27T15:35:34.425774
JONEU,Jones Ventures INTL Acquisition1 Corp,10.0,0.0,0.0,1,187355,0,2026-09-27T15:35:34.425774
JPM-PJ,JPMorgan Chase & Co.,17.72,-0.05,-0.28,114063,106658,0,2026-09-27T15:35:34.425774
JPM-PK,JPMorgan Chase & Co.,16.99,-0.08,-0.47,231729,211751,0,2026-09-27T15:35:34.425774
JPM-PL,JPMorgan Chase & Co.,17.32,-0.11,-0.63,382474,240095,0,2026-09-27T15:35:34.425774
JPM-PM,JPMorgan Chase & Co.,16.02,-0.07,-0.44,486745,274624,0,2026-09-27T15:35:34.425774
JSGCF,LIXIL Corporation,12.0,0.0,0.0,100,1,0,2026-09-27T15:35:34.425774
JSTS,Justiss Oil Co,30.5,0.0,0.0,120,1,0,2026-09-27T15:35:34.425774
JTNY,J.P. Morgan Exchange-Traded Fund Trust - JPMorgan New York Tax Free Bond ETF,47.22,-0.22,-0.47,110912,28188,0,2026-09-27T15:35:34.425774
JULV,VanEck U.S. Equity Buffer ETF - July,30.84,0.08,0.24,16405,19575,0,2026-09-27T15:35:34.425774
JWSUF,Jaws Mustang Acquisition Corporation,10.51,0.0,0.0,300,63,0,2026-09-27T15:35:34.425774
JXADF,JX Advanced Metals Corporation,21.65,0.0,0.0,100,25,0,2026-09-27T15:35:34.425774
JXN-PA,Jackson Financial Inc.,25.47,-0.01,-0.04,10548,31947,0,2026-09-27T15:35:34.425774
KAIT,KraneShares Asia AI Technology ETF,26.46,0.47,1.81,683,27696,0,2026-09-27T15:35:34.425774
KBFR,Innovator U.S. Small Cap Managed 10 Buffer ETF,26.63,0.01,0.05,3361,3563,0,2026-09-27T15:35:34.425774
KCA-UN,Kensington Capital Acquisition Corp. VI,10.05,0.0,0.0,35650,41829,0,2026-09-27T15:35:34.425774
KCAC-UN,Kensington Capital Acquisition Corp. VI,10.3,0.0,0.0,6790,7678,0,2026-09-27T15:35:34.425774
KCHP,KICK Korea Semiconductor Index ETF,26.85,0.99,3.83,2702,6888,0,2026-09-27T15:35:34.425774
KEN,Kenon Holdings Ltd.,63.75,-0.01,-0.02,11598,19417,0,2026-09-27T15:35:34.425774
KEY-PL,KeyCorp,24.74,-0.08,-0.32,68843,63498,0,2026-09-27T15:35:34.425774
KEYRY,Keyera Corp.,18.0,0.0,0.0,30,195,0,2026-09-27T15:35:34.425774
KEYYU,Keystone Acquisition Corp.,10.11,0.0,0.0,148,1031,0,2026-09-27T15:35:34.425774
KIM-PL,Kimco Realty Corporation,19.86,-0.15,-0.75,31686,32280,0,2026-09-27T15:35:34.425774
KKR-PD,KKR & Co. Inc.,42.86,0.01,0.02,288783,312385,0,2026-09-27T15:35:34.425774
KNDEF,Kinden Corporation,44.01,0.0,0.0,0,1,0,2026-09-27T15:35:34.425774
KOYNU,"CSLM Digital Asset Acquisition Corp III, Ltd",10.29,-0.02,-0.19,1001,219,0,2026-09-27T15:35:34.425774
KRAQU,KRAKacquisition Corp.,10.12,0.0,0.0,1375,1342,0,2026-09-27T15:35:34.425774
KREF-PA,KKR Real Estate Finance Trust Inc.,18.18,0.01,0.06,12478,22488,0,2026-09-27T15:35:34.425774
KRSP-UN,Rice Acquisition Corporation 3,10.73,0.03,0.33,8152,18790,0,2026-09-27T15:35:34.425774
KRYP,ProShares CoinDesk 20 Crypto ETF,24.74,0.17,0.68,4871,1988,0,2026-09-27T15:35:34.425774
KSMH,xETFs Korea AI Semiconductor,28.38,0.78,2.84,3893,8200,0,2026-09-27T15:35:34.425774
KVAUF,Keen Vision Acquisition Corporation,12.09,0.0,0.0,200,76,0,2026-09-27T15:35:34.425774
LANDO,Gladstone Land Corporation,19.8,0.08,0.41,11697,15830,0,2026-09-27T15:35:34.425774
LANDP,Gladstone Land Corporation,19.89,0.14,0.71,14231,23422,0,2026-09-27T15:35:34.425774
LAZR,Tema Photonics & Optical ETF,44.89,0.8,1.81,80852,151454,0,2026-09-27T15:35:34.425774
LDP,"Cohen & Steers Limited Duration Preferred and Income Fund, Inc.",19.29,-0.03,-0.16,90531,67471,0,2026-09-27T15:35:34.425774
LFMDP,"LifeMD, Inc.",23.15,-0.05,-0.22,532,1914,0,2026-09-27T15:35:34.425774
LFT-PA,"Lument Finance Trust, Inc.",16.37,-0.01,-0.05,233,3010,0,2026-09-27T15:35:34.425774
LGDS,JPMorgan Fundamental Data Science Large Growth ETF,50.83,0.27,0.53,21355,40439,0,2026-09-27T15:35:34.425774
LILAP,Liberty Latin America Ltd.,20.45,0.0,0.0,45230,167763,0,2026-09-27T15:35:34.425774
LKSPU,Lake Superior Acquisition Corp.,10.4,0.11,1.07,3030,125,0,2026-09-27T15:35:34.425774
LNC-PD,Lincoln National Corporation,25.85,0.07,0.27,147088,47718,0,2026-09-27T15:35:34.425774
LNGX,Global X U.S. Natural Gas ETF,42.57,-1.27,-2.9,18569,13922,0,2026-09-27T15:35:34.425774
LOB-PA,"Live Oak Bancshares, Inc.",25.15,-0.05,-0.2,8497,14961,0,2026-09-27T15:35:34.425774
LOFF,Direxion Daily SpaceX Bull 2X ETF,16.43,0.1,0.61,1555000,2180000,0,2026-09-27T15:35:34.425774
LOVIU,Live Oak Acquisition Corp. VI,10.01,-0.01,-0.05,1446000,2071000,0,2026-09-27T15:35:34.425774
LPCVU,Launchpad Cadenza Acquisition Corp I,10.13,0.0,0.0,707,3487,0,2026-09-27T15:35:34.425774
LPSV,Lone Peak SMID Value ETF,24.15,0.23,0.96,9,928,0,2026-09-27T15:35:34.425774
LSCP,Natixis Loomis Sayles Dynamic Core Plus ETF,24.07,0.01,0.05,8,942,0,2026-09-27T15:35:34.425774
LSTB,Natixis Loomis Sayles Total Return Bond ETF,24.12,0.01,0.06,1878,630,0,2026-09-27T15:35:34.425774
LTGRU,Long Table Growth Corp.,10.18,-0.22,-2.12,364,7680,0,2026-09-27T15:35:34.425774
LTM,LATAM Airlines Group S.A.,52.45,0.79,1.53,572963,742566,0,2026-09-27T15:35:34.425774
LVLN,State Street SPDR S&P Leveraged Ln ETF,24.75,-0.07,-0.29,4489,5277,0,2026-09-27T15:35:34.425774
LXP-PC,LXP Industrial Trust,49.33,0.08,0.17,3380,7380,0,2026-09-27T15:35:34.425774
MANI,Man Active Income ETF,25.76,-0.01,-0.05,569,4722,0,2026-09-27T15:35:34.425774
MATR,Harbor ETF Trust - Harbor Multi-Asset Total Return ETF,28.16,0.14,0.5,189,909,0,2026-09-27T15:35:34.425774
MBINL,Merchants Bancorp,23.65,-0.25,-1.05,12780,12769,0,2026-09-27T15:35:34.425774
MBINM,Merchants Bancorp,25.3,-0.03,-0.12,16808,6342,0,2026-09-27T15:35:34.425774
MBINN,Merchants Bancorp,19.1,-0.38,-1.95,6791,8231,0,2026-09-27T15:35:34.425774
MBNKO,Medallion Bank,24.62,-0.06,-0.24,112732,9522,0,2026-09-27T15:35:34.425774
MCAHU,Mountain Crest Acquisition 6 Corp.,10.23,0.0,0.0,399,119,0,2026-09-27T15:35:34.425774
MCHPP,Microchip Technology Incorporated,67.12,3.24,5.08,16019,235547,0,2026-09-27T15:35:34.425774
MCNCF,"Macnica Holdings, Inc.",22.98,0.0,0.0,0,3,0,2026-09-27T15:35:34.425774
MCRAA,"McRae Industries, Inc.",51.38,0.0,0.0,418,161,0,2026-09-27T15:35:34.425774
MCVT,Miller Convertible Total Return ETF,27.55,0.1,0.35,47684,12190,0,2026-09-27T15:35:34.425774
MCY,Mercury General Corporation,99.41,1.12,1.14,200077,287358,0,2026-09-27T15:35:34.425774
MDBKY,Medibank Private Limited,33.81,0.0,0.0,79,683,0,2026-09-27T15:35:34.425774
MET-PF,"MetLife, Inc.",17.01,-0.02,-0.12,280166,120812,0,2026-09-27T15:35:34.425774
METCI,"Ramaco Resources, Inc.",25.35,-0.1,-0.39,999,2561,0,2026-09-27T15:35:34.425774
METCZ,"Ramaco Resources, Inc.",25.4,-0.07,-0.29,2937,3841,0,2026-09-27T15:35:34.425774
MFA-PB,"MFA Financial, Inc.",18.46,-0.28,-1.49,21124,11575,0,2026-09-27T15:35:34.425774
MFA-PC,"MFA Financial, Inc.",22.38,-0.1,-0.43,28599,35186,0,2026-09-27T15:35:34.425774
MFSD,MFS Active Short Duration Income ETF,24.76,0.04,0.17,8592,91225,0,2026-09-27T15:35:34.425774
MFSX,MFS Active Short Muni Bond ETF,24.7,0.0,0.02,9068,58283,0,2026-09-27T15:35:34.425774
MGCOF,"Midea Group Co., Ltd.",12.21,-0.97,-7.39,3900,8005,0,2026-09-27T15:35:34.425774
MGIN,Man ETF Series Trust - Man Active Global Infrastructure ETF,24.9,-0.11,-0.44,8,187504,0,2026-09-27T15:35:34.425774
MGNO,"Magnolia Bancorp, Inc.",15.1,0.0,0.0,50,572,0,2026-09-27T15:35:34.425774
MHD,"BlackRock MuniHoldings Fund, Inc.",10.53,-0.03,-0.28,835987,425336,0,2026-09-27T15:35:34.425774
MHY,Man Active High Yield ETF,25.48,-0.02,-0.08,115,14963,0,2026-09-27T15:35:34.425774
MINY,Tidal Trust II - YieldMax Strategic Metals & Mining Portfolio Option Income ETF,36.54,0.09,0.24,5726,5136,0,2026-09-27T15:35:34.425774
MITT-PC,"TPG Mortgage Investment Trust, Inc.",24.82,-0.15,-0.61,15652,9250,0,2026-09-27T15:35:34.425774
MIVL,MFS Active International Value ETF,25.75,0.08,0.3,12,2339,0,2026-09-27T15:35:34.425774
MKLSF,"MarkLines Co., Ltd.",10.33,0.0,0.0,200,20,0,2026-09-27T15:35:34.425774
MKLYU,McKinley Acquisition Corporation,10.52,0.0,0.0,305,2638,0,2026-09-27T15:35:34.425774
MKTN,Federated Hermes MDT Market Neu,27.9,0.13,0.47,31104,24360,0,2026-09-27T15:35:34.425774
MMD,NYLI MacKay DefinedTerm Muni Opportunities Fund,13.81,0.11,0.8,170013,60592,0,2026-09-27T15:35:34.425774
MMMA,NYLI MacKay Muni Allocation ETF,23.95,-0.14,-0.6,11506,3350,0,2026-09-27T15:35:34.425774
MNESP,MSA Safety Incorporated,37.5,0.0,0.0,10,5,0,2026-09-27T15:35:34.425774
MNGB,Yorkville America 2X Inverse Mangos Plus Daily Target ETF,25.06,0.12,0.46,5,110,0,2026-09-27T15:35:34.425774
MNGU,MicroSectors 3× Long MANGOS+ ex Private Companies ETN,32.69,0.01,0.03,1939,5228,0,2026-09-27T15:35:34.425774
MNGZ,Yorkville America 2X Long Mangos Plus Daily Target ETF,28.36,-0.13,-0.47,21,481,0,2026-09-27T15:35:34.425774
MNLCF,Manulife Financial Corporation,17.01,0.0,0.0,300,12,0,2026-09-27T15:35:34.425774
MNMXF,--,38.0,0.0,0.0,0,5,0,2026-09-27T15:35:34.425774
MNSBP,"MainStreet Bancshares, Inc.",24.76,0.03,0.14,1537,1046,0,2026-09-27T15:35:34.425774
MNSH,--,78.0,0.0,0.0,0,61542,0,2026-09-27T15:35:34.425774
MNUFF,Manulife Financial Corporation,14.87,0.0,0.0,100,10,0,2026-09-27T15:35:34.425774
MPDY,Valued Advisers Trust - m+ DualYield Autocall ETF,24.3,0.25,1.04,19002,32515,0,2026-09-27T15:35:34.425774
MPIA,m+ Nasdaq-100 Accelerator Autocall ETF,25.81,-0.0,-0.01,5100,13233,0,2026-09-27T15:35:34.425774
MPIM,Valued Advisers Trust - m+ Income Momentum Autocall ETF,24.24,0.19,0.79,13441,37343,0,2026-09-27T15:35:34.425774
MROSY,--,12.6,-0.66,-4.98,6544,191849,0,2026-09-27T15:35:34.425774
MRX,Marex Group Limited,71.31,-1.38,-1.9,469552,755792,0,2026-09-27T15:35:34.425774
MS-PL,Morgan Stanley,18.34,0.03,0.16,41449,42374,0,2026-09-27T15:35:34.425774
MS-PO,Morgan Stanley,15.7,-0.12,-0.76,220721,151711,0,2026-09-27T15:35:34.425774
MS-PP,Morgan Stanley,24.51,-0.18,-0.73,95631,75009,0,2026-09-27T15:35:34.425774
MS-PQ,Morgan Stanley,24.88,-0.07,-0.28,61209,69261,0,2026-09-27T15:35:34.425774
MSB,Mesabi Trust,19.12,-0.27,-1.39,36903,36360,0,2026-09-27T15:35:34.425774
MSBIP,"Midland States Bancorp, Inc.",25.3,-0.06,-0.22,956,5392,0,2026-09-27T15:35:34.425774
MSOL,Morgan Stanley Solana Trust,33.17,1.29,4.05,117121,51911,0,2026-09-27T15:35:34.425774
MSR,Graniteshares Autocallable Mstr ETF,14.88,-0.04,-0.27,296,289,0,2026-09-27T15:35:34.425774
MSSE,Morgan Stanley Ethereum Trust,28.97,-0.02,-0.08,6833,38234,0,2026-09-27T15:35:34.425774
MSSUF,Metal Sky Star Acquisition Corporation,10.01,0.0,0.0,198,22,0,2026-09-27T15:35:34.425774
MTAW,Meta AI Lab Ecosystem ETF,26.53,-0.13,-0.5,438,1938,0,2026-09-27T15:35:34.425774
MTB-PH,M&T Bank Corporation,24.98,-0.03,-0.12,81960,52030,0,2026-09-27T15:35:34.425774
MTB-PJ,M&T Bank Corporation,25.38,-0.01,-0.04,56646,56634,0,2026-09-27T15:35:34.425774
MTB-PK,M&T Bank Corporation,22.7,-0.05,-0.22,39540,37497,0,2026-09-27T15:35:34.425774
MTB-PL,M&T Bank Corporation,23.71,0.16,0.68,38671,153676,0,2026-09-27T15:35:34.425774
MTNE-UN,CH4 Natural Solutions Corporation,10.07,0.02,0.2,445,1766,0,2026-09-27T15:35:34.425774
MTYFF,MTY Food Group Inc.,22.65,0.08,0.35,88,9395,0,2026-09-27T15:35:34.425774
MUJ,"BlackRock MuniHoldings New Jersey Quality Fund, Inc.",11.29,0.04,0.36,128854,96374,0,2026-09-27T15:35:34.425774
MUNA,Northern Trust 2030 Tax-Exempt,98.5,-0.03,-0.03,8,479,0,2026-09-27T15:35:34.425774
MUNB,Northern Trust 2035 Tax-Exempt,97.01,-0.3,-0.31,61,868,0,2026-09-27T15:35:34.425774
MUNC,Northern Trust 2045 Tax-Exempt,96.69,-0.39,-0.41,4,846,0,2026-09-27T15:35:34.425774
MUND,Northern Trust 2055 Tax-Exempt,96.41,-0.97,-1.0,256,787,0,2026-09-27T15:35:34.425774
MUNF,Northern Trust 2036 Tax-Exempt Distributing Ladder ETF,96.61,-0.35,-0.36,4,49,0,2026-09-27T15:35:34.425774
MUNG,Northern Trust 2046 Tax-Exempt Distributing Ladder ETF,96.01,-0.43,-0.45,7,69,0,2026-09-27T15:35:34.425774
MUNH,Northern Trust 2056 Tax-Exempt Distributing Ladder ETF,95.59,-0.52,-0.54,4,39,0,2026-09-27T15:35:34.425774
MUNJ,--,97.92,-0.17,-0.17,7,0,0,2026-09-27T15:35:34.425774
MUNX,AMG GW&K Muni Income ETF,23.51,-0.09,-0.39,200,1025,0,2026-09-27T15:35:34.425774
MUZEU,Muzero Acquisition Corp,10.1,0.0,0.0,300,268,0,2026-09-27T15:35:34.425774
MXC,Mexco Energy Corporation,10.31,-0.47,-4.36,8277,36690,0,2026-09-27T15:35:34.425774
MYCP,State Street My2036 Corporate Bond ETF,24.64,-0.26,-1.02,2004,1033,0,2026-09-27T15:35:34.425774
MYHF,State Street My2032 High Yield Corporate Bond ETF,24.85,-0.01,-0.02,3491,1433,0,2026-09-27T15:35:34.425774
MYML,State Street My2032 Municipal Bond ETF,24.76,-0.15,-0.58,10,833,0,2026-09-27T15:35:34.425774
MZYX-UN,MOZAYYX Acquisition Corp.,10.09,0.0,0.0,637,1732,0,2026-09-27T15:35:34.425774
NAC,Nuveen California Quality Municipal Income Fund,10.53,-0.04,-0.38,1492000,642261,0,2026-09-27T15:35:34.425774
NAMSW,NewAmsterdam Pharma Company N.V.,11.4,0.0,0.0,7,1187,0,2026-09-27T15:35:34.425774
NASA,Tema Space Innovators ETF,24.54,0.21,0.86,933333,1626000,0,2026-09-27T15:35:34.425774
NAZ,Nuveen Arizona Quality Municipal Income Fund,10.98,-0.06,-0.54,61729,24153,0,2026-09-27T15:35:34.425774
NBB,Nuveen Taxable Municipal Income Fund,14.16,-0.01,-0.07,112596,60528,0,2026-09-27T15:35:34.425774
NBCDF,National Bank of Canada,18.48,0.0,0.0,100,1,0,2026-09-27T15:35:34.425774
NBFR,Innovator Nasdaq-100 Managed 10 Buffer ETF,27.06,0.01,0.05,9409,5573,0,2026-09-27T15:35:34.425774
NBITF,--,17.49,0.0,0.0,0,4,0,2026-09-27T15:35:34.425774
NBKCF,National Bank of Canada,18.78,0.0,0.0,300,40,0,2026-09-27T15:35:34.425774
NBRGU,Newbridge Acquisition Limited,10.39,0.04,0.39,974,531,0,2026-09-27T15:35:34.425774
NCLD,Roundhill Neocloud ETF,24.45,-0.75,-2.98,503033,861683,0,2026-09-27T15:35:34.425774
NCOOU,Southern Cross Acquisition I Corp.,10.07,0.0,0.0,36,78185,0,2026-09-27T15:35:34.425774
NCV,Virtus Convertible & Income Fund,15.36,-0.1,-0.65,135915,73463,0,2026-09-27T15:35:34.425774
NECK,xETFs AI Bottlenecks ETF,25.2,0.4,1.6,9023,6000,0,2026-09-27T15:35:34.425774
NEE-PS,"NextEra Energy, Inc.",48.8,0.03,0.06,10036,154342,0,2026-09-27T15:35:34.425774
NEE-PT,"NextEra Energy, Inc.",45.5,0.11,0.24,627512,196744,0,2026-09-27T15:35:34.425774
NEE-PV,"NextEra Energy, Inc.",43.09,-0.11,-0.25,663117,243488,0,2026-09-27T15:35:34.425774
NEWTH,"NewtekOne, Inc.",25.14,0.02,0.08,7336,6201,0,2026-09-27T15:35:34.425774
NEWTP,"NewtekOne, Inc.",24.23,-0.26,-1.04,9179,3544,0,2026-09-27T15:35:34.425774
NGL,NGL Energy Partners LP,15.1,-0.25,-1.63,219916,206558,0,2026-09-27T15:35:34.425774
NHICU,NewHold Investment Corp III,10.12,-2.78,-21.55,1014,765,0,2026-09-27T15:35:34.425774
NHPBP,"National Healthcare Properties, Inc.",25.41,0.02,0.1,7051,16060,0,2026-09-27T15:35:34.425774
NHYB,Nuveen High Yield Corporate Bon,24.1,-0.0,-0.02,376,99463,0,2026-09-27T15:35:34.425774
NICO,Hexis Active Nicotine Engagemen,25.02,-0.12,-0.48,12,390,0,2026-09-27T15:35:34.425774
NISM,NYLI International Small-Mid Cap Equity ETF,25.3,0.2,0.8,4,304,0,2026-09-27T15:35:34.425774
NLY-PI,"Annaly Capital Management, Inc.",24.96,0.01,0.04,123241,104258,0,2026-09-27T15:35:34.425774
NLY-PJ,"Annaly Capital Management, Inc.",25.53,-0.01,-0.04,45534,35772,0,2026-09-27T15:35:34.425774
NMT,Nuveen Massachusetts Quality Municipal Income Fund,10.37,-0.64,-5.81,239634,26515,0,2026-09-27T15:35:34.425774
NOVTU,Novanta Inc.,60.95,0.52,0.86,1533,27217,0,2026-09-27T15:35:34.425774
NPPSF,"Nippon Sharyo, Ltd.",21.04,0.0,0.0,0,2,0,2026-09-27T15:35:34.425774
NRAM,Yorkville America Next Generation Memory ETF,25.02,0.46,1.88,1459,12600,0,2026-09-27T15:35:34.425774
NREF-PA,"NexPoint Real Estate Finance, Inc.",25.2,-0.05,-0.18,1401,3237,0,2026-09-27T15:35:34.425774
NSAIU,Northstrive Acquisition Corp I.,10.02,-0.02,-0.2,334,121371,0,2026-09-27T15:35:34.425774
NSARO,NSTAR Electric Company,79.0,0.0,0.0,64,41,0,2026-09-27T15:35:34.425774
NSCI,Nuveen Securitized Income ETF,24.96,-0.01,-0.02,10622,75076,0,2026-09-27T15:35:34.425774
NSLYF,Nestlé (Malaysia) Berhad,26.49,0.0,0.0,143,61,0,2026-09-27T15:35:34.425774
NTAL,GraniteShares 2x Long NTAP Daily ETF,35.31,1.31,3.85,3407,2591,0,2026-09-27T15:35:34.425774
NTRL,First Trust Equity Market Neutral ETF,20.23,0.18,0.9,17776,12733,0,2026-09-27T15:35:34.425774
NTRSO,Northern Trust Corporation,18.24,-0.1,-0.55,124793,44968,0,2026-09-27T15:35:34.425774
NTSD,Wisdomtree Efficient U.S. Plus International Equity Fund,47.82,0.5,1.05,11911,11088,0,2026-09-27T15:35:34.425774
NUDG,Nuveen Dividend Growth Fund ETF Class,63.47,0.49,0.78,8,100,0,2026-09-27T15:35:34.425774
NUKX,Nicholas Nuclear Income ETF,32.34,0.03,0.11,4702,3980,0,2026-09-27T15:35:34.425774
NVDB,ProShares Ultra NVDA,33.19,0.21,0.63,18236,22496,0,2026-09-27T15:35:34.425774
NVPS,PurePlay Nvidia Ecosystem Picks & Shovels Index ETF,24.05,0.4,1.68,2663,20862,0,2026-09-27T15:35:34.425774
NWAX-UN,New America Acquisition I Corp.,10.24,0.0,0.0,6616,20286,0,2026-09-27T15:35:34.425774
NXDT-PA,NexPoint Diversified Real Estate Trust,12.8,-0.15,-1.16,8012,2927,0,2026-09-27T15:35:34.425774
NXP,Nuveen Select Tax-Free Income Portfolio,13.06,0.11,0.85,508368,175433,0,2026-09-27T15:35:34.425774
NXUS,Nuveen International Aggregate,24.27,0.02,0.09,10940,178109,0,2026-09-27T15:35:34.425774
NYYY,xETFs NVDA Daily Income ETF,44.62,0.13,0.3,1441,1139,0,2026-09-27T15:35:34.425774
OAIW,OpenAI Lab Ecosystem ETF,24.78,0.04,0.16,7417,10767,0,2026-09-27T15:35:34.425774
OAKG,Harris Oakmark ETF Trust - Oakmark Global Large Cap ETF,26.6,0.16,0.59,8,1742,0,2026-09-27T15:35:34.425774
OAKI,Harris Oakmark ETF Trust - Oakmark International Large Cap ETF,26.3,0.21,0.82,22154,7036,0,2026-09-27T15:35:34.425774
OCAC-UN,Ocean Capital Acquisition Corporation,10.26,0.0,0.0,102,7657,0,2026-09-27T15:35:34.425774
OCCIM,"OFS Credit Company, Inc.",24.97,0.1,0.4,2333,2906,0,2026-09-27T15:35:34.425774
OCCIN,"OFS Credit Company, Inc.",24.95,0.03,0.12,2551,2655,0,2026-09-27T15:35:34.425774
OCLTU,OceanLight Acquisition Corporation,10.18,0.0,0.0,504,194217,0,2026-09-27T15:35:34.425774
OCTLF,--,19.53,0.0,0.0,0,33,0,2026-09-27T15:35:34.425774
ODC,Oil-Dri Corporation of America,88.6,-4.0,-4.32,247364,121266,0,2026-09-27T15:35:34.425774
OEI,Optimized Equity Income ETF,26.28,0.12,0.47,3990,6706,0,2026-09-27T15:35:34.425774
OFSSO,OFS Capital Corporation,25.58,0.0,0.0,300,436,0,2026-09-27T15:35:34.425774
OHACU,Oceanhawk Acquisition Corp,10.25,0.0,0.0,17,655,0,2026-09-27T15:35:34.425774
ONBPO,Old National Bancorp,24.77,-0.18,-0.7,8894,5865,0,2026-09-27T15:35:34.425774
ONBPP,Old National Bancorp,24.86,-0.02,-0.1,1777,7287,0,2026-09-27T15:35:34.425774
ONCHU,1RT Acquisition Corp.,10.43,0.0,0.0,11,2914,0,2026-09-27T15:35:34.425774
ONFOP,"Onfolio Holdings, Inc.",23.39,0.0,0.0,200,33,0,2026-09-27T15:35:34.425774
OPP-PA,"RiverNorth/DoubleLine Strategic Opportunity Fund, Inc.",15.15,-0.1,-0.66,3265,6578,0,2026-09-27T15:35:34.425774
OPP-PB,"RiverNorth/DoubleLine Strategic Opportunity Fund, Inc.",16.35,-0.03,-0.18,9010,8163,0,2026-09-27T15:35:34.425774
OPP-PC,"RiverNorth/DoubleLine Strategic Opportunity Fund, Inc.",10.15,0.01,0.07,311,888,0,2026-09-27T15:35:34.425774
OPPG,WisdomTree Trust - WisdomTree GeoAlpha Opportunities Fund,37.02,0.17,0.47,68,1185,0,2026-09-27T15:35:34.425774
ORCL-PD,Oracle Corporation,43.9,-0.25,-0.57,167230,1798000,0,2026-09-27T15:35:34.425774
OTAI-UN,Starlink AI Acquisition Corporation,10.14,-0.01,-0.1,2186,12052,0,2026-09-27T15:35:34.425774
OTGAU,OTG Acquisition Corp. I,10.36,0.01,0.1,920,2626,0,2026-09-27T15:35:34.425774
OXLCG,Oxford Lane Capital Corp. 7.95% Notes due 2032,24.91,-0.02,-0.1,10269,4396,0,2026-09-27T15:35:34.425774
OXLCI,Oxford Lane Capital Corp.,25.27,0.01,0.04,5101,4747,0,2026-09-27T15:35:34.425774
OXLCN,Oxford Lane Capital Corp.,24.51,0.11,0.45,1869,2328,0,2026-09-27T15:35:34.425774
OXSQH,Oxford Square Capital Corp.,24.97,0.03,0.12,2006,2346,0,2026-09-27T15:35:34.425774
OZKAP,Bank OZK,15.01,-0.09,-0.6,36544,32915,0,2026-09-27T15:35:34.425774
PALX,Palomino Laboratories Inc.,17.1,0.1,0.59,400,4301,0,2026-09-27T15:35:34.425774
PBCS,Portfolio Building Block World Consumer Staples ETF,24.76,-0.02,-0.08,203,203,0,2026-09-27T15:35:34.425774
PBOT,Pictet AI & Automation ETF,34.55,-0.16,-0.46,676,544,0,2026-09-27T15:35:34.425774
PBSC,Pacer Funds Trust - Pacer Barings Secured Credit Flex ETF,25.09,-0.12,-0.5,16,109983,0,2026-09-27T15:35:34.425774
PBWN,Portfolio Building Block World Ex US Industrials ETF,24.99,-0.04,-0.17,204,204,0,2026-09-27T15:35:34.425774
PCAPU,ProCap Acquisition Corp,10.44,0.0,0.0,152,4025,0,2026-09-27T15:35:34.425774
PCEB,Polen Euro High Yield Bond ETF,23.73,0.03,0.12,1716,9726,0,2026-09-27T15:35:34.425774
PCR,Simplify VettaFi Private Credit Strategy ETF,18.2,0.13,0.71,1329,633,0,2026-09-27T15:35:34.425774
PDPA,Pearl Diver Credit Company Inc.,24.95,-0.07,-0.3,225,4561,0,2026-09-27T15:35:34.425774
PDT,John Hancock Premium Dividend Fund,11.78,-0.07,-0.59,147612,123390,0,2026-09-27T15:35:34.425774
PEB-PG,Pebblebrook Hotel Trust,19.93,0.03,0.15,22899,10573,0,2026-09-27T15:35:34.425774
PEB-PH,Pebblebrook Hotel Trust,18.37,0.02,0.11,19339,9625,0,2026-09-27T15:35:34.425774
PEBA,"Penn Bancshares, Inc.",25.2,0.0,0.0,160,23,0,2026-09-27T15:35:34.425774
PECEU,Peace Acquisition Corp,10.42,0.0,0.0,1518,3479,0,2026-09-27T15:35:34.425774
PFLA,PennantPark Floating Rate Capital Ltd.,25.0,-0.03,-0.12,8786,12720,0,2026-09-27T15:35:34.425774
PGRI,Putnam International Stock ETF,26.46,0.19,0.72,558,285,0,2026-09-27T15:35:34.425774
PHI,PLDT Inc.,17.2,-0.25,-1.43,271167,152979,0,2026-09-27T15:35:34.425774
PHXE-P,"Phoenix Energy One, LLC",28.07,-0.59,-2.05,16951,9752,0,2026-09-27T15:35:34.425774
PHYUF,Pyrophyte Acquisition Corp.,11.22,0.0,0.0,42,18,0,2026-09-27T15:35:34.425774
PINE-PA,"Alpine Income Property Trust, Inc.",25.14,-0.15,-0.58,2819,6791,0,2026-09-27T15:35:34.425774
PLCIU,Pelican Acquisition II Corporation,10.09,0.0,0.0,7502,83488,0,2026-09-27T15:35:34.425774
PLTA,ProShares Ultra PLTR,21.92,-0.74,-3.27,13633,49401,0,2026-09-27T15:35:34.425774
PMBPF,Pembina Pipeline Corporation,18.51,0.0,0.0,100,3,0,2026-09-27T15:35:34.425774
PMT-PC,PennyMac Mortgage Investment Trust,16.93,-0.32,-1.86,35650,23909,0,2026-09-27T15:35:34.425774
PMTL,First Trust Indxx Quality Precious Metals Miners ETF,24.96,0.2,0.79,108,1376,0,2026-09-27T15:35:34.425774
PMTRU,Perimeter Acquisition Corp. I,10.72,0.0,0.0,617,79,0,2026-09-27T15:35:34.425774
PMTW,PennyMac Mortgage Investment Trust,25.17,-0.01,-0.03,13829,9984,0,2026-09-27T15:35:34.425774
PNAQ-UN,Pinnacle Acquisition Corporation,10.02,0.02,0.25,9663,160390,0,2026-09-27T15:35:34.425774
PNFP-PA,"Pinnacle Financial Partners, Inc.",25.25,0.03,0.12,4995,8797,0,2026-09-27T15:35:34.425774
PNFP-PB,"Pinnacle Financial Partners, Inc.",25.71,-0.08,-0.29,12093,28980,0,2026-09-27T15:35:34.425774
PNFP-PC,"Pinnacle Financial Partners, Inc.",24.38,-0.02,-0.08,27692,17152,0,2026-09-27T15:35:34.425774
PNSB,"PSB Financial, Inc.",11.25,-0.01,-0.09,3800,3569,0,2026-09-27T15:35:34.425774
POW,VistaShares Electrification Supercycle ETF,26.29,0.22,0.84,23684,48800,0,2026-09-27T15:35:34.425774
POWR,iShares U.S. Power Infrastructure ETF,24.45,0.06,0.25,210530,234106,0,2026-09-27T15:35:34.425774
POWWP,Outdoor Holding Company,24.3,-0.12,-0.5,2940,3552,0,2026-09-27T15:35:34.425774
PPLAF,Pembina Pipeline Corporation,18.6,0.0,0.0,500,36,0,2026-09-27T15:35:34.425774
PPLC,PPL Corporation,44.09,-0.21,-0.47,7684,183039,0,2026-09-27T15:35:34.425774
PPLOF,Pembina Pipeline Corporation,18.58,0.0,0.0,0,21,0,2026-09-27T15:35:34.425774
PPYAU,Papaya Growth Opportunity Corp. I,10.42,0.0,0.0,2097,34,0,2026-09-27T15:35:34.425774
PQNT,Pictet AI Enhanced International Equity ETF,23.14,0.2,0.87,1001,593,0,2026-09-27T15:35:34.425774
PQUS,Pictet AI Enhanced US Equity ETF,28.77,-0.11,-0.38,16124,136084,0,2026-09-27T15:35:34.425774
PRAB,State Street IG Public & Private ABS ETF,24.8,0.01,0.05,1,366,0,2026-09-27T15:35:34.425774
PREJF,PartnerRe Ltd.,15.61,-0.04,-0.26,1941,8266,0,2026-09-27T15:35:34.425774
PRHIZ,"Presurance Holdings, Inc.",24.24,-0.76,-3.02,1319,1501,0,2026-09-27T15:35:34.425774
PRIF-PD,"Priority Income Fund, Inc.",24.63,-0.19,-0.75,1156,1490,0,2026-09-27T15:35:34.425774
PRIF-PK,"Priority Income Fund, Inc.",21.36,-0.02,-0.09,311,1653,0,2026-09-27T15:35:34.425774
PRIF-PL,"Priority Income Fund, Inc.",24.98,0.0,0.0,2477,2780,0,2026-09-27T15:35:34.425774
PRIZ,Zacks Preferred Income ETF,24.82,0.02,0.08,435,6125,0,2026-09-27T15:35:34.425774
PRLLY,Pirelli & C. S.p.A.,21.71,0.36,1.69,200,2407,0,2026-09-27T15:35:34.425774
PRSD,State Street Short Duration IG,24.69,0.03,0.13,148,133715,0,2026-09-27T15:35:34.425774
PRTO,RCN Pareto Strategic Allocation ETF,27.58,0.06,0.22,1,947,0,2026-09-27T15:35:34.425774
PSA-PF,Public Storage,18.18,-0.06,-0.33,22915,24238,0,2026-09-27T15:35:34.425774
PSA-PG,Public Storage,17.93,-0.12,-0.69,15769,27118,0,2026-09-27T15:35:34.425774
PSA-PI,Public Storage,17.36,0.19,1.11,22214,30635,0,2026-09-27T15:35:34.425774
PSA-PJ,Public Storage,16.76,-0.01,-0.06,29898,33626,0,2026-09-27T15:35:34.425774
PSA-PL,Public Storage,16.36,-0.13,-0.79,53270,56336,0,2026-09-27T15:35:34.425774
PSA-PM,Public Storage,14.54,-0.08,-0.54,10554,25145,0,2026-09-27T15:35:34.425774
PSA-PN,Public Storage,13.75,-0.01,-0.07,20817,30285,0,2026-09-27T15:35:34.425774
PSA-PO,Public Storage,13.76,-0.03,-0.22,48530,28330,0,2026-09-27T15:35:34.425774
PSA-PP,Public Storage,14.12,-0.13,-0.91,70047,69355,0,2026-09-27T15:35:34.425774
PSA-PQ,Public Storage,13.95,-0.14,-0.99,27794,20519,0,2026-09-27T15:35:34.425774
PSA-PR,Public Storage,14.12,-0.1,-0.7,30760,47357,0,2026-09-27T15:35:34.425774
PSA-PS,Public Storage,14.67,0.06,0.4,36300,21877,0,2026-09-27T15:35:34.425774
PSEC-PA,Prospect Capital Corporation,15.45,-0.1,-0.64,4147,6358,0,2026-09-27T15:35:34.425774
PSUS,"Pershing Square USA, Ltd.",37.71,0.0,0.0,223222,358385,0,2026-09-27T15:35:34.425774
PTACU,Patriot Acquisition Corp.,10.05,0.0,0.0,1,3611,0,2026-09-27T15:35:34.425774
PTORU,Praetorian Acquisition Corp.,10.08,-0.03,-0.35,211,1360,0,2026-09-27T15:35:34.425774
PUL,GraniteShares 2x Long P Daily ETF,57.05,3.55,6.63,3255,932,0,2026-09-27T15:35:34.425774
PUR,Defiance Daily Target 2X Long PURR ETF,36.13,-8.03,-18.18,441787,95529,0,2026-09-27T15:35:34.425774
PVLUF,Partners Value Investments LP,11.69,0.0,0.0,100,59,0,2026-09-27T15:35:34.425774
PYPU,Direxion Daily PYPL Bull 2X Shares,32.97,2.82,9.34,17547,7725,0,2026-09-27T15:35:34.425774
PZIV,Pzena International Value ETF,29.85,0.26,0.88,254,2631,0,2026-09-27T15:35:34.425774
PZLV,Pzena U.S. Large Cap Value ETF,30.51,0.41,1.35,10,1180,0,2026-09-27T15:35:34.425774
QFF,Qualivian Focus Fund ETF,24.37,0.11,0.46,1889,127263,0,2026-09-27T15:35:34.425774
QNDX,State Street SPDR Portfolio Nasdaq 100 ETF,25.22,0.11,0.44,591636,527155,0,2026-09-27T15:35:34.425774
QQBF,FT Vest NASDAQ-100 Quarterly 15 Buffer ETF,20.33,0.03,0.17,8,1020,0,2026-09-27T15:35:34.425774
QQI,Invesco Nasdaq International Innovators 100 ETF,25.3,0.16,0.65,15729,19433,0,2026-09-27T15:35:34.425774
QQQB,Vistashares Shieldtm NASDAQ 100 Enhanced Protection ETF,25.01,-0.08,-0.3,277,550,0,2026-09-27T15:35:34.425774
QRED-UN,Quasaredge Acquisition Corporation,10.27,0.0,0.0,503,248,0,2026-09-27T15:35:34.425774
QUIZ,Zacks Quality International ETF,29.23,0.34,1.18,12248,22100,0,2026-09-27T15:35:34.425774
QVMT,Invesco S&P S&P 500 Concentrated QVM ETF,65.21,0.49,0.76,2776,9839,0,2026-09-27T15:35:34.425774
RAAR,Reckoner Yield Enhanced AAA CLO,51.73,-0.51,-0.98,12,2274,0,2026-09-27T15:35:34.425774
RANK,Defiance KSM TipRanks Analyst ETF,19.53,0.09,0.45,3681,18843,0,2026-09-27T15:35:34.425774
RC-PC,Ready Capital Corporation,11.06,0.12,1.1,3682,1357,0,2026-09-27T15:35:34.425774
RC-PE,Ready Capital Corporation,11.77,0.02,0.21,35516,6747,0,2026-09-27T15:35:34.425774
RCLO,Reckoner BBB-B CLO ETF,25.16,0.01,0.03,5,18606,0,2026-09-27T15:35:34.425774
RCLR,Reckoner BBB-B CLO Reinvesting ETF,51.82,0.03,0.06,1,507,0,2026-09-27T15:35:34.425774
RDYY,YieldMax RDDT Option Income Str,15.19,-0.06,-0.39,33840,46993,0,2026-09-27T15:35:34.425774
RECI,Columbia Research Enhanced Core Premium Income ETF Shares,20.56,0.01,0.05,9,4950,0,2026-09-27T15:35:34.425774
REEUF,Cartesian Growth Corporation II,11.69,0.0,0.0,0,1,0,2026-09-27T15:35:34.425774
REGCO,Regency Centers Corporation,21.06,-0.24,-1.13,8545,3252,0,2026-09-27T15:35:34.425774
REGCP,Regency Centers Corporation,21.97,-0.29,-1.3,26966,3680,0,2026-09-27T15:35:34.425774
REIX,NYLIM ETF Trust - NYLIM CBRE Real Estate & Infrastructure ETF,28.57,-0.1,-0.33,1,11252,0,2026-09-27T15:35:34.425774
REMC,Columbia Research Enhanced Mid Cap ETF,22.85,0.09,0.4,269,1542,0,2026-09-27T15:35:34.425774
RESM,Columbia Research Enhanced Small Cap ETF,23.18,0.02,0.11,1,1534,0,2026-09-27T15:35:34.425774
REXR-PC,"Rexford Industrial Realty, Inc.",19.65,-0.22,-1.11,13629,3432,0,2026-09-27T15:35:34.425774
RF-PE,Regions Financial Corporation,15.58,-0.02,-0.13,42018,50866,0,2026-09-27T15:35:34.425774
RF-PF,Regions Financial Corporation,24.92,-0.06,-0.24,29299,29424,0,2026-09-27T15:35:34.425774
RFAMU,RF Acquisition Corp III,10.0,-0.14,-1.43,1635,6242,0,2026-09-27T15:35:34.425774
RGAKF,Rigaku Holdings Corporation,10.75,0.6,5.91,100,9221,0,2026-09-27T15:35:34.425774
RGKUY,Rigaku Holdings Corporation,11.1,0.79,7.66,893,149902,0,2026-09-27T15:35:34.425774
RILYL,"BRC Group Holdings, Inc.",11.96,-0.37,-3.03,11657,5907,0,2026-09-27T15:35:34.425774
RILYP,"BRC Group Holdings, Inc.",11.42,-0.52,-4.36,12022,9974,0,2026-09-27T15:35:34.425774
RITM-PA,Rithm Capital Corp.,25.38,-0.05,-0.2,12842,12247,0,2026-09-27T15:35:34.425774
RITM-PB,Rithm Capital Corp.,25.33,-0.09,-0.37,28430,28524,0,2026-09-27T15:35:34.425774
RITM-PC,Rithm Capital Corp.,24.36,-0.15,-0.61,48174,31744,0,2026-09-27T15:35:34.425774
RITM-PD,Rithm Capital Corp.,25.25,-0.04,-0.16,50707,51150,0,2026-09-27T15:35:34.425774
RITM-PE,Rithm Capital Corp.,23.62,-0.41,-1.71,126521,31414,0,2026-09-27T15:35:34.425774
RIV-PA,"RiverNorth Opportunities Fund, Inc.",20.9,0.02,0.1,3465,6147,0,2026-09-27T15:35:34.425774
RJCA,Carillon Series Trust - Rj Clarivest Capital Appreciation Etf,74.92,0.43,0.58,15074,18615,0,2026-09-27T15:35:34.425774
RMHY,Global X Adaptive Risk Managed High Yield ETF,24.46,-0.02,-0.07,6481,16512,0,2026-09-27T15:35:34.425774
RMRC,ARMOR Core Risk-Managed ETF,25.26,0.04,0.16,1,1890,0,2026-09-27T15:35:34.425774
RNAQU,Rainier Acquisition Corporation Units,10.18,0.01,0.1,13671,83152,0,2026-09-27T15:35:34.425774
RNR-PG,RenaissanceRe Holdings Ltd.,14.25,-0.03,-0.21,90340,34399,0,2026-09-27T15:35:34.425774
ROBX,Amplify Top 10 Robotics ETF,23.11,0.33,1.45,6240,2192,0,2026-09-27T15:35:34.425774
RPGSF,Rockpoint Gas Storage Inc.,16.85,0.0,0.0,600,7802,0,2026-09-27T15:35:34.425774
RPT-PC,Rithm Property Trust Inc.,24.8,-0.24,-0.96,24499,2100,0,2026-09-27T15:35:34.425774
RREVU,RRE Ventures Acquisition Corp.,10.06,0.0,0.0,3954,753,0,2026-09-27T15:35:34.425774
RTACU,Renatus Tactical Acquisition Corp I,10.75,0.0,0.0,54,2711,0,2026-09-27T15:35:34.425774
RVMDW,"Revolution Medicines, Inc.",11.62,0.86,8.04,116314,0,0,2026-09-27T15:35:34.425774
RWAYI,Runway Growth Finance Corp.,24.55,-0.08,-0.32,3164,5717,0,2026-09-27T15:35:34.425774
RWEM,Rayliant NxtGen Multifactor Emerging Markets Equity ETF,36.75,-0.29,-0.78,2423,9965,0,2026-09-27T15:35:34.425774
RWIN,Rayliant NxtGen Multifactor International Equity ETF,27.32,-0.23,-0.83,1500,348,0,2026-09-27T15:35:34.425774
RWLC,The Advisors' Inner Circle Fund III - Rayliant Wilshire NxtGen US Large Cap Equity ETF,38.88,0.21,0.54,5567,6673,0,2026-09-27T15:35:34.425774
RWT-PA,"Redwood Trust, Inc.",22.67,0.13,0.58,15124,7915,0,2026-09-27T15:35:34.425774
RWTP,"Redwood Trust, Inc.",22.6,-0.24,-1.05,2040,6707,0,2026-09-27T15:35:34.425774
RWTQ,"Redwood Trust, Inc.",20.77,-0.46,-2.16,32947,21774,0,2026-09-27T15:35:34.425774
RYLBF,Royal Bank of Canada,19.5,0.0,0.0,1000,8,0,2026-09-27T15:35:34.425774
SAAQU,Space Asset Acquisition Corp.,10.24,0.0,0.0,16,900,0,2026-09-27T15:35:34.425774
SACH-PA,Sachem Capital Corp.,21.0,0.04,0.17,3472,4230,0,2026-09-27T15:35:34.425774
SALI,Schroders US Autocallable Ladder Income ETF,25.34,0.11,0.45,1884,125144,0,2026-09-27T15:35:34.425774
SASS,M.D. Sass Concentrated Equities ETF,23.74,0.13,0.53,130,1280,0,2026-09-27T15:35:34.425774
SBMW,"Security Midwest Bancorp, Inc.",18.2,-0.3,-1.62,100,306,0,2026-09-27T15:35:34.425774
SBNCM,"Southern BancShares (N.C.), Inc.",11.75,0.0,0.0,100,5,0,2026-09-27T15:35:34.425774
SBXD-UN,SilverBox Corp IV,11.52,0.38,3.41,2117,1059,0,2026-09-27T15:35:34.425774
SCATU,Southern Cross Acquisition II Corp,10.04,0.0,0.0,11589,115609,0,2026-09-27T15:35:34.425774
SCHW-PJ,The Charles Schwab Corporation,16.06,-0.06,-0.34,61249,85995,0,2026-09-27T15:35:34.425774
SCOP,--,12.14,0.17,1.42,42660,0,0,2026-09-27T15:35:34.425774
SCPQU,Social Commerce Partners Corporation,10.28,0.0,0.0,100,2098,0,2026-09-27T15:35:34.425774
SDMF,Simplify DBi CTA Managed Future,26.93,-0.24,-0.89,8452,22206,0,2026-09-27T15:35:34.425774
SDUR,Aristotle Short Term Income ETF,24.84,0.02,0.1,41521,14148,0,2026-09-27T15:35:34.425774
SEAL-PA,Seapeak LLC,25.7,-0.07,-0.27,3589,4154,0,2026-09-27T15:35:34.425774
SEAL-PB,Seapeak LLC,25.74,-0.1,-0.39,4853,6496,0,2026-09-27T15:35:34.425774
SECA,Main Active Rotation ETF,25.25,0.1,0.4,12569,14160,0,2026-09-27T15:35:34.425774
SEPQ,STF Tactical Growth & Income ETF,27.93,0.21,0.77,37726,27652,0,2026-09-27T15:35:34.425774
SEUS,SEI QiM U.S. Equity Factor Allocation Active ETF,25.86,0.16,0.61,54451,701439,0,2026-09-27T15:35:34.425774
SF-PC,Stifel Financial Corp.,21.66,-0.08,-0.37,24331,19799,0,2026-09-27T15:35:34.425774
SF-PD,Stifel Financial Corp.,15.67,-0.15,-0.95,32089,28762,0,2026-09-27T15:35:34.425774
SFGV,EA Series Trust - Sequoia Global Value ETF,35.8,0.19,0.53,6802,15498,0,2026-09-27T15:35:34.425774
SFYI,SoFi Social 50 Income ETF,25.21,-0.03,-0.13,451,2472,0,2026-09-27T15:35:34.425774
SGRT,SMART Earnings Growth 30 ETF,34.38,0.56,1.64,16266,37053,0,2026-09-27T15:35:34.425774
SGRW,Harbor Active Small Cap Growth ETF,24.85,0.01,0.06,5,16246,0,2026-09-27T15:35:34.425774
SHO-PH,"Sunstone Hotel Investors, Inc.",22.4,0.03,0.13,30175,12865,0,2026-09-27T15:35:34.425774
SHO-PI,"Sunstone Hotel Investors, Inc.",21.75,-0.02,-0.09,25122,8494,0,2026-09-27T15:35:34.425774
SHRD,Arimathea Catholic Bond Index ETF,24.04,0.07,0.27,5025,2904,0,2026-09-27T15:35:34.425774
SIF,"SIFCO Industries, Inc.",22.06,0.73,3.42,17353,129158,0,2026-09-27T15:35:34.425774
SIGIP,"Selective Insurance Group, Inc.",15.14,-0.16,-1.03,11978,18690,0,2026-09-27T15:35:34.425774
SIOO,VistaShares Target 15TM S&P 100 Distribution ETF,19.93,0.05,0.26,3661,9849,0,2026-09-27T15:35:34.425774
SKUU,Graniteshares 2x Long SK Hynix Daily ETF,30.6,1.57,5.39,1051000,6355000,0,2026-09-27T15:35:34.425774
SLCRF,Silver Crown Royalties Inc.,26.45,0.55,2.14,1627,10733,0,2026-09-27T15:35:34.425774
SLFIF,Sun Life Financial Inc.,15.0,0.0,0.0,100,24,0,2026-09-27T15:35:34.425774
SLJY,Amplify SILJ Junior Silver Miners Covered Call ETF,29.88,0.2,0.67,22123,36141,0,2026-09-27T15:35:34.425774
SLNHP,"Soluna Holdings, Inc.",12.82,0.0,0.0,204,9820,0,2026-09-27T15:35:34.425774
SLON,ProShares Ultra Solana ETF,44.71,3.47,8.41,489153,98876,0,2026-09-27T15:35:34.425774
SLTY,YieldMax Ultra Short Option Inc,20.22,-0.04,-0.2,13274,17584,0,2026-09-27T15:35:34.425774
SLVX,Nicholas Silver Income ETF,14.91,0.16,1.06,27126,22666,0,2026-09-27T15:35:34.425774
SMCIP,"Super Micro Computer, Inc.",72.2,2.92,4.21,1172000,902368,0,2026-09-27T15:35:34.425774
SMCP,SMART Mid Cap ETF,26.93,0.09,0.34,1074,5207,0,2026-09-27T15:35:34.425774
SMHC,VanEck China Semiconductor ETF,46.83,-0.16,-0.34,10454,130973,0,2026-09-27T15:35:34.425774
SMRF,"ALPS Nautilus SMR, Nuclear & Technology ETF",23.3,-0.1,-0.45,10953,8947,0,2026-09-27T15:35:34.425774
SNUS-PH,"Santander Holdings USA, Inc.",21.07,0.19,0.91,15861,42917,0,2026-09-27T15:35:34.425774
SNUS-PI,"Santander Holdings USA, Inc.",25.41,0.09,0.36,130256,35969,0,2026-09-27T15:35:34.425774
SOMN,The Southern Company,44.74,-0.03,-0.07,42690,199644,0,2026-09-27T15:35:34.425774
SOR,Source Capital,45.4,-0.01,-0.03,10133,10476,0,2026-09-27T15:35:34.425774
SORNU,Soren Acquisition Corp.,10.2,0.0,0.0,707,360,0,2026-09-27T15:35:34.425774
SOUL-UN,Soulpower Acquisition Corporation,10.6,0.0,0.0,103,244,0,2026-09-27T15:35:34.425774
SPCF,Proshares Ultra Spacex,16.27,0.1,0.62,1286000,2564000,0,2026-09-27T15:35:34.425774
SPCK,SPAC and New Issue ETF,21.95,0.24,1.11,2604,6369,0,2026-09-27T15:35:34.425774
SPE-PC,"Special Opportunities Fund, Inc.",24.66,0.0,0.0,7164,2779,0,2026-09-27T15:35:34.425774
SPG-PJ,"Simon Property Group, Inc.",54.92,-1.79,-3.16,1011,1311,0,2026-09-27T15:35:34.425774
SPMA,"Sound Point Meridian Capital, Inc.",24.9,0.0,0.0,11172,4747,0,2026-09-27T15:35:34.425774
SPME,"Sound Point Meridian Capital, Inc.",24.8,-0.02,-0.08,2110,3007,0,2026-09-27T15:35:34.425774
SPTU,State Street SPDR Portfolio Ultra Short T-Bill ETF,25.07,0.01,0.04,511,2928,0,2026-09-27T15:35:34.425774
SPYM,State Street SPDR Portfolio S&P,90.8,0.51,0.56,7847000,11519000,0,2026-09-27T15:35:34.425774
SQS,Sapient Quality Select ETF,28.29,0.18,0.65,18859,15898,0,2026-09-27T15:35:34.425774
SSACU,SPACSphere Acquisition Corp.,10.3,0.0,0.0,1006,763,0,2026-09-27T15:35:34.425774
SSBP,"SSB Bancorp, Inc.",23.3,0.5,2.19,802,2728,0,2026-09-27T15:35:34.425774
SSCP,SMART Small Cap ETF,25.97,0.02,0.09,1076,4906,0,2026-09-27T15:35:34.425774
STBQ,Amplify Stablecoin Technology Leaders ETF,24.54,0.39,1.6,376,2660,0,2026-09-27T15:35:34.425774
STRC,Strategy Inc,98.54,0.23,0.23,1573000,1588000,0,2026-09-27T15:35:34.425774
STRK,Strategy Inc,74.89,1.3,1.77,129838,98598,0,2026-09-27T15:35:34.425774
STRN,SMART Trend 25 ETF,26.6,0.22,0.82,2901,11336,0,2026-09-27T15:35:34.425774
STSM,Defiance Daily Target 2X Short TSM ETF,30.13,-0.09,-0.28,1918,8030,0,2026-09-27T15:35:34.425774
SUMAU,SUMA Acquisition Corporation,10.2,-0.05,-0.44,150,120,0,2026-09-27T15:35:34.425774
SUNFF,Sun Life Financial Inc.,11.82,0.0,0.0,500,128,0,2026-09-27T15:35:34.425774
SVIVU,Spring Valley Acquisition Corp. IV,10.55,-0.17,-1.59,900,347,0,2026-09-27T15:35:34.425774
SWGNF,The Swatch Group AG,41.9,0.0,0.0,300,33,0,2026-09-27T15:35:34.425774
SYF-PA,Synchrony Financial,18.15,-0.13,-0.69,112355,52026,0,2026-09-27T15:35:34.425774
SYF-PB,Synchrony Financial,25.51,-0.1,-0.39,36638,34931,0,2026-09-27T15:35:34.425774
T-PA,AT&T Inc.,17.62,0.0,0.0,105690,220694,0,2026-09-27T15:35:34.425774
T-PC,AT&T Inc.,16.55,-0.03,-0.18,202927,238668,0,2026-09-27T15:35:34.425774
TABD,Transamerica Bond Active ETF,23.95,0.01,0.02,1,5450,0,2026-09-27T15:35:34.425774
TACN,"T. Rowe Price Exchange-Traded Funds, Inc. - T. Rowe Price Active Core International Equity ETF",28.8,0.26,0.91,8,2109,0,2026-09-27T15:35:34.425774
TACOU,Berto Acquisition Corp.,10.77,0.0,0.0,115,452,0,2026-09-27T15:35:34.425774
TALV,Transamerica Large Value Active ETF,28.4,0.12,0.44,1,8177,0,2026-09-27T15:35:34.425774
TCBIO,"Texas Capital Bancshares, Inc.",18.64,-0.22,-1.17,33467,18687,0,2026-09-27T15:35:34.425774
TCEYF,TC Energy Corporation,12.15,0.0,0.0,100,1,0,2026-09-27T15:35:34.425774
TCV,Towle Value ETF,31.89,0.08,0.24,38,12577,0,2026-09-27T15:35:34.425774
TDCL,GraniteShares 2x Long TDC Daily ETF,15.24,-0.16,-1.05,6,3588,0,2026-09-27T15:35:34.425774
TDNA,T. Rowe Price Biotech ETF,24.48,0.07,0.3,441,2200,0,2026-09-27T15:35:34.425774
TDS-PU,"Telephone and Data Systems, Inc.",19.86,-0.09,-0.45,51157,29250,0,2026-09-27T15:35:34.425774
TDS-PV,"Telephone and Data Systems, Inc.",17.95,0.03,0.17,65980,40567,0,2026-09-27T15:35:34.425774
TECY,GraniteShares YieldBOOST Technology ETF,21.11,0.16,0.77,67,916,0,2026-09-27T15:35:34.425774
TEMR,T. Rowe Price Emerging Markets Equity Research ETF,29.09,0.31,1.07,6,1198,0,2026-09-27T15:35:34.425774
TEO,Telecom Argentina S.A.,13.02,-0.36,-2.69,155201,264355,0,2026-09-27T15:35:34.425774
TEST,Tidal Trust II - YieldMax TSLA Performance & Distribution Target 25 ETF,37.58,-0.48,-1.25,422,833,0,2026-09-27T15:35:34.425774
TETUF,Technology & Telecommunication Acquisition Corporation,12.0,0.0,0.0,95,3,0,2026-09-27T15:35:34.425774
TEXU,Direxion Daily Energy Top 5 Bul,38.16,-0.28,-0.73,1901,2901,0,2026-09-27T15:35:34.425774
TFC-PI,Truist Financial Corporation,18.12,0.03,0.17,17281,30665,0,2026-09-27T15:35:34.425774
TFC-PO,Truist Financial Corporation,18.74,-0.33,-1.73,111622,66818,0,2026-09-27T15:35:34.425774
TFC-PR,Truist Financial Corporation,16.94,-0.21,-1.22,125346,107785,0,2026-09-27T15:35:34.425774
TFFI,Chesapeake Trend-Following Fixed Income ETF,21.77,-0.07,-0.34,2093,9492,0,2026-09-27T15:35:34.425774
TFGZ,Thornburg Focus Growth Fund ETF Class,36.2,0.65,1.84,1294,1414,0,2026-09-27T15:35:34.425774
TFIN-P,"Triumph Financial, Inc.",21.9,0.01,0.05,23364,4082,0,2026-09-27T15:35:34.425774
TGRZ,China AI Tigers LLM ETF,13.75,-0.22,-1.56,4889,34566,0,2026-09-27T15:35:34.425774
THNBY,Technoprobe S.p.A.,69.1,1.51,2.23,100,3920,0,2026-09-27T15:35:34.425774
THYP,21shares Hyperliquid Staking ETF,53.11,-1.65,-3.01,29632,83959,0,2026-09-27T15:35:34.425774
TIH,The Investment House ETF,24.92,0.07,0.29,4,13350,0,2026-09-27T15:35:34.425774
TIIV,AAM Todd International Intrinsi,30.44,0.25,0.84,3,503,0,2026-09-27T15:35:34.425774
TILC,Thrivent International Large Cap ETF,25.48,0.23,0.9,434763,4628,0,2026-09-27T15:35:34.425774
TINS,Templeton International Insights ETF,28.88,0.25,0.88,6,133,0,2026-09-27T15:35:34.425774
TIPA,Northern Trust 2030 Inflation-L,98.05,0.12,0.13,8,2165,0,2026-09-27T15:35:34.425774
TIPB,Northern Trust 2035 Inflation-L,95.83,0.18,0.19,3563,744,0,2026-09-27T15:35:34.425774
TIPC,Northern Trust 2045 Inflation-Linked Distributing Ladder ETF,93.37,-0.05,-0.06,1,806,0,2026-09-27T15:35:34.425774
TIPD,Northern Trust 2055 Inflation-Linked Distributing Ladder ETF,91.22,0.02,0.03,7,200,0,2026-09-27T15:35:34.425774
TIPE,--,98.43,0.2,0.2,7,0,0,2026-09-27T15:35:34.425774
TIPG,--,96.13,0.17,0.17,9,0,0,2026-09-27T15:35:34.425774
TISC,Thrivent International Small Cap ETF,23.95,0.21,0.89,13,50903,0,2026-09-27T15:35:34.425774
TISCY,Taisei Corporation,21.27,1.32,6.62,50,1158,0,2026-09-27T15:35:34.425774
TIZE,TCW ETF Trust - TCW Securitized Income ETF,34.01,0.05,0.13,6,10370,0,2026-09-27T15:35:34.425774
TKNQ,Amplify TokenizationTechnology Leaders ETF,26.48,0.2,0.76,308,1547,0,2026-09-27T15:35:34.425774
TKNS,21Shares Active Crypto ETF,29.91,1.89,6.73,1337,500,0,2026-09-27T15:35:34.425774
TLACU,Three Lions Acquisition Corp.,10.13,0.1,1.0,1438,245594,0,2026-09-27T15:35:34.425774
TLG,Touchstone Large Company Growth ETF,28.05,0.24,0.85,8712,6598,0,2026-09-27T15:35:34.425774
TLIE,--,25.05,0.08,0.33,10,5,0,2026-09-27T15:35:34.425774
TMID,T. Rowe Price Mid Cap Equity Research ETF,25.21,0.04,0.17,311,1328,0,2026-09-27T15:35:34.425774
TMLP,Tortoise Capital Series Trust - Tortoise MLP ETF,28.37,-0.23,-0.8,681,2338,0,2026-09-27T15:35:34.425774
TMYY,GraniteShares YieldBOOST TSM ETF,22.01,0.06,0.29,1047,2655,0,2026-09-27T15:35:34.425774
TOT,Lionshares U.S. Equity Total Return ETF,24.28,0.13,0.52,55,714,0,2026-09-27T15:35:34.425774
TPFC,Timothy Plan Free Cash Flow ETF,27.47,0.07,0.27,894,2504,0,2026-09-27T15:35:34.425774
TPFG,Timothy Plan Free Cash Flow Growth ETF,26.18,0.2,0.78,149,3111,0,2026-09-27T15:35:34.425774
TPFI,Timothy Plan Fixed Income ETF,24.01,0.04,0.18,2270,5112,0,2026-09-27T15:35:34.425774
TPRY,VistaShares Target 15 TEPRTantrum Contrarian Distribution ETF,19.15,0.08,0.4,1774,5022,0,2026-09-27T15:35:34.425774
TPUT,T. Rowe Price Capital Appreciation Market Opportunities ETF,25.22,-0.05,-0.2,730,6990,0,2026-09-27T15:35:34.425774
TRAD-UN,Apex Tech Acquisition Inc.,10.44,0.0,0.0,1795,1010,0,2026-09-27T15:35:34.425774
TROT,Invesco MSCI Treasury Duration Rotation ETF,24.21,0.04,0.17,1,131,0,2026-09-27T15:35:34.425774
TRPEF,TC Energy Corporation,14.0,0.0,0.0,2000,1,0,2026-09-27T15:35:34.425774
TRSB,"Trustar Bankshares, Inc.",17.0,-0.5,-2.86,200,513,0,2026-09-27T15:35:34.425774
TRTN-PB,Triton International Limited,24.77,-0.2,-0.79,18453,6368,0,2026-09-27T15:35:34.425774
TRTN-PC,Triton International Limited,23.11,-0.21,-0.9,16534,8283,0,2026-09-27T15:35:34.425774
TRTN-PD,Triton International Limited,21.69,0.07,0.31,3158,6108,0,2026-09-27T15:35:34.425774
TRTN-PE,Triton International Limited,18.05,-0.01,-0.06,22134,9040,0,2026-09-27T15:35:34.425774
TRTN-PF,Triton International Limited,23.56,-0.1,-0.42,9523,7921,0,2026-09-27T15:35:34.425774
TRTN-PG,Triton International Limited,23.48,-0.01,-0.03,31760,18407,0,2026-09-27T15:35:34.425774
TRTX-PC,"TPG RE Finance Trust, Inc.",16.58,-0.19,-1.13,10676,7650,0,2026-09-27T15:35:34.425774
TRUF,VanEck Financials TruSector ETF,28.68,-0.53,-1.81,3,448,0,2026-09-27T15:35:34.425774
TRUH,VanEck Healthcare TruSector ETF,29.89,0.17,0.57,219,943,0,2026-09-27T15:35:34.425774
TRUI,Vaneck Industrials TruSector ETF,24.38,0.0,0.0,12,466,0,2026-09-27T15:35:34.425774
TRUM,VanEck Materials TruSector ETF,24.78,0.05,0.2,609,238,0,2026-09-27T15:35:34.425774
TRUN,VanEck Energy TruSector ETF,29.67,0.0,0.0,31,326,0,2026-09-27T15:35:34.425774
TRUO,Vaneck Consumer Staples TruSector ETF,25.07,-0.03,-0.1,409,697,0,2026-09-27T15:35:34.425774
TRUR,VanEck Real Estate TruSector ETF,23.78,-0.56,-2.31,5,156,0,2026-09-27T15:35:34.425774
TRUU,Vaneck Utilities TruSector ETF,21.77,-0.6,-2.66,59,165,0,2026-09-27T15:35:34.425774
TSCZ,T. Rowe Price Securitized Income ETF,49.49,-0.08,-0.16,1,44843,0,2026-09-27T15:35:34.425774
TSEE,T. Rowe Price Small Cap ETF,24.88,-0.0,-0.02,2157,2200,0,2026-09-27T15:35:34.425774
TSES,Truth Social Funds - Truth Social American Energy Security ETF,30.61,-0.04,-0.15,13,1093,0,2026-09-27T15:35:34.425774
TSIC,Truth Social Funds - American Icons ETF,23.92,0.1,0.44,24,458,0,2026-09-27T15:35:34.425774
TSLI,GraniteShares ETF Trust - GraniteShares 2x Long NIO Daily ETF,18.51,-0.65,-3.39,14899,22084,0,2026-09-27T15:35:34.425774
TSLTF,TransAlta Corporation,18.77,0.0,0.0,100,19,0,2026-09-27T15:35:34.425774
TSNF,Truth Social Funds - American Next Frontiers ETF,31.99,-0.05,-0.15,847,1434,0,2026-09-27T15:35:34.425774
TSRS,Truth Social Funds - Truth Social American Red State Reits Etf,24.96,0.06,0.22,645,485,0,2026-09-27T15:35:34.425774
TSSD,Truth Social Funds - American Security & Defense ETF,30.11,-0.59,-1.93,235,1746,0,2026-09-27T15:35:34.425774
TSXU,Direxion Daily Semiconductors T,62.41,0.94,1.53,344576,147738,0,2026-09-27T15:35:34.425774
TTOP,21Shares FTSE Crypto 10 Index ETF,20.1,-0.03,-0.14,4525,542,0,2026-09-27T15:35:34.425774
TTXD,Direxion Daily Technology Top 5,11.68,-0.3,-2.5,6205,11707,0,2026-09-27T15:35:34.425774
TTXU,Direxion Daily Technology Top 5,36.92,0.92,2.54,16966,8676,0,2026-09-27T15:35:34.425774
TVACU,Texas Ventures Acquisition III Corp,10.65,0.0,0.0,400,415,0,2026-09-27T15:35:34.425774
TVC,Tennessee Valley Authority,23.8,0.05,0.21,10659,18157,0,2026-09-27T15:35:34.425774
TVIVU,Texas Ventures Acquisition IV Corp.,10.05,0.0,0.0,1251,4914,0,2026-09-27T15:35:34.425774
TVNB,The Turbotville National Bank,52.0,0.0,0.0,75,1,0,2026-09-27T15:35:34.425774
TWOD,Two Harbors Investment Corp.,26.29,0.01,0.04,35399,51287,0,2026-09-27T15:35:34.425774
TX,Ternium S.A.,55.36,-0.17,-0.31,249963,596068,0,2026-09-27T15:35:34.425774
TXBC,21Shares FTSE Crypto 10 ex-BTC Index ETF,18.96,0.14,0.75,2259,1741,0,2026-09-27T15:35:34.425774
TXCA,Northern Trust California Intermediate Tax-Exempt Bond ETF,49.49,-0.32,-0.63,6,800,0,2026-09-27T15:35:34.425774
TXNU,Direxion Daily Txn Bull 2X ETF,43.26,2.14,5.21,7452,18887,0,2026-09-27T15:35:34.425774
TXNY,Northern Trust New York Intermediate Tax-Exempt Bond ETF,49.35,-0.51,-1.01,6,1966,0,2026-09-27T15:35:34.425774
TXXH,21Shares 2x Long HYPE ETF,76.5,-5.44,-6.63,17741,21267,0,2026-09-27T15:35:34.425774
TYYY,xETFs TSLA Daily Income ETF,38.67,-0.6,-1.53,10,166,0,2026-09-27T15:35:34.425774
UAC-UN,United Acquisition Corp. I,10.1,0.0,0.0,19050,4613,0,2026-09-27T15:35:34.425774
UCBG,State Street(R) SPDR(R) Uc Investments 90/10 Endowment Strategy Index ETF,50.64,0.22,0.44,4041,2993,0,2026-09-27T15:35:34.425774
UEPCO,Union Electric Company,86.85,0.0,0.0,11,39,0,2026-09-27T15:35:34.425774
UETH,"United Ethanol, LLC.",25.0,0.0,0.0,2625,41,0,2026-09-27T15:35:34.425774
UFOX,Defiance Space and Connective Tech ETF,86.32,0.69,0.81,11817,36017,0,2026-09-27T15:35:34.425774
UGLD,Direxion Daily Gold Bull 2X ETF,21.18,0.15,0.74,14282,47533,0,2026-09-27T15:35:34.425774
UMBFO,UMB Financial Corporation,25.92,-0.02,-0.1,16027,13338,0,2026-09-27T15:35:34.425774
UNHU,Direxion Daily Unh Bull 2X ETF,44.12,0.45,1.02,780,3261,0,2026-09-27T15:35:34.425774
URSP,ProShares Ultra S&P 500 Equal Weight,47.44,0.17,0.36,14804,56844,0,2026-09-27T15:35:34.425774
USB-PQ,U.S. Bancorp,14.1,0.01,0.07,86927,50365,0,2026-09-27T15:35:34.425774
USB-PR,U.S. Bancorp,14.89,0.02,0.13,90815,89068,0,2026-09-27T15:35:34.425774
USLV,Direxion Daily Silver Bull 2X ETF,15.54,0.23,1.48,50909,146630,0,2026-09-27T15:35:34.425774
UTF,"Cohen & Steers Infrastructure Fund, Inc",24.18,-0.04,-0.17,513512,284876,0,2026-09-27T15:35:34.425774
UXRP,ProShares Ultra XRP ETF,19.19,1.0,5.5,235057,160139,0,2026-09-27T15:35:34.425774
VAIC,VegaShares ETF Trust - VegaShares US Equity Autocallable Conservative Income ETF,25.13,0.12,0.5,1154,3650,0,2026-09-27T15:35:34.425774
VAIE,Vegashares US Equity Autocallable Income ETF,24.45,0.1,0.42,32039,50466,0,2026-09-27T15:35:34.425774
VBCA,Vanguard Target Maturity 2027 Corporate Bond ETF,75.45,0.04,0.05,19226,0,0,2026-09-27T15:35:34.425774
VBCB,Vanguard Target Maturity 2028 Corporate Bond ETF,74.93,0.07,0.09,9133,15451,0,2026-09-27T15:35:34.425774
VBCC,Vanguard Target Maturity 2029 Corporate Bond ETF,74.18,0.14,0.19,7270,8548,0,2026-09-27T15:35:34.425774
VBCD,Vanguard Target Maturity 2030 Corporate Bond ETF,73.53,0.1,0.14,1754,7543,0,2026-09-27T15:35:34.425774
VBCE,Vanguard Target Maturity 2031 Corporate Bond ETF,73.14,0.12,0.17,4559,6722,0,2026-09-27T15:35:34.425774
VBCF,Vanguard Target Maturity 2032 Corporate Bond ETF,72.77,0.17,0.23,1518,4364,0,2026-09-27T15:35:34.425774
VBCG,Vanguard Target Maturity 2033 Corporate Bond ETF,72.28,0.09,0.12,4272,2629,0,2026-09-27T15:35:34.425774
VBCH,Vanguard Target Maturity 2034 Corporate Bond ETF,72.13,0.12,0.17,3257,2919,0,2026-09-27T15:35:34.425774
VBCI,Vanguard Target Maturity 2035 Corporate Bond ETF,71.76,-0.07,-0.09,491,2069,0,2026-09-27T15:35:34.425774
VBCJ,Vanguard Target Maturity 2036 Corporate Bond ETF,71.52,0.09,0.12,5550,3953,0,2026-09-27T15:35:34.425774
VBNB,VanEck BNB ETF Common Shares of Beneficial Interest,30.1,-0.12,-0.4,634,2246,0,2026-09-27T15:35:34.425774
VCOB,Voya Core Bond ETF,47.84,0.07,0.16,330,2523,0,2026-09-27T15:35:34.425774
VEEM,VanEck MSCI EM Analyst Sentiment ETF,25.07,-0.42,-1.64,7,625,0,2026-09-27T15:35:34.425774
VGRO,Virtus ETF Trust II - Virtus Silvant Growth Opportunities ETF,25.67,0.15,0.57,5544,639,0,2026-09-27T15:35:34.425774
VHCPU,Vine Hill Capital Investment Corp. II,10.19,0.0,0.0,1103,1252,0,2026-09-27T15:35:34.425774
VLOSU,Velos Acquisition I Corp.,10.9,0.0,0.0,6,325,0,2026-09-27T15:35:34.425774
VLYPN,Valley National Bancorp,25.38,-0.03,-0.13,3901,10990,0,2026-09-27T15:35:34.425774
VMCUF,Valuence Merger Corp. I,12.0,0.0,0.0,394,1,0,2026-09-27T15:35:34.425774
VMHY,VictoryShares Municipal High Yield ETF,25.04,-0.0,-0.02,3009,299433,0,2026-09-27T15:35:34.425774
VMSD,Victoryshares Short-Duration Municipal ETF,25.01,-0.01,-0.02,148,298400,0,2026-09-27T15:35:34.425774
VNMEU,Vendome Acquisition Corporation I,10.34,0.0,0.0,1272,25,0,2026-09-27T15:35:34.425774
VNO-PN,Vornado Realty Trust,16.08,-0.02,-0.16,33390,14158,0,2026-09-27T15:35:34.425774
VNO-PO,Vornado Realty Trust,13.58,0.0,0.0,18657,18625,0,2026-09-27T15:35:34.425774
VOOB,Vistashares Shieldtm S&P 500 Enhanced Protection ETF,25.01,-0.11,-0.44,134,250,0,2026-09-27T15:35:34.425774
VOOY,XFUNDS Large Cap Income ETF,25.48,0.08,0.31,328,7300,0,2026-09-27T15:35:34.425774
VPV,Invesco Pennsylvania Value Municipal Income Trust,10.61,-0.01,-0.09,37289,27173,0,2026-09-27T15:35:34.425774
VPX,Variant Perception Cycle Aware US Equity ETF,31.59,0.05,0.15,7503,14479,0,2026-09-27T15:35:34.425774
VSECU,VSE Corporation,47.49,0.86,1.84,1618,36171,0,2026-09-27T15:35:34.425774
VUSI,Voya Ultra Short Income ETF,50.08,-0.02,-0.04,1,6015,0,2026-09-27T15:35:34.425774
WAFDP,"WaFd, Inc.",16.09,-0.15,-0.92,21001,18233,0,2026-09-27T15:35:34.425774
WAL-PA,Western Alliance Bancorporation,24.87,0.04,0.16,66598,25480,0,2026-09-27T15:35:34.425774
WAMA,WisdomTree US Adaptive Moving Average Fund,27.09,0.12,0.44,8393,5972,0,2026-09-27T15:35:34.425774
WCPB,Weitz Core Plus Bond ETF,24.52,0.04,0.18,46636,47203,0,2026-09-27T15:35:34.425774
WDEF,WisdomTree Europe Defense Fund,28.75,-0.01,-0.03,25515,30961,0,2026-09-27T15:35:34.425774
WDS,Woodside Energy Group Ltd,22.04,-0.26,-1.17,641647,643234,0,2026-09-27T15:35:34.425774
WEDX,Aventus Capital Inc.,14.59,-1.61,-9.94,700,5084,0,2026-09-27T15:35:34.425774
WELD,Tema U.S. Manufacturing & Reshoring ETF,53.82,0.45,0.84,22610,39317,0,2026-09-27T15:35:34.425774
WENC-UN,West Enclave Merger Corp.,10.16,0.0,0.0,1533,701,0,2026-09-27T15:35:34.425774
WENNU,Wen Acquisition Corp.,10.64,0.0,0.0,201,358,0,2026-09-27T15:35:34.425774
WEPN,Nicholas Defense and Rare Earth,42.47,-0.51,-1.2,2298,2250,0,2026-09-27T15:35:34.425774
WFC-PA,Wells Fargo & Company,16.99,0.04,0.24,345108,154571,0,2026-09-27T15:35:34.425774
WFC-PD,Wells Fargo & Company,15.52,0.08,0.52,355174,130787,0,2026-09-27T15:35:34.425774
WFC-PZ,Wells Fargo & Company,16.97,0.0,0.0,896396,267929,0,2026-09-27T15:35:34.425774
WIMA,WisdomTree International Adaptive Moving Average Fund,42.76,0.41,0.98,34,2566,0,2026-09-27T15:35:34.425774
WIPKF,Winpak Ltd.,30.3,0.14,0.46,309,15252,0,2026-09-27T15:35:34.425774
WLDSW,Wearable Devices Ltd.,14.82,0.0,0.0,100,0,0,2026-09-27T15:35:34.425774
WMK,"Weis Markets, Inc.",72.02,-0.29,-0.4,137904,179388,0,2026-09-27T15:35:34.425774
WMSB,Weitz Multisector Bond ETF,24.42,0.04,0.16,15372,8257,0,2026-09-27T15:35:34.425774
WNGPF,George Weston Limited,14.0,0.0,0.0,11000,15,0,2026-09-27T15:35:34.425774
WRTH,Worth Charting Options Income ETF,25.99,0.06,0.21,24818,47638,0,2026-09-27T15:35:34.425774
WSBCO,"WesBanco, Inc.",25.21,-0.08,-0.32,1058,18563,0,2026-09-27T15:35:34.425774
WSDB,Weitz Short Duration Bond ETF,24.66,0.03,0.1,106,1555,0,2026-09-27T15:35:34.425774
WSMD,Wasatch Small/Mid Cap ETF,24.04,0.05,0.23,548,11802,0,2026-09-27T15:35:34.425774
WSPC,WisdomTree Space Economy Fund,27.41,0.27,1.01,116,1083,0,2026-09-27T15:35:34.425774
WTFCN,Wintrust Financial Corporation,25.98,0.0,0.0,5219,25241,0,2026-09-27T15:35:34.425774
WTIB,USCF Oil Plus Bitcoin Strategy Fund,37.77,-1.21,-3.1,120,1195,0,2026-09-27T15:35:34.425774
XAIW,SpaceXAI Lab Ecosystem ETF,25.21,0.28,1.11,1962,2722,0,2026-09-27T15:35:34.425774
XBFR,Innovator Equity Managed 10 Buffer ETF,27.05,0.07,0.28,4007,11379,0,2026-09-27T15:35:34.425774
XELLL,Xcel Energy Inc.,21.52,-0.18,-0.85,55777,78447,0,2026-09-27T15:35:34.425774
XFLH-UN,XFLH Capital Corporation,10.08,0.0,0.0,313,2721,0,2026-09-27T15:35:34.425774
XIIIU,Churchill Capital Corp XIII,10.6,0.0,0.0,114,258892,0,2026-09-27T15:35:34.425774
XLBI,State Street Materials Select S,23.31,0.04,0.19,4895,6044,0,2026-09-27T15:35:34.425774
XLCI,State Street Communication Services Select Sector SPDR Premium Income ETF,23.99,-0.16,-0.68,972,2841,0,2026-09-27T15:35:34.425774
XLEI,State Street Energy Select Sect,27.63,-0.2,-0.72,77454,133530,0,2026-09-27T15:35:34.425774
XLFI,State Street Financial Select S,23.42,0.18,0.77,2666,9906,0,2026-09-27T15:35:34.425774
XLII,State Street Industrial Select Sector SPDR Premium Income ETF,24.48,0.16,0.67,7585,15822,0,2026-09-27T15:35:34.425774
XLKI,State Street Technology Select,27.38,0.1,0.37,59425,20500,0,2026-09-27T15:35:34.425774
XLRI,State Street Real Estate Select,22.22,-0.05,-0.22,1956,3325,0,2026-09-27T15:35:34.425774
XLSI,State Street Consumer Staples S,22.86,0.06,0.25,4090,19290,0,2026-09-27T15:35:34.425774
XLUI,State Street Utilities Select S,21.68,0.04,0.19,25077,53623,0,2026-09-27T15:35:34.425774
XLVI,State Street Health Care Select,26.48,0.06,0.24,70153,39231,0,2026-09-27T15:35:34.425774
XLYI,State Street Consumer Discretionary Select Sector SPDR Premium Income ETF,21.71,0.03,0.14,2540,26642,0,2026-09-27T15:35:34.425774
XQBT,Amplify Top 10 Quantum ETF,24.9,0.15,0.63,1251,2362,0,2026-09-27T15:35:34.425774
XRN-PA,Chiron Real Estate Inc.,24.78,-0.1,-0.42,3582,4901,0,2026-09-27T15:35:34.425774
XRN-PB,Chiron Real Estate Inc.,25.55,-0.23,-0.89,777,8004,0,2026-09-27T15:35:34.425774
XRP,Bitwise XRP ETF,17.59,0.5,2.93,2044000,1358000,0,2026-09-27T15:35:34.425774
XRPNU,Armada Acquisition Corp. II,11.36,0.0,0.0,51,865,0,2026-09-27T15:35:34.425774
XRPZ,Franklin XRP ETF,17.09,0.48,2.89,535352,486315,0,2026-09-27T15:35:34.425774
XSLLU,Xsolla SPAC 1,10.06,0.0,0.0,501,1749,0,2026-09-27T15:35:34.425774
XSPC,VegaShares SpaceX & Beyond Earth ETF,21.25,0.01,0.02,938,4483,0,2026-09-27T15:35:34.425774
XVAD,FT Vest AMD & Target Income ETF,30.45,0.06,0.21,714,533,0,2026-09-27T15:35:34.425774
XVAZ,FT Vest AMZN & Target Income ETF,29.24,-0.01,-0.02,353,266,0,2026-09-27T15:35:34.425774
XVGL,FT Vest GOOG & Target Income ETF,29.29,0.15,0.51,656,400,0,2026-09-27T15:35:34.425774
XVMS,FT Vest MSFT & Target Income ETF,31.06,1.1,3.66,248,266,0,2026-09-27T15:35:34.425774
XVMT,FT Vest META & Target Income ETF,30.51,-1.08,-3.43,177,233,0,2026-09-27T15:35:34.425774
XVPT,FT Vest PLTR & Target Income ETF,30.79,-0.52,-1.67,118,233,0,2026-09-27T15:35:34.425774
XWNG,Amplify Top 10 Space ETF,23.41,0.14,0.62,19,1414,0,2026-09-27T15:35:34.425774
XXV,Simplify Ancorato Target 25 Distribution ETF,23.18,0.04,0.17,60773,30763,0,2026-09-27T15:35:34.425774
YCLO,Franklin BSP CLO ETF,25.23,-0.0,-0.02,217,3347,0,2026-09-27T15:35:34.425774
YLDW,Westwood Enhanced Income Opport,25.46,0.11,0.43,2,7480,0,2026-09-27T15:35:34.425774
YRAM,YieldMax Memory and Storage Portfolio Option Income ETF,54.92,0.91,1.68,10483,10189,0,2026-09-27T15:35:34.425774
YSAG,Y'all Street Physical Silver ETF,64.46,0.76,1.2,58,1836,0,2026-09-27T15:35:34.425774
YSAU,Y'all Street Physical Gold ETF,42.95,-4.04,-8.6,14960,1600,0,2026-09-27T15:35:34.425774
ZDIS,Virtus Zevenbergen Discovery Growth ETF,60.65,0.29,0.49,3,2796,0,2026-09-27T15:35:34.425774
ZGBEF,2G Energy AG,64.1,0.0,0.0,0,11,0,2026-09-27T15:35:34.425774
ZINC,Zacks Income ETF,25.66,0.09,0.36,1256,8726,0,2026-09-27T15:35:34.425774
ZINN,Virtus Zevenbergen Innovative Growth ETF,41.68,0.1,0.24,1,9468,0,2026-09-27T15:35:34.425774
ZIONP,"Zions Bancorporation, National Association",17.56,-0.04,-0.23,4456,5075,0,2026-09-27T15:35:34.425774
ZJGIY,--,18.18,-0.67,-3.56,200,3473,0,2026-09-27T15:35:34.425774
ZKPU,Lafayette Digital Acquisition Corp. I,10.08,0.0,0.0,7,358,0,2026-09-27T15:35:34.425774
ZSICY,"Zhejiang Sanhua Intelligent Controls Co.,Ltd",12.34,-0.66,-5.08,200,726,0,2026-09-27T15:35:34.425774
ABXL,"Abacus Global Management, Inc.",25.34,0.01,0.04,26966,8750,0,2026-09-27T15:35:34.425774
ADAMI,"New York Mortgage Trust, Inc. 9.125% Senior Notes Due 2029",25.01,0.0,0.0,4853,5771,0,2026-09-27T15:35:34.425774
ADAMK,"Adamas Trust, Inc. 9.600% Senior Notes Due 2031",25.05,-0.03,-0.14,6809,50141,0,2026-09-27T15:35:34.425774
ADAMO,"Adamas Trust, Inc. 9.250% Senior Notes Due 2031",24.7,-0.17,-0.7,32232,20774,0,2026-09-27T15:35:34.425774
AEFC,Aegon Funding Company LLC 5.10%,17.85,-0.01,-0.06,48110,60500,0,2026-09-27T15:35:34.425774
AFGB,"American Financial Group, Inc.",21.96,-0.12,-0.54,18588,15933,0,2026-09-27T15:35:34.425774
AFGD,"American Financial Group, Inc.",21.69,-0.11,-0.5,11919,15844,0,2026-09-27T15:35:34.425774
AFGE,"American Financial Group, Inc.",16.95,-0.12,-0.7,5698,10715,0,2026-09-27T15:35:34.425774
AGM-PI,Federal Agricultural Mortgage Corp,24.02,-0.03,-0.12,8309,18502,0,2026-09-27T15:35:34.425774
AGQPF,Algonquin Power & Utilities Corp,14.45,0.0,0.0,500,7,0,2026-09-27T15:35:34.425774
AILIO,Ameren Illinois Company PFD 4.26%,72.0,0.0,0.0,200,1,0,2026-09-27T15:35:34.425774
AILIP,Ameren Illinois Company PFD 4.20%,67.0,0.0,0.0,40,15,0,2026-09-27T15:35:34.425774
AILLP,Ameren Illinois Company PFD 4%,62.25,0.0,0.0,100,242,0,2026-09-27T15:35:34.425774
AIZN,"Assurant, Inc. 5.25% Subordinat",18.13,-0.12,-0.66,9706,17317,0,2026-09-27T15:35:34.425774
AOMD,"Angel Oak Mortgage REIT, Inc. 9",25.07,-0.01,-0.03,16276,4507,0,2026-09-27T15:35:34.425774
AOMN,"Angel Oak Mortgage REIT, Inc. 9",25.12,-0.12,-0.48,4363,4684,0,2026-09-27T15:35:34.425774
APOS,"Apollo Global Management, Inc.",25.43,0.14,0.55,33449,59328,0,2026-09-27T15:35:34.425774
AQNB,Algonquin Power & Utilities Cor,26.27,0.09,0.34,23123,23196,0,2026-09-27T15:35:34.425774
ARES-PB,Ares Management Corp,39.47,0.51,1.31,26597,176665,0,2026-09-27T15:35:34.425774
ASBA,--,24.9,0.05,0.2,17126,32038,0,2026-09-27T15:35:34.425774
ATHS,Athene Holding Ltd. 7.250% Fixe,24.35,-0.04,-0.16,14479,32936,0,2026-09-27T15:35:34.425774
ATLCL,Atlanticus Holdings Corporation 6.125% Senior Notes due 2026,25.23,-0.02,-0.08,49927,7330,0,2026-09-27T15:35:34.425774
ATLCZ,Atlanticus Holdings Corporation 9.25% Senior Notes due 2029,25.59,-0.08,-0.31,14068,15041,0,2026-09-27T15:35:34.425774
BA-PA,Boeing Co,61.83,0.23,0.37,61523,919476,0,2026-09-27T15:35:34.425774
BANFP,BFC Capital Trust II PFD TR 7.20%,26.86,-0.39,-1.43,504,795,0,2026-09-27T15:35:34.425774
BANGN,Emera Maine PFD 7%,86.5,0.0,0.0,2,0,0,2026-09-27T15:35:34.425774
BC-PC,NASDAQ MEA Basic Resources Larg,23.97,0.57,2.44,3328,0,0,2026-09-27T15:35:34.425774
BEPH,Brookfield BRP Holdings (Canada,14.86,-0.01,-0.07,27473,30220,0,2026-09-27T15:35:34.425774
BEPI,Brookfield BRP Holdings (Canada,16.19,0.18,1.12,28710,28468,0,2026-09-27T15:35:34.425774
BEPJ,Brookfield BRP Holdings (Canada,22.55,0.04,0.18,7686,10339,0,2026-09-27T15:35:34.425774
BFH-PA,Bread Financial Holdings Inc,24.25,0.0,0.0,14829,8873,0,2026-09-27T15:35:34.425774
BHFAL,"Brighthouse Financial, Inc.",15.63,-0.2,-1.26,17157,28769,0,2026-09-27T15:35:34.425774
BIPH,Brookfield Infrastructure Finance LLC 5% Sub. Notes due 2081,15.43,0.03,0.19,12363,18947,0,2026-09-27T15:35:34.425774
BIPI,BIP Bermuda Holdings I Limited,15.9,-0.06,-0.38,7159,22817,0,2026-09-27T15:35:34.425774
BKFAF,Brookfield Asset Management Inc,10.12,0.0,0.0,900,48,0,2026-09-27T15:35:34.425774
BMNP,BitMine Immersion Technologies Inc,99.46,-0.04,-0.04,36442,41511,0,2026-09-27T15:35:34.425774
BNH,NASDAQ DM Ex US Industrials Ind,14.87,0.02,0.13,7959,24804,0,2026-09-27T15:35:34.425774
BNJ,Brookfield Finance Inc. 4.50% P,14.39,0.05,0.31,7118,23944,0,2026-09-27T15:35:34.425774
BOH-PB,Bank of Hawaii Corp,25.8,0.05,0.19,4258,12750,0,2026-09-27T15:35:34.425774
BPOPM,Popular Capital Trust II PFD GTD 6.125%,25.09,0.0,0.0,577,2915,0,2026-09-27T15:35:34.425774
BURCP,"Burnham Holdings, Inc. PFD 6%",53.25,0.0,0.0,200,3,0,2026-09-27T15:35:34.425774
C-PN,Citigroup Capital XIII TR PFD SECS,26.55,0.1,0.38,191156,250798,0,2026-09-27T15:35:34.425774
CGABL,The Carlyle Group Inc. 4.625% Subordinated Notes due 2061,15.5,-0.09,-0.58,19214,28341,0,2026-09-27T15:35:34.425774
CHTRP,"Charter Communications, Inc. Series A Cumulative Redeemable Preferred Stock",22.41,-0.42,-1.84,12915,10668,0,2026-09-27T15:35:34.425774
CICC,"China Internet Cafe Holdings Group, Inc.",24.5,0.04,0.16,1435,5222,0,2026-09-27T15:35:34.425774
CIMN,Chimera Investment Corporation,25.08,-0.09,-0.34,3504,9498,0,2026-09-27T15:35:34.425774
CIMP,Chimera Investment Corporation,25.03,0.08,0.32,18674,8942,0,2026-09-27T15:35:34.425774
CMSA,CMS Energy Corporation 5.6% JRSUB NT 78,19.25,-0.12,-0.63,8104,19046,0,2026-09-27T15:35:34.425774
CMSC,CMS Energy Corporation 5.875% J,20.4,-0.11,-0.54,17301,20426,0,2026-09-27T15:35:34.425774
CMSD,CMS Energy Corporation 5.875% J,20.3,-0.07,-0.34,52941,73239,0,2026-09-27T15:35:34.425774
CNAUF,Canadian Utilities Limited 2ND PFD SER Y,15.0,0.0,0.0,3100,3,0,2026-09-27T15:35:34.425774
CNO-PA,"CNO Financial Group, Inc. 5.125",16.65,0.11,0.67,1172,0,0,2026-09-27T15:35:34.425774
CNUTF,Canadian Utilities Limited 2ND PFD SER DD%,14.52,0.0,0.0,1000,14,0,2026-09-27T15:35:34.425774
CPRHF,Capital Power Corp,18.87,0.0,0.0,100,9,0,2026-09-27T15:35:34.425774
CPWPF,Capital Power Corp,17.67,0.0,0.0,10,1,0,2026-09-27T15:35:34.425774
CRBD,Corebridge Financial Inc. 6.375,20.71,-0.45,-2.13,41301,56017,0,2026-09-27T15:35:34.425774
CTAG,--,17.69,-0.04,-0.23,4283,0,0,2026-09-27T15:35:34.425774
CTGG,--,16.13,-0.03,-0.15,53427,111688,0,2026-09-27T15:35:34.425774
CTHH,--,16.66,0.05,0.27,10169,67374,0,2026-09-27T15:35:34.425774
CUBB,"Customers Bancorp, Inc 5.375% S",21.25,0.23,1.07,250,1409,0,2026-09-27T15:35:34.425774
DCBG,--,26.5,-0.15,-0.56,2698,1887,0,2026-09-27T15:35:34.425774
DDT,Dillards Capital Trust I CAP SECS 7.5%,26.26,0.03,0.11,6683,8733,0,2026-09-27T15:35:34.425774
DHCNI,Diversified Healthcare Trust -,17.62,-0.23,-1.29,11994,15290,0,2026-09-27T15:35:34.425774
DMRRP,Dayton &amp; Michigan Railroad Co. PFD 8%,60.0,0.0,0.0,21,1,0,2026-09-27T15:35:34.425774
DTB,DTE Energy Company 2020 Series,15.34,0.0,0.0,63905,25319,0,2026-09-27T15:35:34.425774
DTG,DTE Energy Company 2021 Series,15.36,-0.13,-0.84,18139,32060,0,2026-09-27T15:35:34.425774
DTK,DTE Energy Company 2025 Series,21.38,0.15,0.71,43449,55573,0,2026-09-27T15:35:34.425774
DTW,DTE Energy Company JR SUB DB 2017 E,18.55,0.02,0.11,28658,31517,0,2026-09-27T15:35:34.425774
DUKB,Duke Energy Corporation 5.625%,20.27,-0.05,-0.25,72497,51093,0,2026-09-27T15:35:34.425774
DXPRV,Dynex Capital Inc,24.72,0.01,0.04,65757,1546000,0,2026-09-27T15:35:34.425774
EAI,"Entergy Arkansas, Inc. 1M BD 4.875%66",18.74,-0.12,-0.66,18107,26182,0,2026-09-27T15:35:34.425774
EBRGF,Enbridge Inc. CUM RED PREF Series B,17.0,0.0,0.0,200,30,0,2026-09-27T15:35:34.425774
ECCU,Eagle Point Credit Company Inc.,25.04,-0.07,-0.28,19274,4131,0,2026-09-27T15:35:34.425774
ECCV,Eagle Point Credit Company Inc.,24.06,0.2,0.84,9984,3769,0,2026-09-27T15:35:34.425774
ELC,"Entergy Louisiana, LLC COLLATERAL TR MT",18.69,-0.11,-0.59,15915,22755,0,2026-09-27T15:35:34.425774
EMP,"Entergy Mississippi, Inc. 1M BD 66",19.08,-0.05,-0.29,11108,14439,0,2026-09-27T15:35:34.425774
ENBGF,Enbridge Inc,17.5,0.0,0.0,100,15,0,2026-09-27T15:35:34.425774
ENBOF,Enbridge Inc,17.2,0.0,0.0,200,3,0,2026-09-27T15:35:34.425774
ENJ,"Entergy Utility Group, Inc. 1ST MTG 5% 52",19.14,0.24,1.25,825,1512,0,2026-09-27T15:35:34.425774
ENO,"Entergy Utility Group, Inc. 1ST MTG BD 66",20.33,-0.12,-0.59,4542,6826,0,2026-09-27T15:35:34.425774
EP-PC,El Paso Energy Capital Trust I PFD CV TR SECS,49.66,-0.06,-0.12,2174,4204,0,2026-09-27T15:35:34.425774
F-PB,Ford Motor Company 6.20% Notes,19.81,-0.04,-0.2,40788,0,0,2026-09-27T15:35:34.425774
F-PC,Ford Motor Company 6% Notes due,19.15,-0.12,-0.65,32062,0,0,2026-09-27T15:35:34.425774
F-PD,Ford Motor Company 6.500% Notes,20.41,-0.12,-0.56,53585,0,0,2026-09-27T15:35:34.425774
FCNCN,"First Citizens BancShares, Inc. Depositary Shares, each representing a 1/40th interest in a share of 6.625% Non-Cumulative Perpetual Preferred Stock, Series E",23.19,-0.07,-0.28,45583,37830,0,2026-09-27T15:35:34.425774
FGN,"F&G Annuities & Life, Inc. 7.95",24.28,-0.05,-0.21,14410,23722,0,2026-09-27T15:35:34.425774
FGSN,"F&G Annuities & Life, Inc. 7.30",20.33,-0.16,-0.78,21708,21409,0,2026-09-27T15:35:34.425774
FHN-PH,First Horizon Corp,23.45,0.27,1.16,434798,44299,0,2026-09-27T15:35:34.425774
FITB-PI,Fifth Third Bancorp,25.65,-0.02,-0.06,33304,28265,0,2026-09-27T15:35:34.425774
FLG-PU,New York Community Capital Trust V,37.79,-0.16,-0.42,3111,21629,0,2026-09-27T15:35:34.425774
FMCKK,Federal Home Loan Mortgage Corporation PFD,10.78,0.0,0.0,100,3712,0,2026-09-27T15:35:34.425774
FREJO,Federal Home Loan Mortgage Corporation PFD 5.1% SAL,14.01,0.0,0.0,100,7,0,2026-09-27T15:35:34.425774
FREJP,Federal Home Loan Mortgage Corporation PFD 5.30%,11.0,-0.6,-5.17,200,195,0,2026-09-27T15:35:34.425774
GAING,Gladstone Investment Corporation 7.125% Notes due 2031,25.07,-0.02,-0.1,12848,7868,0,2026-09-27T15:35:34.425774
GAINZ,Gladstone Investment Corporation 4.875% Notes due 2028,24.29,0.0,0.0,1224,16622,0,2026-09-27T15:35:34.425774
GECCG,Great Elm Capital Corp. 7.75% Notes Due 2030,24.71,-0.11,-0.44,759,1765,0,2026-09-27T15:35:34.425774
GECCH,Great Elm Capital Corp. - 8.125,25.15,0.34,1.37,12065,1211,0,2026-09-27T15:35:34.425774
GECCI,Great Elm Capital Corp. 8.50% NOTES DUE 2029,25.04,0.04,0.16,4049,1314,0,2026-09-27T15:35:34.425774
GEGGL,"Great Elm Group, Inc. 7.25% Notes due 2027",24.51,-0.01,-0.06,6457,1419,0,2026-09-27T15:35:34.425774
GJO,Strats Trust Wal Mart Stores Inc. STRT CTF 05-4,24.74,0.0,0.0,10,665,0,2026-09-27T15:35:34.425774
GJP,Synthetic Fixed-Income Securiti,24.48,0.0,0.0,10,776,0,2026-09-27T15:35:34.425774
GJR,Strats Trust For Procter &amp; Gambel Security CTF 2006-1,24.6,0.38,1.57,250,280,0,2026-09-27T15:35:34.425774
GJS,Goldman Sachs Group Securities,23.12,-0.0,-0.0,3007,706,0,2026-09-27T15:35:34.425774
GJT,"Strats(SM) Trust For Allstate Corp Securities, Series 2006-3 06-3 ASSET BKD",23.24,0.0,0.0,13,787,0,2026-09-27T15:35:34.425774
GL-PD,Globe Life Inc. 4.25% Junior Su,14.57,0.1,0.68,9420,0,0,2026-09-27T15:35:34.425774
GNT-PA,"GAMCO Natural Resources, Gold & Income Trust",19.35,0.36,1.92,308,1726,0,2026-09-27T15:35:34.425774
GOOGM,Alphabet Inc. Depositary Shares representing a 1/20th Interest in a Share of Series A Mandatory Convertible Preferred Stock,48.9,0.17,0.35,3090000,2293000,0,2026-09-27T15:35:34.425774
GOOGN,Alphabet Inc. Depositary Shares representing a 1/20th Interest in a Share of Series B Mandatory Convertible Preferred Stock,48.67,0.29,0.6,1352000,2329000,0,2026-09-27T15:35:34.425774
GPJA,Georgia Power Company 5% JR SUB NT 77,19.01,0.01,0.05,18364,21988,0,2026-09-27T15:35:34.425774
GREEL,Greenidge Generation Holdings Inc. 8.50% Senior Notes due 2026,25.3,0.0,0.0,47,5047,0,2026-09-27T15:35:34.425774
GRWLF,Great-West Lifeco Inc,15.0,0.0,0.0,100,12,0,2026-09-27T15:35:34.425774
GWLPF,Great-West Lifeco Inc,17.06,0.0,0.0,100,6,0,2026-09-27T15:35:34.425774
HTFC,Horizon Technology Finance Corp,24.91,0.06,0.24,5036,4184,0,2026-09-27T15:35:34.425774
HWCPZ,Hancock Whitney Corporation - 6,21.24,-0.05,-0.22,5418,8457,0,2026-09-27T15:35:34.425774
INBKZ,First Internet Bancorp - Fixed-,25.15,0.05,0.2,296,4504,0,2026-09-27T15:35:34.425774
INPAP,International Paper Company PFD $4,82.81,0.0,0.0,100,11,0,2026-09-27T15:35:34.425774
IONQ-WT,"IonQ, Inc. WT",34.0,1.0,3.03,14567,0,0,2026-09-27T15:35:34.425774
IPB,Merrill Lynch Depositor Inc.,25.03,0.01,0.04,788,1060,0,2026-09-27T15:35:34.425774
JMATD,Johnson Matthey PLC,31.76,0.0,0.0,0,9,0,2026-09-27T15:35:34.425774
KKRS,KKR Group Finance Co. IX LLC 4.,15.51,-0.15,-0.96,16720,30480,0,2026-09-27T15:35:34.425774
KKRT,KKR & Co. Inc. 6.875% Subordina,23.12,0.04,0.17,30843,71015,0,2026-09-27T15:35:34.425774
KMPB,Kemper Corporation 5.875% Fixed,24.78,-0.01,-0.04,8773,13144,0,2026-09-27T15:35:34.425774
KTH,Corts Trust Peco Energy Capital Trust III,28.5,-0.25,-0.89,206,666,0,2026-09-27T15:35:34.425774
KTN,Structured Products Corp 8.205%,25.6,0.03,0.12,3917,2625,0,2026-09-27T15:35:34.425774
LAUCF,Laurentian Bank of Canada,17.77,0.0,0.0,200,3,0,2026-09-27T15:35:34.425774
MER-PK,Merrill Lynch Capital Trust I GTD CAP 6.45%,23.58,-0.16,-0.67,71010,68988,0,2026-09-27T15:35:34.425774
MFAN,"MFA Financial, Inc. 8.875% Seni",25.16,0.01,0.04,26135,12855,0,2026-09-27T15:35:34.425774
MFAO,"MFA Financial, Inc. 9.000% Seni",25.21,-0.04,-0.15,12229,8619,0,2026-09-27T15:35:34.425774
MFICL,MidCap Financial Investment Corporation,25.17,0.03,0.12,7437,201839,0,2026-09-27T15:35:34.425774
MGR,"Affiliated Managers Group, Inc.",19.66,-0.06,-0.3,15994,32234,0,2026-09-27T15:35:34.425774
MGRB,"Affiliated Managers Group, Inc.",16.34,0.11,0.7,13973,22428,0,2026-09-27T15:35:34.425774
MGRD,"Affiliated Managers Group, Inc.",14.58,0.01,0.07,22956,26695,0,2026-09-27T15:35:34.425774
MGRE,"Affiliated Managers Group, Inc.",21.83,-0.06,-0.29,14083,25957,0,2026-09-27T15:35:34.425774
MHNC,"Maiden Holdings North America, Ltd.",10.25,0.0,0.0,8944,4349,0,2026-09-27T15:35:34.425774
MITN,"TPG Mortgage Investment Trust,",25.36,-0.07,-0.28,2980,2331,0,2026-09-27T15:35:34.425774
MITP,"TPG Mortgage Investment Trust,",25.32,-0.1,-0.39,7901,10425,0,2026-09-27T15:35:34.425774
MLCIL,Mount Logan Capital Inc. 8.00% Notes Due 2031,22.21,0.0,0.0,79,1057,0,2026-09-27T15:35:34.425774
MNQFF,Manulife Financial Corp,16.17,0.0,0.0,100,48,0,2026-09-27T15:35:34.425774
MTEST-A,--,25.07,0.0,0.01,68700,0,0,2026-09-27T15:35:34.425774
NE-WT,Noble Corporation plc WT,25.26,-3.8,-13.06,341,0,0,2026-09-27T15:35:34.425774
NEE-PN,"NextEra Energy, Inc. Series N J",19.43,0.0,0.0,80068,0,0,2026-09-27T15:35:34.425774
NEE-PU,"NextEra Energy, Inc. Series U J",22.54,-0.01,-0.04,67285,0,0,2026-09-27T15:35:34.425774
NEE-PW,NextEra Energy Capital Holdings,22.55,0.11,0.49,40320,0,0,2026-09-27T15:35:34.425774
NEWTG,"NewtekOne, Inc. 8.50% Fixed Rate Senior Notes due 2029",25.23,0.08,0.32,3988,3368,0,2026-09-27T15:35:34.425774
NEWTI,"NewtekOne, Inc. 8.00% Fixed Rate Senior Notes due 2028",25.15,-0.01,-0.03,561,1614,0,2026-09-27T15:35:34.425774
NIFCF,Nifco Inc,25.47,0.0,0.0,600,9,0,2026-09-27T15:35:34.425774
NMFCZ,New Mountain Finance Corporation 8.250% Notes due 2028,25.4,0.05,0.2,6325,11822,0,2026-09-27T15:35:34.425774
NMKBP,Niagara Mohawk Power Corp,57.05,-2.7,-4.52,150,74,0,2026-09-27T15:35:34.425774
NMKCP,Niagara Mohawk Power Corp,63.0,0.0,0.0,60,61,0,2026-09-27T15:35:34.425774
NMPWP,Niagara Mohawk Power Corporation PFD 3.40%,55.0,0.0,0.0,100,4,0,2026-09-27T15:35:34.425774
NPICF,Northland Power Inc,17.13,0.0,0.0,1400,25,0,2026-09-27T15:35:34.425774
NRUC,National Rural Utilities Cooper,20.92,0.16,0.77,8747,23190,0,2026-09-27T15:35:34.425774
NSARP,NSTAR Electric Company PFD 4.25%,67.25,0.0,0.0,300,182,0,2026-09-27T15:35:34.425774
NSLRL,SuRo Capital Corp. 6.00% Notes due 2026,24.86,-0.12,-0.5,661,1493,0,2026-09-27T15:35:34.425774
NTEST,--,25.0,0.0,0.0,11801,0,0,2026-09-27T15:35:34.425774
OAK-PA,"Oaktree Capital Group, LLC 6.625% PFD UT A",20.7,0.33,1.6,19789,8539,0,2026-09-27T15:35:34.425774
OFSSH,OFS Capital Corporation 4.95% Notes due 2028,23.84,0.0,0.0,106,3100,0,2026-09-27T15:35:34.425774
OXLCL,Oxford Lane Capital Corp. 6.75% Notes due 2031,23.94,-0.2,-0.83,430,1960,0,2026-09-27T15:35:34.425774
OXLCM,Oxford Lane Capital Corp. 6.75% Series 2024 Term Preferred Stock,25.1,-0.01,-0.05,1209,9609,0,2026-09-27T15:35:34.425774
OXLCZ,Oxford Lane Capital Corp. 5.00% Notes due 2027,24.91,0.0,0.0,1491,4280,0,2026-09-27T15:35:34.425774
OXSQG,Oxford Square Capital Corp. 5.50% Notes due 2028,24.35,0.03,0.12,1270,1200,0,2026-09-27T15:35:34.425774
OXY-WT,Occidental Petroleum Corporation WT,34.85,-1.22,-3.38,25607,0,0,2026-09-27T15:35:34.425774
PBUB,Portfolio Building Block US Banks ETF,25.17,-0.05,-0.21,203,203,0,2026-09-27T15:35:34.425774
PCG-PX,PG&E Corp,31.72,0.03,0.09,20077,305648,0,2026-09-27T15:35:34.425774
PFH,"Prudential Financial, Inc. 4.12",15.06,-0.17,-1.15,63778,45953,0,2026-09-27T15:35:34.425774
PFXNZ,PhenixFIN Corporation 5.25% Notes due 2028,24.04,0.14,0.59,373,1850,0,2026-09-27T15:35:34.425774
PMMBF,Pembina Pipeline Corporation CUM PFD SER A 21,18.01,0.0,0.0,1,31,0,2026-09-27T15:35:34.425774
PMTU,PennyMac Mortgage Investment Tr,25.18,-0.0,-0.0,2294,2438,0,2026-09-27T15:35:34.425774
PMTV,PennyMac Mortgage Investment Tr,25.31,-0.02,-0.09,7546,15419,0,2026-09-27T15:35:34.425774
PNMXO,Public Service Company of New Mexico PFD 4.58%,73.75,0.75,1.03,100,44,0,2026-09-27T15:35:34.425774
PRH,"Prudential Financial, Inc. JR SUB NT 53",21.33,0.14,0.66,33443,52207,0,2026-09-27T15:35:34.425774
PRS,"Prudential Financial, Inc. 5.62",20.08,-0.09,-0.45,54711,47692,0,2026-09-27T15:35:34.425774
PSA-PT,Public Storage,21.58,-0.01,-0.05,20395,47012,0,2026-09-27T15:35:34.425774
PSA-PU,Public Storage,21.6,-0.18,-0.82,504,12775,0,2026-09-27T15:35:34.425774
PTEST-X,--,24.97,0.0,0.0,23860,0,0,2026-09-27T15:35:34.425774
PTEST-Z,--,25.0,0.0,0.0,0,0,0,2026-09-27T15:35:34.425774
PVILF,Partners Value Investments LP,18.01,0.0,0.0,116,0,0,2026-09-27T15:35:34.425774
QXO-PB,QXO Inc,41.27,0.6,1.48,47389,101625,0,2026-09-27T15:35:34.425774
RCD,Invesco S&P 500 Equal Weight Consumer Discretionary ETF,23.1,-0.07,-0.3,3408,7012,0,2026-09-27T15:35:34.425774
RILYG,"B. Riley Financial, Inc. 7.25% Senior Notes due 2027",24.75,-0.02,-0.09,12424,9000,0,2026-09-27T15:35:34.425774
RILYN,"B. Riley Financial, Inc. 6.50% Senior Notes Due 2026",25.25,0.02,0.08,18284,17823,0,2026-09-27T15:35:34.425774
RILYT,"B. Riley Financial, Inc. 6.00% Senior Notes Due 2028",20.64,-0.09,-0.43,12874,19541,0,2026-09-27T15:35:34.425774
RILYZ,"B. Riley Financial, Inc. 7.50% Senior Notes Due 2027",19.54,-0.06,-0.31,10374,47257,0,2026-09-27T15:35:34.425774
RITM-PF,Rithm Capital Corp,24.3,-0.16,-0.65,48101,36283,0,2026-09-27T15:35:34.425774
RWAYL,MSCI ACWI exAU/CONSUMER GRTR US,25.12,0.03,0.12,5232,3950,0,2026-09-27T15:35:34.425774
RWTN,"Redwood Trust, Inc. 9.125% Seni",23.9,-0.26,-1.08,6803,5701,0,2026-09-27T15:35:34.425774
RWTO,"Redwood Trust, Inc. 9.00% Senio",23.03,-0.38,-1.62,3162,5388,0,2026-09-27T15:35:34.425774
RWTS,--,20.8,-0.38,-1.79,91834,31123,0,2026-09-27T15:35:34.425774
RZC,7.125% Fixed-Rate Reset Subordinated Debentures due 2052,25.43,0.0,0.0,21037,52709,0,2026-09-27T15:35:34.425774
SAJ,Saratoga Investment Corp 8.00%,25.2,0.01,0.06,1273,3000,0,2026-09-27T15:35:34.425774
SAV,Saratoga Investment Corp 7.50%,24.51,-0.12,-0.51,1495,11165,0,2026-09-27T15:35:34.425774
SAX,--,24.95,0.07,0.28,9691,43642,0,2026-09-27T15:35:34.425774
SAY,Saratoga Investment Corp 8.125%,25.15,0.01,0.06,3403,5934,0,2026-09-27T15:35:34.425774
SAZ,Saratoga Investment Corp 8.50%,25.19,-0.26,-1.01,7045,6292,0,2026-09-27T15:35:34.425774
SBNCN,"Southern BancShares (N.C.), Inc. PFD CL C",12.0,0.0,0.0,99,2,0,2026-09-27T15:35:34.425774
SCCD,Sachem Capital Corp. 6.00% Note,24.89,0.0,0.0,151,2900,0,2026-09-27T15:35:34.425774
SCCE,Sachem Capital Corp. 6.00% Note,24.55,-0.08,-0.32,5661,4640,0,2026-09-27T15:35:34.425774
SCCF,Sachem Capital Corp. 7.125% Not,24.62,0.0,0.0,3,2476,0,2026-09-27T15:35:34.425774
SCCG,Sachem Capital Corp. 8.00% Note,24.75,0.0,0.0,984,2903,0,2026-09-27T15:35:34.425774
SCE-PG,SCE Trust II TR PFD SECS 5.1%,16.44,-0.32,-1.91,12812,21609,0,2026-09-27T15:35:34.425774
SCE-PL,SCE Trust VI 5% TR PREF SECS,16.4,-0.2,-1.2,46360,63710,0,2026-09-27T15:35:34.425774
SCE-PM,SCE Trust VII,22.68,-0.42,-1.82,136081,67307,0,2026-09-27T15:35:34.425774
SCE-PN,SCE Trust VIII,21.07,-0.47,-2.18,35910,35445,0,2026-09-27T15:35:34.425774
SENEL,Seneca Foods Corporation PFD CONV 2003,27.5,0.0,0.0,0,0,0,2026-09-27T15:35:34.425774
SFB,Stifel Financial Corporation 5.,19.16,-0.01,-0.08,10175,12755,0,2026-09-27T15:35:34.425774
SOJC,The Southern Company JR 2017B NT 77,18.65,0.0,0.0,32456,40680,0,2026-09-27T15:35:34.425774
SOJD,Southern Company (The) Series 2,17.72,-0.03,-0.17,109474,107919,0,2026-09-27T15:35:34.425774
SOJE,Southern Company (The) Series 2,15.82,-0.16,-1.0,76385,78104,0,2026-09-27T15:35:34.425774
SOJF,Southern Company (The) Series 2,23.48,0.05,0.21,50572,55157,0,2026-09-27T15:35:34.425774
SREA,DBA Sempra 5.750% Junior Subord,19.14,-0.25,-1.29,67564,67403,0,2026-09-27T15:35:34.425774
SRJN,Spire Inc. 6.375% Junior Subord,21.53,-0.06,-0.28,24030,27141,0,2026-09-27T15:35:34.425774
SWKHL,SWK Holdings Corporation 9.00% Senior Notes due 2027,25.05,-0.02,-0.08,11182,3509,0,2026-09-27T15:35:34.425774
TBB,AT&T Inc. 5.35% GLB NTS 66,19.21,0.11,0.58,140925,147925,0,2026-09-27T15:35:34.425774
TCPA,TransCanada PipeLines Limited 6,20.89,0.01,0.05,30456,37730,0,2026-09-27T15:35:34.425774
TDBCP,The Toronto-Dominion Bank,17.5,0.0,0.0,100,1,0,2026-09-27T15:35:34.425774
TESTZ,Test Company,20.0,0.0,0.0,500,0,0,2026-09-27T15:35:34.425774
TMSOF,Thomson Reuters Corp,11.05,0.0,0.0,1,183,0,2026-09-27T15:35:34.425774
TMUSI,"T-Mobile US, Inc. 5.500% Senior Notes due June 2070",19.01,-0.27,-1.4,64099,38285,0,2026-09-27T15:35:34.425774
TMUSL,"T-Mobile US, Inc. 6.250% Senior Notes due 2069",21.39,-0.39,-1.79,9455,54330,0,2026-09-27T15:35:34.425774
TMUSZ,"T-Mobile US, Inc. 5.500% Senior Notes due March 2070",19.08,-0.34,-1.73,37100,41831,0,2026-09-27T15:35:34.425774
TORK,KraneShares Actuator ETF,25.19,0.28,1.13,3783,2150,0,2026-09-27T15:35:34.425774
TPGXL,"TPG Operating Group II, L.P. 6.950% Fixed-Rate Junior Subordinated Notes due 2064",20.81,-0.12,-0.55,11621,20757,0,2026-09-27T15:35:34.425774
TPTS,--,15.53,1.03,7.1,2251,357355,0,2026-09-27T15:35:34.425774
TRNI,--,25.02,0.0,0.0,7872,11206,0,2026-09-27T15:35:34.425774
TRNZ,--,25.05,0.01,0.06,13531,9882,0,2026-09-27T15:35:34.425774
TY-P,Tri-Continental Corporation PFD $2.50,39.66,0.86,2.22,1602,2275,0,2026-09-27T15:35:34.425774
UNMA,Unum Group 6.250% JR NT58,21.59,0.0,0.0,21510,36609,0,2026-09-27T15:35:34.425774
USB-PS,U.S. Bancorp,16.67,-0.03,-0.18,48285,56595,0,2026-09-27T15:35:34.425774
UZD,"Array Digital Infrastructure, I",18.0,0.1,0.56,2368,5514,0,2026-09-27T15:35:34.425774
UZE,"Array Digital Infrastructure, I",16.18,-0.14,-0.86,1536,8080,0,2026-09-27T15:35:34.425774
UZF,"Array Digital Infrastructure, I",16.27,0.02,0.12,3737,6541,0,2026-09-27T15:35:34.425774
WELPP,Wisconsin Electric Power Company PFD 3.60%,63.0,-0.01,-0.02,100,249,0,2026-09-27T15:35:34.425774
WHFCL,"WhiteHorse Finance, Inc. 7.875% Notes due 2028",25.08,0.04,0.16,5692,3722,0,2026-09-27T15:35:34.425774
WHR-PA,Whirlpool Corp,29.0,-0.68,-2.29,62305,80935,0,2026-09-27T15:35:34.425774
WRB-PF,W.R. Berkley Corporation 5.10%,18.24,-0.04,-0.19,36242,0,0,2026-09-27T15:35:34.425774
WRB-PG,W.R. Berkley Corporation 4.25%,15.78,0.01,0.06,5824,0,0,2026-09-27T15:35:34.425774
WRB-PH,W.R. Berkley Corporation 4.125%,14.98,0.07,0.47,19229,0,0,2026-09-27T15:35:34.425774
ZZZTE,--,100.0,-0.05,-0.05,352000,0,0,2026-09-27T15:35:34.425774
