Symbol,Name,Price (Intraday),Change,% Change,Volume,Avg Vol (3 month),Market Cap,Date
QH,Quhuo Limited,3.68,0.03,0.82,10575,24550,323945000000,2026-10-04T15:39:50.867522
CICHF,China Construction Bank Corporation,1.2,-0.06,-4.76,169,69614,313920000000,2026-10-04T15:39:50.867522
PCCYF,PetroChina Company Limited,1.22,0.01,0.83,400,26767,300567000000,2026-10-04T15:39:50.867522
ZIJMF,Zijin Mining Group Company Limited,4.02,-0.1,-2.43,3500,58420,106895000000,2026-10-04T15:39:50.867522
CILJF,China Life Insurance Company Limited,3.6,0.01,0.28,401,12759,101753000000,2026-10-04T15:39:50.867522
BKFCF,"Bank of Communications Co., Ltd.",1.09,0.0,0.0,1000,29,96317000000,2026-10-04T15:39:50.867522
CAIXY,"CaixaBank, S.A.",4.48,-0.01,-0.22,22498,322501,93441000000,2026-10-04T15:39:50.867522
TKOMF,"Tokio Marine Holdings, Inc.",3.28,-0.01,-0.3,100,344857,92971000000,2026-10-04T15:39:50.867522
LLDTF,Lloyds Banking Group plc,1.53,0.23,17.69,267,4821,87988000000,2026-10-04T15:39:50.867522
NPPXF,"NTT, Inc.",1.03,-0.03,-2.83,20000,75660,83361000000,2026-10-04T15:39:50.867522
XIACF,Xiaomi Corporation,3.16,-0.07,-2.17,1000,34604,81379000000,2026-10-04T15:39:50.867522
SFBQF,SoftBank Corp.,1.47,-0.01,-0.41,1000,161703,70268000000,2026-10-04T15:39:50.867522
SNGNF,Singapore Telecommunications Limited,3.48,0.0,0.0,13,12360,56710000000,2026-10-04T15:39:50.867522
LNVGF,Lenovo Group Limited,4.41,0.04,0.92,344,58218,54705000000,2026-10-04T15:39:50.867522
CMCLF,CMOC Group Limited,1.99,0.01,0.51,338,19139,47918000000,2026-10-04T15:39:50.867522
WMMVF,"Wal-Mart de México, S.A.B. de C.V.",2.7,0.26,10.66,3565,76939,46495000000,2026-10-04T15:39:50.867522
ABEV,Ambev S.A.,2.99,0.09,3.1,22493000,26947000,46095000000,2026-10-04T15:39:50.867522
HNHAF,"Hon Hai Precision Industry Co., Ltd.",3.26,0.0,0.0,1000,15,45624000000,2026-10-04T15:39:50.867522
DRPRY,Dr. Ing. h.c. F. Porsche AG,4.82,0.02,0.42,12200,66071,43910000000,2026-10-04T15:39:50.867522
CTPCF,CITIC Limited,1.45,0.0,0.0,265,15,42181000000,2026-10-04T15:39:50.867522
HLNCF,Haleon plc,4.46,0.06,1.36,1000,6185,39227000000,2026-10-04T15:39:50.867522
TTRAF,Telstra Group Limited,3.47,0.0,0.0,2000,1556,38653000000,2026-10-04T15:39:50.867522
BBD,Banco Bradesco S.A.,3.65,0.14,3.99,48365000,29902000,38650000000,2026-10-04T15:39:50.867522
VODPF,Vodafone Group Public Limited Company,1.63,0.0,0.0,38138,2345,37763000000,2026-10-04T15:39:50.867522
GUOSF,"Guotai Haitong Securities Co., Ltd.",2.0,0.0,0.0,200,3,35162000000,2026-10-04T15:39:50.867522
BBDO,Banco Bradesco S.A.,3.16,0.02,0.64,65833,82154,33462000000,2026-10-04T15:39:50.867522
CICOF,"COSCO SHIPPING Holdings Co., Ltd.",2.17,0.0,0.0,1000,5295,33023000000,2026-10-04T15:39:50.867522
ITCTY,ITC Limited,2.6,0.0,0.0,0,65,32579000000,2026-10-04T15:39:50.867522
WEICF,"Weichai Power Co., Ltd.",3.75,0.01,0.27,400,13831,32401000000,2026-10-04T15:39:50.867522
MLYNF,Malayan Banking Berhad,2.65,0.0,0.0,1961,54,32053000000,2026-10-04T15:39:50.867522
CRBJF,China Resources Land Limited,3.8,0.0,0.0,1170,56,27098000000,2026-10-04T15:39:50.867522
BDORY,Banco do Brasil S.A.,4.6,0.07,1.55,37366,606609,26261000000,2026-10-04T15:39:50.867522
CHHQF,China Hongqiao Group Limited,2.67,0.0,0.0,200,8460,26218000000,2026-10-04T15:39:50.867522
HNSPF,Hansoh Pharmaceutical Group Company Limited,4.25,0.0,0.0,5930,547,25767000000,2026-10-04T15:39:50.867522
HNNMY,H & M Hennes & Mauritz AB (publ),3.14,0.02,0.64,8106,203882,25063000000,2026-10-04T15:39:50.867522
MTRJF,MTR Corporation Limited,3.95,0.0,0.0,254,281,24501000000,2026-10-04T15:39:50.867522
YAHOF,LY Corporation,3.54,0.0,0.0,10000,318,24408000000,2026-10-04T15:39:50.867522
BTGOF,BT Group plc,2.46,0.0,0.0,10000,21359,24240000000,2026-10-04T15:39:50.867522
HRSHF,"Haier Smart Home Co., Ltd.",2.6,0.01,0.39,64000,10885,24188000000,2026-10-04T15:39:50.867522
CMAKY,"China Minsheng Banking Corp., Ltd.",4.33,0.0,0.0,1,1445,22722000000,2026-10-04T15:39:50.867522
AIPUF,Airports of Thailand Public Company Limited,1.58,0.0,0.0,1,169,22571000000,2026-10-04T15:39:50.867522
NISTF,Nippon Steel Corporation,4.25,0.0,0.0,1205,10178,22212000000,2026-10-04T15:39:50.867522
SIGGF,Sigma Healthcare Limited,1.92,0.0,0.0,3000,6,22143000000,2026-10-04T15:39:50.867522
NPSCY,Nippon Steel Corporation,4.15,0.0,0.0,2772,212714,21689000000,2026-10-04T15:39:50.867522
TEFOF,"Telefónica, S.A.",3.8,0.0,0.0,1000,5453,21387000000,2026-10-04T15:39:50.867522
TELFY,"Telefónica, S.A.",3.74,0.11,3.03,39748,308835,21050000000,2026-10-04T15:39:50.867522
GELYF,Geely Automobile Holdings Limited,1.89,0.01,0.53,12250,55045,20385000000,2026-10-04T15:39:50.867522
BNDSF,"Banco de Sabadell, S.A.",4.32,0.0,0.0,160,2147,20333000000,2026-10-04T15:39:50.867522
LGGNF,Legal & General Group Plc,3.78,0.0,0.0,5,3184,20299000000,2026-10-04T15:39:50.867522
FYGGY,"Fuyao Glass Industry Group Co., Ltd.",1.93,0.12,6.63,2311,25268,20147000000,2026-10-04T15:39:50.867522
CHWRF,China Tower Corporation Limited,1.15,0.0,0.0,100,61,20103000000,2026-10-04T15:39:50.867522
BPCGF,"Banco Comercial Português, S.A.",1.33,0.0,0.0,100,1737,19375000000,2026-10-04T15:39:50.867522
TNABF,Tenaga Nasional Berhad,3.08,-0.02,-0.48,17862,6651,19096000000,2026-10-04T15:39:50.867522
NPPHY,"Nippon Paint Holdings Co., Ltd.",4.09,0.06,1.49,100,3087,18973000000,2026-10-04T15:39:50.867522
HUATF,"Huatai Securities Co., Ltd.",2.1,0.0,0.0,280,4,18956000000,2026-10-04T15:39:50.867522
WLMIF,Wilmar International Limited,3.0,0.0,0.0,100,5259,18733000000,2026-10-04T15:39:50.867522
JIAXF,Jiangxi Copper Company Limited,4.3,0.0,0.0,2000,632,18273000000,2026-10-04T15:39:50.867522
CIMDF,CIMB Group Holdings Berhad,1.66,0.0,0.0,100,113,17869000000,2026-10-04T15:39:50.867522
TLSNF,Telia Company AB (publ),4.54,0.0,0.0,100,423,17852000000,2026-10-04T15:39:50.867522
SWPFF,Swire Properties Limited,2.96,-0.15,-4.82,1200,365,17339000000,2026-10-04T15:39:50.867522
SMHRY,Smoore International Holdings Limited,2.75,0.0,0.0,600,9,17038000000,2026-10-04T15:39:50.867522
WIT,Wipro Limited,1.72,-0.04,-2.27,6570000,8826000,17017000000,2026-10-04T15:39:50.867522
CCOZF,China Coal Energy Company Limited,1.28,0.0,0.0,1000,121,16971000000,2026-10-04T15:39:50.867522
GXYEF,Galaxy Entertainment Group Limited,3.84,-0.27,-6.57,101,20109,16816000000,2026-10-04T15:39:50.867522
KKPNF,Koninklijke KPN N.V.,4.45,0.07,1.6,962,26117,16786000000,2026-10-04T15:39:50.867522
KGTFF,Krung Thai Bank Public Company Limited,1.36,0.0,0.0,1000,33,16780000000,2026-10-04T15:39:50.867522
KKPNY,Koninklijke KPN N.V.,4.38,0.0,0.0,586275,760212,16522000000,2026-10-04T15:39:50.867522
HLDCY,Henderson Land Development Company Limited,3.4,-0.05,-1.45,7483,142123,16461000000,2026-10-04T15:39:50.867522
DIDIY,DiDi Global Inc.,3.65,0.04,1.11,552316,3133000,16452000000,2026-10-04T15:39:50.867522
CAOVF,China Overseas Land & Investment Limited,1.5,0.0,0.0,2000,117,16417000000,2026-10-04T15:39:50.867522
KUASF,Kuaishou Technology,3.81,0.0,0.0,1000,318,16386000000,2026-10-04T15:39:50.867522
AAFRF,Airtel Africa Plc,4.45,0.33,8.01,1000,2137,16128000000,2026-10-04T15:39:50.867522
YSHLF,Yangzijiang Shipbuilding (Holdings) Ltd.,4.08,0.0,0.0,1300,973,16079000000,2026-10-04T15:39:50.867522
GFSEF,"GF Securities Co., Ltd.",2.0,0.0,0.0,100,1,15650000000,2026-10-04T15:39:50.867522
HLDVF,Henderson Land Development Company Limited,3.23,0.0,0.0,100,3735,15638000000,2026-10-04T15:39:50.867522
SHTLF,South32 Limited,3.45,-0.13,-3.63,1000,11860,15450000000,2026-10-04T15:39:50.867522
IHHHF,IHH Healthcare Berhad,1.71,0.0,0.0,2000,47,15110000000,2026-10-04T15:39:50.867522
ZTCOF,ZTE Corporation,2.48,0.0,0.0,400,146,14733000000,2026-10-04T15:39:50.867522
JDHIY,JD Health International Inc.,4.59,-0.47,-9.29,500,61,14640000000,2026-10-04T15:39:50.867522
TGVSY,Tryg A/S,4.9,0.0,0.0,200,7,14599000000,2026-10-04T15:39:50.867522
PTXLF,PTT Exploration and Production Public Company Limited,3.85,0.0,0.0,2000,31,14119000000,2026-10-04T15:39:50.867522
SCHYF,Sands China Ltd.,1.54,0.0,0.0,500,9990,14037000000,2026-10-04T15:39:50.867522
MMLTF,MMG Limited,1.09,0.0,0.0,883,16982,14003000000,2026-10-04T15:39:50.867522
JDHIF,JD Health International Inc.,4.38,0.0,0.0,1000,64,13954000000,2026-10-04T15:39:50.867522
CJEWF,Chow Tai Fook Jewellery Group Limited,1.41,0.0,0.0,100,20,13912000000,2026-10-04T15:39:50.867522
PEXUF,PTT Exploration and Production Public Company Limited,3.48,0.0,0.0,0,14,13816000000,2026-10-04T15:39:50.867522
CPAMF,CapitaLand Integrated Commercial Trust,1.75,0.0,0.0,100,1389,13795000000,2026-10-04T15:39:50.867522
GRBMF,"Grupo Bimbo, S.A.B. de C.V.",3.16,0.0,0.0,2,635,13576000000,2026-10-04T15:39:50.867522
TKGBF,Turkiye Garanti Bankasi A.S.,3.14,0.0,0.0,102,1,13195000000,2026-10-04T15:39:50.867522
GPFOF,"Grupo Financiero Inbursa, S.A.B. de C.V.",2.18,0.0,0.0,1350,390,13047000000,2026-10-04T15:39:50.867522
SNLAF,Sino Land Company Limited,1.36,0.0,0.0,600,4,13037000000,2026-10-04T15:39:50.867522
TCMEF,Tencent Music Entertainment Group,3.99,0.0,0.0,1000,70,13006000000,2026-10-04T15:39:50.867522
STGPF,Scentre Group,2.45,-0.02,-1.01,200,1845,12812000000,2026-10-04T15:39:50.867522
STLA,Stellantis N.V.,4.4,-0.29,-6.18,42809000,22825000,12764000000,2026-10-04T15:39:50.867522
CHJTF,CSPC Pharmaceutical Group Limited,1.11,0.0,0.0,2000,109,12660000000,2026-10-04T15:39:50.867522
PRDSF,Prada S.p.A.,4.82,0.06,1.26,21052,1392,12607000000,2026-10-04T15:39:50.867522
GRAB,Grab Holdings Limited,3.08,-0.04,-1.28,64339000,53398000,12601000000,2026-10-04T15:39:50.867522
WRFRF,Wharf Real Estate Investment Company Limited,4.15,0.0,0.0,2000,234,12600000000,2026-10-04T15:39:50.867522
HKTTF,HKT Trust and HKT Limited,1.66,0.0,0.0,8,15,12583000000,2026-10-04T15:39:50.867522
DQJCF,Pan Pacific International Holdings Corporation,4.2,-0.16,-3.72,200,9532,12562000000,2026-10-04T15:39:50.867522
DELHY,Delivery Hero SE,4.06,0.03,0.74,5648,98821,12442000000,2026-10-04T15:39:50.867522
CRRFY,Carrefour SA,3.49,-0.07,-1.97,4733,258320,12348000000,2026-10-04T15:39:50.867522
TKGBY,Turkiye Garanti Bankasi A.S.,2.69,-0.19,-6.6,619,3215,12170000000,2026-10-04T15:39:50.867522
ALBKY,Alpha Bank S.A.,1.29,-0.04,-3.01,95512,25462,11912000000,2026-10-04T15:39:50.867522
CSCFF,"CSC Financial Co., Ltd.",1.52,0.0,0.0,200,12,11790000000,2026-10-04T15:39:50.867522
LKREF,Link Real Estate Investment Trust,4.55,-0.16,-3.4,705,1339,11780000000,2026-10-04T15:39:50.867522
BDOUF,"BDO Unibank, Inc.",2.12,0.0,0.0,100,212,11312000000,2026-10-04T15:39:50.867522
CPCAF,Cathay Pacific Airways Limited,1.86,0.0,0.0,100,71,11311000000,2026-10-04T15:39:50.867522
CSDXF,"COSCO SHIPPING Energy Transportation Co., Ltd.",2.07,0.0,0.0,50000,6,11298000000,2026-10-04T15:39:50.867522
BOIVF,Bolloré SE,4.01,-0.16,-3.84,100,61650,11267000000,2026-10-04T15:39:50.867522
CINSF,China Taiping Insurance Holdings Company Limited,3.12,0.0,0.0,900,1,11213000000,2026-10-04T15:39:50.867522
SDPNF,SD Guthrie Berhad,1.49,0.0,0.0,1180,15,11204000000,2026-10-04T15:39:50.867522
CGXYF,"China Galaxy Securities Co., Ltd.",1.0,0.0,0.0,0,238,10934000000,2026-10-04T15:39:50.867522
MDBPF,Medibank Private Limited,3.9,0.0,0.0,300,5,10741000000,2026-10-04T15:39:50.867522
BPHLF,Bank of the Philippine Islands,2.0,0.0,0.0,1000,34,10593000000,2026-10-04T15:39:50.867522
BDWBY,Budweiser Brewing Company APAC Limited,3.15,0.0,0.0,100,1321,10418000000,2026-10-04T15:39:50.867522
MGPUF,M&G plc,4.31,0.0,0.0,200,792,10261000000,2026-10-04T15:39:50.867522
UNICY,Unicharm Corporation,2.95,-0.03,-1.01,10150,227151,10153000000,2026-10-04T15:39:50.867522
APHBF,Alpha Bank S.A.,4.44,0.0,0.0,900,71,10018000000,2026-10-04T15:39:50.867522
MAKSF,Marks and Spencer Group plc,4.78,0.0,0.0,500,289,9890000000,2026-10-04T15:39:50.867522
CLILF,CapitaLand Investment Limited,1.98,-0.11,-5.5,93,828,9862000000,2026-10-04T15:39:50.867522
NDRBF,NIBE Industrier AB (publ),4.53,0.0,0.0,1000,356,9857000000,2026-10-04T15:39:50.867522
CMHHF,China Merchants Port Holdings Company Limited,2.34,0.0,0.0,30,642,9823000000,2026-10-04T15:39:50.867522
CVPBF,CP ALL Public Company Limited,1.15,0.0,0.0,800,159,9577000000,2026-10-04T15:39:50.867522
SAPMF,Saipem SpA,4.87,0.0,0.0,400,1395,9449000000,2026-10-04T15:39:50.867522
NIOIF,NIO Inc.,3.73,0.0,0.0,1700,36,9346000000,2026-10-04T15:39:50.867522
NIABY,NIBE Industrier AB (publ),4.6,0.0,0.0,125,542,9274000000,2026-10-04T15:39:50.867522
SHKLF,Sinotruk (Hong Kong) Limited,3.38,0.0,0.0,200,3,9268000000,2026-10-04T15:39:50.867522
JSNSF,J Sainsbury plc,4.25,0.0,0.0,159,3156,9261000000,2026-10-04T15:39:50.867522
RKUNY,"Rakuten Group, Inc.",4.23,-0.06,-1.4,6794,73229,9230000000,2026-10-04T15:39:50.867522
SFOSF,"Shanghai Fosun Pharmaceutical (Group) Co., Ltd.",2.45,0.0,0.0,100,120,9219000000,2026-10-04T15:39:50.867522
CIG-C,Companhia Energética de Minas Gerais - CEMIG,3.2,0.05,1.75,533,2669,9168000000,2026-10-04T15:39:50.867522
RKUNF,"Rakuten Group, Inc.",4.2,0.0,0.0,500,1926,9164000000,2026-10-04T15:39:50.867522
PNAGF,PETRONAS Gas Berhad,4.6,0.0,0.0,5000,78,9102000000,2026-10-04T15:39:50.867522
CPYYF,Centrica plc,2.0,0.0,0.0,1100,267,9058000000,2026-10-04T15:39:50.867522
ZHAOF,Zhaojin Mining Industry Company Limited,2.55,0.0,0.0,400,4,9033000000,2026-10-04T15:39:50.867522
SCRPF,Sembcorp Industries Ltd,4.95,0.0,0.0,2000,358,8813000000,2026-10-04T15:39:50.867522
CMGGF,Commercial International Bank Egypt (CIB) S.A.E.,2.67,0.0,0.0,279302,196,8809000000,2026-10-04T15:39:50.867522
ACDSF,CapitaLand Ascendas REIT,1.74,0.0,0.0,194,35206,8692000000,2026-10-04T15:39:50.867522
ALNPY,ANA Holdings Inc.,3.99,0.0,0.0,101,4862,8566000000,2026-10-04T15:39:50.867522
PILBF,PLS Group Limited,2.65,0.1,3.92,1500,18782,8549000000,2026-10-04T15:39:50.867522
POAHY,Porsche Automobil Holding SE,2.71,-0.02,-0.73,15515,439182,8469000000,2026-10-04T15:39:50.867522
NIO,NIO Inc.,3.37,-0.03,-0.88,25949000,30295000,8444000000,2026-10-04T15:39:50.867522
XPNGF,XPeng Inc.,4.35,-0.29,-6.25,15,49,8334000000,2026-10-04T15:39:50.867522
GNENY,"Ganfeng Lithium Group Co., Ltd.",3.96,0.0,0.0,1129,2536,8313000000,2026-10-04T15:39:50.867522
DNGFF,Dongfang Electric Corporation Limited,2.4,0.0,0.0,360,80,8300000000,2026-10-04T15:39:50.867522
PSSMF,Press Metal Aluminium Holdings Berhad,1.0,0.0,0.0,6300,100,8240000000,2026-10-04T15:39:50.867522
GNENF,"Ganfeng Lithium Group Co., Ltd.",3.88,0.0,0.0,130,3559,8146000000,2026-10-04T15:39:50.867522
AEMMF,A2A S.p.A.,2.6,0.0,0.0,500,6,8134000000,2026-10-04T15:39:50.867522
MDDNF,Meridian Energy Limited,3.03,0.0,0.0,100,209,8012000000,2026-10-04T15:39:50.867522
ACKDF,Auckland International Airport Limited,4.7,0.07,1.51,300,2709,7990000000,2026-10-04T15:39:50.867522
PPOEF,PGE Polska Grupa Energetyczna S.A.,3.56,0.0,0.0,0,2,7988000000,2026-10-04T15:39:50.867522
JDLGF,"JD Logistics, Inc.",1.3,0.0,0.0,4101,51,7960000000,2026-10-04T15:39:50.867522
UNJCF,"Unicaja Banco, S.A.",3.05,0.0,0.0,200,3,7836000000,2026-10-04T15:39:50.867522
CIADF,China Mengniu Dairy Company Limited,2.02,0.0,0.0,400,11,7804000000,2026-10-04T15:39:50.867522
CRHKF,China Resources Beer (Holdings) Company Limited,2.39,0.0,0.0,100,675,7753000000,2026-10-04T15:39:50.867522
CRHKY,China Resources Beer (Holdings) Company Limited,4.77,-0.09,-1.85,29961,280521,7737000000,2026-10-04T15:39:50.867522
MYTEF,Telekom Malaysia Berhad,2.0,0.0,0.0,1000,15,7675000000,2026-10-04T15:39:50.867522
CIBEY,Commercial International Bank Egypt (CIB) S.A.E.,2.32,0.01,0.43,1818,9332,7654000000,2026-10-04T15:39:50.867522
ALSMY,Alstom SA,1.65,0.0,0.0,1003000,1322000,7633000000,2026-10-04T15:39:50.867522
WARFF,The Wharf (Holdings) Limited,2.47,0.0,0.0,6,135,7548000000,2026-10-04T15:39:50.867522
LTRCF,The Lottery Corporation Limited,3.36,0.0,0.0,100,62,7467000000,2026-10-04T15:39:50.867522
SBYSF,Sibanye Stillwater Limited,2.53,0.0,0.0,250,151,7275000000,2026-10-04T15:39:50.867522
LPGCY,"Laopu Gold Co., Ltd.",4.1,-0.14,-3.26,100,247,7247000000,2026-10-04T15:39:50.867522
AKBTY,Akbank T.A.S.,2.77,0.04,1.47,291,17704,7202000000,2026-10-04T15:39:50.867522
VFS,VinFast Auto Ltd.,3.04,-0.02,-0.65,605805,374593,7112000000,2026-10-04T15:39:50.867522
KGFHF,Kingfisher plc,4.32,0.07,1.65,598,2660,7062000000,2026-10-04T15:39:50.867522
JEXYF,Jiangsu Expressway Company Limited,1.4,0.0,0.0,2,1,7053000000,2026-10-04T15:39:50.867522
RUMOF,Rumo S.A.,3.8,0.0,0.0,3333,52,7052000000,2026-10-04T15:39:50.867522
WARFY,The Wharf (Holdings) Limited,4.61,0.0,0.0,400,564,7044000000,2026-10-04T15:39:50.867522
NWOEF,New Oriental Education & Technology Group Inc.,4.52,0.0,0.0,100,1,7007000000,2026-10-04T15:39:50.867522
CPNNF,Central Pattana Public Company Limited,1.56,0.0,0.0,100,1,7002000000,2026-10-04T15:39:50.867522
TELDF,Telefónica Deutschland Holding AG,2.26,0.0,0.0,100,51,6879000000,2026-10-04T15:39:50.867522
SMORF,Smoore International Holdings Limited,1.11,0.0,0.0,1000,16518,6877000000,2026-10-04T15:39:50.867522
CRRLF,Critical Resources Limited,2.0,0.0,0.0,0,16,6877000000,2026-10-04T15:39:50.867522
FBBPF,FIBRA Prologis,4.11,-0.17,-3.93,237,5396,6856000000,2026-10-04T15:39:50.867522
OPHLY,"Ono Pharmaceutical Co., Ltd.",4.8,-0.04,-0.83,10500,44265,6767000000,2026-10-04T15:39:50.867522
HDALF,Haidilao International Holding Ltd.,1.15,0.0,0.0,3100,16635,6685000000,2026-10-04T15:39:50.867522
TQLCF,Tianqi Lithium Corporation,3.88,0.0,0.0,911,76,6647000000,2026-10-04T15:39:50.867522
BYDIF,BYD Electronic (International) Company Limited,2.94,0.04,1.38,3100,14703,6604000000,2026-10-04T15:39:50.867522
STKAF,Stockland,2.71,-0.2,-6.87,400,246,6596000000,2026-10-04T15:39:50.867522
PBMRY,PT Bumi Resources Tbk,1.99,0.0,0.0,100,1,6577000000,2026-10-04T15:39:50.867522
RADLY,Raia Drogasil S.A.,3.76,0.41,12.41,266,141812,6574000000,2026-10-04T15:39:50.867522
KCDMF,"Kimberly-Clark de México, S. A. B. de C. V.",2.17,0.0,0.0,103,606,6512000000,2026-10-04T15:39:50.867522
SHZHY,Shenzhou International Group Holdings Limited,4.33,-0.07,-1.48,1900,14370,6509000000,2026-10-04T15:39:50.867522
DIFTY,"Daito Trust Construction Co.,Ltd.",4.93,0.04,0.82,200,93017,6423000000,2026-10-04T15:39:50.867522
BKEAY,"The Bank of East Asia, Limited",2.42,0.0,0.0,117,825,6405000000,2026-10-04T15:39:50.867522
NSANF,"Nissan Motor Co., Ltd.",1.82,-0.04,-2.15,1501,3646,6363000000,2026-10-04T15:39:50.867522
NSANY,"Nissan Motor Co., Ltd.",3.63,-0.12,-3.2,20374,214365,6346000000,2026-10-04T15:39:50.867522
BZQIF,Bezeq The Israel Telecommunication Corp. Ltd,2.31,0.0,0.0,900,29,6345000000,2026-10-04T15:39:50.867522
SFGYY,Sony Financial Group Inc.,4.69,-0.07,-1.57,5227,89151,6293000000,2026-10-04T15:39:50.867522
BKEAF,"The Bank of East Asia, Limited",2.37,0.0,0.0,200,220,6272000000,2026-10-04T15:39:50.867522
MGHTF,Mercury NZ Limited,4.37,0.0,0.0,6,547,6227000000,2026-10-04T15:39:50.867522
SCRYY,SCOR SE,3.45,-0.11,-3.09,100,5385,6164000000,2026-10-04T15:39:50.867522
CIG,Companhia Energética de Minas Gerais - CEMIG,2.15,0.05,2.38,3423000,4945000,6150000000,2026-10-04T15:39:50.867522
FBASF,Fibra UNO,1.61,-0.06,-3.88,15000,3854,6135000000,2026-10-04T15:39:50.867522
PTGCF,PTT Global Chemical Public Company Limited,1.4,0.0,0.0,100,1,6120000000,2026-10-04T15:39:50.867522
ZJLMF,"Zhejiang Leapmotor Technology Co., Ltd.",4.3,0.0,0.0,500,462,6114000000,2026-10-04T15:39:50.867522
HRASF,Hera S.p.A.,4.1,0.0,0.0,1,34,6061000000,2026-10-04T15:39:50.867522
SOMMF,"Sumitomo Chemical Company, Limited",3.64,0.0,0.0,15,3,6017000000,2026-10-04T15:39:50.867522
ALFFF,"Sigma Foods, S.A.B. de C.V.",1.07,0.0,0.0,10850,1373,5943000000,2026-10-04T15:39:50.867522
BTDPF,Barratt Redrow plc,4.3,0.0,0.0,2500,182,5924000000,2026-10-04T15:39:50.867522
PMNXF,Perseus Mining Limited,4.43,-0.31,-6.54,100,13670,5879000000,2026-10-04T15:39:50.867522
GSISF,Genesis Minerals Limited,5.0,0.0,0.0,650,5104,5875000000,2026-10-04T15:39:50.867522
TCLHF,TCL Electronics Holdings Limited,2.33,0.03,1.3,100,876,5874000000,2026-10-04T15:39:50.867522
TPGTF,TPG Telecom Limited,2.98,0.0,0.0,200,78,5850000000,2026-10-04T15:39:50.867522
SHTDF,Sinopharm Group Co. Ltd.,1.87,0.04,2.19,2000,27031,5836000000,2026-10-04T15:39:50.867522
SLFPF,Aberdeen Group Plc,3.25,0.0,0.0,500,714,5821000000,2026-10-04T15:39:50.867522
ENIC,Enel Chile S.A.,4.17,0.04,0.97,387239,619828,5768000000,2026-10-04T15:39:50.867522
PMOIF,Harbour Energy plc,3.8,0.3,8.57,2500,3798,5690000000,2026-10-04T15:39:50.867522
AVAL,Grupo Aval Acciones y Valores S.A.,4.78,0.04,0.84,54291,141176,5675000000,2026-10-04T15:39:50.867522
AACAY,AAC Technologies Holdings Inc.,5.0,0.03,0.6,2,17323,5650000000,2026-10-04T15:39:50.867522
AACAF,AAC Technologies Holdings Inc.,4.99,0.0,0.0,100,67,5638000000,2026-10-04T15:39:50.867522
AUTSF,AutoStore Holdings Ltd.,1.68,0.01,0.6,100,134,5632000000,2026-10-04T15:39:50.867522
GPTGF,The GPT Group,2.93,-0.47,-13.82,100,59,5613000000,2026-10-04T15:39:50.867522
LNSPF,LondonMetric Property Plc,2.3,0.0,0.0,100,145,5609000000,2026-10-04T15:39:50.867522
PUTKF,PT United Tractors Tbk,1.6,0.0,0.0,4400,1,5589000000,2026-10-04T15:39:50.867522
CNVVF,Convatec Group PLC,2.91,-0.2,-6.43,1500,1522,5578000000,2026-10-04T15:39:50.867522
NEXPF,Nexi S.p.A.,4.74,0.0,0.0,18,22,5568000000,2026-10-04T15:39:50.867522
XYIGF,Xinyi Glass Holdings Limited,1.25,0.0,0.0,110,34,5534000000,2026-10-04T15:39:50.867522
QRNNF,Aurizon Holdings Limited,3.1,0.0,0.0,100,1,5503000000,2026-10-04T15:39:50.867522
SMBMF,Seatrium Limited,1.62,0.0,0.0,200,2084,5490000000,2026-10-04T15:39:50.867522
HBRIY,Harbour Energy plc,3.65,0.03,0.83,5987,47798,5465000000,2026-10-04T15:39:50.867522
VLOWY,Vallourec S.A.,4.1,0.0,0.0,956,94850,5464000000,2026-10-04T15:39:50.867522
BALDF,Fastighets AB Balder (publ),4.62,0.0,0.0,3591,78,5449000000,2026-10-04T15:39:50.867522
TRKNY,Türk Telekomünikasyon Anonim Sirketi,3.11,0.0,0.0,256,334,5444000000,2026-10-04T15:39:50.867522
TKECF,"Tokyo Electric Power Company Holdings, Incorporated",3.39,0.0,0.0,125,525,5433000000,2026-10-04T15:39:50.867522
YACAF,Yancoal Australia Ltd,4.0,0.0,0.0,2750,8429,5368000000,2026-10-04T15:39:50.867522
WPPGF,WPP plc,4.96,0.0,0.0,850,296,5349000000,2026-10-04T15:39:50.867522
TRSBF,3SBio Inc.,2.15,0.0,0.0,1500,1,5338000000,2026-10-04T15:39:50.867522
NEXXY,Nexi S.p.A.,4.52,-0.15,-3.21,200,932,5310000000,2026-10-04T15:39:50.867522
FTROF,First Resources Limited,3.4,0.0,0.0,1500,25,5264000000,2026-10-04T15:39:50.867522
XJNGF,"Goldwind Science&Technology Co., Ltd.",1.24,0.0,0.0,200,151,5236000000,2026-10-04T15:39:50.867522
TKECY,"Tokyo Electric Power Company Holdings, Incorporated",3.26,0.0,0.0,2846,1203,5225000000,2026-10-04T15:39:50.867522
JDDSF,JD Sports Fashion Plc,1.09,0.0,0.0,100,15,5135000000,2026-10-04T15:39:50.867522
RMLRF,Ramelius Resources Limited,2.7,0.0,0.0,1000,9593,5096000000,2026-10-04T15:39:50.867522
FNMA,Federal National Mortgage Association,4.37,0.05,1.16,947158,3430000,5061000000,2026-10-04T15:39:50.867522
SGDH,--,1.0,0.0,0.0,1,5,5000000000,2026-10-04T15:39:50.867522
GMXTF,"GMéxico Transportes, S.A.B. de C.V.",1.23,0.0,0.0,454,50,4945000000,2026-10-04T15:39:50.867522
DFILF,DFI Retail Group Holdings Limited,3.65,0.0,0.0,1000,17,4942000000,2026-10-04T15:39:50.867522
DNLZY,Dyno Nobel Limited,2.79,-0.08,-2.79,706,2354,4886000000,2026-10-04T15:39:50.867522
SHJBF,"Shanghai Junshi Biosciences Co., Ltd.",3.35,0.0,0.0,100,16,4842000000,2026-10-04T15:39:50.867522
PPKRF,Pepkor Holdings Limited,1.3,0.0,0.0,100,3,4794000000,2026-10-04T15:39:50.867522
HAIIF,Haitian International Holdings Limited,3.0,0.0,0.0,1000,228,4788000000,2026-10-04T15:39:50.867522
KCLHF,Kingsoft Cloud Holdings Limited,1.06,0.0,0.0,0,16,4760000000,2026-10-04T15:39:50.867522
ICPVF,Dyno Nobel Limited,2.69,-0.02,-0.74,100,195,4711000000,2026-10-04T15:39:50.867522
COLZF,Coca-Cola Içecek Anonim Sirketi,1.68,0.0,0.0,1500,15,4701000000,2026-10-04T15:39:50.867522
GCHEF,"Grupo Comercial Chedraui, S.A.B. de C.V.",4.86,0.0,0.0,100,389,4664000000,2026-10-04T15:39:50.867522
SFGLF,Steadfast Group Limited,4.19,0.0,0.0,300,35,4659000000,2026-10-04T15:39:50.867522
HNORF,Harvey Norman Holdings Limited,3.72,0.0,0.0,28860,3,4635000000,2026-10-04T15:39:50.867522
KPDCF,Keppel DC REIT,1.67,0.07,4.69,220,1118,4598000000,2026-10-04T15:39:50.867522
ATDRY,Autotrader Group plc,1.5,0.02,1.7,213183,335721,4591000000,2026-10-04T15:39:50.867522
RGLXY,RTL Group S.A.,3.0,0.0,0.0,302,257,4526000000,2026-10-04T15:39:50.867522
MTPOF,Metropolitan Bank & Trust Company,1.0,0.06,6.05,100,2400,4513000000,2026-10-04T15:39:50.867522
CRGGF,China Resources Gas Group Limited,2.0,0.0,0.0,20,1,4508000000,2026-10-04T15:39:50.867522
MNGPF,Man Group Plc,4.06,0.0,0.0,1131,137,4499000000,2026-10-04T15:39:50.867522
MAQAF,Atlas Arteria Limited,3.08,0.0,0.0,300,39,4477000000,2026-10-04T15:39:50.867522
SPASF,SATS Ltd.,3.0,0.0,0.0,1100,321,4459000000,2026-10-04T15:39:50.867522
KSFTF,Kingsoft Corporation Limited,3.25,0.0,0.0,100,4,4408000000,2026-10-04T15:39:50.867522
HLPPY,Hang Lung Properties Limited,4.18,-0.04,-0.95,2698,9715,4350000000,2026-10-04T15:39:50.867522
KIROY,Kumba Iron Ore Limited,4.52,0.01,0.22,2245,46879,4344000000,2026-10-04T15:39:50.867522
VLVOF,Volvo Car AB (publ.),1.46,-0.1,-6.41,1000,818,4328000000,2026-10-04T15:39:50.867522
MBRFY,MBRF Global Foods Company S.A.,3.09,-0.05,-1.59,42029,102076,4306000000,2026-10-04T15:39:50.867522
MRVGF,Mirvac Group,1.11,0.0,0.0,5065,130,4300000000,2026-10-04T15:39:50.867522
MZDAY,Mazda Motor Corporation,3.39,-0.04,-1.17,106,30154,4278000000,2026-10-04T15:39:50.867522
MCHVF,MGM China Holdings Limited,1.11,-0.09,-7.5,1300,434,4213000000,2026-10-04T15:39:50.867522
REDLF,Vault Minerals Limited,4.06,-0.09,-2.17,500,2251,4200000000,2026-10-04T15:39:50.867522
TOIPF,Thai Oil Public Company Limited,1.25,0.0,0.0,100,72,4169000000,2026-10-04T15:39:50.867522
HRZCF,Horizon Construction Development Limited,1.3,0.0,0.0,100,1,4156000000,2026-10-04T15:39:50.867522
AMMHF,AMMB Holdings Berhad,1.25,0.0,0.0,10319,69,4156000000,2026-10-04T15:39:50.867522
HISEF,"Hisense Home Appliances Group Co., Ltd.",2.7,0.0,0.0,100,257,4148000000,2026-10-04T15:39:50.867522
TSPCF,Cleanaway Waste Management Limited,1.85,-0.2,-9.76,500,678,4148000000,2026-10-04T15:39:50.867522
VLVCY,Volvo Car AB (publ.),2.74,-0.51,-15.77,500,369,4137000000,2026-10-04T15:39:50.867522
BBAJF,"Banco del Bajío, S.A., Institución de Banca Múltiple",3.38,0.0,0.0,330,181,4022000000,2026-10-04T15:39:50.867522
DEXSF,DEXUS,3.77,0.0,0.0,1063,64,4020000000,2026-10-04T15:39:50.867522
LNNGF,Li Ning Company Limited,1.55,-0.05,-3.13,1726,392,4006000000,2026-10-04T15:39:50.867522
THOPF,Thai Oil Public Company Limited,1.77,0.0,0.0,250,171,3954000000,2026-10-04T15:39:50.867522
HNGZY,"Hangzhou Tigermed Consulting Co., Ltd",4.45,0.0,0.0,612,1,3832000000,2026-10-04T15:39:50.867522
ACJJF,"Acom Co., Ltd.",2.44,0.0,0.0,516,8,3823000000,2026-10-04T15:39:50.867522
CHSYF,China Medical System Holdings Limited,1.57,0.0,0.0,110,14,3820000000,2026-10-04T15:39:50.867522
CYGIY,"CyberAgent, Inc.",3.75,0.0,0.0,11,43,3803000000,2026-10-04T15:39:50.867522
RGRNF,Regis Resources Limited,5.0,0.0,0.0,200,1040,3793000000,2026-10-04T15:39:50.867522
ACHR,Archer Aviation Inc.,4.89,-0.14,-2.78,24015000,31484000,3765000000,2026-10-04T15:39:50.867522
UNLRY,PT Unilever Indonesia Tbk,1.85,0.0,0.0,100,4445,3753000000,2026-10-04T15:39:50.867522
GQPIL,GQG Partners Inc.,1.25,0.0,0.0,150,2,3743000000,2026-10-04T15:39:50.867522
GWWTF,Growthpoint Properties Limited,1.1,0.0,0.0,100,16,3725000000,2026-10-04T15:39:50.867522
PUMSY,PUMA SE,2.45,-0.01,-0.49,17434,9159,3716000000,2026-10-04T15:39:50.867522
IRDEF,Iren SpA,2.88,0.0,0.0,1100,78,3695000000,2026-10-04T15:39:50.867522
SNYYF,Sany Heavy Equipment International Holdings Company Limited,1.12,0.0,0.0,10000,3884,3684000000,2026-10-04T15:39:50.867522
GTWCF,Greentown China Holdings Limited,1.45,0.0,0.0,200,3,3682000000,2026-10-04T15:39:50.867522
VESTF,"Corporación Inmobiliaria Vesta, S.A.B. de C.V.",3.95,0.0,0.0,300,15,3665000000,2026-10-04T15:39:50.867522
NHPEF,New Hope Corporation Limited,4.27,-0.11,-2.51,1000,7853,3655000000,2026-10-04T15:39:50.867522
MAPIF,Mapletree Industrial Trust,1.28,0.0,0.0,3700,146,3654000000,2026-10-04T15:39:50.867522
PAFRF,Pan African Resources PLC,1.7,0.0,0.0,200,5277,3618000000,2026-10-04T15:39:50.867522
KRYPF,Kerry Properties Limited,2.5,0.0,0.0,100,3,3614000000,2026-10-04T15:39:50.867522
LGBOF,Lingbao Gold Group Company Ltd.,2.62,0.0,0.0,100,1,3609000000,2026-10-04T15:39:50.867522
UILCF,Singapore Land Group Limited,2.51,0.0,0.0,20,119,3597000000,2026-10-04T15:39:50.867522
TWODF,Taylor Wimpey plc,1.04,0.0,0.0,1325,2100,3589000000,2026-10-04T15:39:50.867522
DNGYF,Dongyue Group Limited,1.6,0.0,0.0,1000,60,3576000000,2026-10-04T15:39:50.867522
PHBBF,"Pharmaron Beijing Co., Ltd.",1.93,0.0,0.0,100,1,3546000000,2026-10-04T15:39:50.867522
FRZCF,Frasers Centrepoint Trust,1.73,0.0,0.0,106,53,3528000000,2026-10-04T15:39:50.867522
CRYCY,China Railway Signal & Communication Corporation Limited,3.27,0.0,0.0,310,35,3463000000,2026-10-04T15:39:50.867522
SMHGF,Simcere Pharmaceutical Group Limited,1.35,0.0,0.0,100,6,3461000000,2026-10-04T15:39:50.867522
HYPMY,Hypera S.A.,4.89,0.13,2.73,1413,9556,3443000000,2026-10-04T15:39:50.867522
EDVGF,Endeavour Group Limited,1.91,-0.47,-19.75,303,111,3430000000,2026-10-04T15:39:50.867522
MITFF,Mitie Group plc,2.69,0.0,0.0,110,1957,3412000000,2026-10-04T15:39:50.867522
PDIYD,PDI Gold Ltd,3.45,0.0,0.0,1400,24655,3409000000,2026-10-04T15:39:50.867522
PDIYF,PDI Gold Limited,3.45,0.0,0.0,6683,24132,3409000000,2026-10-04T15:39:50.867522
ABDBY,Alm. Brand A/S,5.0,0.0,0.0,100,1,3395000000,2026-10-04T15:39:50.867522
WGXRF,Westgold Resources Limited,3.6,0.03,0.81,6324,39084,3384000000,2026-10-04T15:39:50.867522
TSYHF,TravelSky Technology Limited,1.15,-0.02,-1.71,1000,37329,3365000000,2026-10-04T15:39:50.867522
BMRPF,B&M European Value Retail plc,3.33,0.0,0.0,100,50,3350000000,2026-10-04T15:39:50.867522
CFEIY,China Feihe Limited,3.8,0.0,0.0,100,6,3347000000,2026-10-04T15:39:50.867522
TCMFF,Telecom Argentina S.A.,1.55,0.0,0.0,28,48,3338000000,2026-10-04T15:39:50.867522
PTAUF,Port of Tauranga Limited,4.89,0.0,0.0,200,114,3326000000,2026-10-04T15:39:50.867522
MLLUY,Metallurgical Corporation of China Ltd.,3.21,-0.31,-8.68,217,58,3321000000,2026-10-04T15:39:50.867522
SURVF,Suntec Real Estate Investment Trust,1.12,0.0,0.0,1542,125,3314000000,2026-10-04T15:39:50.867522
SECCF,Serco Group plc,3.42,0.0,0.0,100,207,3296000000,2026-10-04T15:39:50.867522
ACOPF,The a2 Milk Company Limited,4.5,0.0,0.0,300,345,3276000000,2026-10-04T15:39:50.867522
INCPF,InnoCare Pharma Limited,1.85,0.0,0.0,100,39,3269000000,2026-10-04T15:39:50.867522
YADGF,Yadea Group Holdings Ltd.,1.07,0.0,0.0,1900,16,3269000000,2026-10-04T15:39:50.867522
ACOPY,The a2 Milk Company Limited,4.47,-0.23,-4.89,4,2345,3254000000,2026-10-04T15:39:50.867522
AFLYY,Air France-KLM SA,1.24,0.0,0.0,40916,41701,3254000000,2026-10-04T15:39:50.867522
QUILF,Quilter plc,2.42,0.0,0.0,100,31,3251000000,2026-10-04T15:39:50.867522
BTE,Baytex Energy Corp.,4.63,0.07,1.54,17382000,16712000,3237000000,2026-10-04T15:39:50.867522
MTLMY,Metallium Limited,4.28,0.03,0.59,100,16794,3216000000,2026-10-04T15:39:50.867522
SFDMF,Shanghai Fudan Microelectronics Group Company Limited,3.88,0.0,0.0,200,1,3196000000,2026-10-04T15:39:50.867522
FMOCY,"Fomento de Construcciones y Contratas, S.A.",1.35,0.0,0.0,100,1,3192000000,2026-10-04T15:39:50.867522
TNGCF,Tongcheng Travel Holdings Limited,1.35,0.0,0.0,200,3,3190000000,2026-10-04T15:39:50.867522
PHPRF,Primary Health Properties Plc,1.22,-0.05,-3.94,2194,885,3166000000,2026-10-04T15:39:50.867522
JELCF,Johnson Electric Holdings Limited,3.42,0.0,0.0,100,6,3166000000,2026-10-04T15:39:50.867522
CMPRF,"Gentera, S.A.B. de C.V.",2.0,0.0,0.0,1000,526,3158000000,2026-10-04T15:39:50.867522
EOGSF,Emerald Resources NL,4.75,-0.05,-1.12,2000,1004,3150000000,2026-10-04T15:39:50.867522
AMLTF,AMP Limited,1.3,0.0,0.0,75,18,3135000000,2026-10-04T15:39:50.867522
CCPPF,Shaftesbury Capital PLC,1.71,-0.13,-7.08,1750,50,3121000000,2026-10-04T15:39:50.867522
LPL,"LG Display Co., Ltd.",3.12,0.09,2.97,1392000,2814000,3120000000,2026-10-04T15:39:50.867522
GNZUY,"Guangzhou Automobile Group Co., Ltd.",3.05,0.0,0.0,2000,81,3110000000,2026-10-04T15:39:50.867522
TSRYY,Treasury Wine Estates Limited,3.84,0.1,2.67,29996,17957,3106000000,2026-10-04T15:39:50.867522
MNTHF,Minth Group Limited,2.63,0.0,0.0,1434,288,3081000000,2026-10-04T15:39:50.867522
TSRYF,Treasury Wine Estates Limited,3.78,0.0,0.0,1000,220,3058000000,2026-10-04T15:39:50.867522
CSANY,Cosan S.A.,3.09,0.13,4.39,261347,1768000,3047000000,2026-10-04T15:39:50.867522
TCAPF,TP ICAP Group PLC,4.25,0.0,0.0,100,15,3031000000,2026-10-04T15:39:50.867522
CLCMF,Sinch AB (publ),4.31,0.0,0.0,250,49,3028000000,2026-10-04T15:39:50.867522
SEGSF,SIA Engineering Company Limited,2.69,0.0,0.0,65,7,3017000000,2026-10-04T15:39:50.867522
MMTOF,Mitsubishi Motors Corporation,2.25,0.0,0.0,900,204,3011000000,2026-10-04T15:39:50.867522
CHLLF,China Literature Limited,2.95,0.0,0.0,1,2,2980000000,2026-10-04T15:39:50.867522
ONTTF,Oxford Nanopore Technologies plc,3.04,0.19,6.74,2700,44639,2974000000,2026-10-04T15:39:50.867522
KLTHF,East Buy Holding Limited,2.8,0.0,0.0,177,2470,2949000000,2026-10-04T15:39:50.867522
WFRSF,West African Resources Limited,2.55,0.0,0.0,4395,1276,2920000000,2026-10-04T15:39:50.867522
YUEIF,Yue Yuen Industrial (Holdings) Limited,1.8,0.0,0.0,88,209,2888000000,2026-10-04T15:39:50.867522
SLVYY,Solvay SA,2.71,0.04,1.5,928,19693,2886000000,2026-10-04T15:39:50.867522
HTWSF,Helios Towers plc,2.85,0.0,0.0,1000,5260,2885000000,2026-10-04T15:39:50.867522
SCGPY,Serco Group plc,2.99,0.0,0.0,100,217,2882000000,2026-10-04T15:39:50.867522
AYAAY,"Ayala Land, Inc.",4.03,0.0,0.0,200,6,2880000000,2026-10-04T15:39:50.867522
LYSFF,Lerøy Seafood Group ASA,4.78,0.0,0.0,1000,59,2863000000,2026-10-04T15:39:50.867522
GNCGF,Greencore Group plc,3.52,0.0,0.0,100,2923,2818000000,2026-10-04T15:39:50.867522
QS,QuantumScape Corporation,4.57,-0.02,-0.44,11495000,18736000,2811000000,2026-10-04T15:39:50.867522
SHCAF,Sharp Corporation,4.32,0.0,0.0,100,7,2808000000,2026-10-04T15:39:50.867522
MMTHF,Momentum Group Limited,2.15,0.0,0.0,0,166,2770000000,2026-10-04T15:39:50.867522
AOZOY,"Aozora Bank, Ltd.",4.92,0.0,0.0,139,104,2725000000,2026-10-04T15:39:50.867522
JBFCF,Jollibee Foods Corporation,2.41,0.07,2.99,570,3795,2701000000,2026-10-04T15:39:50.867522
GDRPF,Golden Resources Development International Limited,1.59,0.0,0.0,2024,24,2699000000,2026-10-04T15:39:50.867522
PTTWF,Orange Polska S.A.,2.05,0.0,0.0,258,4,2690000000,2026-10-04T15:39:50.867522
PTXKY,PT XLSMART Telecom Sejahtera Tbk,2.94,0.0,0.0,14,281,2675000000,2026-10-04T15:39:50.867522
LGNRF,Legend Holdings Corporation,1.13,0.0,0.0,104,1,2663000000,2026-10-04T15:39:50.867522
PLUG,Plug Power Inc.,1.9,0.01,0.53,36688000,53214000,2655000000,2026-10-04T15:39:50.867522
AMBP,Ardagh Metal Packaging S.A.,4.44,0.05,1.14,1453000,2194000,2654000000,2026-10-04T15:39:50.867522
OUTKY,Outokumpu Oyj,2.81,-0.37,-11.64,100,418,2649000000,2026-10-04T15:39:50.867522
FPAFY,First Pacific Company Limited,3.06,-0.03,-0.97,220,58507,2608000000,2026-10-04T15:39:50.867522
RGPCF,Ratch Group Public Company Limited,1.17,0.0,0.0,1,46,2595000000,2026-10-04T15:39:50.867522
FRMI,Fermi Inc.,4.03,-0.02,-0.49,12456000,18572000,2581000000,2026-10-04T15:39:50.867522
FMCC,Federal Home Loan Mortgage Corporation,3.97,0.05,1.28,833700,1835000,2581000000,2026-10-04T15:39:50.867522
BKQNF,Bank of Queensland Limited,3.91,0.0,0.0,165,8,2564000000,2026-10-04T15:39:50.867522
POELF,"The Navigator Company, S.A.",3.6,0.0,0.0,3099,603,2560000000,2026-10-04T15:39:50.867522
CWLLF,Cowell e Holdings Inc.,2.99,0.0,0.0,0,3,2558000000,2026-10-04T15:39:50.867522
OCDGF,Ocado Group plc,3.05,0.0,0.0,200,7628,2552000000,2026-10-04T15:39:50.867522
ZZHGF,"ZhongAn Online P & C Insurance Co., Ltd.",1.5,0.0,0.0,22,8,2527000000,2026-10-04T15:39:50.867522
NINTF,Ninety One Group,2.6,0.0,0.0,218,15,2489000000,2026-10-04T15:39:50.867522
MTPLF,Metaplanet Inc.,1.82,-0.12,-6.39,136925,796417,2477000000,2026-10-04T15:39:50.867522
AMC,"AMC Entertainment Holdings, Inc.",2.77,0.01,0.36,18050000,34403000,2473000000,2026-10-04T15:39:50.867522
CDGLF,ComfortDelGro Corporation Limited,1.14,0.0,0.0,10,1,2469000000,2026-10-04T15:39:50.867522
HMSNF,Hammerson Plc,4.23,-0.66,-13.58,2000,542,2465000000,2026-10-04T15:39:50.867522
REMYY,Rémy Cointreau SA,4.65,0.0,0.0,400,4204,2443000000,2026-10-04T15:39:50.867522
KTERF,Keio Corporation,4.22,0.0,0.0,100,1,2443000000,2026-10-04T15:39:50.867522
HYSNF,Hysan Development Company Limited,2.35,0.0,0.0,715,8,2413000000,2026-10-04T15:39:50.867522
RLLWF,Reliance Worldwide Corporation Limited,3.22,0.0,0.0,4000,120,2409000000,2026-10-04T15:39:50.867522
WBDSF,Webuild S.p.A.,2.42,0.0,0.0,500,31,2393000000,2026-10-04T15:39:50.867522
SYRVF,"Sacyr, S.A.",3.0,0.0,0.0,15857,9,2385000000,2026-10-04T15:39:50.867522
OPEN,Opendoor Technologies Inc.,2.44,0.04,1.67,29617000,48787000,2354000000,2026-10-04T15:39:50.867522
PPENF,Pampa Energía S.A.,1.75,0.0,0.0,1482,3,2351000000,2026-10-04T15:39:50.867522
FXCNF,FIH Mobile Limited,3.0,0.0,0.0,30,1,2348000000,2026-10-04T15:39:50.867522
EYGPF,Electricity Generating Public Company Limited,3.51,0.0,0.0,650,44,2348000000,2026-10-04T15:39:50.867522
COTY,Coty Inc.,2.66,0.01,0.38,4209000,7570000,2343000000,2026-10-04T15:39:50.867522
PPAAY,PT Perusahaan Gas Negara (Persero) Tbk,3.9,0.0,0.0,300,51,2329000000,2026-10-04T15:39:50.867522
DNN,Denison Mines Corp.,2.57,0.03,1.18,28708000,24934000,2327000000,2026-10-04T15:39:50.867522
CLOV,"Clover Health Investments, Corp.",4.38,0.15,3.55,3855000,4339000,2326000000,2026-10-04T15:39:50.867522
DRDGF,DRDGOLD Limited,2.67,0.0,0.0,100,79,2324000000,2026-10-04T15:39:50.867522
CLBEY,"Calbee, Inc.",4.76,0.1,2.15,100,617,2315000000,2026-10-04T15:39:50.867522
IMPJY,Webuild S.p.A.,4.68,0.0,0.0,1,265,2311000000,2026-10-04T15:39:50.867522
ONZBF,"Organización Soriana, S. A. B. de C. V.",1.3,0.0,0.0,15255,98,2300000000,2026-10-04T15:39:50.867522
ZNNGY,"Zhongyuan Bank Co., Ltd.",3.11,0.0,0.0,100,1,2273000000,2026-10-04T15:39:50.867522
FRCEF,Fletcher Building Limited,2.1,0.0,0.0,250,156,2259000000,2026-10-04T15:39:50.867522
IWGFF,International Workplace Group plc,2.4,0.06,2.35,37335,83946,2257000000,2026-10-04T15:39:50.867522
KEEL,Keel Infrastructure Corp.,3.62,0.18,5.23,24466000,33281000,2236000000,2026-10-04T15:39:50.867522
MBPFF,Mitchells & Butlers plc,3.76,0.0,0.0,488,14,2233000000,2026-10-04T15:39:50.867522
WLWHF,Woolworths Holdings Limited,2.48,0.0,0.0,0,93,2219000000,2026-10-04T15:39:50.867522
RXRX,"Recursion Pharmaceuticals, Inc.",4.12,0.05,1.23,18807000,19166000,2209000000,2026-10-04T15:39:50.867522
HYSNY,Hysan Development Company Limited,4.05,0.0,0.0,2,248,2190000000,2026-10-04T15:39:50.867522
AKRTF,Aker Solutions ASA,4.5,0.0,0.0,250,404,2189000000,2026-10-04T15:39:50.867522
MHSDF,"Megacable Holdings, S. A. B. de C. V.",2.83,0.0,0.0,7076,4816,2185000000,2026-10-04T15:39:50.867522
UPBMF,United Plantations Berhad,3.51,0.0,0.0,108,125,2182000000,2026-10-04T15:39:50.867522
XISHY,Xinyi Solar Holdings Limited,4.75,-0.15,-3.06,1407,134,2169000000,2026-10-04T15:39:50.867522
PTON,"Peloton Interactive, Inc.",4.92,-0.05,-1.01,8159000,8555000,2159000000,2026-10-04T15:39:50.867522
WLWHY,Woolworths Holdings Limited,2.41,0.0,0.0,2100,281,2156000000,2026-10-04T15:39:50.867522
SMSOF,Samsonite Group S.A.,1.58,0.0,0.0,100,1067,2155000000,2026-10-04T15:39:50.867522
BEKAY,NV Bekaert SA,4.5,0.0,0.0,81,7,2149000000,2026-10-04T15:39:50.867522
MXCHF,"Orbia Advance Corporation, S.A.B. de C.V.",1.11,0.0,0.0,100,1081,2139000000,2026-10-04T15:39:50.867522
PFODF,Premier Foods plc,2.48,0.0,0.0,247,167,2134000000,2026-10-04T15:39:50.867522
UVRBF,Universal Robina Corporation,1.0,0.0,0.0,100,1,2121000000,2026-10-04T15:39:50.867522
GMYYF,"MONETA Money Bank, a.s.",4.15,0.0,0.0,15,10,2121000000,2026-10-04T15:39:50.867522
GMPUF,"Gestamp Automoción, S.A.",3.72,0.0,0.0,100,31,2118000000,2026-10-04T15:39:50.867522
ULIHF,The United Laboratories International Holdings Limited,1.08,0.0,0.0,2500,90,2118000000,2026-10-04T15:39:50.867522
TGOSF,"Toyoda Gosei Co., Ltd.",3.59,0.0,0.0,1,1,2105000000,2026-10-04T15:39:50.867522
HUQVF,Husqvarna AB (publ),3.67,0.0,0.0,100,1,2099000000,2026-10-04T15:39:50.867522
RLX,RLX Technology Inc.,1.71,0.02,1.18,2212000,3269000,2090000000,2026-10-04T15:39:50.867522
BGAOY,Proximus PLC,1.29,0.0,0.0,2,4259,2084000000,2026-10-04T15:39:50.867522
MXCHY,"Orbia Advance Corporation, S.A.B. de C.V.",2.16,0.08,3.6,100,1976,2081000000,2026-10-04T15:39:50.867522
NZTCF,Spark New Zealand Limited,1.1,0.0,0.0,7115,5545,2079000000,2026-10-04T15:39:50.867522
SEBNF,"Seven Bank, Ltd.",1.78,0.0,0.0,11800,3,2079000000,2026-10-04T15:39:50.867522
DSITF,Currys plc,2.03,0.0,0.0,2000,507,2070000000,2026-10-04T15:39:50.867522
WBRBY,Wienerberger AG,3.75,0.03,0.81,100,16218,2051000000,2026-10-04T15:39:50.867522
CGGGF,Coats Group plc,1.06,0.0,0.0,5000,5356,2029000000,2026-10-04T15:39:50.867522
ELUXY,AB Electrolux (publ),5.0,-0.08,-1.57,600,4250,2029000000,2026-10-04T15:39:50.867522
UAA,"Under Armour, Inc.",4.71,0.07,1.51,13937000,8776000,2023000000,2026-10-04T15:39:50.867522
ALSSF,"Alsea, S.A.B. de C.V.",2.53,0.0,0.0,300,6210,2001000000,2026-10-04T15:39:50.867522
ILPMY,Permanent TSB Group Holdings plc,3.35,0.0,0.0,100,437,1998000000,2026-10-04T15:39:50.867522
EUTLF,Eutelsat Communications S.A.,1.69,-0.08,-4.52,6100,6220,1991000000,2026-10-04T15:39:50.867522
UA,"Under Armour, Inc.",4.59,0.06,1.32,3863000,2686000,1972000000,2026-10-04T15:39:50.867522
MCSHF,Metcash Limited,1.79,0.0,0.0,500,9,1969000000,2026-10-04T15:39:50.867522
HUSQF,Husqvarna AB (publ),3.44,0.0,0.0,1500,26,1967000000,2026-10-04T15:39:50.867522
DTNOF,DNO ASA,2.01,0.0,0.0,875,1887,1960000000,2026-10-04T15:39:50.867522
DNERF,Downer EDI Limited,3.0,0.0,0.0,380,21,1958000000,2026-10-04T15:39:50.867522
MPT,"Medical Properties Trust, Inc.",3.27,-0.1,-2.97,13799000,8380000,1953000000,2026-10-04T15:39:50.867522
ELRXF,AB Electrolux (publ),2.4,0.0,0.0,140,45,1948000000,2026-10-04T15:39:50.867522
GRFFF,Fibra Danhos,1.2,0.0,0.0,1557000,888,1943000000,2026-10-04T15:39:50.867522
ILPMF,Permanent TSB Group Holdings plc,3.55,0.0,0.0,2500,1801,1935000000,2026-10-04T15:39:50.867522
GDNGY,PT Gudang Garam Tbk,3.85,0.13,3.49,1351,850,1931000000,2026-10-04T15:39:50.867522
OSSFF,Embla Medical hf.,4.53,0.0,0.0,400,6,1924000000,2026-10-04T15:39:50.867522
ZZHGY,"ZhongAn Online P & C Insurance Co., Ltd.",1.14,0.0,0.0,100,15,1921000000,2026-10-04T15:39:50.867522
TUALF,Tuas Limited,3.49,0.0,0.0,123,2,1914000000,2026-10-04T15:39:50.867522
SSPPF,SSP Group plc,2.54,0.0,0.0,100,6,1908000000,2026-10-04T15:39:50.867522
EENNF,ENAV S.p.A.,3.52,0.0,0.0,0,98,1902000000,2026-10-04T15:39:50.867522
DBMBF,FIBRA Macquarie México,2.38,0.0,0.0,141,33809,1898000000,2026-10-04T15:39:50.867522
SGBAF,SES S.A.,4.65,0.0,0.0,400,721,1893000000,2026-10-04T15:39:50.867522
PRKWF,Parkway Life Real Estate Investment Trust,2.9,0.0,0.0,100,48,1893000000,2026-10-04T15:39:50.867522
MDOUF,Maisons du Monde S.A.,2.3,0.0,0.0,1,37,1883000000,2026-10-04T15:39:50.867522
HMDCF,HUTCHMED (China) Limited,2.16,0.0,0.0,468,2,1877000000,2026-10-04T15:39:50.867522
SROCF,--,1.69,0.0,0.0,0,1408,1875000000,2026-10-04T15:39:50.867522
AANNF,Aroundtown SA,1.8,-0.5,-21.74,2200,181,1864000000,2026-10-04T15:39:50.867522
PTIZF,PT Indo Tambangraya Megah Tbk,1.69,0.0,0.0,100,1,1864000000,2026-10-04T15:39:50.867522
HUPHY,Hutchison Port Holdings Trust,4.25,0.0,0.0,100,990,1851000000,2026-10-04T15:39:50.867522
IRLTF,Bally's Intralot S.A.,1.0,0.0,0.0,878,14,1847000000,2026-10-04T15:39:50.867522
AJMPF,Ashmore Group Plc,2.84,0.0,0.0,250,435,1846000000,2026-10-04T15:39:50.867522
PGCSF,"Prosegur Compañía de Seguridad, S.A.",3.45,0.0,0.0,100,1,1842000000,2026-10-04T15:39:50.867522
GEBHY,Genting Berhad,2.39,0.01,0.42,1004,53759,1841000000,2026-10-04T15:39:50.867522
LSHGF,LOUIS HACHETTE GROUP,1.85,0.0,0.0,715,40,1835000000,2026-10-04T15:39:50.867522
CCVTF,China Conch Venture Holdings Limited,1.02,0.0,0.0,100,1,1828000000,2026-10-04T15:39:50.867522
SGHIF,Shanghai Industrial Holdings Limited,1.67,-0.03,-1.53,1400,693,1820000000,2026-10-04T15:39:50.867522
MEOBF,Mesoblast Limited,1.39,0.0,0.0,3244,15851,1805000000,2026-10-04T15:39:50.867522
FDMDF,4DMedical Limited,3.0,0.0,0.0,875,635,1805000000,2026-10-04T15:39:50.867522
WSIOF,Wasion Holdings Limited,1.75,0.0,0.0,100,75,1800000000,2026-10-04T15:39:50.867522
SICUF,Siam City Cement Public Company Limited,4.55,0.0,0.0,259,4,1790000000,2026-10-04T15:39:50.867522
SRRLF,Sirius Real Estate Limited,1.12,-0.04,-3.25,100,63,1768000000,2026-10-04T15:39:50.867522
OSSUY,Embla Medical hf.,4.15,0.0,0.0,300,4,1765000000,2026-10-04T15:39:50.867522
BSMAF,Bursa Malaysia Berhad,2.18,0.0,0.0,11100,6,1764000000,2026-10-04T15:39:50.867522
KIERF,Kier Group plc,4.09,0.0,0.0,100,107,1763000000,2026-10-04T15:39:50.867522
LKFLF,Luk Fook Holdings (International) Limited,3.0,0.0,0.0,900,15,1761000000,2026-10-04T15:39:50.867522
PAKTY,PT Map Aktif Adiperkasa Tbk,1.23,0.0,0.0,100,3,1753000000,2026-10-04T15:39:50.867522
KNCAF,"Konica Minolta, Inc.",3.54,0.0,0.0,200,3,1749000000,2026-10-04T15:39:50.867522
ALKEF,Alkane Resources Ltd,1.28,0.01,0.79,23730,436473,1749000000,2026-10-04T15:39:50.867522
SRGGF,SRG Global Limited,2.76,0.0,0.0,2500,38,1748000000,2026-10-04T15:39:50.867522
TBNGY,PT Bukit Asam (Persero) Tbk,3.75,0.0,0.0,32882,2396,1737000000,2026-10-04T15:39:50.867522
PYCXF,PYC Therapeutics Limited,1.75,0.0,0.0,6000,376,1721000000,2026-10-04T15:39:50.867522
ILKAF,Iluka Resources Limited,3.97,0.01,0.25,3728,2865,1712000000,2026-10-04T15:39:50.867522
KRNMF,Clariane SE,4.78,0.0,0.0,200,15,1708000000,2026-10-04T15:39:50.867522
USNZY,Usinas Siderúrgicas de Minas Gerais S.A.,1.38,-0.07,-4.83,11000,74418,1699000000,2026-10-04T15:39:50.867522
LMPMY,Lee & Man Paper Manufacturing Limited,3.95,0.0,0.0,2,107,1697000000,2026-10-04T15:39:50.867522
EYUUF,Electricity Generating Public Company Limited,3.21,0.0,0.0,1,1,1689000000,2026-10-04T15:39:50.867522
STMRF,Stanmore Resources Limited,1.87,0.0,0.0,300,424,1686000000,2026-10-04T15:39:50.867522
BLUMY,Blue Moon Group Holdings Limited,1.45,0.0,0.0,300,23,1682000000,2026-10-04T15:39:50.867522
AUSDF,Perenti Limited,1.8,0.0,0.0,100,4,1680000000,2026-10-04T15:39:50.867522
TMC,TMC the metals company Inc.,3.79,0.03,0.8,3662000,5293000,1672000000,2026-10-04T15:39:50.867522
FNEVF,"Fraser and Neave, Limited",1.14,0.0,0.0,4365,81,1658000000,2026-10-04T15:39:50.867522
ZIZTF,Zip Co Limited,1.33,0.0,0.0,100,581,1657000000,2026-10-04T15:39:50.867522
GEAHF,Great Eagle Holdings Limited,2.21,0.0,0.0,100,3,1657000000,2026-10-04T15:39:50.867522
SNIRF,Senior plc,3.75,0.0,0.0,100,607,1640000000,2026-10-04T15:39:50.867522
SLCJY,SLC Agrícola S.A.,3.29,0.0,0.0,2242,29646,1632000000,2026-10-04T15:39:50.867522
GRGTF,Grainger plc,2.2,0.0,0.0,1000,218,1632000000,2026-10-04T15:39:50.867522
CHRHF,Chervon Holdings Limited,3.2,0.0,0.0,275,882,1628000000,2026-10-04T15:39:50.867522
SHWGY,Shandong Weigao Group Medical Polymer Company Limited,1.45,0.0,0.0,1,145,1627000000,2026-10-04T15:39:50.867522
GPEAF,Great Portland Estates Plc,4.01,0.0,0.0,7,100,1618000000,2026-10-04T15:39:50.867522
KNFSF,Kiatnakin Phatra Bank Public Company Limited,1.32,0.0,0.0,3004,46,1614000000,2026-10-04T15:39:50.867522
LCID,"Lucid Group, Inc.",4.13,-0.06,-1.43,7668000,15600000,1612000000,2026-10-04T15:39:50.867522
MLCO,Melco Resorts & Entertainment Limited,4.19,0.05,1.21,2067000,2099000,1593000000,2026-10-04T15:39:50.867522
BVENY,Brava Energia S.A.,3.43,0.0,0.0,500,465,1591000000,2026-10-04T15:39:50.867522
ITAYY,PT Indo Tambangraya Megah Tbk,2.88,0.0,0.0,4000,195,1588000000,2026-10-04T15:39:50.867522
WZZZY,Wizz Air Holdings Plc,3.81,0.0,0.0,6000,179,1577000000,2026-10-04T15:39:50.867522
VVVNF,Vivendi SE,1.58,-0.02,-1.25,9600,7578,1576000000,2026-10-04T15:39:50.867522
EEDVF,--,2.95,0.0,0.0,0,43,1575000000,2026-10-04T15:39:50.867522
BELGF,Bellevue Gold Limited,1.05,0.0,0.0,22188,5222,1566000000,2026-10-04T15:39:50.867522
JBLU,JetBlue Airways Corporation,4.15,0.0,0.0,14539000,26150000,1566000000,2026-10-04T15:39:50.867522
ORZCF,Orezone Gold Corporation,2.34,0.08,3.54,6032,201853,1563000000,2026-10-04T15:39:50.867522
PIAHY,Ping An Healthcare and Technology Company Limited,1.47,0.0,0.0,15,76,1563000000,2026-10-04T15:39:50.867522
BRDNF,Breedon Group plc,4.5,0.0,0.0,4500,9,1562000000,2026-10-04T15:39:50.867522
QKIE,QKI Emulsion Inc.,2.98,0.0,0.0,9,684,1561000000,2026-10-04T15:39:50.867522
BTSDF,Health and Happiness (H&H) International Holdings Limited,2.41,0.0,0.0,400,7,1556000000,2026-10-04T15:39:50.867522
VIVHY,Vivendi SE,1.55,0.02,1.31,300,208103,1546000000,2026-10-04T15:39:50.867522
SID,Companhia Siderúrgica Nacional,1.16,0.04,3.57,7274000,5291000,1538000000,2026-10-04T15:39:50.867522
PGENY,Pigeon Corporation,3.21,0.0,0.0,550,190,1534000000,2026-10-04T15:39:50.867522
CBAOF,FIBRA Terrafina,1.94,0.0,0.0,5000,127,1525000000,2026-10-04T15:39:50.867522
LNDAF,"Línea Directa Aseguradora, S.A., Compañía de Seguros y Reaseguros",1.4,0.0,0.0,896,432,1522000000,2026-10-04T15:39:50.867522
UROY,Uranium Royalty Corp.,3.97,0.09,2.32,2724000,3408000,1513000000,2026-10-04T15:39:50.867522
TSHA,"Taysha Gene Therapies, Inc.",4.63,-0.11,-2.32,2561000,3161000,1509000000,2026-10-04T15:39:50.867522
YNNHF,Yihai International Holding Ltd.,1.55,0.0,0.0,66,10,1504000000,2026-10-04T15:39:50.867522
KOS,Kosmos Energy Ltd.,2.51,-0.07,-2.71,11982000,14019000,1495000000,2026-10-04T15:39:50.867522
USAS,Americas Gold and Silver Corporation,4.42,0.02,0.45,2580000,4271000,1495000000,2026-10-04T15:39:50.867522
CPHGF,Consun Pharmaceutical Group Limited,1.78,0.0,0.0,115,9,1491000000,2026-10-04T15:39:50.867522
DETRF,Deterra Royalties Limited,2.8,0.03,1.12,10000,10932,1489000000,2026-10-04T15:39:50.867522
LEOPF,Leopalace21 Corporation,4.68,0.0,0.0,657,13,1487000000,2026-10-04T15:39:50.867522
MPZZF,MPC Container Ships ASA,3.02,0.0,0.0,1000,11003,1474000000,2026-10-04T15:39:50.867522
GLVHF,Glenveagh Properties PLC,2.91,0.0,0.0,46620,2,1471000000,2026-10-04T15:39:50.867522
VIMGF,Vimian Group AB (publ),2.77,0.0,0.0,7000,9,1463000000,2026-10-04T15:39:50.867522
CYFWF,Cyfrowy Polsat S.A.,2.64,0.0,0.0,945,14,1454000000,2026-10-04T15:39:50.867522
ASPHF,Ascentage Pharma Group International,3.89,0.0,0.0,1000,73,1453000000,2026-10-04T15:39:50.867522
NPSGY,"Nippon Sheet Glass Company, Limited",2.85,0.0,0.0,500,7,1451000000,2026-10-04T15:39:50.867522
MTRBF,Metro Bank Holdings PLC,2.15,0.0,0.0,3312,871,1448000000,2026-10-04T15:39:50.867522
DMCHY,"DMCI Holdings, Inc.",1.09,0.0,0.0,44,23,1447000000,2026-10-04T15:39:50.867522
CLOEF,Cloetta AB (publ),5.0,-0.4,-7.41,100,111,1438000000,2026-10-04T15:39:50.867522
ISCDF,Isracard Ltd.,4.4,0.0,0.0,9,1,1433000000,2026-10-04T15:39:50.867522
FAURY,Forvia SE,1.93,0.0,0.0,1,1,1421000000,2026-10-04T15:39:50.867522
DHSBF,Dah Sing Banking Group Limited,1.0,0.0,0.0,80,1,1406000000,2026-10-04T15:39:50.867522
IAUX,i-80 Gold Corp.,1.62,0.0,0.0,5731000,9607000,1403000000,2026-10-04T15:39:50.867522
GT,The Goodyear Tire & Rubber Company,4.84,-0.19,-3.78,11075000,9100000,1393000000,2026-10-04T15:39:50.867522
ERMAY,ERAMET S.A.,4.84,0.13,2.76,100,1106,1387000000,2026-10-04T15:39:50.867522
NTTBF,NTN Corporation,2.33,0.0,0.0,0,2,1385000000,2026-10-04T15:39:50.867522
SQZZF,Serica Energy plc,3.52,0.0,0.0,43100,2567,1380000000,2026-10-04T15:39:50.867522
INGEF,Ingenia Communities Group,3.34,0.12,3.81,449,155,1359000000,2026-10-04T15:39:50.867522
JNBYF,JNBY Design Limited,2.59,0.0,0.0,500,214,1355000000,2026-10-04T15:39:50.867522
SLTMF,--,2.9,-0.19,-6.3,0,231,1350000000,2026-10-04T15:39:50.867522
DURYY,Dürr Aktiengesellschaft,3.9,0.0,0.0,43,15,1349000000,2026-10-04T15:39:50.867522
ECTXF,Electrolux Professional AB (publ),4.65,0.0,0.0,9000,8,1336000000,2026-10-04T15:39:50.867522
SGLD,Scorpio Gold Corporation,3.85,0.2,5.48,54507,734765,1333000000,2026-10-04T15:39:50.867522
LLESF,Lendlease Group,1.92,0.0,0.0,1,1576,1327000000,2026-10-04T15:39:50.867522
NWARF,Norwegian Air Shuttle ASA,1.26,0.0,0.0,100,993,1326000000,2026-10-04T15:39:50.867522
XNDU,Xanadu Quantum Technologies Limited,4.3,-0.18,-4.02,4860000,2836000,1309000000,2026-10-04T15:39:50.867522
JFHHF,Jupiter Fund Management Plc,2.61,0.0,0.0,100,1,1308000000,2026-10-04T15:39:50.867522
HCAEF,Admie Holding S.A.,3.59,0.0,0.0,0,49,1303000000,2026-10-04T15:39:50.867522
AUTLF,Austal Limited,3.08,0.0,0.0,3000,8418,1300000000,2026-10-04T15:39:50.867522
PKCPY,PT AKR Corporindo Tbk,1.63,0.0,0.0,900,16,1291000000,2026-10-04T15:39:50.867522
HBMHF,HBM Holdings Limited,1.56,0.0,0.0,600,16,1288000000,2026-10-04T15:39:50.867522
SFRGY,Salvatore Ferragamo S.p.A.,3.9,0.01,0.26,1608,19668,1285000000,2026-10-04T15:39:50.867522
VZLA,Vizsla Silver Corp.,3.61,-0.14,-3.73,5502000,5231000,1282000000,2026-10-04T15:39:50.867522
EMAT,Evolution Metals & Technologies Corp.,2.04,-0.12,-5.34,1042000,891275,1279000000,2026-10-04T15:39:50.867522
XDNCF,XD Inc.,2.7,0.0,0.0,50,3,1278000000,2026-10-04T15:39:50.867522
BBAI,"BigBear.ai Holdings, Inc.",2.65,-0.09,-3.28,24919000,20211000,1271000000,2026-10-04T15:39:50.867522
NHMAF,Nihon M&A Center Holdings Inc.,4.0,0.0,0.0,100,10,1269000000,2026-10-04T15:39:50.867522
MLXEF,Metals X Limited,1.43,-0.02,-1.38,4100,22834,1268000000,2026-10-04T15:39:50.867522
CTYMF,Catalyst Metals Limited,4.8,0.0,0.0,17366,1140,1266000000,2026-10-04T15:39:50.867522
MOGLF,Mongolian Mining Corporation,1.23,0.0,0.0,344,3606,1259000000,2026-10-04T15:39:50.867522
ISLCF,Israel Canada (T.R) Ltd,3.69,0.0,0.0,0,33,1259000000,2026-10-04T15:39:50.867522
CHLWF,Charter Hall Long WALE REIT,1.73,0.0,0.0,191,3,1250000000,2026-10-04T15:39:50.867522
GLGDF,GoGold Resources Inc.,2.88,-0.01,-0.35,39519,414864,1249000000,2026-10-04T15:39:50.867522
RIOFF,Rio2 Limited,2.27,0.08,3.65,36535,404550,1246000000,2026-10-04T15:39:50.867522
SURRY,Sun Art Retail Group Limited,1.19,0.0,0.0,650,34,1243000000,2026-10-04T15:39:50.867522
ARZTY,ARYZTA AG,4.72,0.0,0.0,100,54,1240000000,2026-10-04T15:39:50.867522
ELKEF,Elkem ASA,3.4,0.0,0.0,1000,1,1233000000,2026-10-04T15:39:50.867522
DRSHF,DroneShield Limited,1.33,0.17,14.66,40250,73368,1231000000,2026-10-04T15:39:50.867522
CRRNF,Cairn Homes plc,1.99,0.0,0.0,0,156,1231000000,2026-10-04T15:39:50.867522
MNKD,MannKind Corporation,3.8,-0.15,-3.8,4614000,4522000,1222000000,2026-10-04T15:39:50.867522
CCO,"Clear Channel Outdoor Holdings, Inc.",2.39,-0.01,-0.42,5224000,6955000,1217000000,2026-10-04T15:39:50.867522
FGROY,FirstGroup plc,2.35,0.0,0.0,9,120,1216000000,2026-10-04T15:39:50.867522
CBOAF,Cobram Estate Olives Limited,2.54,0.0,0.0,1000,15,1214000000,2026-10-04T15:39:50.867522
BIREF,Birchcliff Energy Ltd.,4.42,0.07,1.61,11883,156218,1213000000,2026-10-04T15:39:50.867522
TMVWY,TeamViewer SE,3.84,0.44,12.94,100,437,1207000000,2026-10-04T15:39:50.867522
TV,"Grupo Televisa, S.A.B.",2.29,0.04,1.78,2353000,1140000,1207000000,2026-10-04T15:39:50.867522
BORR,Borr Drilling Limited,3.91,-0.14,-3.46,5146000,5284000,1206000000,2026-10-04T15:39:50.867522
LLESY,Lendlease Group,1.74,0.0,0.0,1698,164,1203000000,2026-10-04T15:39:50.867522
LNXSY,LANXESS Aktiengesellschaft,2.77,-0.04,-1.42,1000,696,1196000000,2026-10-04T15:39:50.867522
TRWKF,Truworths International Limited,3.2,0.0,0.0,640,49,1191000000,2026-10-04T15:39:50.867522
CIAFF,Champion Iron Limited,2.13,0.03,1.63,8800,133764,1191000000,2026-10-04T15:39:50.867522
SLNLF,Stella International Holdings Limited,1.41,0.0,0.0,0,32,1190000000,2026-10-04T15:39:50.867522
CRON,Cronos Group Inc.,3.22,0.01,0.47,1226000,1130000,1188000000,2026-10-04T15:39:50.867522
BENZF,Benz Mining Corp.,3.11,-0.33,-9.48,1950,18087,1183000000,2026-10-04T15:39:50.867522
ASNFF,AsiaInfo Technologies Limited,1.25,0.0,0.0,115,1,1175000000,2026-10-04T15:39:50.867522
JPDYY,Japan Display Inc.,2.75,0.0,0.0,100,4,1173000000,2026-10-04T15:39:50.867522
PAHGF,Pets at Home Group Plc,2.72,0.0,0.0,400,167,1172000000,2026-10-04T15:39:50.867522
HMMCF,Hemlo Mining Corp.,3.95,-0.16,-3.89,4905,53695,1171000000,2026-10-04T15:39:50.867522
IMDXF,Imdex Limited,2.25,0.0,0.0,1000,168,1171000000,2026-10-04T15:39:50.867522
CRPHY,Ceres Power Holdings plc,2.73,0.21,8.32,7000,15740,1170000000,2026-10-04T15:39:50.867522
EOSE,"Eos Energy Enterprises, Inc.",3.21,0.07,2.23,23798000,27291000,1169000000,2026-10-04T15:39:50.867522
OPK,"OPKO Health, Inc.",1.56,-0.01,-0.64,1399000,3350000,1164000000,2026-10-04T15:39:50.867522
GRWPF,Growthpoint Properties Australia,1.54,0.0,0.0,0,1,1162000000,2026-10-04T15:39:50.867522
PTJSY,PT Jasa Marga (Persero) Tbk,3.2,0.0,0.0,200,54,1161000000,2026-10-04T15:39:50.867522
TE,T1 Energy Inc.,3.92,0.19,5.09,16309000,29574000,1154000000,2026-10-04T15:39:50.867522
CASBF,CanSino Biologics Inc.,4.65,0.0,0.0,1000,89,1149000000,2026-10-04T15:39:50.867522
TRTPF,Trustpilot Group plc,3.0,0.0,0.0,3500,120,1149000000,2026-10-04T15:39:50.867522
VTEXF,Develop Global Limited,3.48,0.0,0.0,161,49,1148000000,2026-10-04T15:39:50.867522
TNLIF,Trainline plc,3.4,0.0,0.0,200,39,1146000000,2026-10-04T15:39:50.867522
RHCGF,Ryman Healthcare Limited,1.12,0.0,0.0,850,67,1138000000,2026-10-04T15:39:50.867522
CPPKF,Faraday Copper Corp.,3.86,0.12,3.27,5800,75695,1135000000,2026-10-04T15:39:50.867522
HYKUF,"The Hyakugo Bank, Ltd.",4.7,0.0,0.0,100,28,1135000000,2026-10-04T15:39:50.867522
BCTCF,OSL Group Limited,1.25,0.0,0.0,1000,4,1124000000,2026-10-04T15:39:50.867522
RTOBF,Ratos AB (publ),3.42,0.0,0.0,200,25,1120000000,2026-10-04T15:39:50.867522
GDRX,"GoodRx Holdings, Inc.",3.28,0.01,0.31,860463,1273000,1119000000,2026-10-04T15:39:50.867522
BVHMF,Vistry Group PLC,3.52,0.0,0.0,9000,6899,1119000000,2026-10-04T15:39:50.867522
HBNB,Hotel101 Global Holdings Corp.,4.76,0.2,4.39,1696,7167,1114000000,2026-10-04T15:39:50.867522
OMZNF,Osisko Metals Incorporated,1.24,0.02,2.06,100,138738,1104000000,2026-10-04T15:39:50.867522
BOMXF,"Bolsa Mexicana de Valores, S.A.B. de C.V.",2.0,-0.14,-6.54,2500,3071,1103000000,2026-10-04T15:39:50.867522
ASCLF,Ascletis Pharma Inc.,1.04,-0.08,-7.14,8000,724,1094000000,2026-10-04T15:39:50.867522
OGCP,"Empire State Realty OP, L.P.",3.9,-0.23,-5.57,1622,1068,1093000000,2026-10-04T15:39:50.867522
MDEVY,Melco International Development Limited,2.4,0.0,0.0,100,8,1092000000,2026-10-04T15:39:50.867522
KRKNF,Kraken Robotics Inc.,2.91,-0.1,-3.29,230347,838454,1081000000,2026-10-04T15:39:50.867522
GTM,ZoomInfo Technologies Inc.,3.71,-0.14,-3.64,3336000,6555000,1080000000,2026-10-04T15:39:50.867522
ESBA,"Empire State Realty OP, L.P.",3.85,-0.19,-4.58,24578,5846,1079000000,2026-10-04T15:39:50.867522
SVAUF,StorageVault Canada Inc.,2.92,0.0,0.0,3450,17756,1068000000,2026-10-04T15:39:50.867522
PSEC,Prospect Capital Corporation,2.0,-0.05,-2.44,5978000,4460000,1068000000,2026-10-04T15:39:50.867522
DAHSF,Dah Sing Financial Holdings Limited,3.34,0.0,0.0,1,1,1066000000,2026-10-04T15:39:50.867522
CGIUF,ESR-REIT,1.32,-0.49,-27.23,4,7,1065000000,2026-10-04T15:39:50.867522
CSNRF,Chesnara plc,4.59,0.0,0.0,100,46,1062000000,2026-10-04T15:39:50.867522
CHYCY,Chiyoda Corporation,4.08,0.0,0.0,45,32,1057000000,2026-10-04T15:39:50.867522
RXT,"Rackspace Technology, Inc.",4.12,0.26,6.74,5343000,9638000,1050000000,2026-10-04T15:39:50.867522
SMGRF,Summerset Group Holdings Limited,4.29,0.0,0.0,100,18,1048000000,2026-10-04T15:39:50.867522
FFMFF,FireFly Metals Ltd,1.2,0.03,2.56,10000,15286,1047000000,2026-10-04T15:39:50.867522
MNXBF,"Monex Group, Inc.",4.16,0.0,0.0,9,34,1046000000,2026-10-04T15:39:50.867522
SUUIF,Superior Plus Corp.,4.85,-0.02,-0.41,200,120070,1041000000,2026-10-04T15:39:50.867522
SIVEF,Sivers Semiconductors AB (publ),3.25,0.13,4.17,281436,2416000,1036000000,2026-10-04T15:39:50.867522
TUYA,Tuya Inc.,1.69,-0.03,-1.74,204823,663332,1036000000,2026-10-04T15:39:50.867522
BVHMY,Vistry Group PLC,3.23,-0.27,-7.71,270,371,1027000000,2026-10-04T15:39:50.867522
CAOLF,China Aviation Oil (Singapore) Corporation Ltd,1.19,0.0,0.0,100,3,1024000000,2026-10-04T15:39:50.867522
OCINF,OCI N.V.,4.85,0.0,0.0,85,143,1023000000,2026-10-04T15:39:50.867522
DMPZF,Domino's Pizza Group plc,2.68,-0.14,-4.96,2293,196,1022000000,2026-10-04T15:39:50.867522
GMALY,Genting Malaysia Berhad,4.5,0.0,0.0,4,3,1020000000,2026-10-04T15:39:50.867522
PITPY,PT Indocement Tunggal Prakarsa Tbk,2.97,0.0,0.0,100,136,1019000000,2026-10-04T15:39:50.867522
ICHIF,Ichigo Inc.,2.59,0.0,0.0,2,159,1015000000,2026-10-04T15:39:50.867522
LGSXY,Light S.A.,1.26,0.04,3.28,1926,24115,1015000000,2026-10-04T15:39:50.867522
HYHHF,"Hygeia Healthcare Holdings Co., Limited",1.68,0.0,0.0,100,1,1012000000,2026-10-04T15:39:50.867522
GRCLF,GrainCorp Limited,4.55,-0.45,-9.0,1100,4409,1012000000,2026-10-04T15:39:50.867522
CHYCF,Chiyoda Corporation,3.88,0.0,0.0,200,3,1006000000,2026-10-04T15:39:50.867522
OMGGF,Omai Gold Mines Corp.,1.49,-0.03,-1.98,6330,263828,1004000000,2026-10-04T15:39:50.867522
SAFLF,Safilo Group S.p.A.,2.58,0.0,0.0,7,10,1002000000,2026-10-04T15:39:50.867522
LTGHY,Life Healthcare Group Holdings Limited,2.8,0.02,0.72,1300,44275,1002000000,2026-10-04T15:39:50.867522
SHPHY,Sihuan Pharmaceutical Holdings Group Ltd.,4.39,0.0,0.0,0,14,1002000000,2026-10-04T15:39:50.867522
DOMVF,Dogus Otomotiv Servis ve Ticaret A.S.,4.54,0.0,0.0,50,1,998800000,2026-10-04T15:39:50.867522
SXELF,Southern Cross Electrical Engineering Limited,3.22,0.0,0.0,100,11,993336000,2026-10-04T15:39:50.867522
HNMUF,Hana Microelectronics Public Company Limited,1.12,0.0,0.0,3333,141,991611000,2026-10-04T15:39:50.867522
ALMOF,Alphamab Oncology,1.02,0.0,0.0,0,8,987406000,2026-10-04T15:39:50.867522
MRNFF,Meren Energy Inc.,1.46,-0.02,-1.35,23150,317354,987128000,2026-10-04T15:39:50.867522
SVRA,Savara Inc.,4.81,-0.23,-4.66,2652000,1787000,985700000,2026-10-04T15:39:50.867522
HLIGF,Helia Group Limited,3.61,0.0,0.0,500,23,985527000,2026-10-04T15:39:50.867522
AHG,Akso Health Group,1.15,0.13,12.75,81980,106904,985210000,2026-10-04T15:39:50.867522
ITGDF,Integral Diagnostics Limited,2.61,0.0,0.0,2100,75,974636000,2026-10-04T15:39:50.867522
HTROF,Hexatronic Group AB (publ),4.35,0.0,0.0,500,117,963302000,2026-10-04T15:39:50.867522
FHNGY,The Foschini Group Limited,3.04,0.07,2.36,1,134,958509000,2026-10-04T15:39:50.867522
HGRAF,HydroGraph Clean Power Inc.,2.64,0.08,3.13,246732,1100000,956774000,2026-10-04T15:39:50.867522
APYRF,Allied Properties Real Estate Investment Trust,4.88,0.0,0.0,200,44860,955334000,2026-10-04T15:39:50.867522
BRAI,Braiin Limited,4.63,-0.68,-12.81,192361,210362,954189000,2026-10-04T15:39:50.867522
CLVT,Clarivate Plc,1.48,-0.12,-7.5,3684000,5341000,946040000,2026-10-04T15:39:50.867522
AAGRY,PT Astra Agro Lestari Tbk,2.45,0.0,0.0,24000,710,943097000,2026-10-04T15:39:50.867522
MCRUF,Morgan Advanced Materials plc,3.4,0.0,0.0,20000,1203,939810000,2026-10-04T15:39:50.867522
GUZOF,"Grupo Herdez, S.A.B. de C.V.",2.9,0.0,0.0,300,90,932515000,2026-10-04T15:39:50.867522
ITMPF,ITM Power Plc,1.35,-0.02,-1.46,1210,5278,931772000,2026-10-04T15:39:50.867522
HCHDY,Hochschild Mining plc,3.62,0.0,0.0,100,757,930828000,2026-10-04T15:39:50.867522
NXDR,"Nextdoor Holdings, Inc.",2.44,-0.04,-1.61,1515000,2279000,930586000,2026-10-04T15:39:50.867522
PEJMF,Peijia Medical Limited,1.39,0.0,0.0,76000,8333,927533000,2026-10-04T15:39:50.867522
LAC,Lithium Americas Corp.,2.55,-0.02,-0.78,6250000,9637000,925759000,2026-10-04T15:39:50.867522
CRTHF,CARsgen Therapeutics Holdings Limited,1.62,0.0,0.0,2300,264,923128000,2026-10-04T15:39:50.867522
SAFLY,Safilo Group S.p.A.,4.75,0.0,0.0,100,15,922621000,2026-10-04T15:39:50.867522
CMRF,"CIM Group, Inc.",2.1,0.0,0.0,10658,3064,916230000,2026-10-04T15:39:50.867522
KOPN,Kopin Corporation,4.91,0.3,6.51,3024000,3920000,912635000,2026-10-04T15:39:50.867522
TOLWF,Trican Well Service Ltd.,4.33,-0.02,-0.46,101,129660,906415000,2026-10-04T15:39:50.867522
NWHUF,Vital Infrastructure Property Trust,3.62,-0.03,-0.82,163,97729,905067000,2026-10-04T15:39:50.867522
NTCPF,NorthIsle Copper and Gold Inc.,2.68,0.03,0.94,59842,418771,889915000,2026-10-04T15:39:50.867522
DRMTY,Dr. Martens plc,1.85,0.0,0.0,150,468,885382000,2026-10-04T15:39:50.867522
LU,Lufax Holding Ltd,1.02,-0.17,-14.29,4178000,1049000,884023000,2026-10-04T15:39:50.867522
PCT,"PureCycle Technologies, Inc.",4.39,0.1,2.33,5569000,4347000,881972000,2026-10-04T15:39:50.867522
HFAHF,Navigator Global Investments Limited,1.45,0.0,0.0,100,4,881736000,2026-10-04T15:39:50.867522
ABUS,Arbutus Biopharma Corporation,4.45,-0.11,-2.41,8994000,4551000,881571000,2026-10-04T15:39:50.867522
SLBT,SL Science Holding Limited,1.57,-0.03,-1.88,51536,85584,880393000,2026-10-04T15:39:50.867522
MMHTF,"Miramar Hotel and Investment Company, Limited",1.27,0.0,0.0,1,49,877519000,2026-10-04T15:39:50.867522
PRSPF,European Resources Limited,1.25,0.0,0.0,100,100,874894000,2026-10-04T15:39:50.867522
TBLA,Taboola.com Ltd.,3.23,-0.09,-2.71,2157000,2506000,872602000,2026-10-04T15:39:50.867522
MPGPF,Michael Page Plc,2.8,0.0,0.0,100,90,871818000,2026-10-04T15:39:50.867522
HEPS,D-Market Elektronik Hizmetler ve Ticaret A.S.,2.44,-0.04,-1.61,226630,295123,871630000,2026-10-04T15:39:50.867522
SANA,"Sana Biotechnology, Inc.",2.89,0.0,0.0,3495000,3055000,865152000,2026-10-04T15:39:50.867522
ARDX,"Ardelyx, Inc.",3.34,-0.04,-1.18,4097000,4041000,862346000,2026-10-04T15:39:50.867522
OGG,Osisko Gold Group Inc.,2.81,0.02,0.72,1485000,1840000,859404000,2026-10-04T15:39:50.867522
RZLV,Rezolve AI PLC,2.06,-0.07,-3.29,10002000,13223000,858750000,2026-10-04T15:39:50.867522
CARCY,China Resources Building Materials Technology Holdings Limited,3.67,0.0,0.0,100,9,855410000,2026-10-04T15:39:50.867522
JVTSF,Juventus Football Club S.p.A.,2.05,0.05,2.5,200,789,854920000,2026-10-04T15:39:50.867522
KSKGF,Kingsgate Consolidated Limited,3.2,0.0,0.0,533,1609,852509000,2026-10-04T15:39:50.867522
IVA,Inventiva S.A.,3.56,0.1,2.89,4886000,1435000,840946000,2026-10-04T15:39:50.867522
ELROF,Elior Group SA,3.33,0.0,0.0,1000,15,835991000,2026-10-04T15:39:50.867522
ACDC,ProFrac Holding Corp.,4.58,0.18,4.09,764918,1557000,834122000,2026-10-04T15:39:50.867522
PLTK,Playtika Holding Corp.,2.18,0.01,0.46,894350,1451000,831492000,2026-10-04T15:39:50.867522
FDCHF,Funding Circle Holdings plc,2.95,0.0,0.0,7490,125,829872000,2026-10-04T15:39:50.867522
BWOSF,BW Offshore Limited,4.57,0.0,0.0,400,7,828156000,2026-10-04T15:39:50.867522
MRRDF,Meridian Mining Plc,1.7,0.05,3.04,2100,32227,827509000,2026-10-04T15:39:50.867522
GKSDF,"Kuo, S.A.B. de C.V.",1.9,0.0,0.0,1510,52,826639000,2026-10-04T15:39:50.867522
KRNGF,Karoon Energy Ltd,1.18,0.0,0.0,20000,940,823203000,2026-10-04T15:39:50.867522
SILXF,Silex Systems Limited,2.95,0.05,1.72,3000,5951,822385000,2026-10-04T15:39:50.867522
XTND,"Xtend AI Robotics, Inc.",3.3,0.01,0.3,914551,1238000,822135000,2026-10-04T15:39:50.867522
EVLV,"Evolv Technologies Holdings, Inc.",4.57,-0.14,-2.97,2358000,1994000,822012000,2026-10-04T15:39:50.867522
VTXPY,Victrex plc,4.72,0.0,0.0,315,6,821885000,2026-10-04T15:39:50.867522
HIVE,HIVE Digital Technologies Ltd.,2.97,0.05,1.88,9505000,17310000,815975000,2026-10-04T15:39:50.867522
LGDTF,Liberty Gold Corp.,1.48,0.05,3.5,78340,405759,812011000,2026-10-04T15:39:50.867522
BBMPY,BBMG Corporation,1.52,0.0,0.0,50,1,811511000,2026-10-04T15:39:50.867522
LXRX,"Lexicon Pharmaceuticals, Inc.",1.82,0.0,0.0,2317000,2956000,809820000,2026-10-04T15:39:50.867522
HYLN,Hyliion Holdings Corp.,4.53,0.32,7.6,1810000,2581000,809045000,2026-10-04T15:39:50.867522
SPHIF,Super Hi International Holding Ltd.,1.38,-0.52,-27.63,663,31,809003000,2026-10-04T15:39:50.867522
NZRFF,Channel Infrastructure NZ Limited,1.95,0.0,0.0,50,3,808059000,2026-10-04T15:39:50.867522
NUFMF,Nufarm Limited,2.1,-0.03,-1.41,2800,521,806941000,2026-10-04T15:39:50.867522
RERE,ATRenew Inc.,3.64,-0.06,-1.62,345155,883315,806227000,2026-10-04T15:39:50.867522
BUR,Burford Capital Limited,3.65,-0.17,-4.45,2182000,1835000,801524000,2026-10-04T15:39:50.867522
NABL,"N-able, Inc.",4.23,-0.11,-2.53,1969000,2553000,799070000,2026-10-04T15:39:50.867522
PNTOF,Pantoro Gold Limited,2.05,0.0,0.0,130,1078,798940000,2026-10-04T15:39:50.867522
FLTCF,Filtronic plc,3.63,0.26,7.59,30685,216210,798392000,2026-10-04T15:39:50.867522
GSM,Ferroglobe PLC,4.26,0.18,4.41,1264000,1528000,796026000,2026-10-04T15:39:50.867522
SABR,Sabre Corporation,1.97,-0.02,-1.01,4256000,4427000,795059000,2026-10-04T15:39:50.867522
ANNX,"Annexon, Inc.",4.19,0.07,1.7,4019000,3288000,794337000,2026-10-04T15:39:50.867522
ARRJF,Arjo AB (publ),2.91,0.0,0.0,10000,3756,792595000,2026-10-04T15:39:50.867522
PIAGF,Piaggio & C. SpA,2.25,0.0,0.0,2500,3760,791489000,2026-10-04T15:39:50.867522
PACB,"Pacific Biosciences of California, Inc.",2.54,0.03,1.2,25971000,8822000,789510000,2026-10-04T15:39:50.867522
WHTCF,WELL Health Technologies Corp.,3.08,-0.07,-2.19,9000,40959,788317000,2026-10-04T15:39:50.867522
PHGUF,Pharming Group N.V.,1.11,0.0,0.0,500,93,782098000,2026-10-04T15:39:50.867522
BXBL,Boxabl Inc.,3.23,0.02,0.62,72365,327281,780223000,2026-10-04T15:39:50.867522
PHK,PIMCO High Income Fund,4.15,0.01,0.24,1524000,1146000,776834000,2026-10-04T15:39:50.867522
SHGKY,Sun Hung Kai & Co. Limited,1.99,0.0,0.0,1,3826,776631000,2026-10-04T15:39:50.867522
MADGF,Mader Group Limited,3.8,0.0,0.0,200,23,773155000,2026-10-04T15:39:50.867522
GERN,Geron Corporation,1.2,-0.01,-0.83,14745000,10390000,770968000,2026-10-04T15:39:50.867522
KRNGY,Karoon Energy Ltd,2.2,0.0,0.0,3,39,767392000,2026-10-04T15:39:50.867522
DTCGF,Dometic Group AB (publ),2.4,0.0,0.0,206,26,766800000,2026-10-04T15:39:50.867522
ANGX,"Angel Studios, Inc.",4.08,-0.15,-3.55,2189000,1664000,761966000,2026-10-04T15:39:50.867522
IVEVF,Inventiva S.A.,3.22,0.0,0.0,100,118,760631000,2026-10-04T15:39:50.867522
SYAXF,Elevra Lithium Limited,3.92,0.0,0.0,2700,12115,760543000,2026-10-04T15:39:50.867522
CSWYF,China Shineway Pharmaceutical Group Limited,1.0,0.0,0.0,100,3,758422000,2026-10-04T15:39:50.867522
UBSFY,Ubisoft Entertainment SA,1.09,-0.02,-1.8,166696,102596,757529000,2026-10-04T15:39:50.867522
ELPKF,Elopak ASA,2.81,0.0,0.0,1000,5,754568000,2026-10-04T15:39:50.867522
WHSMY,WH Smith PLC,2.5,0.0,0.0,99,94,752500000,2026-10-04T15:39:50.867522
ZSHGY,Zhongsheng Group Holdings Limited,2.99,-0.22,-6.85,2,2809,749521000,2026-10-04T15:39:50.867522
TIGR,UP Fintech Holding Limited,4.16,-0.11,-2.58,2714000,2134000,748157000,2026-10-04T15:39:50.867522
NAK,Northern Dynasty Minerals Ltd.,1.33,-0.01,-0.75,2593000,4181000,747622000,2026-10-04T15:39:50.867522
MRVSY,Minerva S.A.,3.01,0.0,0.0,1718,3518,747259000,2026-10-04T15:39:50.867522
SLNCF,Silence Therapeutics plc,4.0,0.0,0.0,2,75,745849000,2026-10-04T15:39:50.867522
RSHPF,Irish Residential Properties REIT Plc,1.4,0.0,0.0,34000,5614,745583000,2026-10-04T15:39:50.867522
FNCHF,FINEOS Corporation Holdings plc,2.16,0.0,0.0,5700,1,745290000,2026-10-04T15:39:50.867522
WVE,"Wave Life Sciences, Inc.",3.78,-0.1,-2.58,3743000,3079000,744842000,2026-10-04T15:39:50.867522
CHXMF,Troilus Mining Corp.,1.3,-0.02,-1.52,600,233584,734284000,2026-10-04T15:39:50.867522
MPGPY,Michael Page Plc,4.69,0.0,0.0,853,156,730148000,2026-10-04T15:39:50.867522
ELSLF,Elsight Limited,3.28,0.0,0.0,200,45,730130000,2026-10-04T15:39:50.867522
TAOFF,IperionX Limited,2.0,0.0,0.0,4700,1376,724480000,2026-10-04T15:39:50.867522
ESRT,"Empire State Realty Trust, Inc.",4.17,0.04,0.97,4819000,2872000,721963000,2026-10-04T15:39:50.867522
ASCOF,Ascopiave S.p.A.,3.33,0.0,0.0,100,1,720738000,2026-10-04T15:39:50.867522
BLDP,Ballard Power Systems Inc.,2.05,0.03,1.49,1544000,4099000,719736000,2026-10-04T15:39:50.867522
AMRQF,Amaroq Ltd.,1.54,-0.01,-0.65,630,61640,718016000,2026-10-04T15:39:50.867522
NRGV,"Energy Vault Holdings, Inc.",3.94,0.05,1.29,2830000,4506000,716448000,2026-10-04T15:39:50.867522
YITYY,YIT Oyj,1.55,0.0,0.0,15,13,715228000,2026-10-04T15:39:50.867522
ACASF,Acast AB (publ),3.4,0.0,0.0,935,253,714795000,2026-10-04T15:39:50.867522
DGTRF,--,1.27,0.0,0.0,0,450,710011000,2026-10-04T15:39:50.867522
SIHBY,Shenzhen Investment Holdings Bay Area Development Company Limited,2.13,-0.38,-15.14,499,134,709650000,2026-10-04T15:39:50.867522
OABI,"OmniAb, Inc.",4.87,-0.12,-2.4,1624000,1418000,708051000,2026-10-04T15:39:50.867522
HAYPY,Hays plc,4.5,0.0,0.0,1,2,707907000,2026-10-04T15:39:50.867522
MALG,Microalliance Group Inc.,1.16,0.0,0.0,7,17,704979000,2026-10-04T15:39:50.867522
JMHSF,James Halstead plc,1.69,0.0,0.0,0,222,703735000,2026-10-04T15:39:50.867522
ALEDY,Allied Group Limited,5.0,0.0,0.0,80,1,702737000,2026-10-04T15:39:50.867522
HLFDF,Halfords Group plc,3.2,0.0,0.0,25000,1131,693063000,2026-10-04T15:39:50.867522
DBVTF,DBV Technologies S.A.,2.2,-0.31,-12.49,100,1202,691333000,2026-10-04T15:39:50.867522
JQC,Nuveen Credit Strategies Income Fund,4.67,-0.07,-1.48,860987,641345,690304000,2026-10-04T15:39:50.867522
INDI,"indie Semiconductor, Inc.",2.97,0.09,3.12,5474000,5863000,688472000,2026-10-04T15:39:50.867522
PSNYW,Polestar Automotive Holding UK PLC,4.19,-0.07,-1.53,9557,305823,688334000,2026-10-04T15:39:50.867522
GROY,Gold Royalty Corp.,2.97,-0.02,-0.67,872843,2005000,688092000,2026-10-04T15:39:50.867522
RIDYF,Ridley Corporation Limited,1.83,0.0,0.0,100,1,685981000,2026-10-04T15:39:50.867522
ANZLY,Air New Zealand Limited,1.06,-0.09,-8.15,150,657,685515000,2026-10-04T15:39:50.867522
FINV,FinVolution Group,2.9,-0.12,-3.97,476609,837243,684673000,2026-10-04T15:39:50.867522
AOWDF,AO World plc,1.23,0.0,0.0,0,60,681672000,2026-10-04T15:39:50.867522
MOMO,Hello Group Inc.,4.72,-0.1,-2.07,883769,714451,677960000,2026-10-04T15:39:50.867522
CCMMF,CMC Markets Plc,2.5,0.0,0.0,100,9,674261000,2026-10-04T15:39:50.867522
SOC,Sable Offshore Corp.,3.51,0.22,6.69,10456000,9125000,673462000,2026-10-04T15:39:50.867522
HWGLF,Harworth Group plc,2.07,0.0,0.0,200,16,672380000,2026-10-04T15:39:50.867522
IBJHF,Ibstock plc,1.7,0.0,0.0,300,2,671527000,2026-10-04T15:39:50.867522
YITJF,YIT Oyj,2.91,0.0,0.0,0,4,671391000,2026-10-04T15:39:50.867522
CIEZF,"Corporación Interamericana de Entretenimiento, S.A.B. de C.V.",1.2,0.0,0.0,2500,39,671244000,2026-10-04T15:39:50.867522
MDXG,"MiMedx Group, Inc.",4.59,-0.05,-1.08,1372000,1239000,669838000,2026-10-04T15:39:50.867522
NPACY,Quadient S.A.,1.31,0.0,0.0,2706,332,669346000,2026-10-04T15:39:50.867522
TRON,Tron Inc.,1.41,0.03,2.17,558391,867006,668879000,2026-10-04T15:39:50.867522
CAZGF,Catapult Sports Ltd,2.11,0.0,0.0,200,4199,666708000,2026-10-04T15:39:50.867522
BCNAY,Barco NV,4.09,0.0,0.0,27,1,665659000,2026-10-04T15:39:50.867522
ABR,"Arbor Realty Trust, Inc.",3.56,-0.15,-4.04,6134000,4287000,664147000,2026-10-04T15:39:50.867522
OIO,OIO Group,1.9,0.13,7.34,115952,126915,661242000,2026-10-04T15:39:50.867522
YDWAF,"Yodoko, Ltd.",4.61,0.0,0.0,300,1,660094000,2026-10-04T15:39:50.867522
HNTIY,Hunting PLC,4.52,-0.32,-6.71,445,411,655322000,2026-10-04T15:39:50.867522
THSGF,Thesis Gold & Silver Inc.,2.23,0.01,0.59,3300,48960,655216000,2026-10-04T15:39:50.867522
THM,International Tower Hill Mines Ltd.,2.46,-0.06,-2.38,654389,929215,653928000,2026-10-04T15:39:50.867522
CSHR,CoinShares PLC Ordinary Shares,4.95,0.02,0.41,301013,259315,652312000,2026-10-04T15:39:50.867522
RWSPF,RWS Holdings plc,1.75,0.0,0.0,500,617,649536000,2026-10-04T15:39:50.867522
RFNDF,Rural Funds Group,1.5,0.0,0.0,100,64,647329000,2026-10-04T15:39:50.867522
ACRS,"Aclaris Therapeutics, Inc.",4.39,-0.02,-0.45,6209000,2238000,646203000,2026-10-04T15:39:50.867522
WBTNF,Weebit Nano Limited,2.65,0.04,1.53,3350,28584,643267000,2026-10-04T15:39:50.867522
JSVGF,Johnson Service Group PLC,1.8,0.0,0.0,6000,2043,642941000,2026-10-04T15:39:50.867522
HUTCY,Hutchison Telecommunications Hong Kong Holdings Limited,2.0,0.0,0.0,1086,428,642546000,2026-10-04T15:39:50.867522
INRLF,Valneva SE,3.37,0.0,0.0,602,32,639110000,2026-10-04T15:39:50.867522
BYAGF,Banyan Gold Corp.,1.35,0.01,1.13,73006,278243,636315000,2026-10-04T15:39:50.867522
BRETF,Brazilian Rare Earths Limited,2.26,0.0,0.0,1000,4130,633147000,2026-10-04T15:39:50.867522
PYIYF,Property For Industry Limited,1.26,0.0,0.0,0,2063,633123000,2026-10-04T15:39:50.867522
FKKEF,Charter Hall Social Infrastructure REIT,1.71,0.0,0.0,0,1,632740000,2026-10-04T15:39:50.867522
ARRY,"Array Technologies, Inc.",4.08,0.19,4.88,5745000,6719000,628351000,2026-10-04T15:39:50.867522
DDD,3D Systems Corporation,3.78,0.24,6.78,3192000,2690000,628036000,2026-10-04T15:39:50.867522
TROX,Tronox Holdings plc,3.93,0.11,2.88,1306000,2476000,627621000,2026-10-04T15:39:50.867522
HTZ,"Hertz Global Holdings, Inc.",1.76,0.03,1.73,18568000,28197000,627354000,2026-10-04T15:39:50.867522
WOOF,"Petco Health and Wellness Company, Inc.",2.19,-0.01,-0.45,4287000,2040000,627258000,2026-10-04T15:39:50.867522
ARAAF,Aclara Resources Inc.,2.52,-0.01,-0.4,35300,50841,625070000,2026-10-04T15:39:50.867522
NFGC,New Found Gold Corp.,1.62,0.01,0.62,618257,1275000,622659000,2026-10-04T15:39:50.867522
VTEX,VTEX,3.65,-0.05,-1.35,579995,794176,622274000,2026-10-04T15:39:50.867522
TMOAF,TomTom N.V.,5.0,0.0,0.0,1,12,620135000,2026-10-04T15:39:50.867522
IHRTB,"iHeartMedia, Inc.",4.0,0.0,0.0,125,1,619157000,2026-10-04T15:39:50.867522
ENVX,Enovix Corporation,2.8,0.02,0.72,4614000,7258000,614456000,2026-10-04T15:39:50.867522
PPLFY,PT Perusahaan Perkebunan London Sumatra Indonesia Tbk,4.5,0.0,0.0,141,16,613797000,2026-10-04T15:39:50.867522
GPSAF,"Grupo Posadas, S.A.B. de C.V.",1.23,0.0,0.0,10000,31,609935000,2026-10-04T15:39:50.867522
AUHYF,Anadolu Hayat Emeklilik Anonim Sirketi,1.42,0.0,0.0,12214,190,609800000,2026-10-04T15:39:50.867522
NNCSF,Nanosonics Limited,2.04,0.02,0.79,100,700,609105000,2026-10-04T15:39:50.867522
EVEX,"Eve Holding, Inc.",1.74,-0.05,-2.79,1205000,990360,606366000,2026-10-04T15:39:50.867522
GEMI,"Gemini Space Station, Inc.",4.67,-0.4,-7.89,3554000,2252000,605476000,2026-10-04T15:39:50.867522
HAPVY,Hapvida Participações e Investimentos S.A.,1.27,0.0,0.0,100,4,603362000,2026-10-04T15:39:50.867522
IRWD,"Ironwood Pharmaceuticals, Inc.",3.64,-0.12,-3.19,2692000,2115000,601473000,2026-10-04T15:39:50.867522
ANPMF,Andean Precious Metals Corp.,4.03,0.11,2.83,2050,75886,600506000,2026-10-04T15:39:50.867522
AGNT,"AGNT, Inc",3.65,0.09,2.53,1518000,1535000,599782000,2026-10-04T15:39:50.867522
GOTU,Gaotu Techedu Inc.,2.55,-0.01,-0.39,532516,377442,599392000,2026-10-04T15:39:50.867522
UAMY,United States Antimony Corporation,3.99,-0.14,-3.39,4706000,6074000,597181000,2026-10-04T15:39:50.867522
CLRPF,Clarity Pharmaceuticals Ltd,1.6,0.05,3.23,1300,4957,596930000,2026-10-04T15:39:50.867522
SGLFF,SGL Carbon SE,4.87,0.0,0.0,200,131,595460000,2026-10-04T15:39:50.867522
LMGHF,LINK Mobility Group Holding ASA,2.1,0.0,0.0,129166,185,595257000,2026-10-04T15:39:50.867522
ATXRF,ATEX Resources Inc.,1.57,0.05,3.37,11420,99210,591040000,2026-10-04T15:39:50.867522
IPHLF,IPH Limited,2.3,0.0,0.0,100,59,590558000,2026-10-04T15:39:50.867522
GRNT,"Granite Ridge Resources, Inc.",4.47,0.07,1.59,1225000,1142000,589594000,2026-10-04T15:39:50.867522
BTBT,"Bit Digital, Inc.",1.63,0.01,0.62,20291000,27470000,587833000,2026-10-04T15:39:50.867522
RSGUF,Rogers Sugar Inc.,4.53,-0.08,-1.74,300,10423,582303000,2026-10-04T15:39:50.867522
OMLAF,oOh!media Limited,1.1,0.0,0.0,500,7,581033000,2026-10-04T15:39:50.867522
TSVNF,everplay group plc,4.03,0.0,0.0,100,6,580702000,2026-10-04T15:39:50.867522
JBI,"Janus International Group, Inc.",4.21,0.04,0.96,1162000,1753000,574395000,2026-10-04T15:39:50.867522
VULNF,Vulcan Energy Resources Limited,1.2,-0.2,-14.29,2100,1291,574393000,2026-10-04T15:39:50.867522
AQST,"Aquestive Therapeutics, Inc.",4.55,0.11,2.48,2271000,2663000,571078000,2026-10-04T15:39:50.867522
SDRMF,SiteMinder Limited,1.9,0.05,2.97,1250,239,570319000,2026-10-04T15:39:50.867522
PSGTY,PT Semen Indonesia (Persero) Tbk,1.69,-0.03,-1.74,1638,846,569153000,2026-10-04T15:39:50.867522
EVO,Evotec SE,1.6,-0.05,-2.74,52034,95376,568623000,2026-10-04T15:39:50.867522
RZSMF,RCS MediaGroup S.p.A.,1.1,0.0,0.0,100,33,568313000,2026-10-04T15:39:50.867522
IDPUF,IDP Education Limited,2.03,0.0,0.0,1778,27,565023000,2026-10-04T15:39:50.867522
SBOEY,SBO AG,3.35,0.0,0.0,50,35,563676000,2026-10-04T15:39:50.867522
TMQ,Trilogy Metals Inc.,3.09,0.03,0.98,1086000,1334000,560406000,2026-10-04T15:39:50.867522
ACP,Abrdn Income Credit Strategies Fund,4.46,0.04,0.9,708759,687176,559599000,2026-10-04T15:39:50.867522
CTMX,"CytomX Therapeutics, Inc.",2.56,-0.07,-2.66,2644000,3396000,557822000,2026-10-04T15:39:50.867522
BNNLF,Bannerman Energy Ltd,2.33,-0.12,-4.9,3900,21171,556431000,2026-10-04T15:39:50.867522
SVMB,"Jingbo Technology, Inc.",1.0,0.0,0.0,500,87,555315000,2026-10-04T15:39:50.867522
ECRAF,Ecora Royalties PLC,2.22,0.07,3.26,4550,32396,554281000,2026-10-04T15:39:50.867522
SWRD,Stewards Inc.,2.45,0.17,7.46,181215,2135000,552783000,2026-10-04T15:39:50.867522
CGPZF,C&C Group plc,1.5,0.0,0.0,20,73,552653000,2026-10-04T15:39:50.867522
SOLLY,Shui On Land Limited,3.1,0.0,0.0,1001,15,551805000,2026-10-04T15:39:50.867522
GORO,Goldgroup Mining Inc.,3.26,0.07,2.19,814200,1445000,551028000,2026-10-04T15:39:50.867522
PMETF,PMET Resources Inc.,2.95,0.01,0.34,10100,34710,548531000,2026-10-04T15:39:50.867522
KSTOF,Kistos Holdings Plc,3.88,0.0,0.0,3500,95,546491000,2026-10-04T15:39:50.867522
SKYC,Sky Constant Century Inc.,4.16,0.0,0.0,200,53,546485000,2026-10-04T15:39:50.867522
BEVFF,Diversified Royalty Corp.,2.89,0.01,0.35,100,232587,545504000,2026-10-04T15:39:50.867522
GUKYF,Gulf Keystone Petroleum Limited,2.5,-0.1,-3.85,2500,4306,543608000,2026-10-04T15:39:50.867522
PRME,"Prime Medicine, Inc.",2.98,-0.01,-0.33,2109000,3193000,540503000,2026-10-04T15:39:50.867522
OLANF,"Ollamani, S.A.B.",3.7,0.0,0.0,500,212,538590000,2026-10-04T15:39:50.867522
HKD,AMTD Digital Inc.,1.71,-0.01,-0.58,76628,115321,537418000,2026-10-04T15:39:50.867522
WTI,"W&T Offshore, Inc.",3.56,-0.07,-1.93,2730000,3893000,537357000,2026-10-04T15:39:50.867522
TMOAY,TomTom N.V.,2.16,0.0,0.0,1,6200,535796000,2026-10-04T15:39:50.867522
ITRG,Integra Resources Corp.,2.64,0.07,2.72,2134000,2454000,535585000,2026-10-04T15:39:50.867522
SGPPY,The SPAR Group Ltd,2.78,0.0,0.0,14,3,535262000,2026-10-04T15:39:50.867522
SNLGF,San Lorenzo Gold Corp.,4.93,0.11,2.19,13688,36929,535099000,2026-10-04T15:39:50.867522
SSII,"SS Innovations International, Inc.",2.67,-0.08,-2.91,51211,64285,535029000,2026-10-04T15:39:50.867522
TLRY,"Tilray Brands, Inc.",3.61,0.04,1.12,4083000,4085000,533494000,2026-10-04T15:39:50.867522
LAES,SEALSQ Corp,2.37,0.01,0.42,3759000,9242000,533085000,2026-10-04T15:39:50.867522
BAIGF,Bairong AI Inc.,1.2,0.0,0.0,186,190,532308000,2026-10-04T15:39:50.867522
ALT,"Altimmune, Inc.",2.73,-0.03,-0.91,4237000,4147000,532006000,2026-10-04T15:39:50.867522
SLDP,"Solid Power, Inc.",2.33,-0.03,-1.27,2314000,3275000,531662000,2026-10-04T15:39:50.867522
AECLY,AECI Ltd,5.0,0.0,0.0,100,1,527589000,2026-10-04T15:39:50.867522
DPCDF,DPC Dash Ltd,4.0,0.0,0.0,260,523,526477000,2026-10-04T15:39:50.867522
HUYA,HUYA Inc.,2.3,0.01,0.44,461916,939425,525242000,2026-10-04T15:39:50.867522
PBBGF,Deutsche Pfandbriefbank AG,3.9,0.0,0.0,2000,64,524454000,2026-10-04T15:39:50.867522
GAU,Galiano Gold Inc.,1.99,0.04,2.05,2711000,2729000,520568000,2026-10-04T15:39:50.867522
SPSTY,Singapore Post Limited,4.61,-0.28,-5.83,158,456,518620000,2026-10-04T15:39:50.867522
ALLO,"Allogene Therapeutics, Inc.",1.5,-0.04,-2.6,4620000,6033000,518236000,2026-10-04T15:39:50.867522
BMM,Blue Moon Metals Inc.,4.93,0.09,1.86,95546,284859,516975000,2026-10-04T15:39:50.867522
PGINF,Prestige International Inc.,4.16,0.0,0.0,100,8,513579000,2026-10-04T15:39:50.867522
SHVTF,Select Harvests Limited,3.65,0.0,0.0,4100,243,512944000,2026-10-04T15:39:50.867522
DCHIY,Digital China Holdings Limited,1.52,-0.01,-0.49,1549,432,510450000,2026-10-04T15:39:50.867522
TNNTF,Tintina Mines Limited,1.8,0.0,0.0,500,1163,510333000,2026-10-04T15:39:50.867522
JPPPF,Japan Pulp and Paper Company Limited,4.64,0.0,0.0,15,2,509503000,2026-10-04T15:39:50.867522
NB,NioCorp Developments Ltd.,3.47,0.04,1.17,1999000,3023000,506098000,2026-10-04T15:39:50.867522
DNUT,"Krispy Kreme, Inc.",2.89,-0.01,-0.34,1912000,2620000,501415000,2026-10-04T15:39:50.867522
ORBS,Eightco Holdings Inc.,1.16,0.03,2.65,31061000,13689000,498542000,2026-10-04T15:39:50.867522
CCGPY,C&C Group plc,4.05,-0.0,-0.04,441,1188,497214000,2026-10-04T15:39:50.867522
ENTX,Entera Bio Ltd.,2.86,-0.03,-1.04,100695,1795000,495186000,2026-10-04T15:39:50.867522
WRN,Western Copper and Gold Corporation,2.18,0.03,1.4,565252,1199000,493062000,2026-10-04T15:39:50.867522
GBDMF,"Global Dominion Access, S.A.",3.28,0.0,0.0,100,2,491144000,2026-10-04T15:39:50.867522
RRETY,"Robinsons Retail Holdings, Inc.",4.5,0.0,0.0,1119,92,488003000,2026-10-04T15:39:50.867522
TRUBF,Truecaller AB (publ),1.6,0.0,0.0,100,31,487390000,2026-10-04T15:39:50.867522
HBGRF,Heidelberger Druckmaschinen Aktiengesellschaft,1.6,0.0,0.0,1500,17,486938000,2026-10-04T15:39:50.867522
SGPPF,The SPAR Group Ltd,2.52,0.0,0.0,100,1,485202000,2026-10-04T15:39:50.867522
EFRTF,Nexus Industrial REIT,4.98,-0.06,-1.15,600,16195,483736000,2026-10-04T15:39:50.867522
BRSP,"BrightSpire Capital, Inc.",3.81,-0.02,-0.52,1752000,1496000,482057000,2026-10-04T15:39:50.867522
PTOAF,Cavvy Energy Ltd.,1.55,0.02,1.31,8400,138657,479508000,2026-10-04T15:39:50.867522
BDN,Brandywine Realty Trust,2.78,0.0,0.0,1182000,1920000,478814000,2026-10-04T15:39:50.867522
AUXX,Gold X2 Mining Inc.,4.72,0.01,0.21,17955,48089,477592000,2026-10-04T15:39:50.867522
GSHRF,Gold X2 Mining Inc.,4.72,0.01,0.21,500,38737,477592000,2026-10-04T15:39:50.867522
PZCUY,PZ Cussons plc,2.27,0.0,0.0,169,653,477575000,2026-10-04T15:39:50.867522
ENRD,Einride AB,3.33,-0.34,-9.26,173326,196112,474734000,2026-10-04T15:39:50.867522
AUTL,Autolus Therapeutics plc,1.78,-0.07,-3.78,1812000,2059000,473769000,2026-10-04T15:39:50.867522
CFWFF,Calfrac Well Services Ltd.,4.69,0.1,2.18,100,9651,473421000,2026-10-04T15:39:50.867522
MOPLF,Molinos Rio de la Plata S.A.,2.35,0.0,0.0,900,6,473326000,2026-10-04T15:39:50.867522
TIHRF,Tharisa plc,1.59,0.0,0.0,1000,570,471102000,2026-10-04T15:39:50.867522
BVSFF,Bravura Solutions Limited,1.05,0.0,0.0,250,8,470715000,2026-10-04T15:39:50.867522
DDL,Dingdong (Cayman) Limited,2.15,0.01,0.47,219302,321454,470113000,2026-10-04T15:39:50.867522
ARKO,Arko Corp.,4.17,0.06,1.46,310589,901760,467814000,2026-10-04T15:39:50.867522
GTN,"Gray Media, Inc.",4.54,0.03,0.67,1170000,1107000,467549000,2026-10-04T15:39:50.867522
VNTEF,"Vinte Viviendas Integrales, S.A.B. de C.V.",1.7,0.0,0.0,0,14,466556000,2026-10-04T15:39:50.867522
BTQ,BTQ Technologies Corp.,3.17,0.19,6.38,1922000,2008000,466246000,2026-10-04T15:39:50.867522
OVID,Ovid Therapeutics Inc.,2.38,-0.05,-2.06,2173000,1631000,464809000,2026-10-04T15:39:50.867522
FWEDF,Fireweed Metals Corp.,2.03,0.04,2.01,17409,61128,460979000,2026-10-04T15:39:50.867522
ECC,Eagle Point Credit Company,3.46,-0.01,-0.29,671948,848703,460217000,2026-10-04T15:39:50.867522
HSTXF,Heliostar Metals Ltd.,1.65,0.04,2.2,64320,190100,459922000,2026-10-04T15:39:50.867522
CERS,Cerus Corporation,2.28,-0.04,-1.72,1751000,2219000,459477000,2026-10-04T15:39:50.867522
SPCE,"Virgin Galactic Holdings, Inc.",3.03,0.04,1.34,3893000,7720000,459336000,2026-10-04T15:39:50.867522
ASTL,Algoma Steel Group Inc.,4.34,0.23,5.6,1287000,1064000,457387000,2026-10-04T15:39:50.867522
AMXEF,Amex Gold Mining Inc.,2.84,-0.02,-0.7,1400,24975,456610000,2026-10-04T15:39:50.867522
BQSSF,Boss Energy Limited,1.1,0.1,10.05,5400,11529,454643000,2026-10-04T15:39:50.867522
GZTGF,G City Ltd,2.74,0.0,0.0,1200,54,454177000,2026-10-04T15:39:50.867522
ESVIF,Ensign Energy Services Inc.,2.46,-0.05,-1.99,25750,95159,453446000,2026-10-04T15:39:50.867522
WEJTY,WebBeds Group Limited,1.25,0.0,0.0,600,9,452484000,2026-10-04T15:39:50.867522
BCOMF,B Communications Ltd.,4.3,0.0,0.0,600,1,451980000,2026-10-04T15:39:50.867522
HXGCF,Hexagon Composites ASA,1.35,0.0,0.0,4,2939,449524000,2026-10-04T15:39:50.867522
FTRRF,Fonterra Shareholders Fund,4.18,0.0,0.0,200,23,448978000,2026-10-04T15:39:50.867522
GREZF,"GREE Holdings, Inc.",2.6,0.0,0.0,200,6,446786000,2026-10-04T15:39:50.867522
ASPI,ASP Isotopes Inc.,2.91,0.21,7.78,4197000,3945000,446130000,2026-10-04T15:39:50.867522
VVR,Invesco Senior Income Trust,2.89,0.01,0.35,941295,709404,444843000,2026-10-04T15:39:50.867522
TRSNF,Compañía de Transporte de Energía Eléctrica en Alta Tensión Transener S.A.,1.0,0.0,0.0,0,16,444674000,2026-10-04T15:39:50.867522
NRWRF,NewRiver REIT plc,1.02,0.0,0.0,200,3,444307000,2026-10-04T15:39:50.867522
RWT,"Redwood Trust, Inc.",3.53,-0.12,-3.29,2571000,4646000,443412000,2026-10-04T15:39:50.867522
RGLSF,Regulus Resources Inc.,3.53,-0.06,-1.67,3900,8150,443173000,2026-10-04T15:39:50.867522
ASOMF,ASOS Plc,3.7,0.0,0.0,100,1,442700000,2026-10-04T15:39:50.867522
MCBRF,McBride plc,2.6,0.0,0.0,200,49,441392000,2026-10-04T15:39:50.867522
GBGPF,GB Group plc,1.93,0.0,0.0,10,162,441360000,2026-10-04T15:39:50.867522
JCRRF,"JCR Pharmaceuticals Co., Ltd.",3.6,0.27,8.11,100,13,439261000,2026-10-04T15:39:50.867522
MGMNF,Magna Mining Inc.,1.74,0.03,1.75,3350,115850,436554000,2026-10-04T15:39:50.867522
DFPH,DFP Holdings Limited,2.01,0.0,0.0,100,1,436372000,2026-10-04T15:39:50.867522
TTGPF,TT Electronics plc,2.44,0.0,0.0,100,112,435355000,2026-10-04T15:39:50.867522
SPIDY,"Septeni Holdings Co., Ltd.",2.13,0.0,0.0,101,1,435084000,2026-10-04T15:39:50.867522
UWMC,UWM Holdings Corporation,1.26,0.1,9.09,16273000,16710000,434825000,2026-10-04T15:39:50.867522
MYGN,"Myriad Genetics, Inc.",4.54,0.48,11.82,2258000,1977000,434249000,2026-10-04T15:39:50.867522
PESAF,Panoro Energy ASA,3.1,0.0,0.0,1000,723,433848000,2026-10-04T15:39:50.867522
CTNGY,Costain Group PLC,3.3,0.0,0.0,150,24,432838000,2026-10-04T15:39:50.867522
ZKH,ZKH Group Limited,2.74,-0.09,-3.18,311420,247531,432290000,2026-10-04T15:39:50.867522
THFWF,FW Thorpe Plc,3.85,0.0,0.0,100,1,431438000,2026-10-04T15:39:50.867522
MOBBW,Mobilicom Limited,1.34,0.05,3.88,4212,3,431395000,2026-10-04T15:39:50.867522
SLI,Standard Lithium Ltd.,1.74,-0.05,-2.79,1202000,1775000,429404000,2026-10-04T15:39:50.867522
FEEXY,Ferrexpo plc,1.65,0.0,0.0,1200,46,427875000,2026-10-04T15:39:50.867522
VRRM,Verra Mobility Corporation,2.81,-0.18,-6.02,5282000,5532000,427072000,2026-10-04T15:39:50.867522
PUSA,Powerus Corporation,3.16,-0.04,-1.25,2537000,643581,425336000,2026-10-04T15:39:50.867522
ERLFF,Entrée Resources Ltd.,2.03,0.05,2.42,2800,16212,424504000,2026-10-04T15:39:50.867522
ACTG,Acacia Research Corporation,4.34,-0.02,-0.46,126916,226978,423527000,2026-10-04T15:39:50.867522
YUGVF,YouGov plc,3.61,0.0,0.0,867,234,422947000,2026-10-04T15:39:50.867522
AYAUF,--,2.58,0.0,0.0,0,200,422055000,2026-10-04T15:39:50.867522
NXFNF,Next 15 Group plc,4.11,0.0,0.0,100,57,420568000,2026-10-04T15:39:50.867522
COPJF,Amplitude Energy Limited,1.4,0.0,0.0,2200,126,419833000,2026-10-04T15:39:50.867522
CTAGF,Capita plc,3.5,0.0,0.0,5000,34,418995000,2026-10-04T15:39:50.867522
HLFFF,HelloFresh SE,2.89,0.0,0.0,250,1532,418492000,2026-10-04T15:39:50.867522
SRTA,"Strata Critical Medical, Inc.",4.73,-0.1,-2.07,999623,942887,418448000,2026-10-04T15:39:50.867522
URG,Ur-Energy Inc.,1.05,-0.01,-0.94,5277000,6398000,417757000,2026-10-04T15:39:50.867522
IPCEF,"ispace, inc.",2.85,0.0,0.0,300,259,416988000,2026-10-04T15:39:50.867522
ELLKY,Ellaktor S.A.,1.2,0.0,0.0,100,13,415398000,2026-10-04T15:39:50.867522
ZDCAF,Zedcor Inc.,3.66,-0.03,-0.81,4200,34890,412809000,2026-10-04T15:39:50.867522
MGIMF,Verve Group Media SE,1.2,0.0,0.0,200,4,411741000,2026-10-04T15:39:50.867522
JAGGF,Jaguar Mining Inc.,4.82,-0.06,-1.23,5645,48443,411295000,2026-10-04T15:39:50.867522
CINT,CI&T Inc.,3.21,0.07,2.23,132831,91831,410844000,2026-10-04T15:39:50.867522
FLRAF,Essentra plc,1.45,0.0,0.0,200,792,410086000,2026-10-04T15:39:50.867522
PAZRF,Plaza Retail REIT,3.71,0.0,0.0,100200,65551,409840000,2026-10-04T15:39:50.867522
MNTK,"Montauk Renewables, Inc.",2.87,0.08,2.87,512433,370362,408519000,2026-10-04T15:39:50.867522
ELLRY,ElringKlinger AG,3.22,0.0,0.0,100,73,408038000,2026-10-04T15:39:50.867522
MAIFF,Mining Americas Inc.,3.7,-0.01,-0.27,10150,130496,406905000,2026-10-04T15:39:50.867522
DURCF,Duratec Limited,1.56,0.0,0.0,66130,1,406518000,2026-10-04T15:39:50.867522
GSKRF,Goldsky Resources Corp.,2.19,0.06,2.82,30280,69205,406136000,2026-10-04T15:39:50.867522
SPRY,"ARS Pharmaceuticals, Inc.",4.07,-0.05,-1.21,1828000,1855000,404751000,2026-10-04T15:39:50.867522
SAXJY,Sa Sa International Holdings Limited,2.6,0.0,0.0,2,27,403415000,2026-10-04T15:39:50.867522
BORUF,Borussia Dortmund GmbH & Co. Kommanditgesellschaft auf Aktien,3.65,0.0,0.0,1909,534,402877000,2026-10-04T15:39:50.867522
COGZF,Cogstate Limited,2.34,0.0,0.0,2700,504,402454000,2026-10-04T15:39:50.867522
EDIT,"Editas Medicine, Inc.",2.62,0.1,3.97,2162000,2473000,402380000,2026-10-04T15:39:50.867522
WMGTF,Wilmington plc,4.48,0.0,0.0,734,250,401266000,2026-10-04T15:39:50.867522
IMSR,Terrestrial Energy Inc.,3.78,-0.05,-1.31,1205000,1598000,400435000,2026-10-04T15:39:50.867522
SERV,Serve Robotics Inc.,4.61,-0.14,-2.84,2683000,3662000,400155000,2026-10-04T15:39:50.867522
FTTRF,Forterra plc,2.0,0.0,0.0,500,12,399070000,2026-10-04T15:39:50.867522
ACCO,ACCO Brands Corporation,4.3,0.06,1.42,382917,674812,396923000,2026-10-04T15:39:50.867522
XRX,Xerox Holdings Corporation,3.02,-0.12,-3.82,2294000,2904000,396570000,2026-10-04T15:39:50.867522
RMNI,"Rimini Street, Inc.",4.24,-0.05,-1.17,611789,412364,395829000,2026-10-04T15:39:50.867522
SEIGY,Semperit Aktiengesellschaft Holding,4.8,0.0,0.0,150,14,395339000,2026-10-04T15:39:50.867522
ZURA,Zura Bio Limited,4.11,-0.03,-0.72,2954000,1368000,393858000,2026-10-04T15:39:50.867522
GALT,Galectin Therapeutics Inc.,3.9,0.14,3.72,219787,394145,393314000,2026-10-04T15:39:50.867522
TRX,TRX Gold Corporation,1.2,0.03,2.56,2283000,2789000,392969000,2026-10-04T15:39:50.867522
TSWCF,The Smarter Web Company Plc,1.04,0.05,5.56,225338,246037,392492000,2026-10-04T15:39:50.867522
PRVFF,Pro Real Estate Investment Trust,4.67,0.0,0.0,200,491,392036000,2026-10-04T15:39:50.867522
ITFY,"Interfoundry, Inc.",3.78,0.0,0.0,30,156,391833000,2026-10-04T15:39:50.867522
EVH,"Evolent Health, Inc.",3.46,0.07,2.06,1772000,2994000,391185000,2026-10-04T15:39:50.867522
FPLPF,Vanquis Banking Group plc,1.56,0.0,0.0,1000,51,390818000,2026-10-04T15:39:50.867522
VGZ,Vista Gold Corp.,2.67,-0.01,-0.37,2271000,1639000,389744000,2026-10-04T15:39:50.867522
DGXX,Digi Power X Inc.,3.84,-0.13,-3.27,2951000,3138000,389363000,2026-10-04T15:39:50.867522
OCGPF,Oceana Group Limited,3.0,0.0,0.0,1000,8,389339000,2026-10-04T15:39:50.867522
NMG,Nouveau Monde Graphite Inc.,1.18,0.01,0.85,426350,433387,388739000,2026-10-04T15:39:50.867522
NKLR,Terra Innovatum Global N.V.,3.51,0.03,0.86,191206,437640,387858000,2026-10-04T15:39:50.867522
RZLT,"Rezolute, Inc.",4.01,-0.06,-1.47,1646000,1435000,387857000,2026-10-04T15:39:50.867522
ZCCMF,ZCCM Investments Holdings Plc,2.41,0.0,0.0,110,110,387649000,2026-10-04T15:39:50.867522
AKKVF,Akastor ASA,1.42,0.0,0.0,25100,1596,387391000,2026-10-04T15:39:50.867522
STCPF,Sella Capital Real Estate Ltd.,1.5,0.0,0.0,0,48,384677000,2026-10-04T15:39:50.867522
RLMD,"Relmada Therapeutics, Inc.",3.6,-0.06,-1.64,1210000,1340000,384011000,2026-10-04T15:39:50.867522
CYH,"Community Health Systems, Inc.",2.72,-0.03,-1.09,736913,1530000,383545000,2026-10-04T15:39:50.867522
KPLT,"Katapult Holdings, Inc.",4.52,0.02,0.44,129052,146090,383518000,2026-10-04T15:39:50.867522
CYRB,Cyber App Solutions Corp.,4.0,0.0,0.0,1398,31,383516000,2026-10-04T15:39:50.867522
MAXXF,Max Power Mining Corp.,1.98,-0.05,-2.46,37298,119706,383142000,2026-10-04T15:39:50.867522
CAPFF,Capital Limited,1.69,0.0,0.0,4000,1359,382000000,2026-10-04T15:39:50.867522
IMMQF,Immobiliare Grande Distribuzione SIIQ S.p.A.,3.46,0.0,0.0,2244,1,381783000,2026-10-04T15:39:50.867522
IRD,"Opus Genetics, Inc.",4.58,0.07,1.55,1789000,2301000,381037000,2026-10-04T15:39:50.867522
MEKTF,"Mie Kotsu Group Holdings, Inc.",3.78,0.0,0.0,0,3,380640000,2026-10-04T15:39:50.867522
CRHHF,The Cross-Harbour (Holdings) Limited,1.02,0.0,0.0,107,3,380142000,2026-10-04T15:39:50.867522
GYYMF,The Gym Group plc,2.2,0.0,0.0,100,1,379605000,2026-10-04T15:39:50.867522
SVIA,"Silvia, Inc.",4.28,0.41,10.45,3103000,1437000,378222000,2026-10-04T15:39:50.867522
RR,Richtech Robotics Inc.,1.68,-0.07,-4.0,4536000,5758000,378171000,2026-10-04T15:39:50.867522
DLNDY,"D&L Industries, Inc.",1.32,0.0,0.0,4251,603,377429000,2026-10-04T15:39:50.867522
AIOT,"PowerFleet, Inc.",2.81,0.01,0.36,1596000,1737000,377175000,2026-10-04T15:39:50.867522
GLOO,"Gloo Holdings, Inc.",4.12,-0.15,-3.51,837748,677860,377108000,2026-10-04T15:39:50.867522
CBGZF,Cabral Gold Inc.,1.09,-0.01,-1.18,13800,208101,376983000,2026-10-04T15:39:50.867522
VMMNF,Viridis Mining and Minerals Limited,2.59,0.0,0.0,0,954,375948000,2026-10-04T15:39:50.867522
PTCHF,PureTech Health plc,1.54,0.0,0.0,5000,1035,375107000,2026-10-04T15:39:50.867522
DOVXF,doValue S.p.A.,1.97,0.0,0.0,100,1,373766000,2026-10-04T15:39:50.867522
NNBR,"NN, Inc.",4.51,0.88,24.24,14645000,2403000,372438000,2026-10-04T15:39:50.867522
LSAK,"Lesaka Technologies, Inc.",4.33,0.08,1.88,140258,133703,371618000,2026-10-04T15:39:50.867522
WDH,Waterdrop Inc.,1.03,0.01,0.98,136029,475265,370081000,2026-10-04T15:39:50.867522
SWDCF,Swedencare AB (publ),2.3,0.0,0.0,400,617,367634000,2026-10-04T15:39:50.867522
SCLZF,Scales Corporation Limited,2.5,0.0,0.0,1000,15,366448000,2026-10-04T15:39:50.867522
FRNWF,Future plc,4.16,0.0,0.0,100,156,364393000,2026-10-04T15:39:50.867522
CCCC,"C4 Therapeutics, Inc.",2.95,-0.19,-6.05,3375000,2495000,362924000,2026-10-04T15:39:50.867522
FCSUF,Focus Minerals Limited,1.26,0.0,0.0,230,98,361064000,2026-10-04T15:39:50.867522
CSGQF,Costain Group PLC,1.38,0.0,0.0,10600,317,360698000,2026-10-04T15:39:50.867522
PROK,ProKidney Corp.,1.72,0.01,0.58,1090000,1312000,359354000,2026-10-04T15:39:50.867522
VTMTF,Vertu Motors plc,1.18,0.0,0.0,100,3,359218000,2026-10-04T15:39:50.867522
HTT,High Templar Tech Limited,2.31,-0.06,-2.53,116007,113290,358705000,2026-10-04T15:39:50.867522
TPLWF,Temple & Webster Group Ltd,3.07,0.03,0.99,8200,45600,357798000,2026-10-04T15:39:50.867522
DSX,Diana Shipping Inc.,2.86,0.04,1.42,828336,952279,355823000,2026-10-04T15:39:50.867522
GBCEY,Globe Trade Centre S.A.,1.23,0.0,0.0,3000,120,353167000,2026-10-04T15:39:50.867522
BRBS,"Blue Ridge Bankshares, Inc.",3.93,0.06,1.55,1343000,922060,352472000,2026-10-04T15:39:50.867522
QUEXF,Q2 Metals Corp.,1.63,0.03,1.87,100,26921,351519000,2026-10-04T15:39:50.867522
PACK,Ranpak Holdings Corp.,4.09,0.02,0.49,467015,497460,350751000,2026-10-04T15:39:50.867522
BAK,Braskem S.A.,1.55,0.0,0.0,1055000,2071000,350229000,2026-10-04T15:39:50.867522
LND,BrasilAgro - Companhia Brasileira de Propriedades Agrícolas,3.51,0.08,2.33,53060,46775,349650000,2026-10-04T15:39:50.867522
QNC,Quantum eMotion Corp.,1.59,-0.15,-8.62,1040000,902329,348877000,2026-10-04T15:39:50.867522
SFIX,"Stitch Fix, Inc.",2.61,0.01,0.38,3163000,2151000,348706000,2026-10-04T15:39:50.867522
CURR,CURRENC Group Inc.,3.1,-0.05,-1.59,84482,315035,348074000,2026-10-04T15:39:50.867522
VFF,"Village Farms International, Inc.",2.84,-0.01,-0.35,565718,871968,347293000,2026-10-04T15:39:50.867522
ADBRF,Aldebaran Resources Inc.,1.87,-0.01,-0.43,4100,40054,346619000,2026-10-04T15:39:50.867522
LZM,Lifezone Metals Limited,3.85,0.1,2.67,380233,395592,346171000,2026-10-04T15:39:50.867522
OCGN,"Ocugen, Inc.",1.02,0.02,2.0,3276000,5834000,345893000,2026-10-04T15:39:50.867522
DMTRF,"3-D Matrix, Ltd.",2.7,0.0,0.0,280,150,345549000,2026-10-04T15:39:50.867522
API,"Agora, Inc.",4.08,-0.06,-1.45,71365,214195,344963000,2026-10-04T15:39:50.867522
CLNE,Clean Energy Fuels Corp.,1.56,-0.01,-0.64,727917,1816000,343894000,2026-10-04T15:39:50.867522
NNDM,Nano Dimension Ltd.,1.63,0.01,0.62,1708000,2081000,343668000,2026-10-04T15:39:50.867522
POROF,Panoro Minerals Ltd.,1.11,-0.02,-1.77,300,13942,343229000,2026-10-04T15:39:50.867522
NXFTY,Next 15 Group plc,3.35,0.0,0.0,100,1,342799000,2026-10-04T15:39:50.867522
REI,"Ring Energy, Inc.",1.31,-0.01,-0.76,1250000,3944000,341307000,2026-10-04T15:39:50.867522
UETMF,Universal Entertainment Corporation,4.4,0.0,0.0,2000,20,340960000,2026-10-04T15:39:50.867522
ERXCF,"eREX Co.,Ltd.",4.35,0.0,0.0,100,90,340095000,2026-10-04T15:39:50.867522
IMXCF,"IMAX China Holding, Inc.",1.0,0.0,0.0,500,7,339401000,2026-10-04T15:39:50.867522
QSI,Quantum-Si incorporated,1.55,0.12,8.39,18621000,3686000,339270000,2026-10-04T15:39:50.867522
CABA,"Cabaletta Bio, Inc.",2.0,0.11,5.82,5693000,4852000,339091000,2026-10-04T15:39:50.867522
PHDWY,PT Aspirasi Hidup Indonesia Tbk,1.97,0.0,0.0,50,23,337820000,2026-10-04T15:39:50.867522
SYHMY,Synthomer plc,2.05,0.0,0.0,38,70,336085000,2026-10-04T15:39:50.867522
SLOFF,Solstad Offshore ASA,3.09,0.0,0.0,120,1,335589000,2026-10-04T15:39:50.867522
BMBL,Bumble Inc.,2.54,-0.01,-0.39,1426000,2400000,335200000,2026-10-04T15:39:50.867522
GMTLF,Guardian Metal Resources PLC,1.72,-0.01,-0.58,1000,45833,335070000,2026-10-04T15:39:50.867522
ALTI,"AlTi Global, Inc.",2.91,-0.07,-2.35,110302,176739,334853000,2026-10-04T15:39:50.867522
TCPC,BlackRock TCP Capital Corp.,3.98,-0.05,-1.24,569199,742515,333933000,2026-10-04T15:39:50.867522
MTGRY,MGX Resources Limited,2.83,0.0,0.0,11,1,333471000,2026-10-04T15:39:50.867522
SRTMF,SRT Marine Systems plc,1.22,0.0,0.0,0,104,333075000,2026-10-04T15:39:50.867522
MTHI,Metaterra Holdings Inc.,2.9,0.1,3.57,592,1574,332208000,2026-10-04T15:39:50.867522
SAPLF,Sylvania Platinum Limited,1.28,0.03,2.4,2600,7076,330642000,2026-10-04T15:39:50.867522
VSSPY,Valid Soluções S.A.,4.23,0.0,0.0,250,10,330588000,2026-10-04T15:39:50.867522
TRVG,trivago N.V.,4.68,-0.37,-7.23,433197,154214,330214000,2026-10-04T15:39:50.867522
EGHT,"8x8, Inc.",2.28,-0.03,-1.3,1039000,1654000,329313000,2026-10-04T15:39:50.867522
KDK,"Kodiak AI, Inc.",1.64,-0.03,-1.8,10142000,2160000,329014000,2026-10-04T15:39:50.867522
COTGF,Concurrent Technologies Plc,3.62,0.0,0.0,100,21,328667000,2026-10-04T15:39:50.867522
HNSBF,Hansa Biopharma AB (publ),3.29,0.0,0.0,150,328,328025000,2026-10-04T15:39:50.867522
OITAF,"The Oita Bank, Ltd.",4.31,0.0,0.0,1100,18,326338000,2026-10-04T15:39:50.867522
FPH,"Five Point Holdings, LLC",4.54,-0.04,-0.87,121289,156375,326000000,2026-10-04T15:39:50.867522
CDZI,Cadiz Inc.,3.83,0.13,3.51,635890,1070000,324313000,2026-10-04T15:39:50.867522
GEVO,"Gevo, Inc.",1.31,-0.01,-0.38,1755000,3055000,323881000,2026-10-04T15:39:50.867522
CYPH,Cypherpunk Technologies Inc.,3.03,0.11,3.77,15124000,9457000,322587000,2026-10-04T15:39:50.867522
LVWR,"LiveWire Group, Inc.",1.57,0.02,1.29,209151,4213000,322498000,2026-10-04T15:39:50.867522
OOBHF,On the Beach Group plc,2.26,0.0,0.0,100,8,319302000,2026-10-04T15:39:50.867522
CYBQY,CYBERDYNE Inc.,1.51,0.0,0.0,13,264,319230000,2026-10-04T15:39:50.867522
HIX,Western Asset High Income Fund II Inc.,3.54,0.01,0.28,268632,367756,318847000,2026-10-04T15:39:50.867522
IMMFF,Omni Bridgeway Limited,1.1,0.0,0.0,100,15,318606000,2026-10-04T15:39:50.867522
FIP,FTAI Infrastructure Inc.,2.68,0.09,3.27,1203000,1291000,317318000,2026-10-04T15:39:50.867522
INDP,"Indaptus Therapeutics, Inc.",2.38,0.26,12.26,567858,815123,317117000,2026-10-04T15:39:50.867522
CYBQF,CYBERDYNE Inc.,1.5,0.0,0.0,6000,156,316697000,2026-10-04T15:39:50.867522
RPAY,Repay Holdings Corporation,3.82,0.09,2.41,175864,423835,316672000,2026-10-04T15:39:50.867522
RBBN,Ribbon Communications Inc.,1.77,0.05,2.91,2249000,862554,316517000,2026-10-04T15:39:50.867522
HRZN,Horizon Technology Finance Corporation,4.62,0.0,0.0,330430,626131,315366000,2026-10-04T15:39:50.867522
CATX,"Perspective Therapeutics, Inc.",2.76,0.04,1.47,2621000,1635000,315059000,2026-10-04T15:39:50.867522
EH,EHang Holdings Limited,4.14,0.06,1.47,746564,773807,314000000,2026-10-04T15:39:50.867522
TLS,Telos Corporation,4.19,-0.04,-0.95,422751,565551,313147000,2026-10-04T15:39:50.867522
HIO,Western Asset High Income Opportunity Fund Inc.,3.29,0.02,0.61,344709,428632,312876000,2026-10-04T15:39:50.867522
BORAY,"Bora Pharmaceuticals Co., Ltd.",2.45,-4.55,-65.0,100,144,312535000,2026-10-04T15:39:50.867522
PPT,Franklin Premier Income Trust,3.27,-0.01,-0.3,119547,117354,312506000,2026-10-04T15:39:50.867522
ABAT,American Battery Technology Company,2.19,-0.09,-3.95,3578000,3491000,312245000,2026-10-04T15:39:50.867522
BBOT,"BridgeBio Oncology Therapeutics, Inc.",3.89,-0.05,-1.27,485752,467175,311878000,2026-10-04T15:39:50.867522
FRRPF,Fiera Capital Corporation,2.94,0.0,0.0,105,20571,311438000,2026-10-04T15:39:50.867522
ITFS,Itafos Inc.,1.59,-0.03,-1.85,5600,24731,309701000,2026-10-04T15:39:50.867522
TBCRF,Timbercreek Financial Corp.,3.74,0.05,1.36,200,10872,309497000,2026-10-04T15:39:50.867522
TCLAF,Transcontinental Inc.,3.69,-0.01,-0.27,12,16745,308554000,2026-10-04T15:39:50.867522
LRMR,"Larimar Therapeutics, Inc.",2.96,-0.1,-3.27,834959,1355000,307493000,2026-10-04T15:39:50.867522
BATMF,British American Tobacco (Malaysia) Berhad,1.08,0.0,0.0,100,10,306945000,2026-10-04T15:39:50.867522
BNPJY,Banpu Public Company Limited,1.6,0.0,0.0,200,1,306514000,2026-10-04T15:39:50.867522
CESTY,Chinese Estates Holdings Limited,3.2,0.0,0.0,1,11,305219000,2026-10-04T15:39:50.867522
SNDL,SNDL Inc.,1.24,-0.02,-1.59,1214000,1562000,305190000,2026-10-04T15:39:50.867522
SHMD,SCHMID Group N.V.,4.57,0.12,2.81,724827,928978,304535000,2026-10-04T15:39:50.867522
SLUNF,Solutions 30 SE,2.84,0.0,0.0,9451,1,304078000,2026-10-04T15:39:50.867522
AVHHL,"AVITA Medical, Inc.",1.96,0.0,0.0,1600,421,303083000,2026-10-04T15:39:50.867522
PRTHU,"Priority Technology Holdings, Inc.",5.0,0.0,0.0,100,1,302851000,2026-10-04T15:39:50.867522
PGLDF,P2 Gold Inc.,1.08,0.02,2.26,131750,179682,302254000,2026-10-04T15:39:50.867522
MCRNF,Micro-Mechanics (Holdings) Ltd.,2.17,0.0,0.0,1250,78,301157000,2026-10-04T15:39:50.867522
NNXXY,Nexity SA,1.08,0.0,0.0,500,173,300609000,2026-10-04T15:39:50.867522
IHRT,"iHeartMedia, Inc.",1.94,-0.16,-7.62,628987,634043,300291000,2026-10-04T15:39:50.867522
XNET,Xunlei Limited,4.71,0.07,1.51,231729,215812,300218000,2026-10-04T15:39:50.867522
VGLIF,Vista Group International Limited,1.25,0.0,0.0,100,1,299111000,2026-10-04T15:39:50.867522
KRYXF,Koryx Copper S.A.,2.46,0.02,0.86,3600,5020,299032000,2026-10-04T15:39:50.867522
ADSLF,Andean Silver Limited,1.29,-0.03,-2.27,42520,86434,298173000,2026-10-04T15:39:50.867522
BPOSY,bpost NV/SA,1.48,0.0,0.0,4,57,296001000,2026-10-04T15:39:50.867522
DDEJF,Dundee Corporation,3.28,-0.05,-1.5,11531,58934,295909000,2026-10-04T15:39:50.867522
QTRHF,Quarterhill Inc.,2.08,0.02,0.97,100,30390,295776000,2026-10-04T15:39:50.867522
ZUUS,"Zeuus, Inc.",2.8,0.0,0.0,100,303,295443000,2026-10-04T15:39:50.867522
ANVI,"Anvi Global Holdings, Inc.",2.46,0.0,0.0,100,1,295077000,2026-10-04T15:39:50.867522
ALTO,"Alto Ingredients, Inc.",3.77,0.09,2.45,1026000,1784000,292433000,2026-10-04T15:39:50.867522
PRLD,Prelude Therapeutics Incorporated,3.67,-0.12,-3.17,742040,472489,292298000,2026-10-04T15:39:50.867522
STGAF,Afentra plc,1.08,0.0,0.0,9997,626,292284000,2026-10-04T15:39:50.867522
ZIP,"ZipRecruiter, Inc.",3.55,-0.01,-0.28,443324,804043,291903000,2026-10-04T15:39:50.867522
FSROF,F-Secure Oyj,1.67,0.0,0.0,200,28,291771000,2026-10-04T15:39:50.867522
HLICF,Helical plc,2.56,0.0,0.0,0,7,290980000,2026-10-04T15:39:50.867522
LXEO,"Lexeo Therapeutics, Inc.",3.53,-0.09,-2.49,2592000,1149000,289771000,2026-10-04T15:39:50.867522
AIRJ,AirJoule Technologies Corporation,3.92,-0.04,-1.01,705667,1336000,287522000,2026-10-04T15:39:50.867522
ANRGF,Anaergia Inc.,1.66,0.0,0.0,2577,8598,286268000,2026-10-04T15:39:50.867522
GOGO,Gogo Inc.,2.11,-0.06,-2.76,816489,1710000,285922000,2026-10-04T15:39:50.867522
ZH,Zhihu Inc.,3.39,-0.13,-3.69,278511,345712,285657000,2026-10-04T15:39:50.867522
TMCI,"Treace Medical Concepts, Inc.",4.39,0.06,1.39,154669,340507,285502000,2026-10-04T15:39:50.867522
TDUP,ThredUp Inc.,2.17,0.04,1.88,1291000,2396000,284994000,2026-10-04T15:39:50.867522
FRSPF,First Phosphate Corp.,1.5,-0.08,-5.06,38895,217421,283717000,2026-10-04T15:39:50.867522
HLLY,Holley Inc.,2.34,-0.04,-1.68,742570,1037000,283688000,2026-10-04T15:39:50.867522
NCCGF,NCC Group plc,1.82,0.0,0.0,100,148,281698000,2026-10-04T15:39:50.867522
FULC,"Fulcrum Therapeutics, Inc.",3.69,0.01,0.27,1540000,1595000,281537000,2026-10-04T15:39:50.867522
RCKT,"Rocket Pharmaceuticals, Inc.",2.56,-0.03,-1.16,1818000,1715000,281023000,2026-10-04T15:39:50.867522
GRGSF,Grieg Seafood ASA,2.5,0.0,0.0,100,6,280606000,2026-10-04T15:39:50.867522
XFOR,"X4 Pharmaceuticals, Inc.",2.83,0.0,0.0,911397,839742,280585000,2026-10-04T15:39:50.867522
UXIN,Uxin Limited,1.27,-0.09,-6.93,221033,456934,280475000,2026-10-04T15:39:50.867522
STPGF,Steppe Gold Ltd.,1.11,0.02,1.74,200,33310,280385000,2026-10-04T15:39:50.867522
AIV,Apartment Investment and Management Company,1.93,-0.06,-3.02,2191000,1416000,280307000,2026-10-04T15:39:50.867522
EYPT,"EyePoint, Inc.",3.25,0.02,0.62,3104000,3901000,280189000,2026-10-04T15:39:50.867522
VNDA,Vanda Pharmaceuticals Inc.,4.63,-0.18,-3.74,1433000,958156,279942000,2026-10-04T15:39:50.867522
CABPF,CAB Payments Holdings plc,1.1,0.0,0.0,100,626,279249000,2026-10-04T15:39:50.867522
NSTR,"NorthStar Earth & Space Enterprises, Inc.",4.45,-3.27,-42.36,167306,222100,279074000,2026-10-04T15:39:50.867522
IKT,"Inhibikase Therapeutics, Inc.",2.0,0.07,3.63,434445,676700,279072000,2026-10-04T15:39:50.867522
EGLNF,"Euglena Co., Ltd.",2.0,0.0,0.0,0,17,279002000,2026-10-04T15:39:50.867522
WHGOF,White Gold Corp.,1.24,-0.07,-5.21,14700,84085,278965000,2026-10-04T15:39:50.867522
GPRO,"GoPro, Inc.",1.35,0.02,1.5,7414000,33629000,278581000,2026-10-04T15:39:50.867522
UURAF,Ucore Rare Metals Inc.,1.83,-0.02,-1.08,64870,414707,278289000,2026-10-04T15:39:50.867522
CVOSF,Coveo Solutions Inc.,2.99,0.0,0.0,100,8159,278161000,2026-10-04T15:39:50.867522
FATE,"Fate Therapeutics, Inc.",2.32,0.02,0.87,656917,1922000,277984000,2026-10-04T15:39:50.867522
IPSC,"Century Therapeutics, Inc.",1.53,-0.08,-4.97,802950,643792,277045000,2026-10-04T15:39:50.867522
SY,So-Young International Inc.,2.75,0.05,1.85,232596,513831,276689000,2026-10-04T15:39:50.867522
METCB,"Ramaco Resources, Inc.",4.33,-0.06,-1.37,24100,79951,275749000,2026-10-04T15:39:50.867522
BRVMF,Bravo Mining Corp.,2.0,0.01,0.3,1850,32646,274662000,2026-10-04T15:39:50.867522
OSUR,"OraSure Technologies, Inc.",3.96,0.08,2.19,420747,479201,273461000,2026-10-04T15:39:50.867522
TSI,"TCW Strategic Income Fund, Inc.",4.29,0.01,0.23,58842,160201,273333000,2026-10-04T15:39:50.867522
ZGXNF,"ZIGExN Co., Ltd.",2.75,0.0,0.0,1119,4,273114000,2026-10-04T15:39:50.867522
CNCK,Coincheck Group N.V.,1.42,-0.02,-1.39,31803,84096,271959000,2026-10-04T15:39:50.867522
LAW,"CS Disco, Inc.",4.18,-0.08,-1.88,107821,218795,271365000,2026-10-04T15:39:50.867522
SABS,"SAB Biotherapeutics, Inc.",2.98,-0.08,-2.61,415751,491603,271139000,2026-10-04T15:39:50.867522
ACIU,AC Immune SA,2.72,-0.09,-3.02,320246,201992,270938000,2026-10-04T15:39:50.867522
TGAFF,Taiga Building Products Ltd.,2.5,0.0,0.0,300,186,269861000,2026-10-04T15:39:50.867522
PCUUF,Pecoy Copper Corp.,1.29,0.02,1.42,100,6737,269822000,2026-10-04T15:39:50.867522
CMRC,"Commerce.com, Inc.",3.25,0.01,0.31,646258,1025000,269292000,2026-10-04T15:39:50.867522
SMDRF,Sierra Madre Gold and Silver Ltd.,1.03,0.05,5.1,12900,47873,269089000,2026-10-04T15:39:50.867522
BPOSF,bpost NV/SA,1.34,0.0,0.0,100,3,268001000,2026-10-04T15:39:50.867522
TLSI,"TriSalus Life Sciences, Inc.",4.32,0.17,4.1,145369,287440,266002000,2026-10-04T15:39:50.867522
POWW,Outdoor Holding Company,2.29,0.01,0.44,477350,624457,265780000,2026-10-04T15:39:50.867522
MIN,Aberdeen Intermediate Income Fund,2.33,0.03,1.3,201996,206951,265150000,2026-10-04T15:39:50.867522
BUKS,Butler National Corporation,4.15,0.01,0.24,39835,71053,264945000,2026-10-04T15:39:50.867522
ERDCF,Erdene Resource Development Corporation,4.03,-0.1,-2.42,7672,7871,263960000,2026-10-04T15:39:50.867522
DBLVF,Doubleview Gold Corp.,1.12,0.01,0.9,35234,141507,263673000,2026-10-04T15:39:50.867522
NXH,"Neighborhood Intelligence, Inc.",2.76,-0.07,-2.47,2379000,2395000,263574000,2026-10-04T15:39:50.867522
CNPRF,Condor Energies Inc.,3.05,0.02,0.66,200,6014,263384000,2026-10-04T15:39:50.867522
IMRX,Immuneering Corporation,4.07,0.04,0.99,588844,714804,263318000,2026-10-04T15:39:50.867522
BGIN,Bgin Blockchain Limited,2.32,-0.01,-0.43,49013,241082,262475000,2026-10-04T15:39:50.867522
NTPIF,Nam Tai Property Inc.,4.3,0.0,0.0,37740,7614,262332000,2026-10-04T15:39:50.867522
RUBLF,Rubellite Energy Corp.,2.79,-0.06,-2.11,300,18834,262098000,2026-10-04T15:39:50.867522
SLNH,"Soluna Holdings, Inc.",1.07,0.01,0.94,7281000,10082000,261712000,2026-10-04T15:39:50.867522
SSCC,Spirits Cap Corp.,2.22,0.0,0.0,1,5,260141000,2026-10-04T15:39:50.867522
SARDF,Sanford Limited,2.78,0.0,0.0,100,39,259947000,2026-10-04T15:39:50.867522
EMTRF,Element 29 Resources Inc.,1.32,0.05,3.77,200,46114,259062000,2026-10-04T15:39:50.867522
NXGCF,NeXGold Mining Corp.,1.01,0.01,1.0,6332,179506,258502000,2026-10-04T15:39:50.867522
TTGT,"TechTarget, Inc.",3.57,-0.13,-3.51,377871,344962,258228000,2026-10-04T15:39:50.867522
CAIHF,CPBIO Holding Company Limited,1.07,0.0,0.0,10,3,257015000,2026-10-04T15:39:50.867522
CNDT,Conduent Incorporated,1.65,0.01,0.61,1903000,1005000,256609000,2026-10-04T15:39:50.867522
AIBZ,Bitzero Holdings Inc.,4.0,-0.19,-4.53,405834,451001,254952000,2026-10-04T15:39:50.867522
SCPKF,7C Solarparken AG,3.48,0.0,0.0,500,7,254624000,2026-10-04T15:39:50.867522
PTLO,Portillo's Inc.,3.51,-0.02,-0.57,1802000,1326000,254541000,2026-10-04T15:39:50.867522
CCARF,Colonial Coal International Corp.,1.37,0.02,1.7,2300,5196,254256000,2026-10-04T15:39:50.867522
SSP,The E.W. Scripps Company,2.74,0.1,3.79,766479,635578,253913000,2026-10-04T15:39:50.867522
ORYZF,Oryzon Genomics S.A.,3.1,0.0,0.0,100,718,253863000,2026-10-04T15:39:50.867522
IFRX,InflaRx N.V.,1.72,0.01,0.58,422104,820685,253473000,2026-10-04T15:39:50.867522
GARLF,Roxmore Resources Inc.,3.5,0.08,2.19,7350,27701,253349000,2026-10-04T15:39:50.867522
PLGDF,Palisades Goldcorp Ltd.,3.54,-0.15,-3.94,7250,47799,252379000,2026-10-04T15:39:50.867522
VSTKF,VNV Global AB (publ),1.97,0.0,0.0,100,3,252173000,2026-10-04T15:39:50.867522
VUZI,Vuzix Corporation,2.98,0.09,3.29,1793000,957651,251554000,2026-10-04T15:39:50.867522
CAMP,Camp4 Therapeutics Corporation,4.0,0.16,4.17,367946,258253,251013000,2026-10-04T15:39:50.867522
PALI,"Palisade Bio, Inc.",1.44,0.01,0.7,1993000,2736000,250950000,2026-10-04T15:39:50.867522
SWRHF,Shibusawa Logistics Corporation,4.57,0.0,0.0,100,1,249672000,2026-10-04T15:39:50.867522
CURV,Torrid Holdings Inc.,2.5,0.23,10.13,202826,305603,249299000,2026-10-04T15:39:50.867522
NAUT,"Nautilus Biotechnology, Inc.",1.96,0.39,24.84,11298000,1773000,249075000,2026-10-04T15:39:50.867522
BMIXF,Beacon Minerals Limited,2.14,-0.25,-10.46,100,12,249001000,2026-10-04T15:39:50.867522
ACB,Aurora Cannabis Inc.,3.92,0.02,0.51,676080,1294000,248175000,2026-10-04T15:39:50.867522
AIAI,AIAI Holdings Corporation,3.5,0.2,6.06,102641,541678,247960000,2026-10-04T15:39:50.867522
CBWTF,Auxly Cannabis Group Inc.,2.4,0.04,1.48,3266,39117,247765000,2026-10-04T15:39:50.867522
YSG,Yatsen Holding Limited,2.64,-0.09,-3.3,52262,89575,247633000,2026-10-04T15:39:50.867522
FDCT,"FDCTech, Inc.",2.01,-0.14,-6.51,3493,4392,246874000,2026-10-04T15:39:50.867522
NPTSF,Napatech A/S,2.22,0.0,0.0,10000,10000,246092000,2026-10-04T15:39:50.867522
DDWWF,Dividend Growth Split Corp.,4.12,0.0,0.0,100,0,245384000,2026-10-04T15:39:50.867522
CEBUY,"Cebu Air, Inc.",2.0,-0.25,-11.11,500,24,245098000,2026-10-04T15:39:50.867522
BLND,"Blend Labs, Inc.",1.03,-0.02,-1.9,1420000,2224000,243609000,2026-10-04T15:39:50.867522
HLOSF,Healios K.K.,1.8,0.0,0.0,100,12,243003000,2026-10-04T15:39:50.867522
GLTKD,GlobalTech Corporation,4.79,0.0,0.0,3030,7903,242911000,2026-10-04T15:39:50.867522
SIGA,"SIGA Technologies, Inc.",3.38,0.03,0.9,641912,718218,242852000,2026-10-04T15:39:50.867522
SKUNF,Seikagaku Corporation,4.44,0.0,0.0,200,9,242436000,2026-10-04T15:39:50.867522
ACMIF,Allied Critical Metals Inc.,1.31,-0.06,-4.23,1800,15456,241817000,2026-10-04T15:39:50.867522
TII,Titan Mining Corporation,2.44,0.0,0.0,199452,360142,241512000,2026-10-04T15:39:50.867522
OTPMF,OPTiM Corporation,4.42,0.0,0.0,100,1,240884000,2026-10-04T15:39:50.867522
FFXXF,Helios Fairfax Partners Corporation,2.2,0.0,0.0,100,4359,238591000,2026-10-04T15:39:50.867522
ZNTL,"Zentalis Pharmaceuticals, Inc.",2.52,-0.09,-3.26,1451000,1180000,238573000,2026-10-04T15:39:50.867522
WPNTF,Warpaint London PLC,2.99,0.0,0.0,1000,42,237997000,2026-10-04T15:39:50.867522
CANPY,Cian PLC,3.4,0.0,0.0,379,3,237862000,2026-10-04T15:39:50.867522
CLXLF,Calix Limited,1.1,0.0,0.0,1854,29,237627000,2026-10-04T15:39:50.867522
JRNGF,Journey Energy Inc.,3.52,0.0,0.0,20451,112242,237601000,2026-10-04T15:39:50.867522
CHSTY,"China High Speed Transmission Equipment Group Co., Ltd.",3.63,0.0,0.0,2,4,237444000,2026-10-04T15:39:50.867522
MMT,Aberdeen Multi-Market Income Fund,4.32,0.03,0.7,144150,304481,236189000,2026-10-04T15:39:50.867522
BCYC,Bicycle Therapeutics plc,3.38,-0.18,-5.06,728668,361989,235962000,2026-10-04T15:39:50.867522
IONR,ioneer Ltd,2.93,0.05,1.74,40273,80837,234980000,2026-10-04T15:39:50.867522
HITI,High Tide Inc.,2.63,-0.04,-1.5,488683,564018,234445000,2026-10-04T15:39:50.867522
FUFU,BitFuFu Inc.,1.4,0.01,0.72,49446,138526,233375000,2026-10-04T15:39:50.867522
CMDXF,Computer Modelling Group Ltd.,2.97,0.06,1.99,200,46132,231486000,2026-10-04T15:39:50.867522
PRQR,ProQR Therapeutics N.V.,1.63,0.0,0.31,622531,872032,230730000,2026-10-04T15:39:50.867522
TMCR,The Metals Royalty Company Inc.,3.42,0.07,2.09,138854,87256,230556000,2026-10-04T15:39:50.867522
SMRT,"SmartRent, Inc.",1.2,0.0,0.0,523115,1296000,229934000,2026-10-04T15:39:50.867522
EUSHY,Eurocash S.A.,1.65,0.0,0.0,389,12,229619000,2026-10-04T15:39:50.867522
SINC,Sincerity Applied Materials Holdings Corp.,2.84,0.0,0.0,882,563,229561000,2026-10-04T15:39:50.867522
CAGPF,Samara Asset Group plc,2.49,0.0,0.0,250,0,229555000,2026-10-04T15:39:50.867522
SYYYF,Synthomer plc,1.4,0.0,0.0,100,5,229521000,2026-10-04T15:39:50.867522
AENT,Alliance Entertainment Holding Corporation,4.49,0.08,1.81,25083,158103,228799000,2026-10-04T15:39:50.867522
MGNX,"MacroGenics, Inc.",3.58,-0.02,-0.56,980528,633092,228047000,2026-10-04T15:39:50.867522
CRDOF,Cerrado Gold Inc.,1.64,0.05,3.11,4350,98816,227634000,2026-10-04T15:39:50.867522
BTBIF,BTB Real Estate Investment Trust,2.57,0.0,0.0,100,1381,227334000,2026-10-04T15:39:50.867522
HHLKF,Hot Chili Limited,1.12,0.02,1.82,1300,47233,227250000,2026-10-04T15:39:50.867522
CLLEF,Challenger Gold Limited,1.32,0.0,0.0,5000,4393,225879000,2026-10-04T15:39:50.867522
KMRPF,Kenmare Resources plc,2.55,0.0,0.0,175,26,225611000,2026-10-04T15:39:50.867522
RLTWF,Tiernan Gold Corp.,4.67,0.0,0.0,750,9792,225122000,2026-10-04T15:39:50.867522
SRBIF,Serabi Gold plc,2.95,0.0,0.0,3650,2635,225108000,2026-10-04T15:39:50.867522
BLLQF,Bell Equipment Limited,2.35,-0.23,-8.91,9000,1071,224653000,2026-10-04T15:39:50.867522
MBI,MBIA Inc.,4.4,0.11,2.56,276597,456939,224472000,2026-10-04T15:39:50.867522
NUS,"Nu Skin Enterprises, Inc.",4.61,0.06,1.32,376100,564384,224399000,2026-10-04T15:39:50.867522
BCHPY,BrainChip Holdings Ltd,3.68,-0.32,-8.0,743,1904,222250000,2026-10-04T15:39:50.867522
NAGE,"Niagen Bioscience, Inc.",2.79,0.11,4.1,1568000,598795,222208000,2026-10-04T15:39:50.867522
SION,"Sionna Therapeutics, Inc.",4.91,-0.19,-3.73,1159000,2159000,221993000,2026-10-04T15:39:50.867522
KLC,"KinderCare Learning Companies, Inc.",1.86,0.01,0.54,580041,756617,220442000,2026-10-04T15:39:50.867522
FOCIF,Focusrite plc,3.73,0.0,0.0,100,3,219191000,2026-10-04T15:39:50.867522
CGEN,Compugen Ltd.,2.31,-0.03,-1.28,113867,251062,218813000,2026-10-04T15:39:50.867522
BGS,"B&G Foods, Inc.",2.69,-0.24,-8.19,2727000,2197000,218632000,2026-10-04T15:39:50.867522
PLX,"Protalix BioTherapeutics, Inc.",2.71,0.03,1.12,947255,715992,218349000,2026-10-04T15:39:50.867522
BOVNF,BioInvent International AB (publ),3.29,0.0,0.0,908,7473,216404000,2026-10-04T15:39:50.867522
WEWA,"Wewards, Inc.",2.0,0.0,0.0,200,3,214967000,2026-10-04T15:39:50.867522
BAINF,"BASE,Inc.",1.85,0.0,0.0,100,3,213052000,2026-10-04T15:39:50.867522
ACRE,Ares Commercial Real Estate Corporation,3.83,-0.04,-1.03,638241,445984,212493000,2026-10-04T15:39:50.867522
PNNT,PennantPark Investment Corporation,3.25,-0.07,-2.11,445995,562434,212212000,2026-10-04T15:39:50.867522
WHWK,"Whitehawk Therapeutics, Inc.",3.7,-0.06,-1.6,431784,391629,210933000,2026-10-04T15:39:50.867522
ZSQR,Z Squared Inc.,3.97,0.02,0.51,623086,460828,210412000,2026-10-04T15:39:50.867522
DUGTF,DUG Technology Ltd,1.55,0.0,0.0,2000,15,210325000,2026-10-04T15:39:50.867522
TROO,"TROOPS, Inc.",1.72,-0.06,-3.37,70968,316800,210115000,2026-10-04T15:39:50.867522
DHX,"DHI Group, Inc.",4.81,0.04,0.84,145702,235392,208870000,2026-10-04T15:39:50.867522
CLTFF,Celtic plc,2.19,-0.16,-6.81,1500,1976,208356000,2026-10-04T15:39:50.867522
TXWHY,Texwinca Holdings Limited,1.5,0.0,0.0,200,3,207254000,2026-10-04T15:39:50.867522
OSG,"Octave Specialty Group, Inc.",4.6,0.3,6.98,673271,467250,207237000,2026-10-04T15:39:50.867522
VEEA,Veea Inc.,3.33,-0.14,-4.03,1782000,5564000,207173000,2026-10-04T15:39:50.867522
EXSPF,Expert.ai S.p.A.,1.83,0.0,0.0,100,15,206947000,2026-10-04T15:39:50.867522
GCTS,"GCT Semiconductor Holding, Inc.",2.25,0.11,5.14,1507000,1896000,206932000,2026-10-04T15:39:50.867522
VLN,Valens Semiconductor Ltd.,1.91,0.04,2.14,468604,829120,206815000,2026-10-04T15:39:50.867522
KGGNF,Kogan.com Ltd,2.16,0.0,0.0,200,4,206359000,2026-10-04T15:39:50.867522
ORVMF,Orvana Minerals Corp.,1.5,-0.03,-1.96,100,26296,205984000,2026-10-04T15:39:50.867522
EXFY,"Expensify, Inc.",2.25,-0.12,-5.06,317028,910360,205170000,2026-10-04T15:39:50.867522
GMGMF,Graphene Manufacturing Group Ltd,1.63,-0.02,-1.27,500,130940,204767000,2026-10-04T15:39:50.867522
MPPTF,Mpact Limited,1.4,0.0,0.0,0,7,203526000,2026-10-04T15:39:50.867522
HENGY,Hengdeli Holdings Limited,1.15,0.0,0.0,10000,176,202585000,2026-10-04T15:39:50.867522
ELDN,"Eledon Pharmaceuticals, Inc.",2.49,0.06,2.26,961229,998906,202340000,2026-10-04T15:39:50.867522
MSC,Studio City International Holdings Limited,1.05,0.08,8.79,115660,73925,202218000,2026-10-04T15:39:50.867522
ALEC,"Alector, Inc.",1.81,-0.05,-2.69,1165000,1168000,202099000,2026-10-04T15:39:50.867522
MFM,Aberdeen Municipal Income Fund,4.89,0.02,0.41,409393,347235,201408000,2026-10-04T15:39:50.867522
ENHA,Enhanced Group Inc.,1.47,0.05,3.52,221441,846120,201120000,2026-10-04T15:39:50.867522
PMA,PMA Graphene Technology Group Inc.,1.23,-0.07,-5.38,4126,996867,200459000,2026-10-04T15:39:50.867522
KLTR,"Kaltura, Inc.",1.31,0.03,2.34,415896,523443,199842000,2026-10-04T15:39:50.867522
TPVG,TriplePoint Venture Growth BDC Corp.,4.9,0.02,0.41,198306,233718,199478000,2026-10-04T15:39:50.867522
CRNT,Ceragon Networks Ltd.,2.18,0.08,3.81,386752,475556,198992000,2026-10-04T15:39:50.867522
NXCLF,"LIFULL Co.,Ltd.",1.55,0.0,0.0,100,3,198928000,2026-10-04T15:39:50.867522
NCMI,"National CineMedia, Inc.",2.11,-0.01,-0.24,757076,1041000,198489000,2026-10-04T15:39:50.867522
XPOF,"Xponential Fitness, Inc.",4.7,0.04,0.86,1329000,856382,198429000,2026-10-04T15:39:50.867522
FOCL,EDAP TMS S.A.,4.2,-0.12,-2.78,52913,114479,198310000,2026-10-04T15:39:50.867522
ONEN,ONE Nuclear Energy Inc.,1.87,-0.05,-2.6,62634,280515,198286000,2026-10-04T15:39:50.867522
EU,enCore Energy Corp.,1.02,-0.02,-1.92,1824000,4930000,198167000,2026-10-04T15:39:50.867522
GGT,The Gabelli Multimedia Trust Inc.,3.98,-0.01,-0.25,270815,360468,196759000,2026-10-04T15:39:50.867522
TONX,TON Strategy Co,3.57,-0.06,-1.65,165493,357037,196607000,2026-10-04T15:39:50.867522
IVCHF,Invicta Holdings Limited,2.27,0.0,0.0,3000,1,196193000,2026-10-04T15:39:50.867522
DIUXF,Diaceutics PLC,2.31,0.0,0.0,3500,54,195762000,2026-10-04T15:39:50.867522
EVGO,"EVgo, Inc.",1.38,0.12,9.52,5537000,3749000,195568000,2026-10-04T15:39:50.867522
RILY,"BRC Group Holdings, Inc.",4.86,-0.19,-3.67,764756,569259,195371000,2026-10-04T15:39:50.867522
ERRMF,--,3.5,0.0,0.0,200,427,195175000,2026-10-04T15:39:50.867522
RXST,"RxSight, Inc.",4.68,-0.07,-1.47,616722,907403,194656000,2026-10-04T15:39:50.867522
PERF,Perfect Corp.,1.91,0.0,0.0,133061,294267,194531000,2026-10-04T15:39:50.867522
ONXXF,Ontex Group NV,2.42,0.0,0.0,100,41,193593000,2026-10-04T15:39:50.867522
FCCN,Spectral Capital Corporation,2.0,-0.84,-29.58,19461,10535,192583000,2026-10-04T15:39:50.867522
PLDIF,"PLAID,Inc.",4.73,0.0,0.0,100,12,192335000,2026-10-04T15:39:50.867522
SMSKF,"Sumiseki Holdings,Inc.",3.3,0.0,0.0,200,9,192138000,2026-10-04T15:39:50.867522
ITOR,"Redox International Group, Corp.",3.55,0.0,0.0,300,5,192002000,2026-10-04T15:39:50.867522
AREC,American Resources Corporation,1.79,-0.01,-0.56,1121000,2111000,191479000,2026-10-04T15:39:50.867522
NGEN,NervGen Pharma Corp.,1.78,0.02,1.14,403595,591946,191390000,2026-10-04T15:39:50.867522
ADAG,Adagene Inc.,2.85,-0.08,-2.73,297964,260895,191359000,2026-10-04T15:39:50.867522
HLP,Hongli Group Inc.,2.55,0.01,0.39,71678,166764,190584000,2026-10-04T15:39:50.867522
ONWRF,Onward Medical N.V.,2.71,-0.09,-3.21,100,135,188423000,2026-10-04T15:39:50.867522
TETOF,Tectonic Metals Inc.,1.38,0.01,1.1,13854,53926,188128000,2026-10-04T15:39:50.867522
TGMPF,Tantalus Systems Holding Inc.,3.3,0.09,2.8,6200,24167,187992000,2026-10-04T15:39:50.867522
MXGFF,Maxim Power Corp.,2.95,0.0,0.0,1200,3634,187215000,2026-10-04T15:39:50.867522
MLPNF,Millennial Potash Corp.,1.58,-0.1,-5.83,24730,105619,187013000,2026-10-04T15:39:50.867522
TOYO,"TOYO Co., Ltd.",4.37,0.11,2.58,283531,704198,186682000,2026-10-04T15:39:50.867522
RC,Ready Capital Corporation,1.13,0.04,3.67,2003000,1280000,186666000,2026-10-04T15:39:50.867522
CAPTF,Capitan Silver Corp.,1.45,0.0,0.07,12443,65700,186465000,2026-10-04T15:39:50.867522
OMSE,OMS Energy Technologies Inc.,4.39,-0.04,-0.9,3475,24893,186350000,2026-10-04T15:39:50.867522
RLEA,Rubber Leaf Inc.,4.5,0.0,0.0,100,1,184993000,2026-10-04T15:39:50.867522
NKTX,"Nkarta, Inc.",2.58,0.02,0.59,366775,639893,184434000,2026-10-04T15:39:50.867522
GOTRF,Goliath Resources Limited,1.04,-0.01,-0.76,27561,120017,184381000,2026-10-04T15:39:50.867522
ATOM,Atomera Incorporated,4.71,0.02,0.43,561352,535510,183803000,2026-10-04T15:39:50.867522
ORMP,Oramed Pharmaceuticals Inc.,4.49,0.01,0.22,178321,199514,183758000,2026-10-04T15:39:50.867522
BZUN,Baozun Inc.,3.15,0.09,2.77,249827,213507,183443000,2026-10-04T15:39:50.867522
NNXPF,NanoXplore Inc.,1.01,-0.0,-0.39,2300,43606,183243000,2026-10-04T15:39:50.867522
SIDU,"Sidus Space, Inc.",1.81,0.03,1.69,4321000,4925000,183218000,2026-10-04T15:39:50.867522
XYF,X Financial,4.94,-0.18,-3.52,65942,59271,182451000,2026-10-04T15:39:50.867522
PTRUF,Petrus Resources Ltd.,1.22,-0.01,-0.98,10000,12331,182351000,2026-10-04T15:39:50.867522
AGXXF,Agilyx ASA,1.45,0.0,0.0,200,593,182236000,2026-10-04T15:39:50.867522
BSCL,--,4.5,0.0,0.0,200,21,181749000,2026-10-04T15:39:50.867522
OPTGF,Optimus Group Company Limited,2.65,0.0,0.0,1000,68,181375000,2026-10-04T15:39:50.867522
GOW,GOWell Energy Technology,3.87,0.89,29.87,11148000,591075,180884000,2026-10-04T15:39:50.867522
ONXYY,Ontex Group NV,1.13,0.0,0.0,300,3,180794000,2026-10-04T15:39:50.867522
AMPY,Amplify Energy Corp.,4.36,-0.02,-0.46,355729,700434,180750000,2026-10-04T15:39:50.867522
ZHJD,Intelligent Hotel Group Ltd,1.78,0.0,0.0,100,1,180492000,2026-10-04T15:39:50.867522
GDTRF,Gladiator Metals Corp.,1.7,0.21,14.19,43350,27406,180331000,2026-10-04T15:39:50.867522
NEOV,NeoVolta Inc.,3.05,0.53,21.03,2950000,1626000,179990000,2026-10-04T15:39:50.867522
SITC,SITE Centers Corp.,3.42,-0.08,-2.29,2025000,1078000,179466000,2026-10-04T15:39:50.867522
CNTN,"Canton Strategic Holdings, Inc.",2.25,0.07,2.97,485599,758150,179283000,2026-10-04T15:39:50.867522
CIA,"Citizens, Inc.",3.54,0.07,2.02,85027,127935,179277000,2026-10-04T15:39:50.867522
CHRS,"Coherus Oncology, Inc.",1.16,0.0,0.0,1183000,1121000,179221000,2026-10-04T15:39:50.867522
FRMUF,Firm Capital Property Trust,4.84,0.0,0.0,700,1156,178805000,2026-10-04T15:39:50.867522
PYXS,"Pyxis Oncology, Inc.",2.14,-0.05,-2.28,1995000,1269000,178493000,2026-10-04T15:39:50.867522
ECELF,Eurocell plc,1.8,0.0,0.0,100,30,178057000,2026-10-04T15:39:50.867522
MINE,Mayfair Gold Corp.,2.65,-0.08,-2.93,112916,144457,177917000,2026-10-04T15:39:50.867522
PHNGF,Phinergy Ltd.,1.3,0.0,0.0,0,0,177834000,2026-10-04T15:39:50.867522
FRACF,Foraco International SA,1.81,-0.01,-0.55,200,9871,177111000,2026-10-04T15:39:50.867522
RLLMF,Real Matters Inc.,2.37,0.0,0.0,200,315,176067000,2026-10-04T15:39:50.867522
CRNMF,Cornish Metals plc,1.4,0.0,0.0,200,663,175660000,2026-10-04T15:39:50.867522
SJT,San Juan Basin Royalty Trust,3.76,-0.02,-0.53,263560,267287,175249000,2026-10-04T15:39:50.867522
UTKN,"Universal Token, Inc",1.72,0.0,0.0,5,182,174685000,2026-10-04T15:39:50.867522
IPHA,Innate Pharma S.A.,1.56,-0.03,-1.89,92738,153120,174253000,2026-10-04T15:39:50.867522
CMTG,"Claros Mortgage Trust, Inc.",1.23,0.02,1.65,547367,733317,173534000,2026-10-04T15:39:50.867522
LODE,Comstock Inc.,2.28,0.03,1.33,609500,1221000,173082000,2026-10-04T15:39:50.867522
MRLN,"Merlin, Inc.",1.71,-0.1,-5.52,2435000,2145000,172826000,2026-10-04T15:39:50.867522
CURI,CuriosityStream Inc.,2.91,-0.02,-0.68,372977,1047000,172674000,2026-10-04T15:39:50.867522
QTRX,Quanterix Corporation,3.64,0.23,6.74,590301,750907,172147000,2026-10-04T15:39:50.867522
HBFGF,Happy Belly Food Group Inc.,1.03,0.01,1.08,100,7490,171396000,2026-10-04T15:39:50.867522
CRDL,Cardiol Therapeutics Inc.,1.41,-0.15,-9.62,3589000,1285000,171333000,2026-10-04T15:39:50.867522
HSDT,Solana Company,2.63,0.01,0.38,480843,333717,171225000,2026-10-04T15:39:50.867522
ORGO,Organogenesis Holdings Inc.,1.33,-0.07,-5.0,536586,751937,171137000,2026-10-04T15:39:50.867522
AMBR,Amber International Holding Limited,1.81,-0.08,-4.23,97381,456550,170638000,2026-10-04T15:39:50.867522
HTLM,HomesToLife Ltd.,1.9,0.01,0.53,14371,7168,170406000,2026-10-04T15:39:50.867522
CDGXY,"China Dongxiang (Group) Co., Ltd.",1.45,0.0,0.0,5,15,170289000,2026-10-04T15:39:50.867522
DFSLY,Defeng Solife Holdings Limited,2.0,0.2,11.11,800,1873,169200000,2026-10-04T15:39:50.867522
AVXL,Anavex Life Sciences Corp.,1.82,-0.07,-3.7,1989000,931259,168708000,2026-10-04T15:39:50.867522
ALXO,ALX Oncology Holdings Inc.,1.22,-0.08,-6.15,2256000,1047000,168698000,2026-10-04T15:39:50.867522
IPHYF,Innate Pharma S.A.,1.51,-0.14,-8.55,200,15,168556000,2026-10-04T15:39:50.867522
IPXAF,Impax Asset Management Group Plc,1.38,0.0,0.0,500,103,167667000,2026-10-04T15:39:50.867522
MRT,"Marti Technologies, Inc.",1.94,0.04,2.11,16019,57214,166731000,2026-10-04T15:39:50.867522
UIS,Unisys Corporation,2.28,-0.03,-1.3,706199,699854,166248000,2026-10-04T15:39:50.867522
MENS,Jyong Biotech Ltd.,2.18,0.15,7.39,29712,47646,165740000,2026-10-04T15:39:50.867522
AKAFF,Akatsuki Inc.,4.57,0.0,0.0,1,1,165083000,2026-10-04T15:39:50.867522
OGNNF,Orogen Royalties Inc.,2.78,0.04,1.46,4702,55033,165067000,2026-10-04T15:39:50.867522
STIM,"Neuronetics, Inc.",2.16,-0.06,-2.7,1253000,2101000,164586000,2026-10-04T15:39:50.867522
FLWS,"1-800-FLOWERS.COM, Inc.",2.56,0.0,0.0,197879,297650,164314000,2026-10-04T15:39:50.867522
MAYNF,Mayne Pharma Group Limited,2.0,0.0,0.0,2425,912,163782000,2026-10-04T15:39:50.867522
SANG,Sangoma Technologies Corporation,4.88,-0.02,-0.49,499840,118895,163419000,2026-10-04T15:39:50.867522
GLND,Greenland Energy Company,3.73,-0.67,-15.23,7346000,11755000,163114000,2026-10-04T15:39:50.867522
NRO,Neuberger Berman Income Funds - Neuberger Real Estate Securities Income Fund Inc.,2.57,-0.01,-0.39,145854,241175,162840000,2026-10-04T15:39:50.867522
JELD,"JELD-WEN Holding, Inc.",1.89,-0.07,-3.57,1891000,1648000,162826000,2026-10-04T15:39:50.867522
ZMTBY,Zumtobel Group AG,1.92,0.0,0.0,1,20,162577000,2026-10-04T15:39:50.867522
DHF,BNY Mellon High Yield Strategies Fund,2.23,0.01,0.45,564155,334192,162202000,2026-10-04T15:39:50.867522
FEAM,"5E Advanced Materials, Inc.",3.88,0.65,20.12,2211000,767442,161592000,2026-10-04T15:39:50.867522
JRVR,"James River Group Holdings, Inc.",3.49,0.04,1.16,194451,269400,161409000,2026-10-04T15:39:50.867522
AIMFF,Aimia Inc.,1.83,-0.01,-0.54,20190,8537,161275000,2026-10-04T15:39:50.867522
PLG,Platinum Group Metals Ltd.,1.26,-0.01,-0.79,608822,1064000,161135000,2026-10-04T15:39:50.867522
SVMRF,Magnora ASA,2.25,0.0,0.0,430,6,160084000,2026-10-04T15:39:50.867522
SKYX,SKYX Platforms Corp.,1.18,0.04,3.51,266132,1001000,159809000,2026-10-04T15:39:50.867522
VRXA,Veraxa Biotech AG,1.13,-0.06,-5.04,149730,396490,159791000,2026-10-04T15:39:50.867522
TARA,"Protara Therapeutics, Inc.",2.7,-0.06,-2.17,1909000,792067,159558000,2026-10-04T15:39:50.867522
EDF,Virtus Stone Harbor Emerging Markets Income Fund,4.94,0.09,1.86,67572,121731,158940000,2026-10-04T15:39:50.867522
KDCXF,Kudelski SA,1.62,0.0,0.0,162,1,158538000,2026-10-04T15:39:50.867522
PEPG,PepGen Inc.,2.28,0.07,3.17,729454,1004000,157912000,2026-10-04T15:39:50.867522
NBP,NovaBridge Biosciences,1.36,0.01,1.12,252895,417100,156704000,2026-10-04T15:39:50.867522
NERV,"Minerva Neurosciences, Inc.",3.28,0.05,1.55,57021,189287,156612000,2026-10-04T15:39:50.867522
ELME,Elme Communities,1.76,0.0,0.0,1997000,957690,156390000,2026-10-04T15:39:50.867522
FDDMF,FDM Group (Holdings) plc,1.43,0.0,0.0,1175,14,156362000,2026-10-04T15:39:50.867522
PHCI,Panamera Holdings Corporation,2.11,0.0,0.0,33,11,155900000,2026-10-04T15:39:50.867522
ENADF,Enad Global 7 AB (publ),1.44,0.0,0.0,200,1455,155754000,2026-10-04T15:39:50.867522
HHHXF,Helius Minerals Limited,2.88,0.0,0.0,300,33,155404000,2026-10-04T15:39:50.867522
CHPGF,Chesapeake Gold Corp.,2.02,0.01,0.5,9727,29667,155309000,2026-10-04T15:39:50.867522
STLRF,STLLR Gold Inc.,1.02,-0.01,-0.97,100,25496,154769000,2026-10-04T15:39:50.867522
GLCP,--,1.0,0.0,0.0,1000,15,154395000,2026-10-04T15:39:50.867522
HSWLF,Hostelworld Group plc,1.25,0.0,0.0,15000,158,154111000,2026-10-04T15:39:50.867522
MLLCF,Molecular Partners AG,4.01,0.0,0.0,200,134,153604000,2026-10-04T15:39:50.867522
AGMRF,Silver Mountain Resources Inc.,2.37,0.03,1.11,2100,41401,153013000,2026-10-04T15:39:50.867522
CLLKF,BICO Group AB (publ),2.15,0.0,0.0,200,100,151736000,2026-10-04T15:39:50.867522
EARN,Ellington Credit Company,4.03,0.05,1.26,288013,367198,151402000,2026-10-04T15:39:50.867522
MOLN,Molecular Partners AG,3.95,0.0,0.0,12,1712,151306000,2026-10-04T15:39:50.867522
BNEFF,Bonterra Energy Corp.,4.21,0.05,1.2,6201,18392,151245000,2026-10-04T15:39:50.867522
VYGR,"Voyager Therapeutics, Inc.",2.45,-0.22,-8.41,1171000,571493,150964000,2026-10-04T15:39:50.867522
MGMLF,Maple Gold Mines Ltd.,2.03,-0.02,-0.98,1032,67932,150794000,2026-10-04T15:39:50.867522
HUCK,"Huckleberry.ai, Inc.",3.2,-0.04,-1.39,608288,1688000,150516000,2026-10-04T15:39:50.867522
CHHHF,CareRx Corporation,2.37,0.0,0.0,100,258,150328000,2026-10-04T15:39:50.867522
AKTAF,AKITA Drilling Ltd.,2.6,-0.03,-1.22,300,21815,149374000,2026-10-04T15:39:50.867522
DLTH,Duluth Holdings Inc.,3.93,-0.01,-0.25,63843,123665,149360000,2026-10-04T15:39:50.867522
CDXS,"Codexis, Inc.",1.36,0.0,0.0,551851,1106000,148928000,2026-10-04T15:39:50.867522
DNGDF,Dynacor Group Inc.,3.55,0.0,0.0,11765,18475,148918000,2026-10-04T15:39:50.867522
HMENF,Hemisphere Energy Corporation,1.58,0.01,0.96,2300,88990,148915000,2026-10-04T15:39:50.867522
GRLRF,Greenland Resources Inc.,1.1,0.01,0.92,38100,40059,148742000,2026-10-04T15:39:50.867522
FLWLF,Fleetwood Limited,1.65,0.0,0.0,6900,107,148695000,2026-10-04T15:39:50.867522
BGOUF,Bang & Olufsen A/S,1.04,0.0,0.0,3300,85,148311000,2026-10-04T15:39:50.867522
CEPL,"Capstone Energy+, Inc.",4.49,0.12,2.63,340581,453650,148086000,2026-10-04T15:39:50.867522
AURFF,Auro Metals Inc.,1.13,0.02,1.53,8070,92412,147784000,2026-10-04T15:39:50.867522
ABOS,"Acumen Pharmaceuticals, Inc.",2.04,-0.03,-1.45,580518,420192,147527000,2026-10-04T15:39:50.867522
NIU,Niu Technologies,1.88,0.03,1.62,153085,225882,147460000,2026-10-04T15:39:50.867522
LOVFF,Cannara Biotech Inc.,1.48,0.0,0.0,1100,9574,146198000,2026-10-04T15:39:50.867522
DLEXY,Datalex plc,1.55,0.0,0.0,238,1,145819000,2026-10-04T15:39:50.867522
SCTSF,Scottie Resources Corp.,1.89,-0.01,-0.58,1975,18639,145720000,2026-10-04T15:39:50.867522
ADCT,ADC Therapeutics SA,1.13,0.05,4.63,1295000,1374000,144264000,2026-10-04T15:39:50.867522
PIM,Franklin Master Intermediate Income Trust,2.99,-0.01,-0.33,183425,58095,144071000,2026-10-04T15:39:50.867522
CLLS,Cellectis S.A.,1.43,0.03,2.14,46724,76653,144028000,2026-10-04T15:39:50.867522
ACMLF,Ascom Holding AG,4.37,0.0,0.0,5000,11,143860000,2026-10-04T15:39:50.867522
EPM,Evolution Petroleum Corporation,3.58,0.01,0.28,246056,493842,143817000,2026-10-04T15:39:50.867522
ELRRF,Eloro Resources Ltd.,1.2,0.03,2.56,3400,31935,143604000,2026-10-04T15:39:50.867522
ZJYL,Jin Medical International Ltd.,1.94,-0.06,-3.0,3735,722990,142907000,2026-10-04T15:39:50.867522
GGGOF,Golconda Gold Ltd.,2.0,-0.1,-4.76,5000,56338,142803000,2026-10-04T15:39:50.867522
TLSA,Tiziana Life Sciences Ltd,1.12,-0.02,-1.75,436811,704704,142530000,2026-10-04T15:39:50.867522
RAASY,Cloopen Group Holding Limited,2.55,0.04,1.59,27212,4880,141824000,2026-10-04T15:39:50.867522
MTPTF,Motorpoint Group Plc,1.78,0.0,0.0,8875,69,141745000,2026-10-04T15:39:50.867522
AIIO,Robo.ai Inc.,1.19,-0.05,-4.03,506635,749196,141652000,2026-10-04T15:39:50.867522
DOUG,Douglas Elliman Inc.,1.55,0.03,1.97,939891,429421,140880000,2026-10-04T15:39:50.867522
ULPRF,"ULS Group, Inc.",2.49,0.0,0.0,535,8,140880000,2026-10-04T15:39:50.867522
SSTK,"Shutterstock, Inc.",3.81,-0.31,-7.52,833596,1129000,140771000,2026-10-04T15:39:50.867522
GNLAF,Genesis Land Development Corp.,2.49,0.0,0.0,2300,67,140121000,2026-10-04T15:39:50.867522
TLYS,"Tilly's, Inc.",4.58,0.06,1.33,133565,564568,140090000,2026-10-04T15:39:50.867522
LRAXF,Lara Exploration Ltd.,2.25,-0.45,-16.67,200,5460,139494000,2026-10-04T15:39:50.867522
CAAS,"China Automotive Systems, Inc.",4.62,-0.17,-3.55,23758,28273,139389000,2026-10-04T15:39:50.867522
GBCMY,Global Bio-chem Technology Group Company Limited,4.14,0.0,0.0,150,0,138906000,2026-10-04T15:39:50.867522
VTYMF,--,1.05,0.0,0.0,0,150,138801000,2026-10-04T15:39:50.867522
NYXH,Nyxoah S.A.,1.36,0.03,2.26,68516,294601,138503000,2026-10-04T15:39:50.867522
BEOLF,Beyond Oil Ltd.,1.7,0.01,0.59,8260,8607,138040000,2026-10-04T15:39:50.867522
OXSQ,Oxford Square Capital Corp.,1.28,-0.01,-0.78,1247000,1544000,137866000,2026-10-04T15:39:50.867522
LQRCF,Black Mammoth Metals Corporation,2.55,-0.04,-1.54,200,4317,137734000,2026-10-04T15:39:50.867522
ONL,Orion Properties Inc.,2.41,-0.03,-1.23,171454,258935,137478000,2026-10-04T15:39:50.867522
DLNG,Dynagas LNG Partners LP,3.77,-0.01,-0.26,83555,69596,137160000,2026-10-04T15:39:50.867522
ECNLF,Aquafil S.p.A.,1.47,0.0,0.0,100,48,136966000,2026-10-04T15:39:50.867522
LIFFF,Li-FT Power Ltd.,1.45,0.0,0.07,6300,3168,136777000,2026-10-04T15:39:50.867522
KRMD,"KORU Medical Systems, Inc.",2.96,-0.06,-1.99,273433,230579,136669000,2026-10-04T15:39:50.867522
AILTF,Argent Industrial Limited,2.56,0.0,0.0,100,95,135994000,2026-10-04T15:39:50.867522
DIBS,"1stdibs.Com, Inc.",4.02,0.14,3.61,117298,102170,135133000,2026-10-04T15:39:50.867522
COBA,CHILEAN COBALT CORP.,2.3,0.0,0.0,100,9049,135062000,2026-10-04T15:39:50.867522
TUSK,"Mammoth Energy Services, Inc.",2.8,-0.04,-1.41,46763,159350,134757000,2026-10-04T15:39:50.867522
MX,Magnachip Semiconductor Corporation,3.68,0.04,1.1,1083000,1076000,134357000,2026-10-04T15:39:50.867522
DOYU,DouYu International Holdings Limited,4.45,0.13,3.01,45331,25037,134296000,2026-10-04T15:39:50.867522
RGP,"Resources Connection, Inc.",3.89,0.06,1.57,249131,412814,133986000,2026-10-04T15:39:50.867522
LOQPF,accesso Technology Group plc,4.12,0.0,0.0,100,12,133456000,2026-10-04T15:39:50.867522
GRO,Brazil Potash Corp.,2.15,0.04,1.9,129716,174404,133184000,2026-10-04T15:39:50.867522
ABSSF,AirBoss of America Corp.,4.9,-0.09,-1.8,200,1120,133139000,2026-10-04T15:39:50.867522
ABLV,Able View Global Inc.,2.4,0.24,11.11,168361,91446,132530000,2026-10-04T15:39:50.867522
LFMD,"LifeMD, Inc.",2.74,-0.11,-3.86,708259,846937,132221000,2026-10-04T15:39:50.867522
CLAR,Clarus Corporation,3.45,0.07,2.07,118939,120682,132094000,2026-10-04T15:39:50.867522
GUMIF,gumi Inc.,2.45,0.0,0.0,1000,5,132058000,2026-10-04T15:39:50.867522
LGCFF,Lavras Gold Corp.,2.12,-0.09,-3.85,27325,97417,131969000,2026-10-04T15:39:50.867522
ECXJ,CXJ Group Co Limited,1.29,0.0,0.0,800,48,131929000,2026-10-04T15:39:50.867522
JMDMF,"Japan Medical Dynamic Marketing, INC.",5.0,0.0,0.0,11500,24,131768000,2026-10-04T15:39:50.867522
HCAT,"Health Catalyst, Inc.",1.75,0.05,2.94,243400,671604,131699000,2026-10-04T15:39:50.867522
WYHG,Wing Yip Food Holdings Group Limited,3.69,-0.04,-1.07,14830,1764000,131295000,2026-10-04T15:39:50.867522
ARMP,"Armata Pharmaceuticals, Inc.",3.52,0.21,6.34,123852,213235,130881000,2026-10-04T15:39:50.867522
CRBU,"Caribou Biosciences, Inc.",1.22,0.0,0.0,866390,1288000,130793000,2026-10-04T15:39:50.867522
CBUS,"Cibus, Inc.",1.71,0.08,4.91,247441,238301,130694000,2026-10-04T15:39:50.867522
SCTQ,Spectra Systems Corporation,2.69,-0.31,-10.33,100,342,130261000,2026-10-04T15:39:50.867522
KLDCF,Kenorland Minerals Ltd.,1.62,0.09,5.88,9200,31996,130222000,2026-10-04T15:39:50.867522
SHIM,Shimmick Corporation,3.15,0.19,6.42,97062,127150,130208000,2026-10-04T15:39:50.867522
ENGN,enGene Therapeutics Inc.,1.94,-0.04,-2.02,690147,805543,130012000,2026-10-04T15:39:50.867522
GKPRF,Gatekeeper Systems Inc.,1.16,0.02,1.75,22680,131648,129807000,2026-10-04T15:39:50.867522
KPGHF,Kelly Partners Group Holdings Limited,2.85,-0.02,-0.7,2960,9114,129034000,2026-10-04T15:39:50.867522
SALQF,Atlas Salt Inc.,1.03,0.01,1.48,2126,28270,128038000,2026-10-04T15:39:50.867522
AIRS,"AirSculpt Technologies, Inc.",1.77,0.07,4.12,886663,809882,127609000,2026-10-04T15:39:50.867522
HUHU,HUHUTECH International Group Inc.,4.76,-0.11,-2.26,7777,55129,127501000,2026-10-04T15:39:50.867522
CIK,"UBS Asset Management Income Fund, Inc.",2.32,0.0,0.0,572781,501470,127274000,2026-10-04T15:39:50.867522
UP,Wheels Up Experience Inc.,3.5,0.17,5.11,59930,106687,126965000,2026-10-04T15:39:50.867522
CTW,CTW,2.03,0.09,4.64,4391,23317,126672000,2026-10-04T15:39:50.867522
SUIG,SUI Group Holdings Limited,1.64,0.06,3.8,1365000,630801,125957000,2026-10-04T15:39:50.867522
HYDTF,Hydreight Technologies Inc.,2.35,0.06,2.4,2568,37196,125860000,2026-10-04T15:39:50.867522
NRXP,"NRx Pharmaceuticals, Inc.",2.9,0.06,1.93,609760,886690,125774000,2026-10-04T15:39:50.867522
SDIIF,SDI Group plc,1.2,0.0,0.0,9600,171,125488000,2026-10-04T15:39:50.867522
FTCO,Fortitude Gold Corporation,4.6,0.02,0.37,13830,35956,124990000,2026-10-04T15:39:50.867522
VLGDF,Valor Gold Corp.,2.27,-0.11,-4.62,31215,105267,124850000,2026-10-04T15:39:50.867522
AIB,AIB Data Centers Inc.,1.64,0.12,7.89,3880000,1612000,124606000,2026-10-04T15:39:50.867522
PLBY,"Playboy, Inc.",1.04,0.03,2.97,589065,688542,124600000,2026-10-04T15:39:50.867522
SEER,"Seer, Inc.",2.25,0.05,2.27,200536,967150,124587000,2026-10-04T15:39:50.867522
PCELF,PowerCell Sweden AB (publ),2.14,0.0,0.0,10,21,124457000,2026-10-04T15:39:50.867522
AMTX,"Aemetis, Inc.",1.72,-0.01,-0.58,497143,889625,124132000,2026-10-04T15:39:50.867522
GRIQ,"GrocerIQ Holdings, Inc.",1.7,-0.02,-1.16,400,2518,124017000,2026-10-04T15:39:50.867522
CBAT,CBAK Energy Technology Limited,1.39,0.05,3.73,265793,484264,123218000,2026-10-04T15:39:50.867522
TNYZF,Tiny Ltd.,4.2,0.0,0.0,300,1175,123108000,2026-10-04T15:39:50.867522
NPWR,NET Power Inc.,1.39,-0.03,-2.11,579540,756210,122988000,2026-10-04T15:39:50.867522
KULR,"KULR Technology Group, Inc.",2.65,0.07,2.71,514334,942807,122643000,2026-10-04T15:39:50.867522
AUDGF,Audinate Group Limited,1.45,0.0,0.0,300,640,122276000,2026-10-04T15:39:50.867522
OPESF,Otello Corporation ASA,1.8,0.0,0.0,4000,62,121843000,2026-10-04T15:39:50.867522
HURA,"TuHURA Biosciences, Inc.",1.91,-0.07,-3.54,287158,254431,121718000,2026-10-04T15:39:50.867522
RFLFY,Raffles Education Limited,1.33,0.0,0.0,1000,1,120998000,2026-10-04T15:39:50.867522
WTF,Waton Financial Limited,2.5,-0.07,-2.72,5524,3928,120594000,2026-10-04T15:39:50.867522
CVGI,"Commercial Vehicle Group, Inc.",2.96,-0.01,-0.5,136086,354504,120273000,2026-10-04T15:39:50.867522
APGOF,Apollo Silver Corp.,1.9,-0.02,-0.86,10100,53064,120268000,2026-10-04T15:39:50.867522
FHTX,Foghorn Therapeutics Inc.,2.02,-0.9,-30.82,2502000,615726,119958000,2026-10-04T15:39:50.867522
INO,"Inovio Pharmaceuticals, Inc.",1.16,-0.05,-4.13,2902000,3776000,119941000,2026-10-04T15:39:50.867522
ZJK,"ZJK Industrial Co., Ltd.",1.85,-0.16,-7.96,9691,58637,118996000,2026-10-04T15:39:50.867522
STXS,"Stereotaxis, Inc.",1.18,-0.02,-1.67,343632,826709,118239000,2026-10-04T15:39:50.867522
ZENA,"ZenaTech, Inc.",1.33,-0.02,-1.48,1168000,3304000,118216000,2026-10-04T15:39:50.867522
JUKIY,Juki Corporation,3.99,0.0,0.0,220,3,117941000,2026-10-04T15:39:50.867522
INPEF,INSPECS Group plc,1.08,0.0,0.0,0,442,117908000,2026-10-04T15:39:50.867522
BHLL,Bunker Hill Mining Corp.,2.49,-0.05,-1.97,18024,57403,117797000,2026-10-04T15:39:50.867522
GCLAF,Grupo Clarín S.A.,2.2,0.0,0.0,731,3,117454000,2026-10-04T15:39:50.867522
OZFRY,OFX Group Limited,2.5,0.0,0.0,36,39,116377000,2026-10-04T15:39:50.867522
PLSDF,Pulse Seismic Inc.,2.29,-0.02,-0.87,3100,9337,116137000,2026-10-04T15:39:50.867522
UMEW,UMeWorld Inc.,1.0,0.0,0.0,697,890,116100000,2026-10-04T15:39:50.867522
GNLX,Genelux Corporation,2.56,0.04,1.59,277351,266778,115828000,2026-10-04T15:39:50.867522
UNCY,"Unicycive Therapeutics, Inc.",4.22,-0.33,-7.25,1496000,896168,115599000,2026-10-04T15:39:50.867522
NWPP,"New Peoples Bankshares, Inc.",4.9,-0.03,-0.61,100,2253,115343000,2026-10-04T15:39:50.867522
BMHL,Bluemount Holdings Limited,4.5,0.35,8.39,1547,1929,114790000,2026-10-04T15:39:50.867522
HKTVY,Hong Kong Technology Venture Company Limited,2.9,0.0,0.0,172,231,114764000,2026-10-04T15:39:50.867522
BHR,Braemar Hotels & Resorts Inc.,1.66,0.01,0.61,490875,450323,114008000,2026-10-04T15:39:50.867522
RRTS,"Roadrunner Transportation Systems, Inc.",2.91,0.06,2.11,2300,2696,113761000,2026-10-04T15:39:50.867522
RROTF,Roots Corporation,2.88,0.0,0.0,200,69,112888000,2026-10-04T15:39:50.867522
COYA,"Coya Therapeutics, Inc.",4.81,0.08,1.69,88688,171553,112832000,2026-10-04T15:39:50.867522
IMDX,Insight Molecular Diagnostics Inc.,3.44,-0.03,-0.86,402990,232181,112572000,2026-10-04T15:39:50.867522
RCTUF,Reef Casino Trust,2.26,0.0,0.0,200,10,112550000,2026-10-04T15:39:50.867522
LENZ,"LENZ Therapeutics, Inc.",3.58,-0.21,-5.54,1126000,856618,112485000,2026-10-04T15:39:50.867522
HOVR,New Horizon Aircraft Ltd.,1.68,0.01,0.6,277268,897550,112267000,2026-10-04T15:39:50.867522
NWPIF,Flint Corp.,1.02,0.0,0.0,600,121,112201000,2026-10-04T15:39:50.867522
QUCY,Quantum Cyber N.V.,1.33,-0.02,-1.48,453009,724589,111811000,2026-10-04T15:39:50.867522
SUMMF,Summit Royalties Ltd.,1.07,-0.01,-0.55,5378,95524,111249000,2026-10-04T15:39:50.867522
VANI,"Vivani Medical, Inc.",1.23,0.01,0.82,88201,456251,110950000,2026-10-04T15:39:50.867522
BAMIF,Blue Ant Media Corporation,4.0,0.0,0.0,100,2743,110621000,2026-10-04T15:39:50.867522
MXCT,"MaxCyte, Inc.",1.07,-0.02,-1.83,228089,715067,110431000,2026-10-04T15:39:50.867522
YGRAF,Yangarra Resources Ltd.,1.04,0.01,0.97,9810,108232,109819000,2026-10-04T15:39:50.867522
ORPOF,OSE Immunotherapeutics SA,4.43,0.0,0.0,0,55,109554000,2026-10-04T15:39:50.867522
CANG,Cango Inc.,2.67,0.12,4.71,1522000,425117,109529000,2026-10-04T15:39:50.867522
ZKIN,"ZK International Group Co., Ltd.",1.8,-0.08,-4.2,3794,31356,109343000,2026-10-04T15:39:50.867522
ANNA,"AleAnna, Inc.",2.67,0.03,1.14,101632,265707,109310000,2026-10-04T15:39:50.867522
AARD,"Aardvark Therapeutics, Inc.",4.99,-0.28,-5.31,147646,212275,109205000,2026-10-04T15:39:50.867522
TRDTF,Trident Resources Corp.,2.66,0.0,0.0,19800,16303,109186000,2026-10-04T15:39:50.867522
SPRC,SciSparc Ltd.,4.72,0.17,3.74,2895,181021,108906000,2026-10-04T15:39:50.867522
BDTX,"Black Diamond Therapeutics, Inc.",1.89,0.01,0.53,472165,678798,108588000,2026-10-04T15:39:50.867522
EP,Empire Petroleum Corporation,2.61,0.17,6.97,51417,39453,108582000,2026-10-04T15:39:50.867522
WNDW,"SolarWindow Technologies, Inc.",1.65,-0.08,-4.62,22500,56096,108535000,2026-10-04T15:39:50.867522
ABSCF,AB Science S.A.,1.12,0.0,0.0,1452,3,108114000,2026-10-04T15:39:50.867522
VIVO,VivoPower PLC,3.36,0.21,6.67,576565,586129,107498000,2026-10-04T15:39:50.867522
APYX,Apyx Medical Corporation,2.55,0.05,2.0,51680,124443,107416000,2026-10-04T15:39:50.867522
KTHUF,KMD Brands Limited,1.49,0.0,0.0,400,6,107246000,2026-10-04T15:39:50.867522
SHANY,Shandong Molong Petroleum Machinery Company Limited,2.5,0.0,0.0,100,1,107143000,2026-10-04T15:39:50.867522
SYYNY,Syn Prop & Tech S.A.,2.8,0.0,0.0,300,70,106851000,2026-10-04T15:39:50.867522
BEEP,Mobile Infrastructure Corporation,2.57,-0.05,-1.72,46980,36639,106141000,2026-10-04T15:39:50.867522
ZSTK,ZeroStack Corp.,4.86,0.02,0.41,17300,489962,105935000,2026-10-04T15:39:50.867522
ONXGF,Onyx Gold Corp.,1.19,0.02,2.05,1200,17069,105430000,2026-10-04T15:39:50.867522
MEDXF,Medexus Pharmaceuticals Inc.,3.34,-0.11,-3.22,600,14081,104963000,2026-10-04T15:39:50.867522
RDZN,"Roadzen, Inc.",1.22,-0.0,-0.41,236020,342921,103901000,2026-10-04T15:39:50.867522
DGQTF,Delta Gold Technologies PLC,1.76,-0.14,-7.37,800,455,103855000,2026-10-04T15:39:50.867522
PZG,Paramount Gold Nevada Corp.,1.2,-0.02,-1.64,331525,453418,103458000,2026-10-04T15:39:50.867522
OKUR,"OnKure Therapeutics, Inc.",2.56,0.02,0.79,526929,206723,103412000,2026-10-04T15:39:50.867522
FLX,BingEx Limited,1.41,-0.1,-6.62,217419,162839,103113000,2026-10-04T15:39:50.867522
IFABF,iFabric Corp.,2.82,0.05,1.71,100,7219,102885000,2026-10-04T15:39:50.867522
VIOT,"Viomi Technology Co., Ltd",1.56,-0.34,-17.68,2206000,1418000,102880000,2026-10-04T15:39:50.867522
EVRYF,Evolve Royalties Ltd,2.0,0.0,0.0,2800,2778,102813000,2026-10-04T15:39:50.867522
ABVN,"ABV Consulting, Inc.",1.02,0.0,0.0,100,55,102799000,2026-10-04T15:39:50.867522
ANIX,"Anixa Biosciences, Inc.",2.95,0.18,6.5,433346,295610,102553000,2026-10-04T15:39:50.867522
SRG,Seritage Growth Properties,1.81,0.11,6.47,127799,169875,101948000,2026-10-04T15:39:50.867522
DAVA,Endava plc,1.92,0.0,0.0,269362,416832,101458000,2026-10-04T15:39:50.867522
RFGPF,Retail Food Group Limited,1.6,0.0,0.0,70000,2187,101215000,2026-10-04T15:39:50.867522
BWEN,"Broadwind, Inc.",4.25,0.06,1.43,82186,454507,100544000,2026-10-04T15:39:50.867522
MWC,"Micware Co., Ltd.",1.69,-0.03,-1.74,127200,428090,100419000,2026-10-04T15:39:50.867522
BCWG,BCW Group Holding Inc,1.0,0.0,0.0,100,1,100000000,2026-10-04T15:39:50.867522
PAL,"Proficient Auto Logistics, Inc.",3.56,0.06,1.71,559677,669410,99868000,2026-10-04T15:39:50.867522
CSTE,Caesarstone Ltd.,2.87,0.09,3.24,52409,97859,99236000,2026-10-04T15:39:50.867522
ETOLF,Evolution PowerX Corp.,1.22,0.05,4.27,1116,20596,98783000,2026-10-04T15:39:50.867522
CYCU,"Cycurion, Inc.",3.82,1.13,42.01,48970000,3040000,98710000,2026-10-04T15:39:50.867522
HMR,Heidmar Maritime Holdings Corp.,1.67,-0.05,-2.91,63172,102221,98517000,2026-10-04T15:39:50.867522
PLYX,"Polaryx Therapeutics, Inc.",2.08,0.06,2.97,20323,78048,98474000,2026-10-04T15:39:50.867522
LHYFF,Lhyfe SA,2.04,0.0,0.0,100,85,98350000,2026-10-04T15:39:50.867522
CHMI,Cherry Hill Mortgage Investment Corporation,2.64,0.02,0.76,191411,331103,97541000,2026-10-04T15:39:50.867522
BZFD,"BuzzFeed, Inc.",1.11,-0.01,-0.89,113402,538228,97275000,2026-10-04T15:39:50.867522
POTMF,Portmeirion Group PLC,1.9,0.0,0.0,25,190,96794000,2026-10-04T15:39:50.867522
UPXI,"Upexi, Inc.",1.17,0.01,0.86,1886000,2909000,96060000,2026-10-04T15:39:50.867522
GTMAY,"Grupo TMM, S.A.B.",2.75,0.0,0.0,10,157,96004000,2026-10-04T15:39:50.867522
XHG,XChange TEC.INC,1.86,-0.03,-1.59,3375,1412000,95879000,2026-10-04T15:39:50.867522
SCTTF,Scott Technology Limited,1.14,0.0,0.0,5000,104,95869000,2026-10-04T15:39:50.867522
PMVP,"PMV Pharmaceuticals, Inc.",1.79,0.04,2.29,3736000,629501,95690000,2026-10-04T15:39:50.867522
SQNMF,Sequana Medical NV,1.22,0.0,0.0,148645,400,95370000,2026-10-04T15:39:50.867522
ENGS,Energys Group Limited,3.05,0.0,0.0,515631,1492000,95323000,2026-10-04T15:39:50.867522
LPIX,Logipix International Corp.,4.76,-2.25,-32.1,400,81,95250000,2026-10-04T15:39:50.867522
LPA,Logistic Properties of the Americas,2.99,0.08,2.75,160059,93954,94779000,2026-10-04T15:39:50.867522
FJET,"Starfighters Space, Inc.",1.72,-0.05,-2.82,1688000,1060000,94593000,2026-10-04T15:39:50.867522
IGDFF,IG Design Group plc,1.05,0.0,0.0,25000,103,94528000,2026-10-04T15:39:50.867522
TRBG,Turbogen Ltd,4.04,0.19,5.07,101931,168099,94495000,2026-10-04T15:39:50.867522
GRWG,GrowGeneration Corp.,1.57,0.05,3.29,260247,338809,94343000,2026-10-04T15:39:50.867522
FLNT,"Fluent, Inc.",2.98,-0.1,-3.25,37877,30900,94189000,2026-10-04T15:39:50.867522
URLOF,NameSilo Technologies Corp.,1.02,-0.0,-0.39,100,23145,93262000,2026-10-04T15:39:50.867522
NWFFF,NWF Group plc,1.88,0.0,0.0,15000,46,93244000,2026-10-04T15:39:50.867522
AGGZF,Ag Growth International Inc.,4.92,-0.69,-12.3,100,12532,92892000,2026-10-04T15:39:50.867522
HERE,Here Group Limited,1.7,0.02,1.19,22519,40234,92454000,2026-10-04T15:39:50.867522
BMEA,"Biomea Fusion, Inc.",1.27,-0.03,-2.31,843170,1479000,92054000,2026-10-04T15:39:50.867522
MRAI,"Marpai, Inc.",3.43,0.13,4.07,2183,91181,92026000,2026-10-04T15:39:50.867522
AMPG,"AmpliTech Group, Inc.",3.05,-0.04,-1.29,680312,1954000,91634000,2026-10-04T15:39:50.867522
IRCDF,Intercede Group plc,1.5,0.0,0.0,1500,62,91519000,2026-10-04T15:39:50.867522
CNNRF,Canadian Net Real Estate Investment Trust,4.43,0.0,0.0,600,3050,91381000,2026-10-04T15:39:50.867522
INSE,"Inspired Entertainment, Inc.",3.46,-0.2,-5.59,406362,224232,91332000,2026-10-04T15:39:50.867522
WRAP,"Wrap Technologies, Inc.",1.47,0.04,2.8,641363,1900000,90811000,2026-10-04T15:39:50.867522
FOMNF,Forte Minerals Corp.,1.16,0.04,3.57,400,831,90712000,2026-10-04T15:39:50.867522
HFFG,HF Foods Group Inc.,1.63,-0.03,-1.81,53372,180059,90633000,2026-10-04T15:39:50.867522
SLNG,"Stabilis Solutions, Inc.",4.87,0.04,0.83,17646,37881,90564000,2026-10-04T15:39:50.867522
EKNPF,EKINOPS S.A.,3.35,0.0,0.0,10000,15,90467000,2026-10-04T15:39:50.867522
DCMDF,DATA Communications Management Corp.,1.44,0.0,0.0,100,4762,90096000,2026-10-04T15:39:50.867522
SIEB,Siebert Financial Corp.,2.2,0.02,0.92,23042,72640,90070000,2026-10-04T15:39:50.867522
XLAB,Exascale Labs Holdings Inc.,1.4,-0.08,-5.41,119123,387348,90069000,2026-10-04T15:39:50.867522
SPAI,Safe Pro Group Inc.,4.42,-0.11,-2.43,36119,230621,90004000,2026-10-04T15:39:50.867522
MDIA,MediaCo Holding Inc.,1.07,-0.03,-2.73,8013,21993,89901000,2026-10-04T15:39:50.867522
EQ,"Equillium, Inc.",1.41,-0.13,-8.44,933794,623087,89405000,2026-10-04T15:39:50.867522
BDCTF,BuildDirect.com Technologies Inc.,1.84,-0.03,-1.6,500,3344,88967000,2026-10-04T15:39:50.867522
HURRY,Hürriyet Gazetecilik ve Matbaacilik A.S.,3.0,0.0,0.0,420,420,88800000,2026-10-04T15:39:50.867522
HDRN,"Hadron Energy, Inc.",1.24,0.0,0.0,37737,77390,88659000,2026-10-04T15:39:50.867522
JLHL,Julong Holding Limited,3.99,0.02,0.5,100572,2870000,88573000,2026-10-04T15:39:50.867522
MGF,Aberdeen Government Markets Income Fund,2.71,0.0,0.0,118931,69457,88319000,2026-10-04T15:39:50.867522
CWGL,"Crimson Wine Group, Ltd.",4.29,0.04,0.94,11101,11262,88314000,2026-10-04T15:39:50.867522
EVF,Eaton Vance Senior Income Trust,4.86,0.01,0.31,58911,58764,88217000,2026-10-04T15:39:50.867522
EMPD,Empery Digital Inc.,3.13,0.07,2.29,190343,372287,88141000,2026-10-04T15:39:50.867522
NXTBF,NEXT Biometrics Group ASA,1.42,0.0,0.0,0,0,88038000,2026-10-04T15:39:50.867522
MGLD,"The Marygold Companies, Inc.",2.03,0.01,0.5,182693,320089,87786000,2026-10-04T15:39:50.867522
ADPXY,Audio Pixels Holdings Limited,3.0,0.0,0.0,2,1,87630000,2026-10-04T15:39:50.867522
MNOV,"MediciNova, Inc.",1.78,0.15,9.2,274357,316967,87614000,2026-10-04T15:39:50.867522
CNXU,Conexeu Sciences Inc.,3.1,-0.22,-6.63,114321,200209,87441000,2026-10-04T15:39:50.867522
ZVIA,Zevia PBC,1.21,0.0,0.0,311973,441157,87285000,2026-10-04T15:39:50.867522
CRDF,"Cardiff Oncology, Inc.",1.12,-0.06,-5.08,628011,1075000,87131000,2026-10-04T15:39:50.867522
SDCO,"SDR Drone, Inc.",1.3,-0.3,-18.75,100,922,86941000,2026-10-04T15:39:50.867522
RVRC,Revium Rx.,1.43,0.0,0.0,248,3,86843000,2026-10-04T15:39:50.867522
LUD,Luda Technology Group Limited,3.82,0.33,9.46,12254,10337,86676000,2026-10-04T15:39:50.867522
GLBXF,Globex Mining Enterprises Inc.,1.52,0.03,2.01,4000,28104,86552000,2026-10-04T15:39:50.867522
GEODF,Geodrill Limited,1.82,-0.02,-1.09,1100,11562,86474000,2026-10-04T15:39:50.867522
NTHI,"NeOnc Technologies Holdings, Inc.",2.99,-0.07,-2.29,234720,185001,86128000,2026-10-04T15:39:50.867522
CCLD,"CareCloud, Inc.",2.02,-0.02,-0.98,136898,309250,85838000,2026-10-04T15:39:50.867522
DWSN,Dawson Geophysical Company,2.76,0.16,6.15,73064,185148,85714000,2026-10-04T15:39:50.867522
MMLP,Martin Midstream Partners L.P.,2.18,0.02,0.93,24526,12784,85292000,2026-10-04T15:39:50.867522
ACRV,"Acrivon Therapeutics, Inc.",1.99,-0.02,-1.0,205101,381132,85278000,2026-10-04T15:39:50.867522
HLTRF,HLS Therapeutics Inc.,2.75,-0.04,-1.43,100,658,85071000,2026-10-04T15:39:50.867522
ARQ,"Arq, Inc.",1.94,0.05,2.65,210157,228584,84717000,2026-10-04T15:39:50.867522
XTGRF,Xtra-Gold Resources Corp.,1.8,-0.01,-0.55,705,8953,83832000,2026-10-04T15:39:50.867522
CMCM,Cheetah Mobile Inc.,2.7,0.1,3.84,2446,7217,83804000,2026-10-04T15:39:50.867522
THNCF,Thinkific Labs Inc.,1.24,0.0,0.0,3000,526,83495000,2026-10-04T15:39:50.867522
USIO,"Usio, Inc.",2.93,0.12,4.09,252473,341282,83492000,2026-10-04T15:39:50.867522
GCV,The Gabelli Convertible and Income Securities Fund Inc.,4.13,0.03,0.73,44048,37151,83209000,2026-10-04T15:39:50.867522
TSQ,"Townsquare Media, Inc.",4.55,0.2,4.6,132539,72948,82954000,2026-10-04T15:39:50.867522
VNMHF,VietNam Holding Limited,4.5,0.0,0.0,12500,35,82865000,2026-10-04T15:39:50.867522
SERA,"Sera Prognostics, Inc.",2.09,0.05,2.45,21875,29218,82449000,2026-10-04T15:39:50.867522
WEEEF,Western Energy Services Corp.,2.43,0.0,0.0,222,212,82263000,2026-10-04T15:39:50.867522
GEOUF,Golden Energy Offshore Services ASA,1.16,0.0,0.0,648,29,81881000,2026-10-04T15:39:50.867522
ADWYF,Adways Inc.,2.26,0.0,0.0,0,6,81781000,2026-10-04T15:39:50.867522
RDFD,"Redfield Energy, LLC",2.0,0.0,0.0,12500,753,81742000,2026-10-04T15:39:50.867522
MNTS,Momentus Inc.,3.71,-0.05,-1.33,591318,931112,81484000,2026-10-04T15:39:50.867522
PXMBF,Paxman AB (publ),3.5,0.0,0.0,600,9,81457000,2026-10-04T15:39:50.867522
BYRN,Byrna Technologies Inc.,3.48,0.0,0.0,357409,661264,81449000,2026-10-04T15:39:50.867522
TELO,"Telomir Pharmaceuticals, Inc.",1.18,0.01,0.85,59144,75596,81154000,2026-10-04T15:39:50.867522
INSG,Inseego Corp.,4.61,0.24,5.49,739650,352073,81064000,2026-10-04T15:39:50.867522
DTI,Drilling Tools International Corporation,2.29,-0.02,-0.87,89672,206925,80796000,2026-10-04T15:39:50.867522
AUUAF,Aluula Composites Inc.,2.59,0.05,2.03,9125,12463,80293000,2026-10-04T15:39:50.867522
YDDL,One and one Green Technologies. Inc,1.43,0.01,0.7,28718,600015,80128000,2026-10-04T15:39:50.867522
RFL,"Rafael Holdings, Inc.",1.54,0.04,2.67,173871,172550,80080000,2026-10-04T15:39:50.867522
TGEN,Tecogen Inc.,2.65,0.0,0.0,91400,199150,79998000,2026-10-04T15:39:50.867522
TUNGF,American Tungsten Corp.,1.26,0.01,0.8,48025,234912,79960000,2026-10-04T15:39:50.867522
ISPR,Ispire Technology Inc.,1.38,0.04,2.99,31769,42921,79701000,2026-10-04T15:39:50.867522
SKYA,"SkyAI, Inc.",1.84,-0.1,-5.15,422992,301176,79575000,2026-10-04T15:39:50.867522
VENU,Venu Holding Corporation,1.4,0.08,6.06,314802,456059,79122000,2026-10-04T15:39:50.867522
ASRV,"AmeriServ Financial, Inc.",4.64,0.19,4.38,12240,18825,78869000,2026-10-04T15:39:50.867522
REVFF,Rev Exploration Corp.,1.3,0.0,0.0,5039,4396,78859000,2026-10-04T15:39:50.867522
AFCG,Advanced Flower Capital Inc.,3.5,0.02,0.43,41920,91015,78641000,2026-10-04T15:39:50.867522
RSDEF,Ramsdens Holdings PLC,2.39,0.0,0.0,9125,9,78150000,2026-10-04T15:39:50.867522
ROC,Rank One Computing Corporation,4.09,0.04,0.99,33937,38585,78038000,2026-10-04T15:39:50.867522
JUKCF,Juki Corporation,2.64,0.0,0.0,250,4,78036000,2026-10-04T15:39:50.867522
NORD,Nordicus Partners Corporation,4.01,0.01,0.25,10778,1550,77970000,2026-10-04T15:39:50.867522
MBOT,Microbot Medical Inc.,1.16,-0.04,-3.33,839761,612004,77903000,2026-10-04T15:39:50.867522
TTSH,"Tile Shop Holdings, Inc.",1.95,0.03,1.56,3175,9123,77652000,2026-10-04T15:39:50.867522
JOCM,--,1.18,0.0,0.0,0,3,77503000,2026-10-04T15:39:50.867522
GGROU,Golden Growers Cooperative,5.0,0.0,0.0,26000,78,77453000,2026-10-04T15:39:50.867522
LUCN,"Lucent, Inc.",4.55,0.0,0.0,200,1879,77448000,2026-10-04T15:39:50.867522
LUNG,Pulmonx Corporation,1.83,-0.08,-4.19,174987,473679,77294000,2026-10-04T15:39:50.867522
OKYO,OKYO Pharma Limited,1.47,0.15,11.36,82517,106193,77145000,2026-10-04T15:39:50.867522
AHT-PF,"Ashford Hospitality Trust, Inc.",4.5,0.07,1.58,2588,14213,76977000,2026-10-04T15:39:50.867522
LCGMD,Lion Copper Corp.,4.81,-0.1,-2.04,1071,2971,76842000,2026-10-04T15:39:50.867522
LSE,"Leishen Energy Holding Co., Ltd.",4.5,-0.11,-2.37,1762,6578,76612000,2026-10-04T15:39:50.867522
WSSTF,Western Bulk Chartering AS,2.34,0.0,0.0,2339,259,76579000,2026-10-04T15:39:50.867522
SRL,Scully Royalty Ltd.,5.0,-0.07,-1.3,31778,19620,76132000,2026-10-04T15:39:50.867522
OSTX,OS Therapies Incorporated,1.62,0.01,0.62,231497,570895,75824000,2026-10-04T15:39:50.867522
GLBS,Globus Maritime Limited,3.5,0.1,2.94,76246,163048,75538000,2026-10-04T15:39:50.867522
RTMAF,Reitmans (Canada) Limited,1.51,0.0,0.0,1000,96,75506000,2026-10-04T15:39:50.867522
RTMNF,Reitmans (Canada) Limited,1.51,0.0,0.0,100,39,75506000,2026-10-04T15:39:50.867522
VRCA,Verrica Pharmaceuticals Inc.,4.38,-0.14,-2.99,44093,62587,75243000,2026-10-04T15:39:50.867522
RTGN,RetinalGenix Technologies Inc.,3.99,0.0,0.0,25,10,75186000,2026-10-04T15:39:50.867522
BTCS,BTCS Inc.,1.43,-0.05,-3.38,1609000,1649000,75035000,2026-10-04T15:39:50.867522
AZI,Autozi Internet Technology (Global) Ltd.,1.13,-0.04,-3.42,30914,2436000,74976000,2026-10-04T15:39:50.867522
GANX,"Gain Therapeutics, Inc.",1.71,-0.01,-0.58,381288,506798,74631000,2026-10-04T15:39:50.867522
CVALF,Covalon Technologies Ltd.,2.7,-0.03,-1.1,1100,14775,74569000,2026-10-04T15:39:50.867522
BSIN,Big Sky Industrial Inc.,1.42,-0.01,-0.7,302576,1269000,74541000,2026-10-04T15:39:50.867522
OM,"Outset Medical, Inc.",3.96,0.21,5.6,483406,156146,74437000,2026-10-04T15:39:50.867522
GOAI,"Eva Live, Inc.",1.81,0.01,0.56,75790,331334,74412000,2026-10-04T15:39:50.867522
TENX,"Tenax Therapeutics, Inc.",1.98,0.05,2.59,2028000,5458000,74099000,2026-10-04T15:39:50.867522
CPSH,CPS Technologies Corporation,3.84,0.05,1.32,169750,254037,73991000,2026-10-04T15:39:50.867522
MGTE,Marblegate Capital Corporation,1.0,0.05,5.26,4000,2986,73914000,2026-10-04T15:39:50.867522
BCHG,Grayscale Bitcoin Cash Trust,2.32,0.0,0.09,194880,183109,73783000,2026-10-04T15:39:50.867522
PYYX,"Pyxus International, Inc.",2.99,0.0,0.0,1000,3084,73577000,2026-10-04T15:39:50.867522
MAIA,"MAIA Biotechnology, Inc.",1.19,0.02,1.71,404964,543710,73473000,2026-10-04T15:39:50.867522
DTCX,"Datacentrex, Inc.",1.83,-0.03,-1.61,93123,194003,73463000,2026-10-04T15:39:50.867522
OZVN,OZ Vision Inc.,2.5,0.0,0.0,100,1,73432000,2026-10-04T15:39:50.867522
SWVL,Swvl Holdings Corp.,3.87,-0.01,-0.26,31705,1462000,73355000,2026-10-04T15:39:50.867522
AISP,"Airship AI Holdings, Inc.",2.12,-0.1,-4.5,2596000,988403,73012000,2026-10-04T15:39:50.867522
WKGBF,Sanderson Design Group plc,1.01,0.0,0.0,100,1,72987000,2026-10-04T15:39:50.867522
ECSNF,EcoSynthetix Inc.,1.24,0.0,0.0,100,187,72893000,2026-10-04T15:39:50.867522
BLNC,"Balance Labs, Inc.",1.55,0.0,0.0,200,1,72621000,2026-10-04T15:39:50.867522
RSSS,"Research Solutions, Inc.",2.15,0.02,0.94,21928,35493,72590000,2026-10-04T15:39:50.867522
ATLX,Atlas Lithium Corporation,2.41,-0.05,-2.03,141887,262070,72541000,2026-10-04T15:39:50.867522
AUMC,AURYN Mining Corporation,1.04,0.0,0.0,200,964,72520000,2026-10-04T15:39:50.867522
WCT,Wellchange Holdings Company Limited,1.29,-0.38,-22.75,2706000,595453,72440000,2026-10-04T15:39:50.867522
EXLGF,Exasol AG,2.72,0.0,0.0,0,0,72309000,2026-10-04T15:39:50.867522
HAIVF,Haivision Systems Inc.,2.7,-0.05,-1.75,2400,10893,72286000,2026-10-04T15:39:50.867522
AMCI,AMC Robotics Corporation,3.01,-0.18,-5.64,33662,165164,71908000,2026-10-04T15:39:50.867522
NGHLF,Nightingale Health Oyj,1.19,0.0,0.0,100,1,71830000,2026-10-04T15:39:50.867522
RNXT,"RenovoRx, Inc.",1.58,0.03,1.94,269360,744604,71305000,2026-10-04T15:39:50.867522
PODC,"PodcastOne, Inc.",2.35,0.04,1.73,47994,79301,71094000,2026-10-04T15:39:50.867522
TRFNF,TruFin plc,1.31,0.0,0.0,300,17,70592000,2026-10-04T15:39:50.867522
ALDX,"Aldeyra Therapeutics, Inc.",1.17,-0.12,-9.3,2265000,1034000,70582000,2026-10-04T15:39:50.867522
PSIG,PS International Group Ltd.,4.58,0.0,0.0,717196,735281,70444000,2026-10-04T15:39:50.867522
NAMM,Namib Minerals,1.26,-0.04,-3.08,7352000,975725,70374000,2026-10-04T15:39:50.867522
AHT-PI,"Ashford Hospitality Trust, Inc.",4.13,-0.15,-3.58,2172,6627,69817000,2026-10-04T15:39:50.867522
AVAT,Avalanche Treasury Corporation,1.83,0.03,1.67,738017,1077000,69384000,2026-10-04T15:39:50.867522
SPRO,"Spero Therapeutics, Inc.",1.19,-0.07,-5.56,906914,1198000,69299000,2026-10-04T15:39:50.867522
CING,Cingulate Inc.,4.76,0.01,0.21,52068,157229,69219000,2026-10-04T15:39:50.867522
BBXIB,"BBX Capital, Inc.",5.0,0.0,0.0,176,2,69131000,2026-10-04T15:39:50.867522
AHT-PG,"Ashford Hospitality Trust, Inc.",4.05,-0.39,-8.8,7458,5631,69054000,2026-10-04T15:39:50.867522
CSBR,"Champions Oncology, Inc.",4.94,0.06,1.23,3513,11117,68758000,2026-10-04T15:39:50.867522
AEC,Anfield Energy Inc.,3.44,0.08,2.38,17673,40489,68628000,2026-10-04T15:39:50.867522
JFIN,Jiayin Group Inc.,1.31,-0.02,-1.5,40765,57404,68552000,2026-10-04T15:39:50.867522
PAVLF,Paragon Advanced Labs Inc.,2.0,0.0,0.0,1500,579,68185000,2026-10-04T15:39:50.867522
AHT-PH,"Ashford Hospitality Trust, Inc.",4.0,-0.21,-4.99,5802,4490,68089000,2026-10-04T15:39:50.867522
TTEC,"TTEC Holdings, Inc.",1.38,-0.1,-7.07,417566,452843,68028000,2026-10-04T15:39:50.867522
STKE,Sol Strategies Inc.,1.71,0.04,2.4,337893,268095,67919000,2026-10-04T15:39:50.867522
HFUS,"Hartford Creative Group, Inc.",2.71,0.0,0.0,468,12,67823000,2026-10-04T15:39:50.867522
SEV,Aptera Motors Corp.,1.65,-0.05,-2.65,707455,290196,67743000,2026-10-04T15:39:50.867522
GEG,"Great Elm Group, Inc.",2.16,0.01,0.23,8417,10843,67731000,2026-10-04T15:39:50.867522
FBIO,"Fortress Biotech, Inc.",2.03,-0.04,-1.93,326106,512501,67703000,2026-10-04T15:39:50.867522
THRY,"Thryv Holdings, Inc.",1.52,-0.05,-3.18,305319,738642,67547000,2026-10-04T15:39:50.867522
MB,MasterBeef Group,3.91,-0.13,-3.22,9188,528992,67076000,2026-10-04T15:39:50.867522
XBIT,XBiotech Inc.,2.19,-0.01,-0.45,25234,40653,66768000,2026-10-04T15:39:50.867522
WBX,Wallbox N.V.,2.75,0.12,4.56,18963,40565,66701000,2026-10-04T15:39:50.867522
IPWR,Ideal Power Inc.,4.05,0.08,2.02,92641,188159,66560000,2026-10-04T15:39:50.867522
NMAD,"NOMAD Power Solutions, Inc.",4.12,0.26,6.74,140062,290265,66336000,2026-10-04T15:39:50.867522
NEXM,NexMetals Mining Corp.,1.86,-0.04,-2.11,44119,34179,66306000,2026-10-04T15:39:50.867522
GNSS,Genasys Inc.,1.45,0.04,2.84,37918,87250,66036000,2026-10-04T15:39:50.867522
CITR,CitroTech Inc.,2.95,0.03,1.03,77571,37781,65930000,2026-10-04T15:39:50.867522
NVX,NOVONIX Limited,2.63,0.14,5.62,31378,27766,65604000,2026-10-04T15:39:50.867522
OCCI,"OFS Credit Company, Inc.",2.23,-0.02,-0.89,207976,206218,65500000,2026-10-04T15:39:50.867522
HOUR,"Hour Loop, Inc.",1.86,-0.09,-4.43,19316,31834,65472000,2026-10-04T15:39:50.867522
FLYX,"flyExclusive, Inc.",1.25,0.04,3.31,445854,387595,65190000,2026-10-04T15:39:50.867522
KBSX,FST Corp.,1.45,-0.27,-15.7,42150,17535,64911000,2026-10-04T15:39:50.867522
WTLLF,Water Intelligence plc,3.86,-0.39,-9.18,3,2026,64856000,2026-10-04T15:39:50.867522
MYO,"Myomo, Inc.",1.63,0.02,1.24,156116,498306,64561000,2026-10-04T15:39:50.867522
VISK,"Viskase Holdings, Inc.",4.5,0.0,0.0,1000,1717,64492000,2026-10-04T15:39:50.867522
WVMDF,West Vault Mining Inc.,1.11,-0.02,-1.42,5412,8387,64464000,2026-10-04T15:39:50.867522
SCOR,"comScore, Inc.",4.24,-0.29,-6.4,58150,29175,64382000,2026-10-04T15:39:50.867522
KLRS,"Kalaris Therapeutics, Inc.",2.7,-0.15,-5.26,235755,250354,64273000,2026-10-04T15:39:50.867522
GGR,Gogoro Inc.,3.2,0.08,2.56,6029,38143,64235000,2026-10-04T15:39:50.867522
PLRX,"Pliant Therapeutics, Inc.",1.03,-0.01,-1.43,402810,490828,64089000,2026-10-04T15:39:50.867522
FRMM,"Forum Markets, Incorporated",4.83,0.14,2.99,138696,207610,63751000,2026-10-04T15:39:50.867522
AHT-PD,"Ashford Hospitality Trust, Inc.",4.3,-0.35,-7.53,4448,5413,63513000,2026-10-04T15:39:50.867522
BOF,BranchOut Food Inc.,3.89,0.08,2.1,11217,24025,63250000,2026-10-04T15:39:50.867522
HYFT,MindWalk Holdings Corp.,1.34,0.01,0.75,95908,195884,63130000,2026-10-04T15:39:50.867522
TEUTF,Teuton Resources Corp.,1.1,-0.02,-1.79,2315,6668,63082000,2026-10-04T15:39:50.867522
ATHE,Alterity Therapeutics Limited,3.45,-0.04,-1.15,47167,15509,62819000,2026-10-04T15:39:50.867522
WNW,Meiwu Technology Company Limited,2.38,0.02,0.63,15737,620804,62798000,2026-10-04T15:39:50.867522
KXIN,Kaixin Holdings,1.38,-0.05,-3.5,56035,1843000,62484000,2026-10-04T15:39:50.867522
TMLL,Tele Group Corp.,1.0,0.0,0.0,100,4,62403000,2026-10-04T15:39:50.867522
YIBO,Planet Image International Limited,1.05,0.01,0.96,2662,40556,62196000,2026-10-04T15:39:50.867522
GEOS,Geospace Technologies Corporation,4.8,0.03,0.63,80541,108675,62091000,2026-10-04T15:39:50.867522
ABAKF,abrdn Asia-Pacific Income Fund VCC,1.85,0.0,0.0,59,6,61596000,2026-10-04T15:39:50.867522
QTEX,QTREX Quantum Ltd.,1.1,0.32,40.2,122696000,4774000,61280000,2026-10-04T15:39:50.867522
SUMXF,Supremex Inc.,2.49,0.03,1.22,500,226,61154000,2026-10-04T15:39:50.867522
AURX,"Nuo Therapeutics, Inc.",1.25,0.0,0.0,800,2916,60542000,2026-10-04T15:39:50.867522
AIRG,"Airgain, Inc.",4.61,0.36,8.47,103027,67656,60392000,2026-10-04T15:39:50.867522
PVL,Permianville Royalty Trust,1.83,-0.01,-0.82,25070,54471,60225000,2026-10-04T15:39:50.867522
CAST,"FreeCast, Inc.",1.18,0.07,6.31,344164,4212000,59929000,2026-10-04T15:39:50.867522
GQMLF,Ongwe Minerals Inc.,1.0,0.0,0.0,100,41,59657000,2026-10-04T15:39:50.867522
BOLD,"Boundless Bio, Inc.",2.62,0.03,1.16,156523,185378,59600000,2026-10-04T15:39:50.867522
MYPS,"PLAYSTUDIOS, Inc.",4.95,0.23,4.87,63334,40959,59460000,2026-10-04T15:39:50.867522
WATR,Air Water Ventures Limited,1.9,0.17,9.83,146943,120232,59378000,2026-10-04T15:39:50.867522
BATL,Battalion Oil Corporation,1.03,-0.02,-1.9,1805000,10179000,59001000,2026-10-04T15:39:50.867522
TRZBF,Transat A.T. Inc.,1.43,0.0,0.0,3000,303,58918000,2026-10-04T15:39:50.867522
MDNC,Medinotec Inc.,5.0,0.0,0.0,100,1,58778000,2026-10-04T15:39:50.867522
ZYBT,Zhengye Biotechnology Holding Limited,1.24,-0.02,-1.59,15913,5118000,58765000,2026-10-04T15:39:50.867522
DLHC,DLH Holdings Corp.,4.05,0.37,9.91,14752,15896,58697000,2026-10-04T15:39:50.867522
TLPH,"Talphera, Inc.",1.13,0.01,0.89,345013,275657,58654000,2026-10-04T15:39:50.867522
FBDT,"First Breach, Inc.",1.05,0.07,6.92,438079,3801000,58565000,2026-10-04T15:39:50.867522
IH,iHuman Inc.,1.14,0.0,0.0,1343,7437,58275000,2026-10-04T15:39:50.867522
WSHP,WeShop Holdings Limited,4.97,-0.44,-8.13,210928,313312,58234000,2026-10-04T15:39:50.867522
JZXN,"Jiuzi Holdings, Inc.",1.13,0.05,4.63,43461,4086000,58209000,2026-10-04T15:39:50.867522
VOC,VOC Energy Trust,3.42,0.0,0.0,29033,101287,58140000,2026-10-04T15:39:50.867522
TRNLY,The Trendlines Group Ltd.,1.85,0.0,0.0,310,214,58004000,2026-10-04T15:39:50.867522
CLNN,Clene Inc.,4.08,0.06,1.49,57450,96420,57993000,2026-10-04T15:39:50.867522
POSC,Positron Corporation,1.76,-0.03,-1.51,200,17465,57972000,2026-10-04T15:39:50.867522
QXL,Quantum X Labs Inc.,4.31,0.06,1.41,36752,67592,57480000,2026-10-04T15:39:50.867522
MCHX,"Marchex, Inc.",1.29,0.0,0.0,21502,32914,57196000,2026-10-04T15:39:50.867522
JYOGF,Jersey Oil and Gas Plc,1.75,0.0,0.0,4000,158,57168000,2026-10-04T15:39:50.867522
PEW,GrabAGun Digital Holdings Inc.,1.93,-0.1,-4.93,419000,511804,56961000,2026-10-04T15:39:50.867522
INVE,"INVE Technologies, Inc.",2.35,-0.04,-1.67,47385,191459,56954000,2026-10-04T15:39:50.867522
HYPD,"Hyperion DeFi, Inc.",3.73,0.07,1.91,529625,448603,56705000,2026-10-04T15:39:50.867522
COPR,Idaho Copper Corporation,3.2,0.01,0.31,118019,77904,56670000,2026-10-04T15:39:50.867522
CGROF,The Character Group plc,3.26,0.0,0.0,140,2,56478000,2026-10-04T15:39:50.867522
NAAS,NaaS Technology Inc.,3.3,-0.01,-0.3,17935,20306,56283000,2026-10-04T15:39:50.867522
ZEPP,Zepp Health Corporation,3.82,-0.14,-3.54,13130,41528,56020000,2026-10-04T15:39:50.867522
LFS,"Leifras Co., Ltd.",2.14,0.04,1.9,48914,849195,55984000,2026-10-04T15:39:50.867522
IBIO,"iBio, Inc.",1.12,0.01,1.35,529948,694553,55888000,2026-10-04T15:39:50.867522
ANTA,Antalpha Platform Holding Compa,2.32,-0.24,-9.38,3575,18957,55713000,2026-10-04T15:39:50.867522
ELRNF,Elron Ventures Ltd,1.05,0.0,0.0,1800,148,55572000,2026-10-04T15:39:50.867522
STFS,Star Fashion Culture Holdings Limited,3.65,0.13,3.69,1021000,621445,55457000,2026-10-04T15:39:50.867522
SORA,AsiaStrategy,2.23,-0.12,-5.11,1455000,210712,55447000,2026-10-04T15:39:50.867522
LITB,"LightInTheBox Holding Co., Ltd.",2.81,0.0,0.0,3061,4803,55432000,2026-10-04T15:39:50.867522
SELF,"Global Self Storage, Inc.",4.85,-0.06,-1.22,51411,31701,55394000,2026-10-04T15:39:50.867522
RPNMF,Rapala VMC Corporation,1.45,0.0,0.0,700,6,55288000,2026-10-04T15:39:50.867522
PAAI,"Paradium.AI, Inc.",1.16,-0.11,-8.66,405472,2146000,55228000,2026-10-04T15:39:50.867522
SCWO,374Water Inc.,3.08,0.12,4.05,60356,55184,54572000,2026-10-04T15:39:50.867522
APWC,Asia Pacific Wire & Cable Corporation Limited,1.32,0.0,0.0,3129,12359,54427000,2026-10-04T15:39:50.867522
DOMH,Dominari Holdings Inc.,2.24,0.14,6.41,241979,183178,54306000,2026-10-04T15:39:50.867522
MOB,Mobilicom Limited,4.21,-0.11,-2.55,141823,119717,54173000,2026-10-04T15:39:50.867522
NPT,Texxon Holding Limited,2.44,-0.13,-5.18,21491,47485,54131000,2026-10-04T15:39:50.867522
VTIAF,FamiCord AG,3.1,0.0,0.0,100,47,54038000,2026-10-04T15:39:50.867522
TOUR,Tuniu Corporation,4.97,-0.01,-0.24,2532,6868,53970000,2026-10-04T15:39:50.867522
ROLR,"High Roller Technologies, Inc.",4.89,-0.03,-0.61,30900,59637,53933000,2026-10-04T15:39:50.867522
TGE,The Generation Essentials Group,1.11,-0.29,-20.71,3491000,3230000,53792000,2026-10-04T15:39:50.867522
GRSD,Grandstand Limited,1.51,0.04,2.72,144989,292225,53752000,2026-10-04T15:39:50.867522
RNLXY,Renalytix Plc,4.0,0.0,0.0,1000,6229,53637000,2026-10-04T15:39:50.867522
INMB,INmune Bio Inc.,1.93,0.0,0.0,290136,454851,53565000,2026-10-04T15:39:50.867522
MDAI,"Spectral AI, Inc.",1.66,0.0,0.0,187538,153487,53427000,2026-10-04T15:39:50.867522
MJWNY,Naked Wines plc,3.22,0.0,0.0,100,42,53315000,2026-10-04T15:39:50.867522
KNIT,Kinetic Group Inc.,2.0,0.0,0.0,200,3,52840000,2026-10-04T15:39:50.867522
MATH,Metalpha Technology Holding Limited,1.11,0.06,5.71,65918,89754,52767000,2026-10-04T15:39:50.867522
OPAL,OPAL Fuels Inc.,1.74,-0.01,-0.57,115895,255329,52706000,2026-10-04T15:39:50.867522
GUROF,GURU Organic Energy Corp.,1.75,0.0,0.0,50,84,52705000,2026-10-04T15:39:50.867522
RENT,"Rent the Runway, Inc.",1.55,-0.1,-6.06,197071,125176,52591000,2026-10-04T15:39:50.867522
BGSF,"BGSF, Inc.",4.92,-0.06,-1.2,9126,8082,52544000,2026-10-04T15:39:50.867522
CCIF,Carlyle Credit Income Fund,2.45,0.05,2.08,142046,118954,52349000,2026-10-04T15:39:50.867522
LIDR,"AEye, Inc.",1.12,-0.05,-4.27,559551,2884000,52273000,2026-10-04T15:39:50.867522
IMA,"ImageneBio, Inc.",4.6,0.02,0.43,7831,12621,52217000,2026-10-04T15:39:50.867522
CELU,Celularity Inc.,1.6,0.22,15.94,220034,3898000,51920000,2026-10-04T15:39:50.867522
RMXI,"RMX Industries, Inc.",5.0,-0.65,-11.5,100,2351,51743000,2026-10-04T15:39:50.867522
FTEK,"Fuel Tech, Inc.",1.66,-0.06,-3.49,129134,157101,51734000,2026-10-04T15:39:50.867522
RDWCF,Redwood AI Corp.,1.0,0.0,0.0,100,194,51651000,2026-10-04T15:39:50.867522
MKDW,Landvision Technology Limited,1.51,-0.03,-1.63,36056,121268,51640000,2026-10-04T15:39:50.867522
TELA,"TELA Bio, Inc.",1.14,-0.11,-8.8,202570,209885,51463000,2026-10-04T15:39:50.867522
HPURF,Hexagon Purus ASA,1.2,0.0,0.0,23945,3,51418000,2026-10-04T15:39:50.867522
BBXIA,"BBX Capital, Inc.",3.72,0.0,0.0,1483,960,51406000,2026-10-04T15:39:50.867522
AVD,American Vanguard Corporation,1.74,-0.01,-0.57,236831,264775,51331000,2026-10-04T15:39:50.867522
SMJF,SMJ International Holdings Inc.,1.85,-0.06,-3.34,506082,1232000,51254000,2026-10-04T15:39:50.867522
BSEM,"BioStem Technologies, Inc.",2.73,-0.34,-11.07,157702,117098,50972000,2026-10-04T15:39:50.867522
MBGPF,Moberg Pharma AB (publ),1.08,0.0,0.0,5000,179,50955000,2026-10-04T15:39:50.867522
FLL,"Full House Resorts, Inc.",1.39,-0.03,-2.11,160078,142818,50936000,2026-10-04T15:39:50.867522
CLPR,Clipper Realty Inc.,3.14,0.03,0.96,19833,58370,50735000,2026-10-04T15:39:50.867522
ORXOF,Orexo AB (publ),1.44,0.0,0.0,2000,542,50583000,2026-10-04T15:39:50.867522
ELTX,"Elicio Therapeutics, Inc.",1.92,0.0,0.0,175912,452314,50461000,2026-10-04T15:39:50.867522
NCTY,The9 Limited,3.3,-0.05,-1.49,72208,225628,50401000,2026-10-04T15:39:50.867522
ANVS,"Annovis Bio, Inc.",1.18,0.01,0.85,644360,923645,50361000,2026-10-04T15:39:50.867522
MBAI,Check-Cap Ltd.,3.29,0.13,4.11,12350,20154,50316000,2026-10-04T15:39:50.867522
CJAX,CoJax Oil and Gas Corporation,3.55,0.0,0.0,140,2,50299000,2026-10-04T15:39:50.867522
CFOR,CapForce Inc.,4.05,0.01,0.25,100,1329,50212000,2026-10-04T15:39:50.867522
METXF,ME Therapeutics Holdings Inc.,1.67,0.0,0.0,0,28,50183000,2026-10-04T15:39:50.867522
GFLT,"GenFlat Holdings, Inc.",3.81,0.0,0.0,100,1588,49931000,2026-10-04T15:39:50.867522
SER,"Serina Therapeutics, Inc.",1.96,0.01,0.51,15180,66431,49785000,2026-10-04T15:39:50.867522
TACT,TransAct Technologies Incorporated,4.81,0.19,4.11,9288,18860,49661000,2026-10-04T15:39:50.867522
DWTX,"Dogwood Therapeutics, Inc.",1.46,0.03,2.1,71023,68050,49629000,2026-10-04T15:39:50.867522
CULP,"Culp, Inc.",3.89,0.25,6.87,62155,85198,49540000,2026-10-04T15:39:50.867522
STKS,"The ONE Group Hospitality, Inc.",1.56,0.02,1.3,9678,19345,49435000,2026-10-04T15:39:50.867522
SRTS,"Sensus Healthcare, Inc.",2.98,0.03,1.02,17172,29678,49057000,2026-10-04T15:39:50.867522
POCI,"Precision Optics Corporation, Inc.",4.46,0.19,4.45,38771,52284,48939000,2026-10-04T15:39:50.867522
DSWL,"Deswell Industries, Inc.",3.07,0.05,1.52,932,9493,48768000,2026-10-04T15:39:50.867522
VGAS,"Verde Clean Fuels, Inc.",1.09,0.0,0.0,5138,167587,48559000,2026-10-04T15:39:50.867522
NXB,NextBoat Inc.,1.91,-0.05,-2.55,82064,48965,48023000,2026-10-04T15:39:50.867522
CATO,The Cato Corporation,2.4,0.01,0.42,50457,128073,47789000,2026-10-04T15:39:50.867522
SLMT,Brera Holdings PLC,4.33,0.11,2.61,42251,88028,47670000,2026-10-04T15:39:50.867522
SPAIF,Sparc AI Inc.,1.81,-0.12,-6.19,5338,39398,47304000,2026-10-04T15:39:50.867522
GIPIF,Green Impact Partners Inc.,2.25,0.0,0.0,2000,8,47230000,2026-10-04T15:39:50.867522
ODYS,Odysight.ai Inc.,2.81,-0.01,-0.35,96463,26935,47227000,2026-10-04T15:39:50.867522
ZDGE,"Zedge, Inc.",3.0,0.01,0.33,52724,80101,47055000,2026-10-04T15:39:50.867522
XOS,"Xos, Inc.",3.3,0.15,4.76,363930,2842000,46919000,2026-10-04T15:39:50.867522
OFS,OFS Capital Corporation,3.48,-0.09,-2.52,86341,61321,46625000,2026-10-04T15:39:50.867522
IDN,"Intellicheck, Inc.",2.27,-0.01,-0.22,88841,331571,46006000,2026-10-04T15:39:50.867522
FNUC,Frontier Nuclear and Minerals Inc.,1.28,-0.01,-0.78,225013,324001,45951000,2026-10-04T15:39:50.867522
NSRX,Nasus Pharma Ltd.,3.92,0.1,2.75,28559,16215,45918000,2026-10-04T15:39:50.867522
SOWG,Sow Good Inc.,2.28,0.01,0.66,8018,15215,45828000,2026-10-04T15:39:50.867522
KAZR,Skyline Builders Group Holding Limited,2.55,0.12,4.94,178118,209039,45752000,2026-10-04T15:39:50.867522
CRVO,CervoMed Inc.,3.02,0.09,3.07,211293,336934,45660000,2026-10-04T15:39:50.867522
LONA,"LeonaBio, Inc.",4.82,0.44,10.05,331992,175270,45412000,2026-10-04T15:39:50.867522
DBCCD,--,1.18,0.02,1.67,150,16567,45371000,2026-10-04T15:39:50.867522
SNSC,SunScout Holding Limited,1.19,0.01,0.85,10936,408443,45339000,2026-10-04T15:39:50.867522
WTCRF,Global Copper Corp.,1.0,0.0,0.0,1000,17,45323000,2026-10-04T15:39:50.867522
CNVS,Cineverse Corp.,1.9,-0.05,-2.31,174771,125639,45284000,2026-10-04T15:39:50.867522
MVIS,"MicroVision, Inc.",1.48,-0.02,-1.33,467475,1325000,45272000,2026-10-04T15:39:50.867522
RDI,"Reading International, Inc.",1.97,0.07,3.42,39503,69212,44979000,2026-10-04T15:39:50.867522
GUER,"Guerrilla RF, Inc.",4.2,0.1,2.39,909,9459,44913000,2026-10-04T15:39:50.867522
AWLCF,Awilco Drilling PLC,1.81,0.0,0.0,10,2,44806000,2026-10-04T15:39:50.867522
XBP,"XBP Global Holdings, Inc.",3.16,0.01,0.2,6257,23254,44806000,2026-10-04T15:39:50.867522
HGBL,Heritage Global Inc.,1.29,0.03,2.38,166799,188214,44685000,2026-10-04T15:39:50.867522
TC,Token Cat Limited,1.69,0.02,1.2,3050,607101,44655000,2026-10-04T15:39:50.867522
HRGN,Harvard Apparatus Regenerative Technology Inc.,2.19,-0.01,-0.45,1040,1218,44423000,2026-10-04T15:39:50.867522
GROV,"Grove Collaborative Holdings, Inc.",1.04,0.02,1.96,30964,63282,44409000,2026-10-04T15:39:50.867522
PLCE,"The Children's Place, Inc.",1.99,-0.08,-3.86,72814,231482,44252000,2026-10-04T15:39:50.867522
SPWH,"Sportsman's Warehouse Holdings, Inc.",1.13,0.02,1.8,330647,439984,44230000,2026-10-04T15:39:50.867522
VFORF,VerticalScope Holdings Inc.,2.02,0.05,2.77,800,6090,44209000,2026-10-04T15:39:50.867522
AGIG,Abundia Global Impact Group Inc,1.0,0.04,3.78,115082,128348,44023000,2026-10-04T15:39:50.867522
GRCE,"Grace Therapeutics, Inc.",2.07,0.03,1.47,105029,176176,43544000,2026-10-04T15:39:50.867522
SMNOF,SMN Corporation,2.97,0.0,0.0,600,20,43442000,2026-10-04T15:39:50.867522
LOAN,"Manhattan Bridge Capital, Inc.",3.78,0.03,0.67,21473,35406,43146000,2026-10-04T15:39:50.867522
TWIRF,Tree Island Steel Ltd.,1.66,-0.09,-5.14,100,2096,42905000,2026-10-04T15:39:50.867522
VERU,Veru Inc.,2.51,-0.03,-1.18,104935,236689,42796000,2026-10-04T15:39:50.867522
IZEA,"IZEA Worldwide, Inc.",2.45,-0.04,-1.61,17274,51418,42670000,2026-10-04T15:39:50.867522
MCCRF,McCoy Global Inc.,1.57,-0.03,-1.87,100,19331,42669000,2026-10-04T15:39:50.867522
SYZLF,Sylogist Ltd.,1.82,0.0,0.0,200,1926,42396000,2026-10-04T15:39:50.867522
SHGR,Success Holding Group Corp. USA,2.0,0.0,0.0,200,4,42228000,2026-10-04T15:39:50.867522
ATHR,"Aether Holdings, Inc.",3.45,0.04,1.17,7859,13809,42221000,2026-10-04T15:39:50.867522
LITS,"Lite Strategy, Inc.",1.38,0.0,0.36,1006000,429853,41962000,2026-10-04T15:39:50.867522
SQNS,Sequans Communications S.A.,2.8,0.06,2.19,41145,48521,41937000,2026-10-04T15:39:50.867522
TRAGF,TeraGo Inc.,1.07,0.0,0.0,100,5,41768000,2026-10-04T15:39:50.867522
CYBHF,"CyberCatch Holdings, Inc.",1.56,0.04,2.63,500,10359,41755000,2026-10-04T15:39:50.867522
PXHI,"PhoneX Holdings, Inc.",1.2,0.0,0.0,901,2604,41752000,2026-10-04T15:39:50.867522
SHFH,Scientist Home Future Health Limited,1.75,0.0,0.0,3001,6184,41503000,2026-10-04T15:39:50.867522
SNWV,"SANUWAVE Health, Inc.",4.82,0.2,4.33,20519,140668,41463000,2026-10-04T15:39:50.867522
SYPR,"Sypris Solutions, Inc.",1.8,0.04,2.27,5617,32890,41448000,2026-10-04T15:39:50.867522
CVRX,"CVRx, Inc.",1.55,0.02,1.31,1046000,898235,41294000,2026-10-04T15:39:50.867522
IFISF,IFIS Japan Ltd.,4.27,0.0,0.0,0,1,41140000,2026-10-04T15:39:50.867522
INDO,Indonesia Energy Corporation Limited,2.67,-0.02,-0.74,138162,239959,41083000,2026-10-04T15:39:50.867522
GLXZ,"Galaxy Gaming, Inc.",1.64,-0.02,-1.2,7837,62162,41039000,2026-10-04T15:39:50.867522
STEM,"Stem, Inc.",4.26,0.19,4.67,161915,135917,41010000,2026-10-04T15:39:50.867522
MIND,"MIND Technology, Inc.",4.51,-0.08,-1.74,62267,94010,40992000,2026-10-04T15:39:50.867522
PHUN,"Phunware, Inc.",2.0,0.0,0.0,41591,91757,40925000,2026-10-04T15:39:50.867522
VTIX,Virtuix Holdings Inc.,1.2,-0.01,-0.83,108712,668550,40766000,2026-10-04T15:39:50.867522
PLUT,Plutus Financial Group Limited,2.65,0.2,8.16,17785,1435,40678000,2026-10-04T15:39:50.867522
CVM,CEL-SCI Corporation,2.31,0.22,10.53,367218,237059,40631000,2026-10-04T15:39:50.867522
TREO,Tactical Resources Corp.,2.98,-0.1,-3.25,8686,61529,40564000,2026-10-04T15:39:50.867522
IXHL,Incannex Healthcare Inc.,3.21,-0.04,-1.23,51827,113501,40268000,2026-10-04T15:39:50.867522
NEPH,"Nephros, Inc.",3.67,0.0,0.0,16897,22296,39857000,2026-10-04T15:39:50.867522
CHND,China Media Inc.,1.0,0.0,0.0,123,1,39750000,2026-10-04T15:39:50.867522
BIRD,"Smartbird, Inc",3.37,-0.12,-3.58,1899000,514381,39738000,2026-10-04T15:39:50.867522
GAME,"GameSquare Holdings, Inc.",3.08,-0.02,-0.65,133280,160478,39724000,2026-10-04T15:39:50.867522
SEAT,Vivid Seats Inc.,3.52,-0.3,-7.85,114721,75145,39569000,2026-10-04T15:39:50.867522
CMTL,Comtech Telecommunications Corp.,1.32,-0.01,-0.75,151013,333068,39549000,2026-10-04T15:39:50.867522
ORXGF,Orca Energy Group Inc.,2.0,0.02,1.01,200,1910,39530000,2026-10-04T15:39:50.867522
BCHT,Birchtech Corp.,1.5,0.07,4.9,326824,83265,39459000,2026-10-04T15:39:50.867522
OBRUF,New Earth Resources Corp.,1.14,0.0,0.0,100,441,39284000,2026-10-04T15:39:50.867522
YSXT,"YSX Tech. Co., Ltd",1.23,-0.02,-1.44,3693,187317,39279000,2026-10-04T15:39:50.867522
AHMA,Ambitions Enterprise Management Co. L.L.C,1.32,-0.02,-1.49,20783,495581,39237000,2026-10-04T15:39:50.867522
CYPA,Cyphaira Corp.,1.22,0.0,0.0,0,1,39167000,2026-10-04T15:39:50.867522
QTI,"QT Imaging Holdings, Inc.",2.67,0.14,5.53,17437,33429,39080000,2026-10-04T15:39:50.867522
AOAO,Alpha One Inc.,3.55,0.0,0.0,2,2,38954000,2026-10-04T15:39:50.867522
AURE,Aurelion Inc.,1.03,-0.06,-5.5,37048,126446,38728000,2026-10-04T15:39:50.867522
LSF,"Laird Superfood, Inc.",3.46,0.0,0.0,8511,33993,38727000,2026-10-04T15:39:50.867522
ORXOY,Orexo AB (publ),1.1,0.0,0.0,2000,214,38640000,2026-10-04T15:39:50.867522
MGX,"Metagenomi Therapeutics, Inc.",1.02,-0.09,-7.69,121664,157125,38533000,2026-10-04T15:39:50.867522
RMCO,Royalty Management Holding Corporation,2.52,-0.02,-0.79,2280,12165,38235000,2026-10-04T15:39:50.867522
PN,PN Smart Energy Limited,2.59,-0.16,-5.82,74018,759775,38213000,2026-10-04T15:39:50.867522
MLCI,Mount Logan Capital Inc.,3.4,0.02,0.59,4482,25879,38042000,2026-10-04T15:39:50.867522
BIRMF,BioRem Inc.,2.31,-0.08,-3.23,800,2135,37419000,2026-10-04T15:39:50.867522
DFORF,Celebrus Technologies plc,1.0,0.0,0.0,100,2347,37417000,2026-10-04T15:39:50.867522
BRAG,Bragg Gaming Group Inc.,1.2,0.04,3.45,9051,25162,37276000,2026-10-04T15:39:50.867522
NTIP,"Network-1 Technologies, Inc.",1.63,0.03,1.88,6222,27245,37269000,2026-10-04T15:39:50.867522
DGNX,Diginex Limited,1.28,0.08,6.67,307414,845782,37249000,2026-10-04T15:39:50.867522
EDSA,"Edesa Biotech, Inc.",3.86,-0.15,-3.74,18438,62940,37214000,2026-10-04T15:39:50.867522
THCH,TH International Limited,1.16,-0.14,-10.77,53629,8751,37162000,2026-10-04T15:39:50.867522
HWGG,HWGG Entertainment Limited,1.5,0.0,0.0,200,9,36990000,2026-10-04T15:39:50.867522
PBMLF,Pacific Booker Minerals Inc.,1.93,-0.11,-5.39,45,2429,36835000,2026-10-04T15:39:50.867522
ATNM,"Actinium Pharmaceuticals, Inc.",1.17,0.02,1.74,81733,135670,36786000,2026-10-04T15:39:50.867522
PPSI,"Pioneer Power Solutions, Inc.",3.31,-0.07,-2.07,171503,94467,36739000,2026-10-04T15:39:50.867522
KOSS,Koss Corporation,3.86,-0.08,-2.03,23472,31475,36540000,2026-10-04T15:39:50.867522
STG,Sunlands Technology Group,2.85,-0.05,-1.72,1114,11073,36401000,2026-10-04T15:39:50.867522
KLNG,"Koil Energy Solutions, Inc.",2.97,-0.03,-1.0,200,14460,36400000,2026-10-04T15:39:50.867522
ACCL,Acco Group Holdings Limited,2.6,0.0,0.0,12971,95295,36270000,2026-10-04T15:39:50.867522
LVO,"LiveOne, Inc.",2.63,0.05,1.94,121124,81825,36062000,2026-10-04T15:39:50.867522
SNT,Senstar Technologies Corporation,1.54,-0.03,-1.92,5748,13156,35931000,2026-10-04T15:39:50.867522
BODI,"The Beachbody Company, Inc.",4.92,0.17,3.58,6524,40164,35841000,2026-10-04T15:39:50.867522
ZHYBF,Zhong Yuan Bio-Technology Holdings Limited,2.02,0.0,0.0,130,3,35753000,2026-10-04T15:39:50.867522
HOLO,MicroCloud Hologram Inc.,1.56,-0.03,-1.89,206009,302284,35743000,2026-10-04T15:39:50.867522
WPRT,Westport Fuel Systems Inc.,1.88,-0.06,-3.09,19466,65700,35712000,2026-10-04T15:39:50.867522
FTCI,"FTC Solar, Inc.",2.15,0.02,0.7,243087,311867,35521000,2026-10-04T15:39:50.867522
GAIA,"Gaia, Inc.",1.39,0.0,0.0,71008,111110,35342000,2026-10-04T15:39:50.867522
GROW,"U.S. Global Investors, Inc.",2.86,-0.03,-1.03,21009,18453,35173000,2026-10-04T15:39:50.867522
BCTX,BriaCell Therapeutics Corp.,4.04,-0.07,-1.7,104917,293417,35147000,2026-10-04T15:39:50.867522
BRIA,BrilliA Inc,1.4,-0.0,-0.01,3490,43634,34997000,2026-10-04T15:39:50.867522
MLGO,MicroAlgo Inc.,3.17,-0.08,-2.46,42897,40714,34685000,2026-10-04T15:39:50.867522
NOMA,Nomadar Corp.,1.95,0.25,15.09,35710,44432,34589000,2026-10-04T15:39:50.867522
YQ,17 Education & Technology Group Inc.,3.52,-0.11,-3.03,427,71701,34096000,2026-10-04T15:39:50.867522
HHS,"Harte Hanks, Inc.",4.56,0.02,0.44,17253,157510,33991000,2026-10-04T15:39:50.867522
PVTRF,Pivotree Inc.,1.29,0.0,0.0,750,16,33955000,2026-10-04T15:39:50.867522
CREX,"Creative Realities, Inc.",2.5,0.02,0.81,10791,32200,33816000,2026-10-04T15:39:50.867522
ANGH,Anghami Inc.,3.73,0.16,4.36,1235,31843,33774000,2026-10-04T15:39:50.867522
BHST,BioHarvest Sciences Inc.,1.47,-0.02,-1.34,19585,52565,33322000,2026-10-04T15:39:50.867522
TAOX,TAO Synergies Inc.,4.41,0.02,0.46,246412,148481,33001000,2026-10-04T15:39:50.867522
BTMD,biote Corp.,1.15,-0.01,-0.86,125332,230523,32979000,2026-10-04T15:39:50.867522
GPAIF,Grounded People Apparel Inc.,1.03,0.0,0.0,239,3,32934000,2026-10-04T15:39:50.867522
ARBK,Argo Blockchain plc,2.25,-0.01,-0.44,9768,15154,32929000,2026-10-04T15:39:50.867522
RYOJ,"rYojbaba Co., Ltd.",2.85,-0.18,-5.97,9184,77545,32917000,2026-10-04T15:39:50.867522
RAVE,"Rave Restaurant Group, Inc.",2.31,0.0,0.0,62077,55190,32829000,2026-10-04T15:39:50.867522
CGDCF,Carlin Gold Corporation,1.08,0.04,3.45,8734,22016,32818000,2026-10-04T15:39:50.867522
BOSC,B.O.S. Better Online Solutions Ltd.,4.63,0.0,0.0,10890,31179,32687000,2026-10-04T15:39:50.867522
NNVC,"NanoViricides, Inc.",1.28,0.02,1.59,238726,449184,32672000,2026-10-04T15:39:50.867522
EAIQ,--,1.25,0.0,0.0,400,124,32656000,2026-10-04T15:39:50.867522
SRXH,SRX Global Inc.,1.61,0.0,0.0,471732,3886000,32627000,2026-10-04T15:39:50.867522
VAI,Valor Energy Inc.,2.24,0.18,8.74,88273,753218,32609000,2026-10-04T15:39:50.867522
CNF,CNFinance Holdings Limited,1.93,-0.07,-3.5,1002,15950,32536000,2026-10-04T15:39:50.867522
WKHS,"Workhorse Group, Inc.",2.97,0.04,1.37,54504,93779,32458000,2026-10-04T15:39:50.867522
CCEL,"Cryo-Cell International, Inc.",3.99,-0.06,-1.48,1490,23073,32170000,2026-10-04T15:39:50.867522
IMMP,Immutep Limited,4.35,-0.19,-4.19,48656,14963,32053000,2026-10-04T15:39:50.867522
VTSI,"VirTra, Inc.",2.79,0.05,1.64,32107,32204,31582000,2026-10-04T15:39:50.867522
OLNCF,Omni-Lite Industries Canada Inc.,1.98,-0.18,-8.33,200,3528,31507000,2026-10-04T15:39:50.867522
JFU,9F Inc.,2.66,-0.15,-5.32,439,129045,31322000,2026-10-04T15:39:50.867522
FIEE,"FiEE, Inc",3.67,-0.01,-0.27,1026,407575,31300000,2026-10-04T15:39:50.867522
VCIGF,Vitreous Glass Inc.,4.92,0.0,0.0,100,678,31260000,2026-10-04T15:39:50.867522
DAIO,Data I/O Corporation,2.98,0.04,1.36,17350,35287,30979000,2026-10-04T15:39:50.867522
ITXXF,Itaconix plc,2.29,0.0,0.0,2000,89,30883000,2026-10-04T15:39:50.867522
PIHG,Plural Industry Holding Group Co. Limited,3.0,0.0,0.0,100,4,30820000,2026-10-04T15:39:50.867522
NGHI,New Green Hemp Inc.,1.22,0.0,0.0,100,61,30787000,2026-10-04T15:39:50.867522
SPND,Spindletop Oil & Gas Co.,4.66,0.0,0.0,401,278,30748000,2026-10-04T15:39:50.867522
CLPS,CLPS Incorporation,1.03,0.02,1.98,1637,25281,30737000,2026-10-04T15:39:50.867522
WXM,WF International Limited,3.76,-0.15,-3.84,7495,766796,30522000,2026-10-04T15:39:50.867522
SPRU,Spruce Power Holding Corporation,1.58,0.0,0.0,86419,100678,30418000,2026-10-04T15:39:50.867522
BMNM,"Bimini Capital Management, Inc.",3.0,0.32,11.94,4862,3482,30156000,2026-10-04T15:39:50.867522
CVV,CVD Equipment Corporation,4.33,-0.04,-0.92,24688,116151,30099000,2026-10-04T15:39:50.867522
COLAU,Columbus Acquisition Corp,3.78,-6.25,-62.31,471,174,30029000,2026-10-04T15:39:50.867522
PFAI,Pinnacle Food Group Limited,2.53,0.03,1.2,16841,6628,29766000,2026-10-04T15:39:50.867522
ANPA,Rich Sparkle Holdings Limited,1.97,-0.09,-4.37,8109,104982,29750000,2026-10-04T15:39:50.867522
MCRB,"Seres Therapeutics, Inc.",2.94,0.01,0.34,100659,74939,29532000,2026-10-04T15:39:50.867522
KLXE,"KLX Energy Services Holdings, Inc.",1.38,-0.03,-2.13,490503,616301,29513000,2026-10-04T15:39:50.867522
PETS,"PetMed Express, Inc.",1.36,-0.01,-0.73,185181,119212,29483000,2026-10-04T15:39:50.867522
NTRP,"NextTrip, Inc.",1.95,0.03,1.56,46659,182048,29418000,2026-10-04T15:39:50.867522
HSTI,"High Sierra Technologies, Inc.",1.4,0.0,0.0,1575,1,29416000,2026-10-04T15:39:50.867522
CNTY,"Century Casinos, Inc.",1.04,-0.01,-0.95,64859,56004,29263000,2026-10-04T15:39:50.867522
QRHC,Quest Resource Holding Corporation,1.37,0.02,1.48,9098,22185,28897000,2026-10-04T15:39:50.867522
EVAX,Evaxion A/S,3.2,0.02,0.63,33887,198650,28869000,2026-10-04T15:39:50.867522
AIFA,All In FutureTech Alliance Inc.,4.47,0.07,1.71,144037,202278,28699000,2026-10-04T15:39:50.867522
SCLX,Scilex Holding Company,4.06,-0.34,-7.73,107683,94962,28561000,2026-10-04T15:39:50.867522
SKFG,"Stark Focus Group, Inc.",1.55,-0.29,-15.84,39618,52366,28528000,2026-10-04T15:39:50.867522
YI,"111, Inc.",3.22,-0.14,-4.17,15476,11843,28326000,2026-10-04T15:39:50.867522
PAVM,PAVmed Inc.,2.87,0.12,4.36,28597,30265,28248000,2026-10-04T15:39:50.867522
RAPH,Raphael Pharmaceutical Inc.,1.4,0.0,0.0,140,3,28247000,2026-10-04T15:39:50.867522
FKWL,Franklin Wireless Corp.,2.39,0.0,0.0,8091,17314,28164000,2026-10-04T15:39:50.867522
PDC,Perpetuals.com Ltd,3.46,0.0,0.0,9567,61637,28075000,2026-10-04T15:39:50.867522
PRPS,Propellus Inc.,3.12,0.0,0.0,800,628,28068000,2026-10-04T15:39:50.867522
VIP,Vulcan Infrastructure and Power Inc.,1.52,-0.01,-0.65,123926,484907,28013000,2026-10-04T15:39:50.867522
DRK,DarkHorse Technologies Inc.,2.64,-0.22,-7.69,148404,611903,27903000,2026-10-04T15:39:50.867522
FTFT,Future FinTech Group Inc.,3.41,0.05,1.49,142312,5199000,27544000,2026-10-04T15:39:50.867522
SWAG,"Stran & Company, Inc.",1.47,0.14,10.53,35359,28692,27400000,2026-10-04T15:39:50.867522
SNFI,Stark Novus Financial Inc.,1.67,-0.13,-7.22,1583,9281,27337000,2026-10-04T15:39:50.867522
OMCC,Old Market Capital Corporation,4.0,0.18,4.71,200,1478,27270000,2026-10-04T15:39:50.867522
GRDX,GridAI Technologies Corp.,3.81,0.37,10.76,107279,98442,27170000,2026-10-04T15:39:50.867522
ABVC,"ABVC BioPharma, Inc.",1.01,-0.01,-0.98,97857,132231,26961000,2026-10-04T15:39:50.867522
SKHRF,Stakeholder Gold Corp.,1.04,0.0,0.0,4700,2369,26960000,2026-10-04T15:39:50.867522
ETS,Elite Express Holding Inc.,1.61,-0.12,-6.94,28247,247934,26914000,2026-10-04T15:39:50.867522
CRWS,"Crown Crafts, Inc.",2.48,-0.01,-0.4,52141,85021,26686000,2026-10-04T15:39:50.867522
ICLTF,GreenFirst Forest Products Inc.,1.15,0.0,0.0,10000,5287,26640000,2026-10-04T15:39:50.867522
RNAZ,"TransCode Therapeutics, Inc.",1.57,0.03,1.62,15491,50270,26581000,2026-10-04T15:39:50.867522
JDZG,JIADE Limited,4.84,0.43,9.75,649206,452184,26523000,2026-10-04T15:39:50.867522
BTCFF,Bitcoin Treasury Corporation,2.8,0.0,0.0,20,1807,26352000,2026-10-04T15:39:50.867522
CNTM,"ConnectM Technology Solutions, Inc.",4.55,-0.44,-8.82,2452,4796,26084000,2026-10-04T15:39:50.867522
BRLS,Borealis Foods Inc.,1.21,-0.08,-6.2,5764,814581,25971000,2026-10-04T15:39:50.867522
FFR,FF EAI Robotics Ecosystem Inc.,1.23,0.01,0.82,632499,4766000,25964000,2026-10-04T15:39:50.867522
AAME,Atlantic American Corporation,1.27,-0.03,-2.31,16986,62300,25904000,2026-10-04T15:39:50.867522
OPTH,Optimi Health Corp.,4.49,-0.15,-3.23,13887,45284,25709000,2026-10-04T15:39:50.867522
LOCL,Local Bounti Corporation,1.1,0.04,3.3,185908,29814,25603000,2026-10-04T15:39:50.867522
BEEM,Beam Global,1.13,0.0,0.0,334255,1081000,25576000,2026-10-04T15:39:50.867522
RCON,"Recon Technology, Ltd.",1.25,-0.05,-3.85,91748,647397,25441000,2026-10-04T15:39:50.867522
USEA,United Maritime Corporation,2.66,-0.03,-1.11,100024,89779,25419000,2026-10-04T15:39:50.867522
MDBH,"MDB Capital Holdings, LLC",2.4,-0.04,-1.64,4447,1943,25053000,2026-10-04T15:39:50.867522
KTCC,Key Tronic Corporation,2.26,0.08,3.67,13866,26698,25009000,2026-10-04T15:39:50.867522
BLIV,BeLive Holdings,2.3,0.05,2.22,356,3312,24989000,2026-10-04T15:39:50.867522
ORIO,Orion Digital Corp.,1.05,-0.05,-4.11,86928,76396,24770000,2026-10-04T15:39:50.867522
LLEIF,"LleidaNetworks Serveis Telemàtics, S.A.",1.55,0.0,0.0,100,64,24644000,2026-10-04T15:39:50.867522
WBQNL,Woodbridge Liquidation Trust,2.01,0.0,0.0,900,1609,24506000,2026-10-04T15:39:50.867522
ADTI,"Adapti, Inc.",2.89,0.0,0.0,84,287,24310000,2026-10-04T15:39:50.867522
KMRK,K-TECH Solutions Company Limited,1.15,0.07,6.98,74405,111071,24265000,2026-10-04T15:39:50.867522
HGPI,"Horizon Group Properties, Inc.",2.5,0.0,0.0,700,215,24255000,2026-10-04T15:39:50.867522
HLEO,Helio Corporation,4.64,-0.09,-2.0,1806,14476,24108000,2026-10-04T15:39:50.867522
GDGIF,Gemdale Gold Inc.,1.13,0.0,0.0,8800,501,24083000,2026-10-04T15:39:50.867522
JAGU,Jaguar Uranium Corp.,1.19,-0.04,-3.25,118679,124001,24031000,2026-10-04T15:39:50.867522
AWRE,"Aware, Inc.",1.1,0.03,2.8,20286,37145,23994000,2026-10-04T15:39:50.867522
NWGL,CL Workshop Group Limited,1.44,0.03,2.13,37073,1736000,23837000,2026-10-04T15:39:50.867522
TXMD,"TherapeuticsMD, Inc.",2.05,0.02,0.99,9858,25021,23727000,2026-10-04T15:39:50.867522
BRLT,"Brilliant Earth Group, Inc.",1.39,0.0,0.0,32318,97329,23502000,2026-10-04T15:39:50.867522
GDHG,Golden Heaven Group Holdings Ltd.,1.17,0.0,0.0,44071,230668,23438000,2026-10-04T15:39:50.867522
ATOS,"Atossa Therapeutics, Inc.",2.34,0.07,3.08,74054,74403,23352000,2026-10-04T15:39:50.867522
IPM,Intelligent Protection Management Corp.,1.78,-0.01,-0.56,4435,8996,23204000,2026-10-04T15:39:50.867522
VIDA,VIDA Global Inc.,1.59,0.01,0.63,53523,106059,23187000,2026-10-04T15:39:50.867522
MCUJF,Medicure Inc.,2.05,0.03,1.49,6208,6973,22971000,2026-10-04T15:39:50.867522
SPRS,"Surge Components, Inc.",4.0,0.0,0.0,175,2115,22944000,2026-10-04T15:39:50.867522
PRT,PermRock Royalty Trust,1.88,-0.04,-2.09,44972,29478,22870000,2026-10-04T15:39:50.867522
FIGI,Freedom Internet Group Inc.,2.05,0.0,0.0,107,1,22821000,2026-10-04T15:39:50.867522
JVA,"Coffee Holding Co., Inc.",3.98,0.04,1.02,45584,55053,22720000,2026-10-04T15:39:50.867522
ASTI,"Ascent Solar Technologies, Inc.",2.31,0.01,0.43,431826,332254,22676000,2026-10-04T15:39:50.867522
CRMZ,"CreditRiskMonitor.com, Inc.",2.1,0.0,0.0,100,2360,22612000,2026-10-04T15:39:50.867522
UPC,Universe Pharmaceuticals INC,4.5,0.19,4.41,106735,802564,22610000,2026-10-04T15:39:50.867522
WVVIP,"Willamette Valley Vineyards, Inc.",2.96,0.01,0.34,4407,232323,22594000,2026-10-04T15:39:50.867522
AYTU,"Aytu BioPharma, Inc.",2.07,-0.02,-0.96,15798,34956,22494000,2026-10-04T15:39:50.867522
DDHRF,Dream Impact Trust,1.17,0.0,0.0,400,1,22334000,2026-10-04T15:39:50.867522
MSGM,Motorsport Games Inc.,4.86,0.02,0.41,62758,70807,22302000,2026-10-04T15:39:50.867522
HKIT,"Biddance AI Systems, Inc.",2.48,-0.17,-6.42,15864,117679,22300000,2026-10-04T15:39:50.867522
MWYN,"Marwynn Holdings, Inc.",1.1,0.1,10.01,40638,206568,22214000,2026-10-04T15:39:50.867522
BENF,Beneficient,1.43,-0.08,-5.3,749161,9571000,22149000,2026-10-04T15:39:50.867522
CLIR,ClearSign Technologies Corporation,3.51,-0.04,-1.13,28443,16381,22139000,2026-10-04T15:39:50.867522
QNTM,Quantum BioPharma Ltd.,3.44,0.02,0.44,79206,192917,22118000,2026-10-04T15:39:50.867522
COCP,"Cocrystal Pharma, Inc.",1.14,0.0,0.44,13712,55264,22056000,2026-10-04T15:39:50.867522
AVLNF,Avalon Advanced Materials Inc.,4.75,-0.11,-2.18,1300,29017,22051000,2026-10-04T15:39:50.867522
WFF,WF Holding Limited,2.4,-0.07,-2.63,113105,2725000,21814000,2026-10-04T15:39:50.867522
SKYQ,Sky Quarry Inc.,2.46,-0.08,-3.15,353926,5683000,21730000,2026-10-04T15:39:50.867522
BREUF,Bridgemarq Real Estate Services Inc.,2.27,0.26,12.94,1100,2468,21528000,2026-10-04T15:39:50.867522
ITHR,"Intelithrive, Inc.",2.1,0.0,0.0,100,162,21469000,2026-10-04T15:39:50.867522
AIFF,"Firefly Neuroscience, Inc.",1.36,-0.1,-6.85,698060,2661000,21339000,2026-10-04T15:39:50.867522
AIXC,FF EAI Robotics Ecosystem Inc.,1.01,-0.65,-39.16,1907000,1934000,21320000,2026-10-04T15:39:50.867522
UTSI,UTStarcom Holdings Corp.,2.24,-0.03,-1.32,970,14800,21267000,2026-10-04T15:39:50.867522
CFOO,China Foods Holdings Ltd.,1.05,0.0,0.0,298,6,21265000,2026-10-04T15:39:50.867522
SST,"System1, Inc.",2.44,-0.2,-7.58,87161,561517,21250000,2026-10-04T15:39:50.867522
UNIF,U & I Financial Corp.,3.87,0.0,0.0,300,270,21194000,2026-10-04T15:39:50.867522
PAYD,"PAID, Inc.",2.5,0.0,0.0,527,223,21194000,2026-10-04T15:39:50.867522
STAK,STAK Inc.,1.1,-0.01,-0.9,280030,4557000,21131000,2026-10-04T15:39:50.867522
HTCO,High-Trend International Group,2.33,-0.04,-1.69,52549,77475,21117000,2026-10-04T15:39:50.867522
PSHG,Performance Shipping Inc.,1.69,-0.06,-3.43,170298,49432,21010000,2026-10-04T15:39:50.867522
RCG,"RENN Fund, Inc.",2.99,0.03,1.01,6814,6026,20976000,2026-10-04T15:39:50.867522
FCAFF,Firm Capital Apartment Real Estate Investment Trust,2.75,0.0,0.0,1700,80,20912000,2026-10-04T15:39:50.867522
HSCS,HeartSciences Inc.,4.3,0.39,9.97,177903,111410,20829000,2026-10-04T15:39:50.867522
RADX,Radiopharm Theranostics Limited,1.42,-0.06,-4.05,62317,82053,20720000,2026-10-04T15:39:50.867522
QBAK,Qualstar Corporation,5.0,-0.05,-0.99,4100,2057,20713000,2026-10-04T15:39:50.867522
KEGX,"Key Energy Services, Inc.",1.5,0.0,0.0,1,54,20672000,2026-10-04T15:39:50.867522
ICU,SeaStar Medical Holding Corporation,4.69,0.94,25.07,512191,68898,20668000,2026-10-04T15:39:50.867522
APHD,"Apogee 21 Holdings, Inc.",1.13,-0.15,-11.72,1020,44,20522000,2026-10-04T15:39:50.867522
AZIO,"Azio AI Holdings, Inc.",1.18,-0.01,-0.84,288972,560285,20502000,2026-10-04T15:39:50.867522
NNUP,"Nocopi Technologies, Inc.",1.74,0.1,6.1,100,1354,20433000,2026-10-04T15:39:50.867522
MNDO,MIND C.T.I. Ltd,1.01,0.01,1.0,22524,45075,20387000,2026-10-04T15:39:50.867522
SPPL,Simpple Ltd.,2.06,0.07,3.27,2515,79492,20111000,2026-10-04T15:39:50.867522
TLF,"Tandy Leather Factory, Inc.",2.45,-0.02,-0.81,8924,21234,20071000,2026-10-04T15:39:50.867522
CFND,C1 Fund Inc.,3.05,0.02,0.66,13801,70270,20033000,2026-10-04T15:39:50.867522
SHPH,"Shuttle Pharmaceuticals Holdings, Inc.",4.17,0.22,5.57,4339,1400000,19869000,2026-10-04T15:39:50.867522
RECT,Rectitude Holdings Ltd,1.28,-0.01,-0.78,4337,20443,19818000,2026-10-04T15:39:50.867522
RAFI,"Regency Affiliates, Inc.",4.58,0.0,0.0,1100,514,19608000,2026-10-04T15:39:50.867522
BMR,Beamr Imaging Ltd.,1.26,-0.05,-3.45,36760,57706,19568000,2026-10-04T15:39:50.867522
BTCT,BTC Digital Ltd.,1.15,0.07,6.48,1930000,10483000,19522000,2026-10-04T15:39:50.867522
SNAL,"Snail, Inc.",2.17,-0.2,-8.44,23532,221957,19434000,2026-10-04T15:39:50.867522
TDACW,Translational Development Acquisition Corp.,1.4,-0.05,-3.45,1247,0,19432000,2026-10-04T15:39:50.867522
STSGF,STS Global Income & Growth Trust plc,3.0,0.0,0.0,0,94,19350000,2026-10-04T15:39:50.867522
CTRM,Castor Maritime Inc.,2.0,-0.02,-0.99,13894,47176,19325000,2026-10-04T15:39:50.867522
LEDS,SemiLEDs Corporation,2.32,0.0,0.13,7495,912765,19194000,2026-10-04T15:39:50.867522
DFEL,"Dream Buddha Resources Group Co., Ltd.",1.27,0.0,0.0,1650,29,19151000,2026-10-04T15:39:50.867522
EFOI,"Energy Focus, Inc.",2.98,0.28,10.41,31675,10329,19012000,2026-10-04T15:39:50.867522
REBN,"Reborn Coffee, Inc.",2.18,0.45,26.01,332847,149440,18792000,2026-10-04T15:39:50.867522
NEUP,Neuphoria Therapeutics Inc.,3.47,-0.04,-1.14,12581,164723,18777000,2026-10-04T15:39:50.867522
TRSG,Tungray Technologies Inc.,1.14,-0.1,-8.06,8684,23448,18643000,2026-10-04T15:39:50.867522
EXYN,"Exyn Technologies, Inc.",2.34,-0.07,-2.9,71700,643170,18612000,2026-10-04T15:39:50.867522
GRNL,Greenlite Ventures Inc.,1.99,0.0,0.0,200,18,18516000,2026-10-04T15:39:50.867522
FOXX,Foxx Development Holdings Inc.,2.6,0.0,0.0,10455,12484,18395000,2026-10-04T15:39:50.867522
IDAI,T Stamp Inc.,3.25,0.24,7.97,24688,35760,18328000,2026-10-04T15:39:50.867522
BLTH,"American Battery Materials, Inc.",4.83,0.0,0.0,13,629,18304000,2026-10-04T15:39:50.867522
YAAS,Youxin Technology Ltd,1.16,0.01,0.87,13929,605115,18229000,2026-10-04T15:39:50.867522
ACCS,ACCESS Newswire Inc.,4.71,-0.07,-1.46,2179,22481,18027000,2026-10-04T15:39:50.867522
UONE,"Urban One, Inc.",3.98,-0.02,-0.5,2789,5968,17979000,2026-10-04T15:39:50.867522
SGTSY,Singulus Technologies AG,1.0,0.0,0.0,400,39,17793000,2026-10-04T15:39:50.867522
STLY,"HG Holdings, Inc.",3.5,0.0,0.0,200,243,17664000,2026-10-04T15:39:50.867522
ETCC,Environmental Tectonics Corporation,1.83,0.0,0.0,14,8960,17529000,2026-10-04T15:39:50.867522
PSQH,"PSQ Holdings, Inc.",4.7,-0.17,-3.49,22551,214722,17518000,2026-10-04T15:39:50.867522
MRKR,"Marker Therapeutics, Inc.",1.05,0.0,0.0,100289,69807,17507000,2026-10-04T15:39:50.867522
BBOP,Bebop Channel Corp,2.0,0.0,0.0,100,1,17466000,2026-10-04T15:39:50.867522
WELX,Winland Holdings Corporation,3.43,-0.05,-1.44,379,3293,17432000,2026-10-04T15:39:50.867522
BNGO,"Bionano Genomics, Inc.",1.48,-0.09,-5.73,383323,914642,17430000,2026-10-04T15:39:50.867522
SKK,SKK Holdings Limited,4.4,-0.05,-1.23,4784,140526,17427000,2026-10-04T15:39:50.867522
AMOD,"Alpha Modus Holdings, Inc.",3.49,2.32,198.29,187987000,3414000,17334000,2026-10-04T15:39:50.867522
JL,J-Long Group Limited,4.59,-0.05,-1.19,2036,15087,17247000,2026-10-04T15:39:50.867522
BCG,"Binah Capital Group, Inc.",1.01,-0.11,-9.71,14728,36512,17231000,2026-10-04T15:39:50.867522
LHAI,Linkhome Holdings Inc.,1.04,0.04,4.0,57232,3898000,17191000,2026-10-04T15:39:50.867522
FEMY,Femasys Inc.,2.05,-0.05,-2.38,252635,717239,17169000,2026-10-04T15:39:50.867522
BYSD,Bayside Corporation,1.04,0.09,9.47,2420,339,16961000,2026-10-04T15:39:50.867522
CUPR,Cuprina Holdings (Cayman) Limited,2.42,-0.13,-5.1,331662,95670,16949000,2026-10-04T15:39:50.867522
DSY,Big Tree Cloud Holdings Limited,3.56,0.06,1.71,6889,591123,16917000,2026-10-04T15:39:50.867522
ZIVO,"ZIVO Bioscience, Inc.",4.01,0.47,13.28,1050,518,16903000,2026-10-04T15:39:50.867522
LPCN,Lipocine Inc.,2.05,-0.02,-0.97,38941,36456,16901000,2026-10-04T15:39:50.867522
ESYN,EnerSyn Global Inc.,2.18,0.08,3.81,27492,164218,16844000,2026-10-04T15:39:50.867522
CLRB,"Cellectar Biosciences, Inc.",1.78,-0.08,-4.3,47479,57771,16825000,2026-10-04T15:39:50.867522
FENG,Phoenix New Media Limited,1.4,0.0,0.0,251,3807,16815000,2026-10-04T15:39:50.867522
EPSM,Epsium Enterprise Limited,1.25,0.02,1.63,23478,266965,16779000,2026-10-04T15:39:50.867522
MGIH,Millennium Group International Holdings Limited,1.49,0.02,1.68,4793,315640,16762000,2026-10-04T15:39:50.867522
ALLR,"Allarity Therapeutics, Inc.",1.04,0.0,0.0,28365,99681,16547000,2026-10-04T15:39:50.867522
MODD,"Modular Medical, Inc.",2.03,-0.05,-2.4,94670,272967,16546000,2026-10-04T15:39:50.867522
SNTL,Sentinel Holdings Ltd.,1.7,-0.14,-7.61,100,4436,16474000,2026-10-04T15:39:50.867522
NCEL,NewcelX Ltd.,2.85,-0.1,-3.39,2972,14289,16462000,2026-10-04T15:39:50.867522
RKIGF,Reko International Group Inc.,3.0,0.0,0.0,200,40,16453000,2026-10-04T15:39:50.867522
FOFO,"Hang Feng Technology Innovation Co., Ltd.",2.09,-0.02,-0.95,10409,145032,16450000,2026-10-04T15:39:50.867522
BESS,Bimergen Energy Corporation,2.31,-0.02,-0.86,88491,79432,16395000,2026-10-04T15:39:50.867522
ILAL,"International Land Alliance, Inc.",3.4,-0.44,-11.46,1000,3296,16394000,2026-10-04T15:39:50.867522
FABC,"Fabric.AI, Inc.",2.34,0.05,2.18,89501,239181,16388000,2026-10-04T15:39:50.867522
LICN,Lichen International Limited,1.0,-0.03,-2.9,12886,505498,16328000,2026-10-04T15:39:50.867522
ARTW,"Art's-Way Manufacturing Co., Inc.",3.12,0.12,4.16,5203,544646,16254000,2026-10-04T15:39:50.867522
CJMB,Callan JMB Inc.,2.44,0.17,7.49,64799,2149000,16246000,2026-10-04T15:39:50.867522
ARKR,Ark Restaurants Corp.,4.5,-0.01,-0.11,1514,5714,16228000,2026-10-04T15:39:50.867522
EDTK,Skillful Craftsman Education Technology Limited,1.0,0.0,0.0,2467,7684,16199000,2026-10-04T15:39:50.867522
HTOO,Fusion Fuel Green PLC,2.15,-0.02,-0.92,2783,46629,16160000,2026-10-04T15:39:50.867522
UONEK,"Urban One, Inc.",3.57,-0.07,-1.92,8198,49246,16127000,2026-10-04T15:39:50.867522
HOPHF,Hemogenyx Pharmaceuticals Plc,2.33,0.0,0.0,25000,56,16070000,2026-10-04T15:39:50.867522
ONEG,OneConstruction Group Limited,1.0,0.0,0.0,39147,43768,16000000,2026-10-04T15:39:50.867522
LSTA,"Lisata Therapeutics, Inc.",1.47,-0.02,-1.34,3661,289254,15882000,2026-10-04T15:39:50.867522
GTIM,Good Times Restaurants Inc.,1.5,0.0,0.0,39089,52375,15837000,2026-10-04T15:39:50.867522
GIGM,GigaMedia Limited,1.43,-0.01,-0.69,592,5075,15805000,2026-10-04T15:39:50.867522
ATTT,Atlas Trinity Tech Limited,2.69,0.08,2.87,7488,155335,15803000,2026-10-04T15:39:50.867522
BCDA,"BioCardia, Inc.",1.04,0.02,1.96,52537,315545,15744000,2026-10-04T15:39:50.867522
OPAD,Offerpad Solutions Inc.,3.26,-0.05,-1.66,26338,47429,15731000,2026-10-04T15:39:50.867522
HYEX,Healthy Extracts Inc.,1.05,0.0,0.0,300,479,15468000,2026-10-04T15:39:50.867522
GLOH,"Glow Holdings, Inc.",3.75,0.0,0.0,1,6,15464000,2026-10-04T15:39:50.867522
TVRD,"Tvardi Therapeutics, Inc.",1.15,-0.09,-7.26,313802,2253000,15340000,2026-10-04T15:39:50.867522
SUNE,SUNation Energy Inc.,2.34,0.06,2.63,94359,4460000,15241000,2026-10-04T15:39:50.867522
PMDI,Psychemedics Corporation,2.49,0.0,0.0,99,315,15213000,2026-10-04T15:39:50.867522
MOGU,MOGU Inc.,1.86,0.0,0.0,291,3084,15203000,2026-10-04T15:39:50.867522
BFRI,Biofrontera Inc.,1.01,-0.03,-2.4,334473,561223,15075000,2026-10-04T15:39:50.867522
CABI,Cabbacis Inc.,2.0,0.0,0.0,12,12,15043000,2026-10-04T15:39:50.867522
LRE,"Lead Real Estate Co., Ltd",1.1,0.02,1.85,24240,13579,15006000,2026-10-04T15:39:50.867522
CDLX,"Cardlytics, Inc.",2.53,-0.15,-5.6,75648,44692,14898000,2026-10-04T15:39:50.867522
SOHOB,Sotherly Hotels Inc.,3.35,0.0,0.0,800,304,14846000,2026-10-04T15:39:50.867522
IHT,InnSuites Hospitality Trust,1.32,-0.03,-2.22,10329,44831,14816000,2026-10-04T15:39:50.867522
SMSI,"Smith Micro Software, Inc.",2.65,-0.01,-0.38,23498,24300,14813000,2026-10-04T15:39:50.867522
ATCX,Atlas Critical Minerals Corporation,2.91,-0.08,-2.68,45694,16296,14793000,2026-10-04T15:39:50.867522
UUU,"Universal Safety Products, Inc",4.88,-0.3,-5.79,17312,26918,14779000,2026-10-04T15:39:50.867522
AHT,"Ashford Hospitality Trust, Inc.",2.28,0.08,3.64,9163,27118,14751000,2026-10-04T15:39:50.867522
SINT,"Sintx Technologies, Inc.",2.21,0.08,3.76,157874,110959,14729000,2026-10-04T15:39:50.867522
SOHON,Sotherly Hotels Inc.,3.35,0.0,0.0,10,134,14688000,2026-10-04T15:39:50.867522
PSPX,PACIFIC SPORTS EXCHANGE INC.,1.0,0.0,0.0,100,1,14375000,2026-10-04T15:39:50.867522
PLSM,Pulsenmore Ltd.,2.19,0.02,0.69,24278,471790,14241000,2026-10-04T15:39:50.867522
YQAI,"YouneeqAI Technical Services, Inc.",1.0,0.0,0.0,344,6,14215000,2026-10-04T15:39:50.867522
YXT,YXT.COM Group Holding Limited,2.14,-0.09,-4.08,6999,1189000,14146000,2026-10-04T15:39:50.867522
BWTL,"Bowlin Travel Centers, Inc.",3.7,0.0,0.0,200,14,14049000,2026-10-04T15:39:50.867522
CRTD,"Creatd, Inc.",4.2,-0.45,-9.68,103,1050,13882000,2026-10-04T15:39:50.867522
INAB,"IN8bio, Inc.",1.4,0.0,0.0,39471,58759,13802000,2026-10-04T15:39:50.867522
BNKK,"Bonk, Inc.",1.75,-0.01,-0.57,199052,259989,13770000,2026-10-04T15:39:50.867522
CCM,Concord Medical Services Holdings Limited,3.17,0.23,7.82,7931,62217,13763000,2026-10-04T15:39:50.867522
SYBX,"Synlogic, Inc.",1.11,0.0,0.0,4008,69809,13596000,2026-10-04T15:39:50.867522
TURB,"Turbo Energy, S.A.",1.08,0.0,0.0,110201,1932000,13581000,2026-10-04T15:39:50.867522
HUIZ,Huize Holding Limited,1.33,-0.03,-2.21,9001,1851000,13441000,2026-10-04T15:39:50.867522
DLPN,"Dolphin Entertainment, Inc.",1.03,-0.03,-2.83,18572,12043,13425000,2026-10-04T15:39:50.867522
PETZ,"TDH Holdings, Inc.",1.3,0.0,0.0,744,379756,13420000,2026-10-04T15:39:50.867522
HIND,"Vyome Holdings, Inc.",1.91,-0.01,-0.52,20222,13662,13405000,2026-10-04T15:39:50.867522
WETH,Wetouch Technology Inc.,1.0,-0.02,-1.95,61127,94996,13382000,2026-10-04T15:39:50.867522
ONVC,Online Vacation Center Holdings Corp.,1.75,0.0,0.0,101,93,13291000,2026-10-04T15:39:50.867522
PASG,"Passage Bio, Inc.",4.12,-0.08,-1.93,17049,27356,13257000,2026-10-04T15:39:50.867522
ZDAI,"DirectBooking Technology Co., Ltd.",1.58,-0.02,-1.34,3408,34512,13240000,2026-10-04T15:39:50.867522
EBON,Ebang International Holdings Inc.,2.09,0.1,5.3,5711,5439,13095000,2026-10-04T15:39:50.867522
TULP,"Bloomia Holdings, Inc.",2.71,0.0,0.0,1255,2164,13092000,2026-10-04T15:39:50.867522
PCSV,"PCS Edventures!, Inc.",1.35,0.0,0.0,428,1232,13065000,2026-10-04T15:39:50.867522
AIRI,Air Industries Group,2.72,0.07,2.64,9543,26734,13004000,2026-10-04T15:39:50.867522
RGNT,Regentis Biomaterials Ltd.,1.85,0.02,1.09,27824,76398,12994000,2026-10-04T15:39:50.867522
COLA,Columbus Acquisition Corp,2.86,-4.44,-60.82,314410,29538,12854000,2026-10-04T15:39:50.867522
ALAR,Alarum Technologies Ltd.,1.74,0.12,7.41,23577,240937,12787000,2026-10-04T15:39:50.867522
CTSO,Cytosorbents Corporation,4.05,-0.14,-3.23,12547,11868,12762000,2026-10-04T15:39:50.867522
XCH,XCHG Limited,3.18,0.0,0.0,6063,29568,12725000,2026-10-04T15:39:50.867522
BIVI,BioVie Inc.,1.46,-0.01,-0.68,189050,4599000,12677000,2026-10-04T15:39:50.867522
LFEV,Life Electric Vehicles Holdings Inc.,1.35,-0.15,-9.8,100,217,12667000,2026-10-04T15:39:50.867522
GLBZ,Glen Burnie Bancorp,4.27,0.0,0.0,300,1543,12532000,2026-10-04T15:39:50.867522
PLUR,Pluri Inc.,1.01,-0.02,-1.94,10552,31660,12468000,2026-10-04T15:39:50.867522
TAIT,Taitron Components Incorporated,2.05,0.01,0.49,2665,3784,12343000,2026-10-04T15:39:50.867522
DTZNY,Dotz Nano Limited,1.57,0.0,0.0,100,2416,12323000,2026-10-04T15:39:50.867522
CMCT,Creative Media & Community Trust Corporation,3.8,0.18,4.97,569676,559001,12225000,2026-10-04T15:39:50.867522
CNSY,"Cerenome, Inc.",1.6,-0.18,-10.11,226354,118862,12143000,2026-10-04T15:39:50.867522
FALC,"FalconStor Software, Inc.",1.69,0.0,0.0,600,3581,12089000,2026-10-04T15:39:50.867522
ADIL,"Adial Pharmaceuticals, Inc.",4.12,-0.01,-0.24,64504,56967,12087000,2026-10-04T15:39:50.867522
CABR,"Caring Brands, Inc.",1.16,0.0,0.0,19652,56856,12027000,2026-10-04T15:39:50.867522
DETX,"Liberty Defense Holdings, Ltd.",2.11,0.01,0.47,7186,21496,11988000,2026-10-04T15:39:50.867522
TIEMF,Tiemco Ltd.,4.8,0.0,0.0,6140,1140,11887000,2026-10-04T15:39:50.867522
BLRX,BioLineRx Ltd.,2.37,0.03,1.28,3126,19128,11798000,2026-10-04T15:39:50.867522
MEDS,"DataMEDS AI, Inc.",3.68,-0.38,-9.36,1122000,5797000,11767000,2026-10-04T15:39:50.867522
MAAL,"The Marketing Alliance, Inc.",1.7,0.0,0.0,10100,885,11676000,2026-10-04T15:39:50.867522
BTBD,"BT Brands, Inc.",1.87,0.02,1.08,1909,32820,11565000,2026-10-04T15:39:50.867522
VNOV,--,1.38,0.0,0.0,1497,39,11506000,2026-10-04T15:39:50.867522
YFOR,YYForce Inc.,1.46,0.09,6.57,271851,3213000,11443000,2026-10-04T15:39:50.867522
KPRX,"Kiora Pharmaceuticals, Inc.",2.56,-0.02,-0.78,3436,17015,11326000,2026-10-04T15:39:50.867522
IQST,iQSTEL Inc.,1.03,-0.02,-1.9,343255,2989000,11243000,2026-10-04T15:39:50.867522
TOMZ,"TOMI Environmental Solutions, Inc.",1.38,0.02,1.47,19040,71342,11237000,2026-10-04T15:39:50.867522
INTS,"Intensity Therapeutics, Inc.",3.44,0.23,7.17,15384,28007,11231000,2026-10-04T15:39:50.867522
BSKZF,Bambuser AB (publ),1.39,0.0,0.0,800,3,11192000,2026-10-04T15:39:50.867522
CRGH,Zhonghe Brand Yunjigou Technology Inc.,2.5,0.0,0.0,1000,15,11125000,2026-10-04T15:39:50.867522
EDUC,Educational Development Corporation,1.3,0.0,0.0,4648,172182,11082000,2026-10-04T15:39:50.867522
HOJI,"House of Jane, Inc.",1.0,0.0,0.0,700,1,11032000,2026-10-04T15:39:50.867522
UPLD,"Upland Software, Inc.",3.73,0.05,1.36,28624,31864,11030000,2026-10-04T15:39:50.867522
NCPL,Netcapital Inc.,1.4,-0.15,-9.68,1235000,20112000,10987000,2026-10-04T15:39:50.867522
BIYA,Baiya International Group Inc.,1.6,-0.02,-1.23,121983,4395000,10928000,2026-10-04T15:39:50.867522
CALC,"CalciMedica, Inc.",1.6,-0.05,-3.03,21665,73388,10925000,2026-10-04T15:39:50.867522
CLRO,"ClearOne, Inc.",4.08,-0.92,-18.4,131491,3537000,10916000,2026-10-04T15:39:50.867522
LCTC,"Lifeloc Technologies, Inc.",3.95,0.0,0.0,110,918,10873000,2026-10-04T15:39:50.867522
GIXI,Gix Internet Ltd.,4.36,0.15,3.56,5343,104413,10867000,2026-10-04T15:39:50.867522
EPOW,E-Power Inc.,4.22,0.02,0.48,99490,74647,10786000,2026-10-04T15:39:50.867522
LZMH,LZ Technology Holdings Limited,1.2,0.01,0.84,72337,398020,10774000,2026-10-04T15:39:50.867522
BNSOF,Bonso Electronics International Inc.,2.19,0.0,0.0,200,112,10637000,2026-10-04T15:39:50.867522
VWAV,"VisionWave Holdings, Inc.",4.48,-0.01,-0.22,140545,246589,10634000,2026-10-04T15:39:50.867522
CMMB,Chemomab Therapeutics Ltd.,1.43,0.13,10.0,40837,161607,10479000,2026-10-04T15:39:50.867522
TRTI,"Transtech Industries, Inc.",3.5,0.0,0.0,900,1429,10427000,2026-10-04T15:39:50.867522
JCTC,Jewett-Cameron Trading Company Ltd.,2.95,0.02,0.68,14829,18718,10384000,2026-10-04T15:39:50.867522
MSAI,"MultiSensor AI Holdings, Inc.",4.7,-0.05,-1.05,9799,18618,10378000,2026-10-04T15:39:50.867522
SMXT,"SolarMax Technology, Inc.",2.16,0.04,1.89,24427,19352,10243000,2026-10-04T15:39:50.867522
NMTC,NeuroOne Medical Technologies Corporation,1.12,0.13,13.69,196559,316848,10198000,2026-10-04T15:39:50.867522
MTVA,MetaVia Inc.,1.54,0.0,0.0,61411,234115,10146000,2026-10-04T15:39:50.867522
CARV,"Carver Bancorp, Inc.",1.74,-0.04,-2.25,60,2482,10145000,2026-10-04T15:39:50.867522
JBDI,JBDI Holdings Limited,1.06,0.0,0.0,3236,34459,10085000,2026-10-04T15:39:50.867522
EVTK,Eventiko Inc.,2.4,0.4,20.0,100,11,10062000,2026-10-04T15:39:50.867522
GYRO,"Gyrodyne, LLC",4.56,-0.13,-2.85,12559,2237,10029000,2026-10-04T15:39:50.867522
AIMD,"Ainos, Inc.",1.35,0.05,4.08,51097,192278,9991000,2026-10-04T15:39:50.867522
CLWT,Euro Tech Holdings Company Limited,1.34,-0.03,-2.2,4954,32293,9931000,2026-10-04T15:39:50.867522
BMRA,"Biomerica, Inc.",2.14,-0.11,-4.8,8416,69971,9851000,2026-10-04T15:39:50.867522
WVVI,"Willamette Valley Vineyards, Inc.",1.97,0.19,10.67,31491,15093,9810000,2026-10-04T15:39:50.867522
ZEOX,"Zeo ScientifiX, Inc.",1.25,0.05,4.17,2315,4354,9797000,2026-10-04T15:39:50.867522
USIC,--,1.5,0.0,0.0,378,3,9795000,2026-10-04T15:39:50.867522
BANL,CBL International Limited,4.63,0.09,1.98,13348,116016,9776000,2026-10-04T15:39:50.867522
AWX,Avalon Holdings Corporation,2.48,-0.02,-0.8,5572,44617,9671000,2026-10-04T15:39:50.867522
BURU,"Nuburu, Inc.",1.04,0.02,1.96,2146000,703481,9633000,2026-10-04T15:39:50.867522
IOTR,iOThree Limited,1.95,-0.07,-3.47,1050,549759,9485000,2026-10-04T15:39:50.867522
CDTI,"CDTi Advanced Materials, Inc.",2.1,-0.01,-0.47,400,16404,9453000,2026-10-04T15:39:50.867522
AMS,American Shared Hospital Services,1.41,-0.02,-1.4,3641,17754,9376000,2026-10-04T15:39:50.867522
MSGY,Masonglory Limited,4.39,-0.77,-14.99,305434,2442000,9316000,2026-10-04T15:39:50.867522
BON,Bon Natural Life Limited,1.14,-0.04,-3.05,4825,7973,9312000,2026-10-04T15:39:50.867522
CENN,Cenntro Inc.,3.78,-0.19,-4.89,8931,11142,9280000,2026-10-04T15:39:50.867522
NAII,"Natural Alternatives International, Inc.",1.48,0.04,2.78,26090,38303,9272000,2026-10-04T15:39:50.867522
SPFX,"Standard Premium Finance Holdings, Inc.",3.15,0.0,0.0,600,723,9230000,2026-10-04T15:39:50.867522
OPTT,"Ocean Power Technologies, Inc.",1.02,0.0,0.0,630412,286592,9185000,2026-10-04T15:39:50.867522
MPU,Mega Matrix Inc.,2.7,0.03,1.12,2567,187701,9180000,2026-10-04T15:39:50.867522
PRPL,"Purple Innovation, Inc.",2.1,-0.03,-1.41,13803,36793,9155000,2026-10-04T15:39:50.867522
OXBR,Oxbridge Re Holdings Limited,1.12,-0.01,-0.88,3915,45582,9115000,2026-10-04T15:39:50.867522
DCX,Digital Currency X Technology Inc.,3.88,0.14,3.74,211293,107444,9103000,2026-10-04T15:39:50.867522
CLIK,CLICK HOLDINGS LIMITED,1.06,-0.06,-5.36,21793,262396,9077000,2026-10-04T15:39:50.867522
ORBT,Orbit International Corp.,2.7,0.14,5.47,316,7893,9033000,2026-10-04T15:39:50.867522
QNRX,"Quoin Pharmaceuticals, Ltd.",4.47,-0.25,-5.3,17120,541176,8978000,2026-10-04T15:39:50.867522
MYSE,"Myseum.AI, Inc.",1.7,-0.07,-3.95,31216,118535,8834000,2026-10-04T15:39:50.867522
IMRN,Immuron Limited,1.09,-0.04,-3.54,88784,2069000,8798000,2026-10-04T15:39:50.867522
CRMT,"America's Car-Mart, Inc.",1.05,0.07,6.89,690693,490865,8755000,2026-10-04T15:39:50.867522
NAMI,Jinxin Technology Holding Company,2.28,-0.14,-5.79,62691,2468000,8652000,2026-10-04T15:39:50.867522
GENK,"GEN Restaurant Group, Inc.",1.61,-0.07,-4.17,15639,190717,8637000,2026-10-04T15:39:50.867522
VISL,"Vislink Technologies, Inc.",3.48,-0.12,-3.33,1713,2598,8629000,2026-10-04T15:39:50.867522
FBLG,"FibroBiologics, Inc.",1.24,0.04,2.9,148148,198495,8626000,2026-10-04T15:39:50.867522
NHTC,Natural Health Trends Corp.,1.0,-0.01,-0.99,46022,55620,8578000,2026-10-04T15:39:50.867522
TPET,Trio Petroleum Corp.,1.61,-0.02,-1.23,152518,697512,8571000,2026-10-04T15:39:50.867522
SFHG,Samfine Creation Holdings Group,2.1,-0.08,-3.67,6077,180554,8526000,2026-10-04T15:39:50.867522
ICDX,INCORDEX CORP,1.3,0.0,0.0,200,9,8385000,2026-10-04T15:39:50.867522
TKLF,"Tokyo Lifestyle Co., Ltd.",1.5,-0.0,-0.06,2101,68378,8375000,2026-10-04T15:39:50.867522
AQMS,"Aqua Metals, Inc.",2.33,-0.06,-2.51,41347,34967,8303000,2026-10-04T15:39:50.867522
UFCP,Union Financial Corporation,2.51,0.0,0.0,700,48,8266000,2026-10-04T15:39:50.867522
LGVN,Longeveron Inc.,2.58,-0.01,-0.39,20770,90410,8226000,2026-10-04T15:39:50.867522
ZCMD,Zhongchao Inc.,1.85,0.1,5.52,495022,2771000,8208000,2026-10-04T15:39:50.867522
MARPS,Marine Petroleum Trust,4.07,-0.13,-3.1,7177,7214,8140000,2026-10-04T15:39:50.867522
BATXF,Battery X Metals Inc.,1.56,0.0,0.0,800,1897,8137000,2026-10-04T15:39:50.867522
ALDS,APPlife Digital Solutions Inc.,1.0,0.0,0.0,4,7,8100000,2026-10-04T15:39:50.867522
GMM,Global Mofy AI Limited,1.81,0.05,2.84,24230,3208000,8064000,2026-10-04T15:39:50.867522
INHD,Inno Holdings Inc.,3.18,-0.03,-0.93,32818,329167,8015000,2026-10-04T15:39:50.867522
PGNT,"Paragon Technologies, Inc.",4.55,0.0,0.0,3889,539,7991000,2026-10-04T15:39:50.867522
YJ,Yunji Inc.,1.62,-0.03,-1.82,46239,3272000,7979000,2026-10-04T15:39:50.867522
TORM,"TOR Minerals International, Inc.",2.25,0.05,2.27,5055,4428,7972000,2026-10-04T15:39:50.867522
AIRE,reAlpha Tech Corp.,1.32,0.01,0.76,23251,114139,7929000,2026-10-04T15:39:50.867522
ARBB,ARB IOT Group Limited,4.43,0.0,0.0,1555,5473,7825000,2026-10-04T15:39:50.867522
RVSN,Rail Vision Ltd.,3.4,0.01,0.44,10693,21206,7768000,2026-10-04T15:39:50.867522
DTST,Data Storage Corporation,3.32,-0.06,-1.78,14572,17331,7761000,2026-10-04T15:39:50.867522
MYSZ,"My Size, Inc.",1.61,0.01,0.62,13703,728229,7757000,2026-10-04T15:39:50.867522
MTEN,Mingteng International Corporation Inc.,1.01,0.03,2.58,112599,1899000,7716000,2026-10-04T15:39:50.867522
SBDS,"Solo Brands, Inc.",3.0,0.21,7.53,829,2104,7704000,2026-10-04T15:39:50.867522
SEGG,Sports Entertainment Gaming Global Corporation,2.35,0.05,1.96,25240,85293,7643000,2026-10-04T15:39:50.867522
WOK,WORK Medical Technology Group LTD,1.71,-0.05,-2.84,60691,525895,7640000,2026-10-04T15:39:50.867522
GITS,"Global Interactive Technologies, Inc.",1.81,-0.05,-2.69,42476,84400,7608000,2026-10-04T15:39:50.867522
CODX,"Co-Diagnostics, Inc.",1.08,0.0,0.0,83275,306326,7540000,2026-10-04T15:39:50.867522
FFAI,Faraday Future Intelligent Electric Inc.,1.23,-0.02,-1.6,2285000,2035000,7536000,2026-10-04T15:39:50.867522
XCUR,"Exicure, Inc.",1.15,-0.03,-2.54,5298,395339,7528000,2026-10-04T15:39:50.867522
THH,TryHard Holdings Limited,1.5,-0.08,-5.06,9595,102846,7507000,2026-10-04T15:39:50.867522
NRSN,NeuroSense Therapeutics Ltd.,3.93,-0.12,-2.84,24059,20611,7464000,2026-10-04T15:39:50.867522
JCSE,JE Cleantech Holdings Limited,1.42,-0.02,-1.39,11325,15789,7457000,2026-10-04T15:39:50.867522
SKYE,"Skye Bioscience, Inc.",1.68,0.08,5.0,10755,87450,7438000,2026-10-04T15:39:50.867522
AMIX,"Autonomix Medical, Inc.",3.78,-0.14,-3.57,2573000,4498000,7409000,2026-10-04T15:39:50.867522
CURX,Curanex Pharmaceuticals Inc,4.72,-0.25,-5.03,2703,16296,7402000,2026-10-04T15:39:50.867522
UCAR,U Power Limited,4.15,0.2,5.06,6830,32122,7366000,2026-10-04T15:39:50.867522
MWG,Multi Ways Holdings Limited,1.43,0.0,0.0,67,16548,7353000,2026-10-04T15:39:50.867522
INM,InMed Pharmaceuticals Inc.,1.33,-0.02,-1.48,28336,916314,7307000,2026-10-04T15:39:50.867522
TDIC,Dreamland Limited,2.14,-0.07,-3.17,37108,1177000,7305000,2026-10-04T15:39:50.867522
ICCM,IceCure Medical Ltd,1.57,-0.12,-7.1,306779,151826,7282000,2026-10-04T15:39:50.867522
YHGJ,Yunhong Green CTI Ltd.,2.79,-0.09,-2.97,921,4910,7234000,2026-10-04T15:39:50.867522
IMNN,"Imunon, Inc.",1.28,-0.04,-3.03,94816,151406,7183000,2026-10-04T15:39:50.867522
UK,Ucommune International Ltd,1.95,-0.07,-3.44,54931,30845,7180000,2026-10-04T15:39:50.867522
ALP,Alpha Compute Corp,4.6,-0.14,-2.85,53440,125571,7129000,2026-10-04T15:39:50.867522
AUUD,Auddia Inc.,1.21,-0.02,-1.63,242935,3262000,7022000,2026-10-04T15:39:50.867522
NWTG,"Newton Golf Company, Inc.",1.22,0.16,15.09,151430,78815,6898000,2026-10-04T15:39:50.867522
ACON,"Aclarion, Inc.",2.38,-0.06,-2.46,15748,53143,6860000,2026-10-04T15:39:50.867522
SDCH,"SideChannel, Inc.",1.5,0.0,0.0,303,1948,6859000,2026-10-04T15:39:50.867522
HLYK,HealthLynked Corp.,2.3,-0.02,-0.86,100,870,6792000,2026-10-04T15:39:50.867522
VS,Versus Systems Inc.,1.09,0.01,1.4,10164,28529,6741000,2026-10-04T15:39:50.867522
SYNX,Silynxcom Ltd.,1.01,0.03,3.06,14779,38515,6701000,2026-10-04T15:39:50.867522
MBHCF,MBH Corporation PLC,1.0,0.0,0.0,100,1,6667000,2026-10-04T15:39:50.867522
BOLT,"Bolt Biotherapeutics, Inc.",3.45,-0.03,-0.86,873,25439,6646000,2026-10-04T15:39:50.867522
ENVB,"Enveric Biosciences, Inc.",1.48,0.02,1.37,72438,103668,6624000,2026-10-04T15:39:50.867522
ALZN,"Alzamend Neuro, Inc.",1.37,0.05,4.18,236382,91576,6611000,2026-10-04T15:39:50.867522
DLXY,Delixy Holdings Limited,2.01,-0.08,-3.83,47667,983970,6573000,2026-10-04T15:39:50.867522
CLGN,CollPlant Biotechnologies Ltd.,3.46,-0.11,-3.08,45295,351417,6542000,2026-10-04T15:39:50.867522
DAIC,"CID HoldCo, Inc.",2.79,-0.04,-1.41,133992,7822000,6522000,2026-10-04T15:39:50.867522
CGTL,Creative Global Technology Holdings Limited,3.76,-0.16,-4.08,4896,352182,6464000,2026-10-04T15:39:50.867522
WAFU,Wah Fu Education Group Limited,1.45,0.03,2.11,37932,1509000,6395000,2026-10-04T15:39:50.867522
INNPF,InnoCan Pharma Corporation,1.4,-0.22,-13.58,150,38,6298000,2026-10-04T15:39:50.867522
VSA,VisionSys AI Inc.,2.21,-0.04,-1.78,25192,438214,6172000,2026-10-04T15:39:50.867522
SONM,"DNA X, Inc.",4.08,-0.07,-1.57,7801,20378,6073000,2026-10-04T15:39:50.867522
LEXX,Lexaria Bioscience Corp.,2.88,-0.21,-6.8,77273,59458,6067000,2026-10-04T15:39:50.867522
ILAG,Intelligent Living Application Group Inc.,2.9,0.12,4.31,502,5051,6023000,2026-10-04T15:39:50.867522
GDC,GD Culture Group Limited,1.43,0.09,6.72,249728,1296000,5952000,2026-10-04T15:39:50.867522
SNOA,"Sonoma Pharmaceuticals, Inc.",1.24,-0.01,-0.8,27418,112840,5938000,2026-10-04T15:39:50.867522
ORKT,Orangekloud Technology Inc.,1.01,-0.0,-0.49,116370,108562,5927000,2026-10-04T15:39:50.867522
LNAI,Lunai Bioworks Inc.,1.3,-0.08,-5.8,124882,181871,5894000,2026-10-04T15:39:50.867522
CNET,ZW Data Action Technologies Inc.,1.6,-0.26,-13.98,44034,632285,5869000,2026-10-04T15:39:50.867522
JWEL,Jowell Global Ltd.,2.45,0.01,0.41,4930,1391000,5822000,2026-10-04T15:39:50.867522
KRKR,36Kr Holdings Inc.,2.94,0.0,0.0,24,8125,5803000,2026-10-04T15:39:50.867522
CDIO,"Cardio Diagnostics Holdings, Inc.",1.96,0.04,2.08,26123,55689,5801000,2026-10-04T15:39:50.867522
YMAT,"J-Star Holding Co., Ltd.",1.45,-0.01,-1.03,35869,1375000,5795000,2026-10-04T15:39:50.867522
PULM,"Pulmatrix, Inc.",1.57,0.03,1.95,15180,25326,5734000,2026-10-04T15:39:50.867522
INBS,Intelligent Bio Solutions Inc.,1.66,0.0,0.0,40753,158867,5506000,2026-10-04T15:39:50.867522
DRMA,"Dermata Therapeutics, Inc.",1.11,-0.0,-0.45,17622,710643,5476000,2026-10-04T15:39:50.867522
GURE,"Gulf Resources, Inc.",3.02,0.1,3.61,65424,66404,5468000,2026-10-04T15:39:50.867522
ACXP,"Acurx Pharmaceuticals, Inc.",1.27,0.01,0.79,79235,128167,5458000,2026-10-04T15:39:50.867522
CXAI,CXApp Inc.,2.33,-0.1,-4.12,103226,182342,5446000,2026-10-04T15:39:50.867522
CRE,Cre8 Enterprise Limited,2.7,-0.01,-0.37,10411,1268000,5438000,2026-10-04T15:39:50.867522
TWAV,"TaoWeave, Inc.",1.57,-0.01,-0.63,32103,50421,5426000,2026-10-04T15:39:50.867522
ADXN,Addex Therapeutics Ltd,3.07,0.09,3.02,13348,137754,5380000,2026-10-04T15:39:50.867522
DXST,Decent Holding Inc.,2.42,-0.38,-13.57,213858,1601000,5361000,2026-10-04T15:39:50.867522
PDRX,"PD-Rx Pharmaceuticals, Inc.",3.1,0.0,0.0,250,17,5317000,2026-10-04T15:39:50.867522
SPHL,Springview Holdings Ltd,2.35,0.04,1.73,8484,499814,5316000,2026-10-04T15:39:50.867522
XTLB,XTL Biopharmaceuticals Ltd.,2.16,0.03,1.41,6740,10270,5308000,2026-10-04T15:39:50.867522
KAPA,"Kairos Pharma, Ltd.",1.56,0.0,0.0,25754,340395,5281000,2026-10-04T15:39:50.867522
RENX,RenX Enterprises Corp.,2.0,-0.12,-5.9,116079,97937,5279000,2026-10-04T15:39:50.867522
LCFY,Locafy Limited,2.35,-0.11,-4.56,12308,8531,5264000,2026-10-04T15:39:50.867522
XBIO,"Xenetic Biosciences, Inc.",2.24,0.01,0.45,43201,87801,5249000,2026-10-04T15:39:50.867522
LIMN,"Liminatus Pharma, Inc.",3.9,0.15,4.0,24301,477182,5239000,2026-10-04T15:39:50.867522
AMBO,Ambow Education Holding Ltd.,1.83,-0.03,-1.56,7018,13650,5237000,2026-10-04T15:39:50.867522
AOGO,Arogo Capital Acquisition Corp.,2.0,0.0,0.0,74,1,5235000,2026-10-04T15:39:50.867522
AKAN,Akanda Corp.,1.98,-0.23,-10.41,218885,1348000,5226000,2026-10-04T15:39:50.867522
MAYX,"Mayex USA, Inc.",4.0,0.0,0.0,100,11,5200000,2026-10-04T15:39:50.867522
BMGL,Basel Medical Group Ltd,3.28,0.15,4.79,25027,530495,5189000,2026-10-04T15:39:50.867522
ITEX,ITEX Corporation,3.1,0.0,0.0,4,64,5181000,2026-10-04T15:39:50.867522
FBGL,FBS Global Limited,3.81,0.03,0.79,23828,203627,5143000,2026-10-04T15:39:50.867522
POLA,"Polar Power, Inc.",1.16,0.04,3.57,38920,1036000,4999000,2026-10-04T15:39:50.867522
SNTG,Sentage Holdings Inc.,1.77,0.03,1.72,7450,158612,4965000,2026-10-04T15:39:50.867522
HYFM,"Hydrofarm Holdings Group, Inc.",1.03,0.08,8.22,64841,2592000,4964000,2026-10-04T15:39:50.867522
AETN,Aeternum Resources Inc.,1.01,0.88,676.92,109130,2122,4904000,2026-10-04T15:39:50.867522
SXTP,"60 Degrees Pharmaceuticals, Inc.",1.39,0.14,11.2,192212,89829,4889000,2026-10-04T15:39:50.867522
APUS,"Apimeds Pharmaceuticals US, Inc.",3.22,-0.88,-21.46,130281,2093000,4859000,2026-10-04T15:39:50.867522
CHNR,"China Natural Resources, Inc.",3.86,0.02,0.55,2385,18018,4850000,2026-10-04T15:39:50.867522
EJH,E-Home Household Service Holdings Limited,1.49,-0.3,-16.76,119858,445465,4768000,2026-10-04T15:39:50.867522
YYAI,AiRWA Inc.,1.03,0.08,8.08,671612,1722000,4719000,2026-10-04T15:39:50.867522
CANF,Can-Fite BioPharma Ltd.,2.18,-0.03,-1.27,21799,411409,4675000,2026-10-04T15:39:50.867522
FRSX,Foresight Autonomous Holdings Ltd.,1.12,0.03,2.75,22155,107714,4622000,2026-10-04T15:39:50.867522
MTR,Mesa Royalty Trust,2.47,0.04,1.5,5809,9154,4600000,2026-10-04T15:39:50.867522
MGN,Megan Holdings Limited,3.71,-0.01,-0.27,38028,412063,4576000,2026-10-04T15:39:50.867522
NCNA,NuCana plc,1.09,-0.08,-6.84,320115,124298,4537000,2026-10-04T15:39:50.867522
PCSA,"Processa Pharmaceuticals, Inc.",1.61,-0.01,-0.62,14867,226603,4497000,2026-10-04T15:39:50.867522
OMH,Ohmyhome Limited,2.65,0.13,5.16,96619,700976,4475000,2026-10-04T15:39:50.867522
INTJ,Intelligent Group Limited,2.86,-0.05,-1.72,1394,16051,4397000,2026-10-04T15:39:50.867522
MFCO,"Microwave Filter Company, Inc.",1.7,0.0,0.0,300,3678,4376000,2026-10-04T15:39:50.867522
GRI,"GRI Bio, Inc.",1.96,0.0,0.0,38401,328189,4285000,2026-10-04T15:39:50.867522
NTCL,NetClass Technology Inc,1.95,0.0,0.0,5861,49087,4212000,2026-10-04T15:39:50.867522
SMX,SMX (Security Matters) Public Limited Company,3.82,-2.34,-37.99,2349000,76553,4158000,2026-10-04T15:39:50.867522
AIPG,AI Technology Group Inc.,2.5,0.0,0.0,310,5,4009000,2026-10-04T15:39:50.867522
XPON,"Expion Energy, Inc.",4.2,-0.1,-2.33,15816,2496000,4003000,2026-10-04T15:39:50.867522
BOXL,Boxlight Corporation,4.74,0.28,6.28,13527,1269000,4003000,2026-10-04T15:39:50.867522
RHEP,"Regional Health Properties, Inc.",1.01,-0.01,-0.98,175,1920,3964000,2026-10-04T15:39:50.867522
VRTK,Vartech Systems Inc.,2.05,0.0,0.0,1967,35,3934000,2026-10-04T15:39:50.867522
CCHH,CCH Holdings Ltd,1.02,0.02,2.0,25875,489900,3921000,2026-10-04T15:39:50.867522
INLF,INLIF Limited,3.55,-0.51,-12.56,96365,3631000,3871000,2026-10-04T15:39:50.867522
CHR,"Cheer Holding, Inc.",1.65,0.01,0.68,33657,45864,3870000,2026-10-04T15:39:50.867522
ATXG,Addentax Group Corp.,3.28,-0.05,-1.5,4088,15298,3864000,2026-10-04T15:39:50.867522
SSM,Sono Group N.V.,2.63,0.43,19.23,27624000,2684000,3860000,2026-10-04T15:39:50.867522
EOCN,Eocene Ltd.,3.61,0.2,6.02,4850,59503,3856000,2026-10-04T15:39:50.867522
DFSC,DEFSEC Technologies Inc.,1.11,-0.06,-5.13,110156,2513000,3853000,2026-10-04T15:39:50.867522
ABTS,Abits Group Inc.,1.18,-0.03,-2.3,5991,145684,3800000,2026-10-04T15:39:50.867522
HCWB,HCW Biologics Inc.,1.68,-0.01,-0.59,64632,375539,3757000,2026-10-04T15:39:50.867522
NIKI,"Niki BioSolutions, Inc.",4.6,-0.21,-4.37,12932,157141,3746000,2026-10-04T15:39:50.867522
BGLC,BioNexus Gene Lab Corp.,1.27,0.07,5.83,2536,10454,3725000,2026-10-04T15:39:50.867522
MKZR,"MacKenzie Realty Capital, Inc.",1.34,-0.04,-2.99,8875,59779,3715000,2026-10-04T15:39:50.867522
RETO,"ReTo Eco-Solutions, Inc.",1.55,-0.32,-16.93,1723000,1460000,3673000,2026-10-04T15:39:50.867522
UZX,Linkage Global Inc,1.26,-0.07,-5.26,34171,375155,3623000,2026-10-04T15:39:50.867522
TNMG,TNL Mediagene,4.76,0.61,14.7,11172000,1935000,3620000,2026-10-04T15:39:50.867522
NCRA,"Nocera, Inc.",1.63,-0.07,-4.12,23162,3746000,3564000,2026-10-04T15:39:50.867522
AGRZ,Agroz Inc.,3.25,0.02,0.62,21063,355010,3551000,2026-10-04T15:39:50.867522
CETX,"Cemtrex, Inc.",2.04,0.01,0.49,14196,76721,3511000,2026-10-04T15:39:50.867522
CTNT,Cheetah Net Supply Chain Service Inc.,2.62,0.17,6.94,4987000,511330,3493000,2026-10-04T15:39:50.867522
SVRE,SaverOne 2014 Ltd.,1.39,-0.21,-13.12,37184,68057,3475000,2026-10-04T15:39:50.867522
ERNA,Ernexa Therapeutics Inc.,2.96,0.0,0.0,40716,461462,3452000,2026-10-04T15:39:50.867522
MLEC,Moolec Science SA,4.75,-0.06,-1.25,44870,16168,3449000,2026-10-04T15:39:50.867522
VIIQ,--,1.61,0.0,0.0,101,4,3435000,2026-10-04T15:39:50.867522
WLDS,Wearable Devices Ltd.,1.39,-0.07,-4.47,20880,1768000,3419000,2026-10-04T15:39:50.867522
JUNS,"Jupiter Neurosciences, Inc.",2.55,0.06,2.41,11644,968377,3362000,2026-10-04T15:39:50.867522
OCG,Oriental Culture Holding LTD,1.73,0.12,7.45,324895,115185,3353000,2026-10-04T15:39:50.867522
LGCL,Lucas GC Limited,2.52,-0.1,-3.82,37256,307721,3282000,2026-10-04T15:39:50.867522
PAVS,Paranovus Entertainment Technology Ltd.,3.75,-0.23,-5.78,12440,920845,3236000,2026-10-04T15:39:50.867522
CDTG,CDT Environmental Technology Investment Holdings Limited,1.07,-0.13,-10.83,69808,4349000,3232000,2026-10-04T15:39:50.867522
CPOP,"Pop Culture Group Co., Ltd",3.2,0.06,1.91,24188,475987,3227000,2026-10-04T15:39:50.867522
TRUG,"TruGolf Holdings, Inc.",2.64,-0.3,-10.2,120062,1826000,3190000,2026-10-04T15:39:50.867522
APVO,Aptevo Therapeutics Inc.,1.76,0.0,0.0,12568,111434,3186000,2026-10-04T15:39:50.867522
SXTC,"China SXT Pharmaceuticals, Inc.",2.41,-0.55,-18.58,777866,1295000,3185000,2026-10-04T15:39:50.867522
XRTX,XORTX Therapeutics Inc.,1.71,-0.02,-0.91,4445,225292,3114000,2026-10-04T15:39:50.867522
BRNX,Brenmiller Energy Ltd,1.82,-0.42,-18.75,390878,1154000,3085000,2026-10-04T15:39:50.867522
FCUV,Focus Universal Inc.,4.39,-0.11,-2.45,16416,1996000,3082000,2026-10-04T15:39:50.867522
TRNR,Interactive Strength Inc.,2.21,0.06,2.79,3197,101032,3051000,2026-10-04T15:39:50.867522
BKYI,"BIO-key International, Inc.",2.12,-0.17,-7.42,408116,2801000,3045000,2026-10-04T15:39:50.867522
LXEH,"Lixiang Education Holding Co., Ltd.",1.57,-0.05,-3.09,14059,503742,3009000,2026-10-04T15:39:50.867522
HTCR,"HeartCore Enterprises, Inc.",1.98,0.06,2.86,75354,30768,3000000,2026-10-04T15:39:50.867522
RBNE,Robin Energy Ltd.,2.25,-0.05,-2.17,17067,98409,2998000,2026-10-04T15:39:50.867522
BRTX,"BioRestorative Therapies, Inc.",2.14,-0.13,-5.73,25515,22653,2956000,2026-10-04T15:39:50.867522
MTLRF,Metalore Resources Limited,1.65,0.0,0.0,200,31,2929000,2026-10-04T15:39:50.867522
XCFT,"xCraft Enterprises, Inc",1.95,0.0,0.0,500,3,2921000,2026-10-04T15:39:50.867522
KUST,"Kustom Entertainment, Inc.",4.48,0.06,1.36,33647,418782,2915000,2026-10-04T15:39:50.867522
IZM,ICZOOM Group Inc.,1.2,-0.01,-0.83,18323,150970,2884000,2026-10-04T15:39:50.867522
DKI,Darkiris Inc.,1.38,0.09,6.98,262551,313012,2867000,2026-10-04T15:39:50.867522
CHGA,Change Agents Corporation,2.51,0.04,1.62,111927,713406,2812000,2026-10-04T15:39:50.867522
DBGI,"Digital Brands Group, Inc.",4.87,-0.24,-4.7,193885,768410,2798000,2026-10-04T15:39:50.867522
CLDI,"Calidi Biotherapeutics, Inc.",1.08,0.0,0.0,38616,259671,2791000,2026-10-04T15:39:50.867522
CAEN,California-Engels Mining Company,4.0,0.0,0.0,1,5,2784000,2026-10-04T15:39:50.867522
XAIR,"Beyond Air, Inc.",2.82,-0.11,-3.75,17730,219504,2776000,2026-10-04T15:39:50.867522
ELPW,Elong Power Holding Limited,2.97,-0.06,-1.98,25087,672779,2768000,2026-10-04T15:39:50.867522
EQTL,Equitech International Corporation,1.65,0.0,0.0,100,2,2749000,2026-10-04T15:39:50.867522
ELAB,PMGC Holdings Inc.,3.36,0.14,4.19,20880,165697,2720000,2026-10-04T15:39:50.867522
ISPC,iSpecimen Inc.,1.08,-0.06,-5.26,138994,668578,2720000,2026-10-04T15:39:50.867522
VCNX,"Vaccinex, Inc.",1.01,-0.02,-1.94,1,1159,2703000,2026-10-04T15:39:50.867522
ASTO,"Astro Communications, Inc.",2.72,0.0,0.0,73,8,2694000,2026-10-04T15:39:50.867522
GVH,Globavend Holdings Limited,1.11,0.01,0.91,43301,914987,2681000,2026-10-04T15:39:50.867522
NASO,"Naples Soap Company, Inc.",1.15,0.0,0.0,300,88,2586000,2026-10-04T15:39:50.867522
MTNB,"Matinas BioPharma Holdings, Inc.",2.64,0.22,9.09,72889,393805,2586000,2026-10-04T15:39:50.867522
SILO,"Silo Pharma, Inc.",1.46,-0.04,-2.61,996365,207621,2556000,2026-10-04T15:39:50.867522
MHIFF,Gold Strategy Inc.,1.23,0.0,0.0,1000,0,2536000,2026-10-04T15:39:50.867522
TGL,Treasure Global Inc.,1.29,-0.08,-5.84,150219,381064,2522000,2026-10-04T15:39:50.867522
JEM,707 Cayman Holdings Limited,3.62,0.11,3.13,10674,1156000,2517000,2026-10-04T15:39:50.867522
CHSN,Chanson International Holding,1.08,0.01,0.93,34674,797806,2508000,2026-10-04T15:39:50.867522
TNON,"Tenon Medical, Inc.",3.7,-0.34,-8.42,5848000,6387000,2468000,2026-10-04T15:39:50.867522
ALDA,"Atlantica, Inc.",1.0,0.0,0.0,100,7,2459000,2026-10-04T15:39:50.867522
PPBT,Purple Biotech Ltd,1.51,-0.01,-0.66,23208,1276000,2457000,2026-10-04T15:39:50.867522
CIIT,"Tianci International, Inc.",2.48,-0.03,-1.2,7426,123693,2399000,2026-10-04T15:39:50.867522
SGRX,Sangrix Inc.,1.26,-0.13,-9.35,16915000,752844,2398000,2026-10-04T15:39:50.867522
BKHAR,Black Hawk Acquisition Corporation,1.73,0.15,9.49,4323,0,2387000,2026-10-04T15:39:50.867522
CSAI,Cloudastructure Inc.,2.68,0.25,10.29,34506,88549,2374000,2026-10-04T15:39:50.867522
VBIO,"Valion Bio, Inc.",2.59,0.08,3.19,236139,1449000,2299000,2026-10-04T15:39:50.867522
FLYE,"Fly-E Group, Inc.",1.38,0.05,4.14,6776,1376000,2261000,2026-10-04T15:39:50.867522
EDBL,Edible Garden AG Incorporated,1.14,-0.05,-4.2,52265,1714000,2225000,2026-10-04T15:39:50.867522
IPST,"IP Strategy Holdings, Inc.",3.08,0.13,4.41,61123,2445000,2222000,2026-10-04T15:39:50.867522
JTAI,Jet.AI Inc.,1.55,0.03,1.97,48296,1331000,2204000,2026-10-04T15:39:50.867522
NXTS,Nexentis Technologies Inc.,1.49,0.06,4.2,5258,59948,2165000,2026-10-04T15:39:50.867522
GNPX,"Genprex, Inc.",2.63,0.07,2.73,113965,235888,2156000,2026-10-04T15:39:50.867522
IPDN,"Professional Diversity Network, Inc.",3.22,0.03,0.94,42409,9916000,2144000,2026-10-04T15:39:50.867522
RAYA,Erayak Power Solution Group Inc.,1.97,0.11,5.91,5056,81784,2078000,2026-10-04T15:39:50.867522
ATPC,Agape ATP Corporation,2.06,0.04,2.04,5551,830423,2063000,2026-10-04T15:39:50.867522
ARTL,"Artelo Biosciences, Inc.",3.68,-0.15,-3.92,61751,478905,2016000,2026-10-04T15:39:50.867522
AGLRF,Agility Capital Holding Inc.,2.75,0.0,0.0,0,0,1971000,2026-10-04T15:39:50.867522
KIDZ,KIDZ AI Inc.,2.29,-0.12,-4.98,50429,1227000,1971000,2026-10-04T15:39:50.867522
RUBI,Rubico Inc.,1.08,-0.0,-0.46,41270,801104,1935000,2026-10-04T15:39:50.867522
CRCE,"Circle Energy, Inc.",1.25,0.0,0.0,127,317,1913000,2026-10-04T15:39:50.867522
GWAV,"Greenwave Technology Solutions, Inc.",2.31,-0.17,-6.68,9149,115198,1912000,2026-10-04T15:39:50.867522
JAGX,"Jaguar Health, Inc.",3.66,-0.29,-7.34,583508,1213000,1904000,2026-10-04T15:39:50.867522
KITT,"Nauticus Robotics, Inc.",1.52,-0.06,-3.8,268510,334895,1893000,2026-10-04T15:39:50.867522
RELV,"Reliv' International, Inc.",1.65,0.0,0.0,440,267,1881000,2026-10-04T15:39:50.867522
BYAH,"Park Ha Biological Technology Co., Ltd.",2.35,0.08,3.52,7707,556222,1869000,2026-10-04T15:39:50.867522
GNLN,"Greenlane Holdings, Inc.",2.66,-0.22,-7.8,8295,35726,1847000,2026-10-04T15:39:50.867522
GMEX,GMEX Robotics Corporation,2.45,-0.11,-4.3,76334,289275,1844000,2026-10-04T15:39:50.867522
HUBC,HUB Cyber Security Ltd.,1.01,-0.02,-1.94,261164,97835,1814000,2026-10-04T15:39:50.867522
EZRA,"Reliance Global Group, Inc.",2.2,-0.15,-6.38,29955,1864000,1806000,2026-10-04T15:39:50.867522
OILCF,Permex Petroleum Corporation,3.27,0.0,0.0,33,3,1803000,2026-10-04T15:39:50.867522
VRAX,Virax Biolabs Group Limited,2.2,-0.04,-1.79,19199,1724000,1753000,2026-10-04T15:39:50.867522
BONL,"Bonal International, Inc.",1.0,0.0,0.0,4830,617,1748000,2026-10-04T15:39:50.867522
VCIG,VCI Global Limited,1.37,-0.12,-8.05,3065000,550394,1735000,2026-10-04T15:39:50.867522
NCT,Intercont (Cayman) Limited,1.68,0.22,15.07,2797000,403700,1723000,2026-10-04T15:39:50.867522
SMTK,"SmartKem, Inc.",1.65,0.01,0.61,64183,291467,1709000,2026-10-04T15:39:50.867522
SQFT,"Presidio Property Trust, Inc.",1.18,-0.02,-1.67,22969,367256,1693000,2026-10-04T15:39:50.867522
YHC,LQR House Inc.,1.28,0.0,0.0,56369,315906,1669000,2026-10-04T15:39:50.867522
LNKS,Linkers Industries Limited,1.0,0.08,8.73,23065,142995,1615000,2026-10-04T15:39:50.867522
VSEED,"VSee Health, Inc.",1.98,-0.12,-5.85,19361,7719000,1596000,2026-10-04T15:39:50.867522
MNDR,Mobile-health Network Solutions,1.32,0.05,3.94,50492,183964,1577000,2026-10-04T15:39:50.867522
ZNB,Zeta Network Group,1.54,0.48,45.28,27816000,1119000,1494000,2026-10-04T15:39:50.867522
VSEE,VSee Health Inc,2.1,-0.15,-6.52,500275,99019,1490000,2026-10-04T15:39:50.867522
CTARF,Centaurus Energy Inc.,1.25,0.0,0.0,100,234,1381000,2026-10-04T15:39:50.867522
MSS,Maison Solutions Inc.,1.55,-0.06,-3.42,80989,4293000,1354000,2026-10-04T15:39:50.867522
MGHL,Morgan Group Holding Co.,2.2,0.0,0.0,221,3,1320000,2026-10-04T15:39:50.867522
IPW,iPower Inc.,1.12,-0.02,-1.76,677113,987089,1305000,2026-10-04T15:39:50.867522
IMCC,IM Cannabis Corp.,2.04,-0.13,-5.99,163212,2743000,1232000,2026-10-04T15:39:50.867522
GCTK,"GlucoTrack, Inc.",1.21,-0.2,-14.18,291411,2068000,1232000,2026-10-04T15:39:50.867522
SHFS,"SHF Holdings, Inc.",1.18,-0.12,-9.23,691507,96960,1213000,2026-10-04T15:39:50.867522
WHLR,"Wheeler Real Estate Investment Trust, Inc.",2.07,-0.78,-27.37,541911,2136000,1176000,2026-10-04T15:39:50.867522
WETO,Wetour Robotics Limited,1.08,-0.04,-3.57,1638000,5346000,1164000,2026-10-04T15:39:50.867522
DCOY,Decoy Therapeutics Inc.,1.77,-0.09,-4.58,251309,2164000,1160000,2026-10-04T15:39:50.867522
FTRKD,Fast Track Group,1.0,0.0,0.0,1300,161476,1116000,2026-10-04T15:39:50.867522
NVVE,Nuvve Holding Corp.,1.1,-0.18,-14.06,14837,1327000,1093000,2026-10-04T15:39:50.867522
RBRS,--,1.32,0.0,0.0,10,550,1026000,2026-10-04T15:39:50.867522
PFSA,"Profusa, Inc.",1.69,-0.18,-9.63,359585,2717000,1024000,2026-10-04T15:39:50.867522
LGMK,"LogicMark, Inc.",1.13,0.03,2.73,309,4912,1017000,2026-10-04T15:39:50.867522
HAO,Haoxi Health Technology Limited,2.7,0.0,0.0,15032,397892,988540,2026-10-04T15:39:50.867522
SCNI,Scinai Immunotherapeutics Ltd.,1.33,0.02,1.53,20999,1099000,901182,2026-10-04T15:39:50.867522
LRHC,La Rosa Holdings Corp.,1.56,-0.28,-15.22,122405,217128,888636,2026-10-04T15:39:50.867522
CONC,ConectiSys Corporation,1.0,0.0,0.0,100,1,888579,2026-10-04T15:39:50.867522
HXBM,"Helix BioMedix, Inc.",3.29,-1.11,-25.23,100,126,739289,2026-10-04T15:39:50.867522
NEXR,Nexera Technologies Ltd,1.0,0.0,0.5,221920,519902,560251,2026-10-04T15:39:50.867522
YMT,Yimutian Inc.,1.12,0.0,0.0,151785,1031000,533759,2026-10-04T15:39:50.867522
WORX,SCWorx Corp.,4.15,0.44,11.77,1309,1011,372624,2026-10-04T15:39:50.867522
SKWG,Skywealth Group Inc.,1.51,0.0,0.0,1,16,339749,2026-10-04T15:39:50.867522
JFILD,--,1.65,0.0,0.0,9,108,329764,2026-10-04T15:39:50.867522
AIXI,Xiao-I Corporation,1.81,0.6,48.97,73608000,2134000,238038,2026-10-04T15:39:50.867522
NGMC,Next Generation Management Corp.,1.03,0.0,0.0,186,37,205999,2026-10-04T15:39:50.867522
LGHL,Lion Group Holding Ltd.,4.01,-0.15,-3.61,101367,585896,185037,2026-10-04T15:39:50.867522
KEGSD,1812 Brewing Company Inc.,1.48,0.33,28.7,3422,5053,136926,2026-10-04T15:39:50.867522
KEGS,1812 Brewing Company Inc.,1.12,0.04,3.7,13700000,30355000,103620,2026-10-04T15:39:50.867522
FGL,Founder Group Limited,4.36,0.0,0.0,26633,160780,49948,2026-10-04T15:39:50.867522
LBGJ,Li Bang International Corporation Inc.,2.03,0.07,3.57,27666,733349,34087,2026-10-04T15:39:50.867522
ABLT,American Biltrite Inc.,1.0,0.0,0.0,100,1,32330,2026-10-04T15:39:50.867522
AASCF,Aberdeen Asia Focus PLC,3.8,0.0,0.0,0,4202,0,2026-10-04T15:39:50.867522
AEAEU,AltEnergy Acquisition Corp.,4.5,0.0,0.0,2,4,0,2026-10-04T15:39:50.867522
AFRIW,Forafric Global PLC,1.38,-0.02,-1.43,163,0,0,2026-10-04T15:39:50.867522
ARHVF,Archer Limited,2.4,0.0,0.0,1500,167,0,2026-10-04T15:39:50.867522
ATIIW,Archimedes Tech SPAC Partners II Co.,1.15,0.0,0.0,12566,0,0,2026-10-04T15:39:50.867522
BCTXL,BriaCell Therapeutics Corp.,1.14,-0.05,-4.58,25652,0,0,2026-10-04T15:39:50.867522
BESS-WT,Bimergen Energy Corporation,1.16,0.06,5.45,254,0,0,2026-10-04T15:39:50.867522
BGMSP,"Bio Green Med Solution, Inc.",2.8,0.0,0.0,100,366,0,2026-10-04T15:39:50.867522
BLGFF,Baillie Gifford US Growth Trust PLC,5.0,0.0,0.0,10000,2382,0,2026-10-04T15:39:50.867522
BLUGF,BluEnergies Ltd.,1.63,-0.01,-0.91,4900,23920,0,2026-10-04T15:39:50.867522
BMNZ,TIDAL TRUST II - Defiance Daily Target 2X Short BMNR ETF,4.33,0.15,3.59,2268000,2493000,0,2026-10-04T15:39:50.867522
BULLW,Webull Corporation,2.22,0.21,10.44,355,12092,0,2026-10-04T15:39:50.867522
CMCUF,Piermont Valley Acquisition Corp,2.0,0.0,0.0,0,0,0,2026-10-04T15:39:50.867522
CNALF,Canal+ SA,2.89,-0.68,-19.16,200,16,0,2026-10-04T15:39:50.867522
CNTIF,--,1.05,0.08,8.25,50,10961,0,2026-10-04T15:39:50.867522
COPR-WT,Idaho Copper Corporation,1.69,0.08,4.97,3150,0,0,2026-10-04T15:39:50.867522
COYJF,Citycon Oyj,3.35,0.0,0.0,0,27,0,2026-10-04T15:39:50.867522
CRMLW,Critical Metals Corp.,2.32,-0.24,-9.57,16824,0,0,2026-10-04T15:39:50.867522
CVPUF,CP ALL Public Company Limited,1.4,0.0,0.0,200,23,0,2026-10-04T15:39:50.867522
CXIIW,Churchill Capital Corp XII,2.0,0.19,10.5,4220,0,0,2026-10-04T15:39:50.867522
DAVEW,Dave Inc.,1.08,0.03,2.86,54017,0,0,2026-10-04T15:39:50.867522
DAZSD,--,3.35,0.0,0.0,0,46,0,2026-10-04T15:39:50.867522
DBHL,"Deep Isolation Nuclear, Inc.",3.39,-0.11,-3.14,750,8606,0,2026-10-04T15:39:50.867522
DPU,DB Commodity Long ETN,1.55,0.03,2.05,2058,168850,0,2026-10-04T15:39:50.867522
DROSY,DroneShield Limited,1.25,0.08,6.84,427,3544,0,2026-10-04T15:39:50.867522
DRTSW,Alpha Tau Medical Ltd.,4.05,0.03,0.75,1289,0,0,2026-10-04T15:39:50.867522
DUKRW,DUKE Robotics Corp.,1.35,-0.15,-9.99,4517,3854,0,2026-10-04T15:39:50.867522
ELLKF,Ellaktor S.A.,1.3,0.0,0.0,105,1,0,2026-10-04T15:39:50.867522
ENFD,Energyfunders Yield Fund I Llc,1.25,0.0,0.0,158,168,0,2026-10-04T15:39:50.867522
ENSIF,EnSilica plc,1.0,0.01,0.75,95,9769,0,2026-10-04T15:39:50.867522
EOSEW,"Eos Energy Enterprises, Inc.",2.69,0.04,1.51,4090,10351,0,2026-10-04T15:39:50.867522
ETCG,Grayscale Ethereum Classic Trust (ETC),4.36,-0.16,-3.52,14741,27771,0,2026-10-04T15:39:50.867522
FRAZ,"Francisco Industries, Inc.",1.05,0.0,0.0,100,19,0,2026-10-04T15:39:50.867522
FUNRD,FUNR,1.0,0.79,376.19,100,682,0,2026-10-04T15:39:50.867522
FUNWF,Digital Network SA,1.84,0.0,0.0,0,0,0,2026-10-04T15:39:50.867522
GBAT,Grayscale Basic Attention Token Trust,1.06,0.02,1.92,11689,9304,0,2026-10-04T15:39:50.867522
GCAND,--,1.56,-0.04,-2.51,300,1172,0,2026-10-04T15:39:50.867522
GFUZW,General Fusion Group Ltd.,1.5,0.05,3.43,20193,0,0,2026-10-04T15:39:50.867522
GROY-WT,Gold Royalty Corp.,1.01,-0.01,-0.99,16927,0,0,2026-10-04T15:39:50.867522
GSRFR,GSR IV Acquisition Corp.,2.24,0.0,0.0,10281,1900,0,2026-10-04T15:39:50.867522
GSRVR,GSR V Acquisition Corp.,1.59,0.33,26.19,5210,0,0,2026-10-04T15:39:50.867522
HMCLF,HMC Capital Limited,2.3,0.0,0.0,500,31,0,2026-10-04T15:39:50.867522
HOST,Host Digital Inc.,3.6,-0.28,-7.22,302229,414772,0,2026-10-04T15:39:50.867522
IMSRW,Terrestrial Energy Inc.,1.22,-0.07,-5.43,25342,0,0,2026-10-04T15:39:50.867522
IQMXW,IQM Quantum Computers Oyj,1.97,0.07,3.68,10731,0,0,2026-10-04T15:39:50.867522
IRSMF,Iress Limited,4.01,0.0,0.0,0,4,0,2026-10-04T15:39:50.867522
ITHLF,--,3.88,0.0,0.0,0,84,0,2026-10-04T15:39:50.867522
KGCRF,Kinross Gold Corporation,1.12,0.03,2.75,18950,0,0,2026-10-04T15:39:50.867522
KHOBF,KHEOBA Limited,2.5,0.0,0.0,0,0,0,2026-10-04T15:39:50.867522
KYIVW,Kyivstar Group Ltd.,4.41,-0.02,-0.45,284,0,0,2026-10-04T15:39:50.867522
LCMRF,"La Comer, S.A.B. de C.V.",2.43,0.0,0.0,1,180,0,2026-10-04T15:39:50.867522
LCXEF,Lycos Energy Inc.,1.26,0.01,0.8,2000,26607,0,2026-10-04T15:39:50.867522
LKSPR,Lake Superior Acquisition Corp.,1.5,0.0,0.0,10493,0,0,2026-10-04T15:39:50.867522
LTCEF,Lotus Creek Exploration Inc.,2.79,0.03,1.09,400,2999,0,2026-10-04T15:39:50.867522
MKGSF,Mackay Gold & Silver Corp.,2.03,-0.05,-2.4,4600,22371,0,2026-10-04T15:39:50.867522
MNII,"Manati Industries, Inc.",1.01,0.0,0.0,28040,1,0,2026-10-04T15:39:50.867522
MOVAA,"Movado Group, Inc.",2.0,0.0,0.0,0,0,0,2026-10-04T15:39:50.867522
MPJPY,Metaplanet Inc.,1.82,-0.09,-4.71,231313,944315,0,2026-10-04T15:39:50.867522
MTTN,--,4.55,0.05,1.11,1800,3500,0,2026-10-04T15:39:50.867522
NDBI,Nuclear Diamond Batteries Inc.,1.78,0.28,18.67,325,948,0,2026-10-04T15:39:50.867522
NEOVW,NeoVolta Inc.,1.2,-0.05,-4.0,19564,0,0,2026-10-04T15:39:50.867522
NUAIW,"New Era Energy & Digital, Inc.",3.64,0.23,6.59,24533,0,0,2026-10-04T15:39:50.867522
NWCLW,newcleo plc,1.1,0.11,10.55,23365,0,0,2026-10-04T15:39:50.867522
OBNK,Osprey Bonk Trust,1.22,0.0,0.0,200,581,0,2026-10-04T15:39:50.867522
OCSAW,Oculis Holding AG,2.7,-0.2,-6.9,1051,0,0,2026-10-04T15:39:50.867522
ONWRY,Onward Medical N.V.,3.03,0.0,0.0,100,3878,0,2026-10-04T15:39:50.867522
OPTXW,"Syntec Optics Holdings, Inc.",2.31,0.26,12.68,64865,0,0,2026-10-04T15:39:50.867522
ORNJY,Oranjebtc S.A. - Educação e Investimento,3.14,0.15,5.05,2985,1632,0,2026-10-04T15:39:50.867522
PPURF,Purecore Metals Inc.,1.15,0.0,0.0,1000,422,0,2026-10-04T15:39:50.867522
PRBG,--,1.11,0.0,0.0,900,35,0,2026-10-04T15:39:50.867522
PSQLW,Pasqal Holding SA,1.06,0.01,0.95,6178,73398,0,2026-10-04T15:39:50.867522
PTBBU,"POET, LLC",1.5,0.0,0.0,20279,20279,0,2026-10-04T15:39:50.867522
PTEAF,PetroNor E&P ASA,1.05,0.0,0.0,10689,338,0,2026-10-04T15:39:50.867522
QNCRF,QuantumCore Ltd,1.63,-0.03,-2.1,100,2160,0,2026-10-04T15:39:50.867522
QNTPF,XtalPi Holdings Limited,1.1,0.1,9.98,2000,4860,0,2026-10-04T15:39:50.867522
QSU,Defiance Daily Target 2X Long QS ETF,3.85,-0.06,-1.53,117933,92918,0,2026-10-04T15:39:50.867522
RBSTF,"Robosense Technology Co., Ltd",2.05,-0.0,-0.17,500,38591,0,2026-10-04T15:39:50.867522
RFFDU,"Redfield Energy, LLC",1.75,0.0,0.0,0,937,0,2026-10-04T15:39:50.867522
RHEPZ,"Regional Health Properties, Inc.",2.5,0.0,0.0,1002,1351,0,2026-10-04T15:39:50.867522
ROBIF,Robinson Energy Limited,2.6,0.0,0.0,200,85,0,2026-10-04T15:39:50.867522
ROSBF,--,4.5,0.0,0.0,0,294,0,2026-10-04T15:39:50.867522
RTWFF,RTW Biotech Opportunities Ltd,2.35,0.0,0.0,20000,350,0,2026-10-04T15:39:50.867522
RUMBW,RUM Group Inc.,1.78,-0.13,-7.03,11562,0,0,2026-10-04T15:39:50.867522
SBNYL,Signature Bank,1.18,-0.01,-0.84,1200,44193,0,2026-10-04T15:39:50.867522
SCSHF,The Scottish Oriental Smaller Companies Trust plc,3.19,0.0,0.0,200,5545,0,2026-10-04T15:39:50.867522
SDGMF,"Shandong Gold Mining Co., Ltd.",2.69,0.0,0.0,0,238,0,2026-10-04T15:39:50.867522
SHMDW,SCHMID Group N.V.,1.29,0.14,12.17,34171,0,0,2026-10-04T15:39:50.867522
SLRD,--,1.5,0.0,0.0,147,2,0,2026-10-04T15:39:50.867522
SLTEF,Saltire Capital Ltd.,2.2,0.0,0.0,200,42,0,2026-10-04T15:39:50.867522
SNTUF,Santander UK plc,2.1,0.0,0.0,0,131,0,2026-10-04T15:39:50.867522
SOSSF,"Sonae, SGPS, S.A.",2.3,0.0,0.0,0,156,0,2026-10-04T15:39:50.867522
STCK,Grayscale Stacks Trust (Stx),3.3,0.2,6.45,1474,2948,0,2026-10-04T15:39:50.867522
STNDF,Santander UK plc,1.5,0.0,0.0,35565,564,0,2026-10-04T15:39:50.867522
SUPIF,Supermarket Income REIT plc,1.16,0.0,0.0,2000,34,0,2026-10-04T15:39:50.867522
SWCXY,SWCC Corporation,3.65,0.0,0.0,2200,0,0,2026-10-04T15:39:50.867522
TELYF,--,1.76,0.06,3.82,100,1517,0,2026-10-04T15:39:50.867522
TSXD,Direxion Daily Semiconductors T,4.48,-0.1,-2.29,20980,54110,0,2026-10-04T15:39:50.867522
TTBXF,Tritax Big Box REIT plc,1.61,-0.26,-14.04,500,1767,0,2026-10-04T15:39:50.867522
TZROP,"tZERO Group, Inc.",1.98,0.0,0.0,5860,298,0,2026-10-04T15:39:50.867522
USDEW,StablecoinX Inc.,4.0,-0.7,-14.89,287590,185842,0,2026-10-04T15:39:50.867522
VGTHY,"Victory Giant Technology (HuiZhou) Co.,Ltd",3.2,0.1,3.23,499,287,0,2026-10-04T15:39:50.867522
VSCTF,--,1.32,0.0,0.0,0,1485,0,2026-10-04T15:39:50.867522
VTURF,--,3.8,0.0,0.0,0,1557,0,2026-10-04T15:39:50.867522
XIIIW,Churchill Capital Corp XIII,1.54,-0.01,-0.64,5082,12636,0,2026-10-04T15:39:50.867522
XRPNW,Armada Acquisition Corp. II,3.72,0.82,28.28,3054000,0,0,2026-10-04T15:39:50.867522
ZSINF,"Zhejiang Sanhua Intelligent Controls Co.,Ltd",3.52,0.0,0.0,500,1768,0,2026-10-04T15:39:50.867522
ALULF,Alara Resources Ltd,3.18,0.0,0.0,0,0,0,2026-10-04T15:39:50.867522
AMPX-WT,"Amprius Technologies, Inc. WT",2.99,0.02,0.67,16630,0,0,2026-10-04T15:39:50.867522
BHPTY,Banco Hipotecario SA,3.08,0.0,0.0,0,0,0,2026-10-04T15:39:50.867522
FNFPA,"First Niles Financial, Inc. PFD SER A",3.8,0.0,0.0,47,9,0,2026-10-04T15:39:50.867522
GENDF,GENDA Inc.,3.71,0.0,0.0,0,0,0,2026-10-04T15:39:50.867522
GLLL,GLACIAL LAKES CORN PROCESSORS U,3.02,0.0,0.0,210000,1015,0,2026-10-04T15:39:50.867522
GME-WT,GameStop Corp. WT,2.19,0.09,4.29,461935,0,0,2026-10-04T15:39:50.867522
KCAC-WT,--,1.38,-0.12,-8.0,5337,0,0,2026-10-04T15:39:50.867522
KRSP-WT,--,1.05,0.13,14.17,20902,0,0,2026-10-04T15:39:50.867522
LLOBF,Lloyds Banking Group plc 9.25% NON-CUM IRR PRF SHS GBP0.25,1.93,0.0,0.0,100,3,0,2026-10-04T15:39:50.867522
NVMLF,Aureka Ltd,5.0,0.0,0.0,0,0,0,2026-10-04T15:39:50.867522
RNOLF,--,1.99,1.99,0.0,100,0,0,2026-10-04T15:39:50.867522
SAIQ,WISeSat.Space Holdings Corp.,1.85,-0.7,-27.45,1019000,138060,0,2026-10-04T15:39:50.867522
TESTJ,--,1.01,-1.49,-59.6,300,0,0,2026-10-04T15:39:50.867522
TKYRF,Tokyo Rope Mfg Co Ltd,3.7,0.0,0.0,0,0,0,2026-10-04T15:39:50.867522
WFCNP,Wells Fargo &amp; Company PFD DIV EQUALIZ,2.75,0.0,0.0,4,1,0,2026-10-04T15:39:50.867522
ZZZTT,--,1.0,0.0,0.0,3200,0,0,2026-10-04T15:39:50.867522
