Symbol,Name,Price (Intraday),Change,% Change,Volume,Avg Vol (3 month),Market Cap,Date
CIHHF,"China Merchants Bank Co., Ltd.",6.4,-0.61,-8.7,100,4068,161407000000,2026-09-27T15:33:37.376010
IITSF,Intesa Sanpaolo S.p.A.,7.77,0.0,0.0,100,15765,134915000000,2026-09-27T15:33:37.376010
CUAEF,China Shenhua Energy Company Limited,5.77,0.32,5.87,100,12,125148000000,2026-09-27T15:33:37.376010
PIAIF,"Ping An Insurance (Group) Company of China, Ltd.",6.82,0.0,0.0,520,5252,123494000000,2026-09-27T15:33:37.376010
BPAQF,BP p.l.c.,7.32,0.11,1.53,241,5092,113112000000,2026-09-27T15:33:37.376010
CAIXY,"CaixaBank, S.A.",5.02,0.13,2.66,49520,307660,104704000000,2026-09-27T15:33:37.376010
AAIGF,AIA Group Limited,9.69,-0.17,-1.72,100,37141,99837000000,2026-09-27T15:33:37.376010
BYDDF,BYD Company Limited,10.0,-0.13,-1.28,35613,200590,91172000000,2026-09-27T15:33:37.376010
BYDDY,BYD Company Limited,9.98,-0.1,-0.99,245240,1237000,90990000000,2026-09-27T15:33:37.376010
DLEGF,Delta Electronics (Thailand) Public Company Limited,7.46,0.0,0.0,2500,419,89479000000,2026-09-27T15:33:37.376010
ITUB,Itaú Unibanco Holding S.A.,8.11,0.03,0.37,15929000,20764000,89387000000,2026-09-27T15:33:37.376010
GLCNF,Glencore plc,7.44,0.12,1.64,2000,61230,87282000000,2026-09-27T15:33:37.376010
SNHIY,"Sany Heavy Industry Co.,Ltd",9.44,0.0,0.0,1,27,86824000000,2026-09-27T15:33:37.376010
PROSY,Prosus N.V.,8.26,0.11,1.35,97846,996212,86408000000,2026-09-27T15:33:37.376010
BCLYF,Barclays PLC,6.34,0.14,2.26,260,34790,84823000000,2026-09-27T15:33:37.376010
LYG,Lloyds Banking Group plc,5.77,0.12,2.12,18428000,14691000,83199000000,2026-09-27T15:33:37.376010
RBSPF,NatWest Group plc,9.18,0.35,3.96,1738,33430,72814000000,2026-09-27T15:33:37.376010
BNKHF,BOC Hong Kong (Holdings) Limited,5.95,0.0,0.0,2000,14,62908000000,2026-09-27T15:33:37.376010
NNFSF,"Nongfu Spring Co., Ltd.",5.07,0.06,1.2,100,4902,57020000000,2026-09-27T15:33:37.376010
MPNGF,Meituan,9.45,0.0,0.0,2500,6773,52851000000,2026-09-27T15:33:37.376010
CTPCY,CITIC Limited,8.26,-0.09,-1.08,521,1158,48057000000,2026-09-27T15:33:37.376010
DRPRY,Dr. Ing. h.c. F. Porsche AG,5.19,0.14,2.77,1163,66149,47281000000,2026-09-27T15:33:37.376010
SMTOY,"Sumitomo Electric Industries, Ltd.",6.96,0.09,1.31,57341,704328,43426000000,2026-09-27T15:33:37.376010
BSBR,Banco Santander (Brasil) S.A.,5.76,0.05,0.88,1349000,3445000,43128000000,2026-09-27T15:33:37.376010
PBCRY,PT Bank Central Asia Tbk,8.66,0.03,0.35,16212,304858,42552000000,2026-09-27T15:33:37.376010
WEGZY,WEG S.A.,9.99,0.13,1.29,146,548960,41916000000,2026-09-27T15:33:37.376010
VWAGY,Volkswagen AG,8.15,0.12,1.49,13905,334442,40856000000,2026-09-27T15:33:37.376010
VWAPY,Volkswagen AG,8.14,0.1,1.24,35204,185273,40805000000,2026-09-27T15:33:37.376010
HLN,Haleon plc,9.26,0.04,0.43,22366000,12444000,40722000000,2026-09-27T15:33:37.376010
CODYY,Compagnie de Saint-Gobain S.A.,7.96,0.01,0.13,110908,783077,38873000000,2026-09-27T15:33:37.376010
TSCDF,Tesco PLC,6.22,0.0,0.0,400,9688,38743000000,2026-09-27T15:33:37.376010
PUTRY,PTT Public Company Limited,6.73,0.0,0.0,10,51,38125000000,2026-09-27T15:33:37.376010
TGOPY,3i Group plc,8.92,0.2,2.29,70611,1380000,36331000000,2026-09-27T15:33:37.376010
MLYBY,Malayan Banking Berhad,5.64,-0.01,-0.18,42,1822,34110000000,2026-09-27T15:33:37.376010
AVIFY,Advanced Info Service Public Company Limited,9.92,-0.26,-2.55,1431,4038,33412000000,2026-09-27T15:33:37.376010
CKHUY,CK Hutchison Holdings Limited,8.62,0.02,0.23,4301,210012,33015000000,2026-09-27T15:33:37.376010
NPSNY,Naspers Limited,8.81,0.07,0.8,50045,216966,32955000000,2026-09-27T15:33:37.376010
FANDF,FirstRand Limited,5.82,0.0,0.0,217,80,32382000000,2026-09-27T15:33:37.376010
SUTNY,"Sumitomo Mitsui Trust Group, Inc.",5.77,0.26,4.72,2148,274538,31780000000,2026-09-27T15:33:37.376010
ADYEY,Adyen N.V.,9.96,0.31,3.21,28260,1906000,31440000000,2026-09-27T15:33:37.376010
CKHUF,CK Hutchison Holdings Limited,8.19,0.0,0.0,2500,8174,31368000000,2026-09-27T15:33:37.376010
SVNLY,Svenska Handelsbanken AB (publ),7.86,0.09,1.16,1013,115187,31152000000,2026-09-27T15:33:37.376010
ERIC,Telefonaktiebolaget LM Ericsson (publ),9.53,0.02,0.21,7210000,11185000,31100000000,2026-09-27T15:33:37.376010
GASNY,"Naturgy Energy Group, S.A.",6.61,-0.07,-1.05,2000,54877,30841000000,2026-09-27T15:33:37.376010
UNVGY,Universal Music Group N.V.,8.26,0.05,0.61,60078,1057000,29706000000,2026-09-27T15:33:37.376010
AIVAF,Aviva plc,9.45,0.0,0.0,7600,200,28265000000,2026-09-27T15:33:37.376010
NRSCF,"Nomura Holdings, Inc.",9.63,0.0,0.0,100,60,28145000000,2026-09-27T15:33:37.376010
WXIBF,WuXi Biologics (Cayman) Inc.,6.77,0.76,12.65,4000,2074,27868000000,2026-09-27T15:33:37.376010
TRAUF,Transurban Group,8.87,0.0,0.0,17,1117,27679000000,2026-09-27T15:33:37.376010
DNNGY,Ørsted A/S,6.93,0.09,1.32,2148,112714,27465000000,2026-09-27T15:33:37.376010
BKRKY,PT Bank Rakyat Indonesia (Persero) Tbk,8.85,0.07,0.8,3359,97544,26671000000,2026-09-27T15:33:37.376010
HXGBY,Hexagon AB (publ),9.91,0.08,0.81,18640,499390,26602000000,2026-09-27T15:33:37.376010
AOZOY,"Aozora Bank, Ltd.",5.68,0.0,0.0,2,93,25843000000,2026-09-27T15:33:37.376010
MTSFF,"Mitsui Fudosan Co., Ltd.",9.58,-0.39,-3.91,771,17528,25791000000,2026-09-27T15:33:37.376010
ANPDF,ANTA Sports Products Limited,9.2,0.0,0.0,1000,279,25489000000,2026-09-27T15:33:37.376010
SGGKF,Singapore Technologies Engineering Ltd,8.0,0.03,0.44,1000,220,24954000000,2026-09-27T15:33:37.376010
CLPHY,CLP Holdings Limited,9.8,-0.1,-1.01,1296,65395,24759000000,2026-09-27T15:33:37.376010
BABWF,International Consolidated Airlines Group S.A.,5.65,0.0,0.0,4500,1685,24663000000,2026-09-27T15:33:37.376010
HLVTY,Helvetia Baloise Holding AG,6.19,0.0,0.0,62,6,24516000000,2026-09-27T15:33:37.376010
FOJCY,Fortum Oyj,5.18,-0.1,-1.89,301,5884,23239000000,2026-09-27T15:33:37.376010
AONNF,"Aeon Co., Ltd.",8.39,0.0,0.0,7083,32,23212000000,2026-09-27T15:33:37.376010
AONNY,"Aeon Co., Ltd.",8.26,0.09,1.1,1020,137306,22852000000,2026-09-27T15:33:37.376010
YAHOY,LY Corporation,6.45,-0.07,-1.07,200,59753,22211000000,2026-09-27T15:33:37.376010
JXHGF,"ENEOS Holdings, Inc.",8.35,0.0,0.0,300,69,22181000000,2026-09-27T15:33:37.376010
ELCPF,"EDP, S.A.",5.2,0.05,0.97,1429,3600,21496000000,2026-09-27T15:33:37.376010
SNMRF,Snam S.p.A.,6.22,0.0,0.0,271,982,21221000000,2026-09-27T15:33:37.376010
STOSF,Santos Limited,6.53,0.0,0.0,1100,7046,21208000000,2026-09-27T15:33:37.376010
KLBAY,Klabin S.A.,6.87,0.07,1.03,916,2919,21025000000,2026-09-27T15:33:37.376010
PPERY,PT Bank Mandiri (Persero) Tbk,9.04,0.05,0.56,4632,92622,21012000000,2026-09-27T15:33:37.376010
CHKGF,CK Asset Holdings Limited,6.0,0.0,0.0,800,412,20999000000,2026-09-27T15:33:37.376010
BNDSY,"Banco de Sabadell, S.A.",8.79,0.04,0.46,2,2439,20712000000,2026-09-27T15:33:37.376010
PEXNY,PTT Exploration and Production Public Company Limited,8.8,0.0,0.0,1,119,20509000000,2026-09-27T15:33:37.376010
SSLZY,Santos Limited,6.3,-0.23,-3.52,72316,211111,20461000000,2026-09-27T15:33:37.376010
KAOOY,Kao Corporation,7.42,0.15,2.06,2581,102672,20140000000,2026-09-27T15:33:37.376010
CAHPF,Evolution Mining Limited,9.8,0.0,0.0,100,7369,20037000000,2026-09-27T15:33:37.376010
KAEPY,"The Kansai Electric Power Company, Incorporated",8.85,0.13,1.49,10416,3142,19719000000,2026-09-27T15:33:37.376010
NWWCF,New China Life Insurance Company Ltd.,6.32,-0.01,-0.16,100,5188,19716000000,2026-09-27T15:33:37.376010
WRTBY,Wärtsilä Oyj Abp,6.65,0.08,1.22,3300,80009,19602000000,2026-09-27T15:33:37.376010
EURBF,Eurobank S.A.,5.39,0.0,0.0,100,407,19340000000,2026-09-27T15:33:37.376010
KPCPF,Kasikornbank Public Company Limited,7.21,0.0,0.0,100,3,19262000000,2026-09-27T15:33:37.376010
NPNYY,Nippon Yusen Kabushiki Kaisha,9.42,0.18,1.95,300,69787,19007000000,2026-09-27T15:33:37.376010
BOUYY,Bouygues SA,9.85,0.05,0.51,121,95661,18826000000,2026-09-27T15:33:37.376010
FIGIF,"Fuyao Glass Industry Group Co., Ltd.",7.0,-0.74,-9.56,100,31,18268000000,2026-09-27T15:33:37.376010
HKHGF,Hongkong Land Holdings Limited,8.57,0.06,0.71,100,85,18263000000,2026-09-27T15:33:37.376010
NMPGY,Navios Maritime Holdings Inc.,8.0,0.0,0.0,200,22,18261000000,2026-09-27T15:33:37.376010
SBS,Companhia de Saneamento Básico do Estado de São Paulo - SABESP,5.18,0.03,0.58,3877000,8095000,18216000000,2026-09-27T15:33:37.376010
TLSNY,Telia Company AB (publ),9.18,0.07,0.77,1764,94369,18048000000,2026-09-27T15:33:37.376010
VDMCY,Vodacom Group Limited,9.3,0.09,0.98,100,31341,17965000000,2026-09-27T15:33:37.376010
TIAOF,Telecom Italia S.p.A.,8.28,-0.42,-4.83,359,101,17663000000,2026-09-27T15:33:37.376010
TIIAY,Telecom Italia S.p.A.,8.2,-0.3,-3.53,1100,40371,17493000000,2026-09-27T15:33:37.376010
CAOVY,China Overseas Land & Investment Limited,7.97,-0.45,-5.34,14200,12314,17446000000,2026-09-27T15:33:37.376010
VODAF,Vodacom Group Limited,8.98,0.0,0.0,100,1,17347000000,2026-09-27T15:33:37.376010
NHYDY,Norsk Hydro ASA,8.73,-0.01,-0.11,7297,375790,17157000000,2026-09-27T15:33:37.376010
KPCUF,Kasikornbank Public Company Limited,7.21,0.0,0.0,100,3,17083000000,2026-09-27T15:33:37.376010
NHYKF,Norsk Hydro ASA,8.66,-0.17,-1.93,102,25703,17019000000,2026-09-27T15:33:37.376010
VONOY,Vonovia SE,9.77,0.05,0.51,89196,305209,16578000000,2026-09-27T15:33:37.376010
MPFRF,"Mapfre, S.A.",5.4,0.0,0.0,100,1,16574000000,2026-09-27T15:33:37.376010
SITIF,SITC International Holdings Company Limited,6.1,0.0,0.0,400,715,16413000000,2026-09-27T15:33:37.376010
RML,Resolution Minerals Ltd,6.38,0.01,0.16,18639,198192,16387000000,2026-09-27T15:33:37.376010
RTRZY,Rieter Holding AG,6.01,0.0,0.0,0,1,16343000000,2026-09-27T15:33:37.376010
GPOVF,"Grupo Carso, S.A.B. de C.V.",7.18,0.0,0.0,2222,47,16187000000,2026-09-27T15:33:37.376010
OUKPY,Metso Oyj,9.73,0.11,1.14,450,54144,16115000000,2026-09-27T15:33:37.376010
JDHIY,JD Health International Inc.,5.05,0.0,0.0,500,55,16107000000,2026-09-27T15:33:37.376010
HGKGY,Power Assets Holdings Limited,7.51,-0.08,-1.05,235,1698,16005000000,2026-09-27T15:33:37.376010
CTTAY,Continental Aktiengesellschaft,7.98,0.0,0.0,818,51231,15960000000,2026-09-27T15:33:37.376010
SGIOY,"Shionogi & Co., Ltd.",9.27,0.07,0.76,206,154430,15781000000,2026-09-27T15:33:37.376010
SINGF,Singapore Airlines Limited,5.0,0.0,0.0,1000,8631,15768000000,2026-09-27T15:33:37.376010
NPCPF,"Nippon Paint Holdings Co., Ltd.",6.69,0.0,0.0,46,347,15528000000,2026-09-27T15:33:37.376010
SKCBY,Shinkin Central Bank,7.06,0.0,0.0,1,1,15370000000,2026-09-27T15:33:37.376010
MPFRY,"Mapfre, S.A.",9.97,0.0,0.0,30,119,15301000000,2026-09-27T15:33:37.376010
OGFGF,Origin Energy Limited,8.44,0.0,0.0,73,14,15001000000,2026-09-27T15:33:37.376010
KPELF,Keppel Ltd.,8.36,-0.58,-6.49,200,325,14983000000,2026-09-27T15:33:37.376010
BBSEY,BB Seguridade Participações S.A.,7.59,0.07,0.93,4316,140133,14734000000,2026-09-27T15:33:37.376010
ASBHY,"Asahi Group Holdings, Ltd.",10.0,0.0,0.0,0,3,14627000000,2026-09-27T15:33:37.376010
CLPBY,Coloplast A/S,6.46,0.02,0.31,17782,211985,14559000000,2026-09-27T15:33:37.376010
CX,"CEMEX, S.A.B. de C.V.",9.71,0.2,2.1,7388000,6583000,14011000000,2026-09-27T15:33:37.376010
SWRBY,Swire Pacific Limited,9.97,0.0,0.0,200,25,13897000000,2026-09-27T15:33:37.376010
DQJCY,Pan Pacific International Holdings Corporation,9.21,0.22,2.45,18143,431288,13773000000,2026-09-27T15:33:37.376010
TME,Tencent Music Entertainment Group,8.39,0.05,0.6,7364000,8425000,13674000000,2026-09-27T15:33:37.376010
AEGOF,Aegon Ltd.,9.21,0.0,0.0,100,39,13631000000,2026-09-27T15:33:37.376010
IAUGF,Insurance Australia Group Limited,5.8,0.0,0.0,2000,240,13560000000,2026-09-27T15:33:37.376010
OGFGY,Origin Energy Limited,7.8,0.0,0.0,3,3285,13437000000,2026-09-27T15:33:37.376010
TU,TELUS Corporation,8.48,-0.04,-0.47,5237000,7288000,13356000000,2026-09-27T15:33:37.376010
KWHIY,"Kawasaki Heavy Industries, Ltd.",6.07,0.08,1.34,23516,299507,13251000000,2026-09-27T15:33:37.376010
SNLAY,Sino Land Company Limited,6.88,-0.12,-1.71,4006,7149,13191000000,2026-09-27T15:33:37.376010
AEG,Aegon Ltd.,8.89,0.08,0.91,8636000,4771000,13157000000,2026-09-27T15:33:37.376010
CTGDF,China Tourism Group Duty Free Corporation Limited,6.25,0.0,0.0,0,33,12986000000,2026-09-27T15:33:37.376010
MGYOY,MOL Magyar Olaj- és Gázipari Nyilvánosan Muködo Részvénytársaság,8.2,0.03,0.37,22,102460,12966000000,2026-09-27T15:33:37.376010
PRDSY,Prada S.p.A.,9.82,0.15,1.55,100,11400,12630000000,2026-09-27T15:33:37.376010
SIELY,"Shanghai Electric Group Co., Ltd.",7.31,0.0,0.0,2,18,12543000000,2026-09-27T15:33:37.376010
SHNWF,Schroders plc,7.93,0.0,0.0,100,23,12366000000,2026-09-27T15:33:37.376010
IVPAF,Ivanhoe Mines Ltd.,8.53,0.11,1.27,3945,416695,12163000000,2026-09-27T15:33:37.376010
AUR,"Aurora Innovation, Inc.",6.04,-0.02,-0.33,31901000,28491000,12105000000,2026-09-27T15:33:37.376010
BLMOY,BELIMO Holding AG,9.82,0.0,0.0,143,313,12079000000,2026-09-27T15:33:37.376010
TRYIF,"Toray Industries, Inc.",8.09,0.0,0.0,250,31,11784000000,2026-09-27T15:33:37.376010
BKKPF,Bangkok Bank Public Company Limited,5.81,0.0,0.0,1200,219,11784000000,2026-09-27T15:33:37.376010
FUJHY,Subaru Corporation,8.4,0.17,2.07,2612,296468,11686000000,2026-09-27T15:33:37.376010
TLTZY,Tele2 AB (publ),8.37,-0.04,-0.48,19321,117234,11655000000,2026-09-27T15:33:37.376010
LAAOF,Li Auto Inc.,5.9,0.0,0.0,600,3,11532000000,2026-09-27T15:33:37.376010
GNNSF,Genscript Biotech Corporation,5.05,0.0,0.0,4369,1097,11517000000,2026-09-27T15:33:37.376010
AGNC,AGNC Investment Corp.,9.62,0.0,0.0,34967000,23407000,11404000000,2026-09-27T15:33:37.376010
PSKY,Paramount Skydance Corporation,9.96,-0.22,-2.16,16493000,14308000,11175000000,2026-09-27T15:33:37.376010
CPCAY,Cathay Pacific Airways Limited,9.16,0.0,0.0,152,4565,11141000000,2026-09-27T15:33:37.376010
NCLTY,"Nitori Holdings Co., Ltd.",9.76,-0.18,-1.81,907,153019,11030000000,2026-09-27T15:33:37.376010
BMXXY,bioMérieux S.A.,9.33,0.08,0.86,325,1409,10981000000,2026-09-27T15:33:37.376010
SVTMF,SM Investments Corporation,9.0,0.0,0.0,400,15,10898000000,2026-09-27T15:33:37.376010
XPNGF,XPeng Inc.,5.62,0.0,0.0,1,29,10768000000,2026-09-27T15:33:37.376010
MIUFF,Mitsubishi HC Capital Inc.,7.5,0.0,0.0,100,1,10753000000,2026-09-27T15:33:37.376010
SSAAY,SSAB AB (publ),5.37,-0.12,-2.19,102,500,10704000000,2026-09-27T15:33:37.376010
SUZ,Suzano S.A.,8.69,-0.09,-1.03,3178000,3096000,10702000000,2026-09-27T15:33:37.376010
DLAKY,Deutsche Lufthansa AG,8.86,0.1,1.14,2009,148814,10650000000,2026-09-27T15:33:37.376010
FNMAS,Federal National Mortgage Association,8.4,0.05,0.6,148300,618995,10632000000,2026-09-27T15:33:37.376010
AHCHY,Anhui Conch Cement Company Limited,9.94,-0.12,-1.19,5412,55833,10535000000,2026-09-27T15:33:37.376010
UNCHF,Unicharm Corporation,6.11,0.0,0.0,620,49,10521000000,2026-09-27T15:33:37.376010
QUBSF,Qantas Airways Limited,6.95,0.0,0.0,100,1563,10517000000,2026-09-27T15:33:37.376010
CLPXY,China Longyuan Power Group Corporation Limited,6.47,0.34,5.55,311,5428,10482000000,2026-09-27T15:33:37.376010
PTAIY,PT Astra International Tbk,5.24,-0.08,-1.5,39307,207169,10459000000,2026-09-27T15:33:37.376010
GOFPY,Allwyn AG,6.76,-0.03,-0.44,9127,105342,10425000000,2026-09-27T15:33:37.376010
SLLDY,Sanlam Limited,9.97,0.05,0.5,3792,58239,10417000000,2026-09-27T15:33:37.376010
MAKSY,Marks and Spencer Group plc,9.99,0.13,1.32,1717,74431,10334000000,2026-09-27T15:33:37.376010
EKIVY,Enka Insaat ve Sanayi A.S.,6.95,0.0,0.0,600,19,10187000000,2026-09-27T15:33:37.376010
DLAKF,Deutsche Lufthansa AG,8.46,0.0,0.0,1100,888,10170000000,2026-09-27T15:33:37.376010
LYSDY,Lynas Rare Earths Limited,9.96,0.02,0.2,12962,251042,10025000000,2026-09-27T15:33:37.376010
APAJF,APA Group,7.49,0.4,5.64,1400,607,9983000000,2026-09-27T15:33:37.376010
ALTB,Alpine Auto Brokers Inc.,10.0,0.0,0.0,100,36,9961000000,2026-09-27T15:33:37.376010
HAGHY,Hensoldt AG,8.62,-0.01,-0.12,105742,109769,9956000000,2026-09-27T15:33:37.376010
LYSCF,Lynas Rare Earths Limited,9.89,-0.09,-0.9,3786,25566,9954000000,2026-09-27T15:33:37.376010
GBLBY,Groupe Bruxelles Lambert SA,8.26,0.0,0.0,625,671,9767000000,2026-09-27T15:33:37.376010
AIRYY,Air China Limited,9.41,0.0,0.0,38,244,9642000000,2026-09-27T15:33:37.376010
EQUEY,Equatorial S.A.,7.64,0.0,0.0,1200,423,9598000000,2026-09-27T15:33:37.376010
ITGGF,Italgas S.p.A.,9.43,0.0,0.0,40,3196,9597000000,2026-09-27T15:33:37.376010
SCVPY,The Siam Cement Public Company Limited,7.99,0.0,0.0,2,48,9594000000,2026-09-27T15:33:37.376010
ALEGF,Allegro.eu S.A.,9.55,0.0,0.0,100,24,9554000000,2026-09-27T15:33:37.376010
FNMAJ,Federal National Mortgage Association,6.85,0.12,1.78,1800,13807,9455000000,2026-09-27T15:33:37.376010
FNMAT,Federal National Mortgage Association,7.08,0.11,1.58,31822,95371,9369000000,2026-09-27T15:33:37.376010
SNPTF,Sunny Optical Technology (Group) Company Limited,8.69,0.0,0.0,200,88,9329000000,2026-09-27T15:33:37.376010
SSAAF,SSAB AB (publ),9.33,0.0,0.0,600,16,9298000000,2026-09-27T15:33:37.376010
CPYYY,Centrica plc,8.02,0.0,0.0,24500,124668,9262000000,2026-09-27T15:33:37.376010
DNOPF,Dino Polska S.A.,9.42,0.0,0.0,100,241,9235000000,2026-09-27T15:33:37.376010
RDEIY,"Redeia Corporación, S.A.",8.5,-0.04,-0.47,24685,75876,9173000000,2026-09-27T15:33:37.376010
SNAP,Snap Inc.,5.42,-0.01,-0.18,20400000,37115000,9166000000,2026-09-27T15:33:37.376010
ZLIOY,"Zoomlion Heavy Industry Science and Technology Co., Ltd.",7.12,0.0,0.0,10,171,9148000000,2026-09-27T15:33:37.376010
PLLIF,Pirelli & C. S.p.A.,8.34,0.0,0.0,700,120,9048000000,2026-09-27T15:33:37.376010
IBRX,"ImmunityBio, Inc.",8.44,-0.2,-2.31,5765000,9746000,8945000000,2026-09-27T15:33:37.376010
FNMAI,Federal National Mortgage Association,6.47,0.07,1.09,1000,12305,8923000000,2026-09-27T15:33:37.376010
ESAIY,"Eisai Co., Ltd.",7.89,-0.06,-0.75,6097,86534,8907000000,2026-09-27T15:33:37.376010
SCRPF,Sembcorp Industries Ltd,5.0,0.0,0.0,2000,350,8902000000,2026-09-27T15:33:37.376010
MERVF,Manila Electric Company,7.82,0.0,0.0,100,33,8814000000,2026-09-27T15:33:37.376010
DNOPY,Dino Polska S.A.,8.95,-0.04,-0.44,2201,76457,8775000000,2026-09-27T15:33:37.376010
SNROF,"Sanrio Company, Ltd.",7.22,0.0,0.0,100,490,8754000000,2026-09-27T15:33:37.376010
IFUUF,Infratil Limited,8.72,0.0,0.0,310,72,8714000000,2026-09-27T15:33:37.376010
INPOY,InPost S.A.,8.69,-0.12,-1.36,529,2646,8694000000,2026-09-27T15:33:37.376010
KNCRY,Konecranes Plc,9.1,-0.03,-0.33,1250,298,8650000000,2026-09-27T15:33:37.376010
RNLSY,Renault SA,5.97,0.06,1.02,586,133414,8638000000,2026-09-27T15:33:37.376010
ORKLY,Orkla ASA,9.79,0.01,0.1,56493,106460,8632000000,2026-09-27T15:33:37.376010
SCVUF,The Siam Cement Public Company Limited,7.16,0.0,0.0,62,6,8594000000,2026-09-27T15:33:37.376010
RMYHY,Ramsay Health Care Limited,9.27,0.0,0.0,2,26,8559000000,2026-09-27T15:33:37.376010
FNMAH,Federal National Mortgage Association,6.0,0.2,3.45,350,9628,8539000000,2026-09-27T15:33:37.376010
MTLHF,Mitsubishi Chemical Group Corporation,6.26,0.0,0.0,20,24,8505000000,2026-09-27T15:33:37.376010
YMM,Full Truck Alliance Co. Ltd.,8.13,-0.03,-0.37,4059000,6500000,8503000000,2026-09-27T15:33:37.376010
JAPSY,"Japan Airlines Co., Ltd.",9.85,0.2,2.07,283,34046,8468000000,2026-09-27T15:33:37.376010
KLYCY,Kunlun Energy Company Limited,9.74,-0.01,-0.1,1137,4242,8396000000,2026-09-27T15:33:37.376010
LZRFY,Localiza Rent a Car S.A.,7.6,0.08,1.04,7984,47515,8395000000,2026-09-27T15:33:37.376010
DVDCF,Davide Campari-Milano N.V.,6.88,0.0,0.0,1000,955,8252000000,2026-09-27T15:33:37.376010
DVCMY,Davide Campari-Milano N.V.,6.8,0.01,0.22,9815,197039,8162000000,2026-09-27T15:33:37.376010
DNPLY,"Dai Nippon Printing Co., Ltd.",9.5,0.44,4.86,1140,6796,8129000000,2026-09-27T15:33:37.376010
SCVPF,The Siam Cement Public Company Limited,7.81,0.0,0.0,1100,125,8125000000,2026-09-27T15:33:37.376010
ELPQF,"El Puerto de Liverpool, S.A.B. de C.V.",6.03,0.0,0.0,100,226,8093000000,2026-09-27T15:33:37.376010
MLSPF,Melrose Industries PLC,6.47,-0.03,-0.46,100,39274,8062000000,2026-09-27T15:33:37.376010
GWLLY,Great Wall Motor Company Limited,9.34,0.0,0.0,110,766,7991000000,2026-09-27T15:33:37.376010
EGIEY,Engie Brasil Energia S.A.,5.58,-0.55,-8.97,10061,49776,7903000000,2026-09-27T15:33:37.376010
MEBUF,"Mebuki Financial Group,Inc.",8.41,0.0,0.0,160,3,7893000000,2026-09-27T15:33:37.376010
GIKLY,"Grifols, S.A.",5.75,0.0,0.0,1,42,7827000000,2026-09-27T15:33:37.376010
ASGLY,AGC Inc.,7.29,-0.09,-1.22,100,4593,7742000000,2026-09-27T15:33:37.376010
FNMAO,Federal National Mortgage Association,9.9,0.0,0.0,304,1355,7658000000,2026-09-27T15:33:37.376010
FLGZY,Flughafen Zürich AG,9.95,0.0,0.0,2230,447,7636000000,2026-09-27T15:33:37.376010
UGP,Ultrapar Participações S.A.,7.1,-0.39,-5.21,6545000,3731000,7566000000,2026-09-27T15:33:37.376010
DTCWY,Deutsche Wohnen SE,9.46,0.0,0.0,1,33,7510000000,2026-09-27T15:33:37.376010
SFFLY,Schaeffler AG,7.87,-0.14,-1.75,413,6351,7436000000,2026-09-27T15:33:37.376010
MTHRY,"M3, Inc.",5.57,0.19,3.53,11600,124734,7423000000,2026-09-27T15:33:37.376010
BCHMY,Bachem Holding AG,9.77,-0.22,-2.18,1103,4416,7323000000,2026-09-27T15:33:37.376010
OPHLY,"Ono Pharmaceutical Co., Ltd.",5.19,0.05,0.97,9701,44719,7317000000,2026-09-27T15:33:37.376010
DUFRY,Avolta AG,5.15,0.14,2.79,478,64988,7288000000,2026-09-27T15:33:37.376010
PTBRY,PT Bank Negara Indonesia (Persero) Tbk,9.78,-0.32,-3.17,1842,1833,7287000000,2026-09-27T15:33:37.376010
GAILF,GAIL (India) Limited,6.64,0.0,0.0,8,17,7276000000,2026-09-27T15:33:37.376010
BTG,B2Gold Corp.,5.48,0.16,3.01,18978000,24689000,7239000000,2026-09-27T15:33:37.376010
COMP,"Compass, Inc.",9.38,0.09,0.97,13655000,12828000,7201000000,2026-09-27T15:33:37.376010
DSVSF,Discovery Mining Ltd.,8.84,0.12,1.42,26421,429112,7200000000,2026-09-27T15:33:37.376010
SEOFF,Stora Enso Oyj,9.09,0.0,0.0,1000,6,7136000000,2026-09-27T15:33:37.376010
SCAFF,Schaeffler AG,7.55,0.1,1.28,20,335,7130000000,2026-09-27T15:33:37.376010
KGFHY,Kingfisher plc,8.8,0.06,0.69,11562,165257,7127000000,2026-09-27T15:33:37.376010
KBDCF,Kingboard Holdings Limited,6.3,0.0,0.0,200,72,7073000000,2026-09-27T15:33:37.376010
MYTKY,Magyar Telekom Távközlési Nyilvánosan Müködö Részvénytársaság,7.89,0.05,0.64,5079,4360,7058000000,2026-09-27T15:33:37.376010
DIFTY,"Daito Trust Construction Co.,Ltd.",5.37,0.17,3.27,21,117239,6997000000,2026-09-27T15:33:37.376010
HULCF,"Hulic Co., Ltd.",9.17,0.0,0.0,250,1,6960000000,2026-09-27T15:33:37.376010
PTCAY,PT Chandra Asri Pacific Tbk,8.0,0.0,0.0,37,14,6917000000,2026-09-27T15:33:37.376010
SFGYY,Sony Financial Group Inc.,5.11,0.15,3.02,2653,108280,6856000000,2026-09-27T15:33:37.376010
MBLY,Mobileye Global Inc.,8.03,0.34,4.42,6263000,6115000,6827000000,2026-09-27T15:33:37.376010
BMBRF,BIM Birlesik Magazalar A.S.,5.75,0.0,0.0,400,9,6818000000,2026-09-27T15:33:37.376010
HLUBF,H. Lundbeck A/S,6.4,0.0,0.0,1,64,6793000000,2026-09-27T15:33:37.376010
IFSUF,Infrastrutture Wireless Italiane S.p.A.,7.46,0.0,0.0,540,96,6733000000,2026-09-27T15:33:37.376010
AGRPF,Absa Group Limited,8.11,0.0,0.0,176,2,6716000000,2026-09-27T15:33:37.376010
HLBBF,H. Lundbeck A/S,6.76,0.0,0.0,700,52,6702000000,2026-09-27T15:33:37.376010
ESYJY,easyJet plc,8.93,0.04,0.45,53,24171,6675000000,2026-09-27T15:33:37.376010
EJTTF,easyJet plc,8.89,0.0,0.0,200,146,6646000000,2026-09-27T15:33:37.376010
SRTTY,"ZOZO, Inc.",7.56,0.0,0.0,100,8690,6582000000,2026-09-27T15:33:37.376010
BCVVF,BOC Aviation Limited,9.38,0.0,0.0,522,22,6513000000,2026-09-27T15:33:37.376010
CHLLY,China Literature Limited,6.4,0.0,0.0,0,12,6466000000,2026-09-27T15:33:37.376010
OWL,Blue Owl Capital Inc.,9.32,0.07,0.76,14901000,18906000,6374000000,2026-09-27T15:33:37.376010
GSISF,Genesis Minerals Limited,5.4,0.0,0.0,650,5251,6345000000,2026-09-27T15:33:37.376010
JOBY,"Joby Aviation, Inc.",6.32,0.02,0.32,20158000,35580000,6297000000,2026-09-27T15:33:37.376010
ALBBY,Alibaba Health Information Technology Limited,7.78,0.0,0.0,1,475,6292000000,2026-09-27T15:33:37.376010
BCUCY,Brunello Cucinelli S.p.A.,9.13,-0.07,-0.76,500,31671,6208000000,2026-09-27T15:33:37.376010
BALDF,Fastighets AB Balder (publ),5.3,0.0,0.0,3591,73,6202000000,2026-09-27T15:33:37.376010
DKDRF,NewMed Energy - Limited Partnership,5.28,0.0,0.0,520,522,6202000000,2026-09-27T15:33:37.376010
NXE,NexGen Energy Ltd.,9.19,-0.08,-0.86,2408000,4649000,6162000000,2026-09-27T15:33:37.376010
KLKBY,Kuala Lumpur Kepong Berhad,5.5,0.0,0.0,857,5,6125000000,2026-09-27T15:33:37.376010
LSGOF,Land Securities Group Plc,8.19,-0.42,-4.88,1000,247,6099000000,2026-09-27T15:33:37.376010
LDSCY,Land Securities Group Plc,8.18,0.03,0.37,5811,86423,6095000000,2026-09-27T15:33:37.376010
PCHUY,PTT Global Chemical Public Company Limited,6.73,0.0,0.0,167,48,6069000000,2026-09-27T15:33:37.376010
ERELY,Eregli Demir ve Çelik Fabrikalari T.A.S.,9.0,0.0,0.0,20,5,6050000000,2026-09-27T15:33:37.376010
REECF,Reece Limited,9.8,0.0,0.0,200,2,6028000000,2026-09-27T15:33:37.376010
CDEVY,City Developments Limited,6.74,0.37,5.81,14,1592,6022000000,2026-09-27T15:33:37.376010
RIG,Transocean Ltd.,5.38,-0.05,-0.92,29097000,42478000,6009000000,2026-09-27T15:33:37.376010
PGPKY,PGE Polska Grupa Energetyczna S.A.,5.27,0.0,0.0,664,29,5912000000,2026-09-27T15:33:37.376010
ASLTY,"Asymchem Laboratories (Tianjin) Co., Ltd.",8.15,0.0,0.0,100,7,5900000000,2026-09-27T15:33:37.376010
LUMN,"Lumen Technologies, Inc.",5.71,-0.15,-2.56,9554000,12742000,5890000000,2026-09-27T15:33:37.376010
SHTDY,Sinopharm Group Co. Ltd.,9.43,0.01,0.11,13105,146019,5886000000,2026-09-27T15:33:37.376010
UMICY,Umicore SA,6.1,0.1,1.72,100,39625,5870000000,2026-09-27T15:33:37.376010
SGHHF,"SG Holdings Co.,Ltd.",9.77,0.0,0.0,900,50,5830000000,2026-09-27T15:33:37.376010
NXDCF,NEXTDC Limited,7.63,0.08,1.06,600,1777,5803000000,2026-09-27T15:33:37.376010
CDEVF,City Developments Limited,6.49,0.0,0.0,309,29,5798000000,2026-09-27T15:33:37.376010
SGHDY,"SG Holdings Co.,Ltd.",9.65,0.0,0.0,1000,15,5759000000,2026-09-27T15:33:37.376010
SATLF,"ZOZO, Inc.",6.57,0.0,0.0,300,12,5719000000,2026-09-27T15:33:37.376010
KMRRF,Kongsberg Maritime ASA,6.4,0.0,0.0,5000,637,5629000000,2026-09-27T15:33:37.376010
BTDPY,Barratt Redrow plc,8.17,0.18,2.23,251,32419,5627000000,2026-09-27T15:33:37.376010
REGMF,"RemeGen Co., Ltd.",9.96,0.0,0.0,400,47,5614000000,2026-09-27T15:33:37.376010
UOLGF,UOL Group Limited,6.61,-1.43,-17.73,200,4,5606000000,2026-09-27T15:33:37.376010
SHMAY,Shimao Group Holdings Limited,5.39,0.0,0.0,25,6,5592000000,2026-09-27T15:33:37.376010
FOVSY,Ford Otomotiv Sanayi A.S.,7.95,0.0,0.0,100,23,5579000000,2026-09-27T15:33:37.376010
IVTJF,Investec Group,8.86,0.0,0.0,1500,39,5552000000,2026-09-27T15:33:37.376010
BTLCY,British Land Company PLC,5.36,0.0,0.0,11036,37657,5494000000,2026-09-27T15:33:37.376010
RTOXF,Rotork plc,6.7,0.0,0.0,2985,3011,5457000000,2026-09-27T15:33:37.376010
COENF,Contact Energy Limited,5.03,0.0,0.0,200,2080,5385000000,2026-09-27T15:33:37.376010
FMCKN,Federal Home Loan Mortgage Corporation,6.7,0.0,0.0,500,4834,5381000000,2026-09-27T15:33:37.376010
FMCKJ,Federal Home Loan Mortgage Corporation,7.64,0.19,2.55,33165,208207,5218000000,2026-09-27T15:33:37.376010
SMFSY,"Sumitomo Forestry Co., Ltd.",8.49,0.0,0.0,100,10,5206000000,2026-09-27T15:33:37.376010
GGPSF,Greatland Resources Limited,7.7,-0.12,-1.53,300,2724,5195000000,2026-09-27T15:33:37.376010
TSHXY,Tosoh Corporation,8.43,0.0,0.0,100,12,5188000000,2026-09-27T15:33:37.376010
WTBDY,Whitbread plc,7.73,0.07,0.91,1590,12688,5168000000,2026-09-27T15:33:37.376010
NMEHF,"Nomura Real Estate Holdings, Inc.",6.05,0.0,0.0,1,83,5168000000,2026-09-27T15:33:37.376010
TKMTY,"Tokyo Metro Co., Ltd.",8.87,0.0,0.0,700,106,5150000000,2026-09-27T15:33:37.376010
BECTY,Bechtle AG,8.17,0.0,0.0,100,41,5147000000,2026-09-27T15:33:37.376010
RICOF,"Ricoh Company, Ltd.",9.19,0.0,0.0,400,1,5144000000,2026-09-27T15:33:37.376010
AYALY,Ayala Corporation,8.1,-0.85,-9.5,119,807,5110000000,2026-09-27T15:33:37.376010
RITM,Rithm Capital Corp.,9.13,0.01,0.11,8023000,5509000,5098000000,2026-09-27T15:33:37.376010
AYYLF,Ayala Corporation,8.0,0.0,0.0,500,80,5047000000,2026-09-27T15:33:37.376010
HSHZY,Hoshizaki Corporation,8.98,0.0,0.0,100,292,5021000000,2026-09-27T15:33:37.376010
GRFS,"Grifols, S.A.",7.35,0.15,2.08,507227,632487,5002000000,2026-09-27T15:33:37.376010
YKLTY,"Yakult Honsha Co.,Ltd.",8.74,0.74,9.25,1,268,4977000000,2026-09-27T15:33:37.376010
ATDRF,Autotrader Group plc,6.45,0.0,0.0,1100,140,4976000000,2026-09-27T15:33:37.376010
GBTG,"Global Business Travel Group, Inc.",9.5,0.03,0.32,1963000,1719000,4963000000,2026-09-27T15:33:37.376010
IEP,Icahn Enterprises L.P.,6.96,0.01,0.14,560777,978171,4948000000,2026-09-27T15:33:37.376010
ANIOY,"Acerinox, S.A.",9.9,0.0,0.0,200,1301,4933000000,2026-09-27T15:33:37.376010
UBTRF,Ubtech Robotics Corp Ltd,9.8,-0.33,-3.26,1650,4686,4933000000,2026-09-27T15:33:37.376010
OJIPF,Oji Holdings Corporation,5.8,0.0,0.0,140,2,4926000000,2026-09-27T15:33:37.376010
ENGGY,"Enagás, S.A.",9.43,0.03,0.32,600,2825,4909000000,2026-09-27T15:33:37.376010
FLIDY,FLSmidth & Co. A/S,9.21,0.0,0.0,400,244,4894000000,2026-09-27T15:33:37.376010
SMFRF,"Sumitomo Forestry Co., Ltd.",7.98,0.0,0.0,10000,289,4893000000,2026-09-27T15:33:37.376010
YMATF,Azbil Corporation,9.73,0.0,0.0,200,9,4852000000,2026-09-27T15:33:37.376010
PCCWY,PCCW Limited,6.26,0.0,0.0,60,433,4850000000,2026-09-27T15:33:37.376010
BB,BlackBerry Limited,8.21,-0.52,-5.96,30087000,16867000,4820000000,2026-09-27T15:33:37.376010
FMCKM,Federal Home Loan Mortgage Corporation,5.99,0.19,3.28,16849,5293,4819000000,2026-09-27T15:33:37.376010
GIFOF,"Grifols, S.A.",7.08,-1.77,-20.0,4414,11,4819000000,2026-09-27T15:33:37.376010
HAFN,Hafnia Limited,8.92,0.0,0.0,4178000,1764000,4775000000,2026-09-27T15:33:37.376010
SHPMY,"Shanghai Pharmaceuticals Holding Co., Ltd",6.41,0.0,0.0,7,61,4754000000,2026-09-27T15:33:37.376010
FMCKO,Federal Home Loan Mortgage Corporation,5.91,0.0,0.0,4100,6680,4681000000,2026-09-27T15:33:37.376010
ADT,ADT Inc.,6.4,0.04,0.63,6767000,7782000,4676000000,2026-09-27T15:33:37.376010
PIFFY,PT Indofood CBP Sukses Makmur Tbk,8.0,0.0,0.0,300,43,4665000000,2026-09-27T15:33:37.376010
LGFRY,Longfor Group Holdings Limited,6.77,-0.15,-2.17,701,96293,4661000000,2026-09-27T15:33:37.376010
UEC,Uranium Energy Corp.,9.41,-0.06,-0.63,6177000,8118000,4657000000,2026-09-27T15:33:37.376010
FMCKI,Federal Home Loan Mortgage Corporation,6.18,0.1,1.71,300,3470,4656000000,2026-09-27T15:33:37.376010
LVZPF,Livzon Pharmaceutical Group Inc.,5.22,0.0,0.0,1,1,4635000000,2026-09-27T15:33:37.376010
RKGRY,RENK Group AG,9.25,0.0,0.0,2000,245,4625000000,2026-09-27T15:33:37.376010
SKBNF,Shikun & Binui Ltd.,7.88,0.0,0.0,100,1,4593000000,2026-09-27T15:33:37.376010
SOHVY,"Sumitomo Heavy Industries, Ltd.",9.64,0.0,0.0,3,159,4574000000,2026-09-27T15:33:37.376010
NWSGY,CTF Services Limited,10.0,0.0,0.0,1,11,4565000000,2026-09-27T15:33:37.376010
HPHTY,Hamamatsu Photonics K.K.,7.9,0.0,0.0,140,336,4562000000,2026-09-27T15:33:37.376010
TKC,Turkcell Iletisim Hizmetleri A.S.,5.17,0.04,0.78,1086000,2319000,4501000000,2026-09-27T15:33:37.376010
MZDAF,Mazda Motor Corporation,7.1,-0.35,-4.7,2,269,4480000000,2026-09-27T15:33:37.376010
FMCCJ,Federal Home Loan Mortgage Corporation,9.85,0.1,1.03,2175,1646,4464000000,2026-09-27T15:33:37.376010
FMCKL,Federal Home Loan Mortgage Corporation,6.1,0.29,4.99,7600,29412,4463000000,2026-09-27T15:33:37.376010
ONDS,Ondas Inc.,7.64,0.04,0.53,70723000,82402000,4449000000,2026-09-27T15:33:37.376010
RTMVF,Rightmove plc,6.1,0.0,0.0,1000,47,4440000000,2026-09-27T15:33:37.376010
FMCCI,Federal Home Loan Mortgage Corporation,9.75,0.0,0.0,250,8925,4430000000,2026-09-27T15:33:37.376010
CMZOF,"Corporación Moctezuma, S.A.B. de C.V.",5.21,0.0,0.0,100,1,4413000000,2026-09-27T15:33:37.376010
TNEYF,Tamarack Valley Energy Ltd.,9.28,-0.08,-0.85,1000,393822,4395000000,2026-09-27T15:33:37.376010
DNPUF,"Sumitomo Pharma Co., Ltd.",9.79,0.0,0.0,118,46,4392000000,2026-09-27T15:33:37.376010
FMCCG,Federal Home Loan Mortgage Corporation,9.51,0.0,0.0,400,1165,4376000000,2026-09-27T15:33:37.376010
ACHR,Archer Aviation Inc.,5.61,-0.1,-1.75,25492000,32528000,4320000000,2026-09-27T15:33:37.376010
ADOOY,PT Alamtri Resources Indonesia Tbk,7.47,0.0,0.0,190,346,4303000000,2026-09-27T15:33:37.376010
FMCCN,Federal Home Loan Mortgage Corporation,9.65,0.0,0.0,150,758,4272000000,2026-09-27T15:33:37.376010
BXRBF,Bendigo and Adelaide Bank Limited,7.4,0.0,0.0,800,60,4271000000,2026-09-27T15:33:37.376010
RBSFY,Rubis,8.22,0.0,0.0,1,401,4248000000,2026-09-27T15:33:37.376010
IPGDF,IGO Limited,5.6,0.0,0.0,300,85,4241000000,2026-09-27T15:33:37.376010
AMVOY,Aumovio SE,8.38,0.13,1.6,475,4766,4191000000,2026-09-27T15:33:37.376010
WHITF,Whitehaven Coal Limited,5.1,-0.05,-0.97,4200,8112,4191000000,2026-09-27T15:33:37.376010
SGAMY,Sega Sammy Holdings Inc.,5.15,0.0,0.0,337,10480,4182000000,2026-09-27T15:33:37.376010
BUHPF,Bumrungrad Hospital Public Company Limited,6.0,0.0,0.0,100,1,4175000000,2026-09-27T15:33:37.376010
TUIFF,TUI AG,8.2,0.0,0.0,100,58,4161000000,2026-09-27T15:33:37.376010
APNHY,Aspen Pharmacare Holdings Limited,9.58,-0.47,-4.68,100,563,4147000000,2026-09-27T15:33:37.376010
RUM,RUM Group Inc.,8.36,-0.24,-2.79,2708000,4089000,4145000000,2026-09-27T15:33:37.376010
VLEEY,Valeo SE,8.55,0.28,3.39,850,4552,4130000000,2026-09-27T15:33:37.376010
RGRNF,Regis Resources Limited,5.44,0.01,0.09,30,1074,4127000000,2026-09-27T15:33:37.376010
CYAGF,"CyberAgent, Inc.",8.06,0.0,0.0,100,2,4089000000,2026-09-27T15:33:37.376010
CCC,CCC Intelligent Solutions Holdings Inc.,6.9,0.03,0.44,14330000,10854000,4064000000,2026-09-27T15:33:37.376010
MTLMY,Metallium Limited,5.4,-0.07,-1.37,260,18333,4062000000,2026-09-27T15:33:37.376010
BKGFY,The Berkeley Group Holdings plc,8.89,0.1,1.14,9121,62384,4046000000,2026-09-27T15:33:37.376010
AGLNF,AGL Energy Limited,5.95,0.0,0.0,1100,692,4003000000,2026-09-27T15:33:37.376010
CHFFY,China Everbright Environment Group Limited,6.49,0.0,0.0,126,17,3984000000,2026-09-27T15:33:37.376010
SHTPY,SCHOTT Pharma AG & Co. KGaA,6.55,0.0,0.0,100,14,3946000000,2026-09-27T15:33:37.376010
SDIPF,Frasers Group Plc,9.08,0.0,0.0,2245,16,3886000000,2026-09-27T15:33:37.376010
BULL,Webull Corporation,7.19,-0.07,-0.96,7412000,12916000,3880000000,2026-09-27T15:33:37.376010
ENREF,Energix - Renewable Energies Ltd.,6.53,0.0,0.0,100,7,3860000000,2026-09-27T15:33:37.376010
APNHF,Aspen Pharmacare Holdings Limited,8.9,0.0,0.0,100,4,3851000000,2026-09-27T15:33:37.376010
AQN,Algonquin Power & Utilities Corp.,5.0,-0.02,-0.4,2982000,4206000,3850000000,2026-09-27T15:33:37.376010
GMVHF,Entain Plc,6.01,-0.14,-2.21,1000,18896,3846000000,2026-09-27T15:33:37.376010
SEBYY,SEB SA,6.98,0.0,0.0,100,3,3830000000,2026-09-27T15:33:37.376010
HCHDF,Hochschild Mining plc,7.44,-0.08,-1.06,620,4063,3828000000,2026-09-27T15:33:37.376010
AGLXY,AGL Energy Limited,5.68,-0.13,-2.24,1200,2050,3821000000,2026-09-27T15:33:37.376010
SOHGF,"Alsok Co.,Ltd.",7.85,0.0,0.0,1100,8,3816000000,2026-09-27T15:33:37.376010
CFIGF,Challenger Limited,5.6,0.0,0.0,100,76,3802000000,2026-09-27T15:33:37.376010
GMVHY,Entain Plc,5.92,0.07,1.2,5776,42665,3788000000,2026-09-27T15:33:37.376010
EENEF,RS Group plc,8.2,0.0,0.0,800,4,3757000000,2026-09-27T15:33:37.376010
INDOY,Indorama Ventures Public Company Limited,6.69,0.0,0.0,1,14,3756000000,2026-09-27T15:33:37.376010
TEPCF,"Tohoku Electric Power Company, Incorporated",7.45,0.0,0.0,100,1,3731000000,2026-09-27T15:33:37.376010
DNP,DNP Select Income Fund Inc.,9.8,-0.05,-0.51,1163000,689163,3712000000,2026-09-27T15:33:37.376010
USSJF,"USS Co., Ltd.",8.17,0.0,0.0,14,59,3710000000,2026-09-27T15:33:37.376010
ROYUY,Royal Unibrew A/S,7.69,0.0,0.0,100,1,3637000000,2026-09-27T15:33:37.376010
FLMNY,Fielmann Group AG,8.55,0.0,0.0,4512,300,3589000000,2026-09-27T15:33:37.376010
SMGSY,SMG Swiss Marketplace Group Holding AG,7.39,0.0,0.0,500,45,3581000000,2026-09-27T15:33:37.376010
MANDF,Mandatum Oyj,7.11,0.0,0.0,500,48,3578000000,2026-09-27T15:33:37.376010
GNW,"Genworth Financial, Inc.",9.43,-0.02,-0.21,3095000,3290000,3563000000,2026-09-27T15:33:37.376010
SGIPF,"Sugi Holdings Co.,Ltd.",9.49,0.0,0.0,100,3,3533000000,2026-09-27T15:33:37.376010
ATHOF,Athabasca Oil Corporation,7.31,0.15,2.09,3500,337817,3518000000,2026-09-27T15:33:37.376010
HMKIY,Huhtamäki Oyj,8.35,0.0,0.0,200,3,3507000000,2026-09-27T15:33:37.376010
SKLTF,SEEK Limited,9.8,0.0,0.0,100,46,3506000000,2026-09-27T15:33:37.376010
SMR,NuScale Power Corporation,8.42,-0.05,-0.59,29156000,33000000,3455000000,2026-09-27T15:33:37.376010
WYGPF,Worley Limited,7.07,0.0,0.0,300,161,3448000000,2026-09-27T15:33:37.376010
UTGPF,Unite Group PLC,6.69,0.0,0.0,1500,119,3437000000,2026-09-27T15:33:37.376010
QUCOF,"Quálitas Controladora, S.A.B. de C.V.",8.7,0.0,0.0,110,71,3431000000,2026-09-27T15:33:37.376010
IMQCF,"Colonial SFL, Socimi S. A.",5.45,0.0,0.0,1,200,3412000000,2026-09-27T15:33:37.376010
ABDBY,Alm. Brand A/S,5.0,0.0,0.0,100,1,3398000000,2026-09-27T15:33:37.376010
WYNMY,"Wynn Macau, Limited",6.4,-0.16,-2.44,450,4485,3376000000,2026-09-27T15:33:37.376010
SZGPY,Salzgitter AG,6.1,0.09,1.5,509,1415,3354000000,2026-09-27T15:33:37.376010
HXPLF,HEXPOL AB (publ),9.66,0.0,0.0,1200,449,3338000000,2026-09-27T15:33:37.376010
ITVPY,ITV plc,9.08,-0.16,-1.73,100,15698,3336000000,2026-09-27T15:33:37.376010
TKHCF,"Koei Tecmo Holdings Co., Ltd.",9.95,0.0,0.0,50,64,3326000000,2026-09-27T15:33:37.376010
TATYF,Tate & Lyle plc,7.51,0.0,0.0,300,884,3324000000,2026-09-27T15:33:37.376010
DRXGF,Drax Group plc,9.78,0.0,0.0,2000,1,3292000000,2026-09-27T15:33:37.376010
YAMCY,Yamaha Corporation,7.47,-0.83,-10.0,31,2057,3286000000,2026-09-27T15:33:37.376010
ABTZY,"Aboitiz Equity Ventures, Inc.",5.9,0.0,0.0,200,8,3276000000,2026-09-27T15:33:37.376010
ELALF,El Al Israel Airlines Ltd.,5.5,0.0,0.0,100,553,3254000000,2026-09-27T15:33:37.376010
LBTYA,Liberty Global Ltd.,9.45,0.03,0.32,2388000,2329000,3223000000,2026-09-27T15:33:37.376010
QNTQF,QinetiQ Group plc,6.3,0.0,0.0,100,176,3215000000,2026-09-27T15:33:37.376010
KPLUY,K+S Aktiengesellschaft,8.93,-0.01,-0.11,120,3798,3199000000,2026-09-27T15:33:37.376010
NPSKF,NSK Ltd.,6.52,0.0,0.0,400,91,3190000000,2026-09-27T15:33:37.376010
TEPCY,"Tohoku Electric Power Company, Incorporated",6.37,0.0,0.0,1,14,3190000000,2026-09-27T15:33:37.376010
LBTYK,Liberty Global Ltd.,9.26,0.03,0.33,1458000,1466000,3158000000,2026-09-27T15:33:37.376010
WYGPY,Worley Limited,6.47,-0.32,-4.71,1926,2863,3155000000,2026-09-27T15:33:37.376010
TGB,Trekor Metals Limited,8.61,-0.36,-4.01,6918000,5749000,3151000000,2026-09-27T15:33:37.376010
NG,NovaGold Resources Inc.,7.13,-0.01,-0.14,3203000,5372000,3129000000,2026-09-27T15:33:37.376010
BKQNY,Bank of Queensland Limited,9.52,0.0,0.0,791,49,3122000000,2026-09-27T15:33:37.376010
PEGRF,Pennon Group Plc,6.47,0.0,0.0,297,84,3054000000,2026-09-27T15:33:37.376010
KELRF,"Keisei Electric Railway Co., Ltd.",6.27,0.0,0.0,500,158,3024000000,2026-09-27T15:33:37.376010
NEA,Nuveen AMT-Free Quality Municipal Income Fund,10.0,0.03,0.3,2215000,1164000,3021000000,2026-09-27T15:33:37.376010
BOSSY,Hugo Boss AG,8.75,0.0,0.0,100,280,3019000000,2026-09-27T15:33:37.376010
PALAF,Paladin Energy Ltd,6.71,-0.08,-1.18,4283,35171,3015000000,2026-09-27T15:33:37.376010
NGSCF,"Nagase & Co., Ltd.",7.36,0.0,0.0,4000,112,3007000000,2026-09-27T15:33:37.376010
PONY,Pony AI Inc.,6.89,-0.2,-2.82,3569000,3761000,2993000000,2026-09-27T15:33:37.376010
OUTFF,Outokumpu Oyj,6.1,0.0,0.0,300,14,2983000000,2026-09-27T15:33:37.376010
ZONNF,"NOS, S.G.P.S., S.A.",5.81,0.0,0.0,500,181,2978000000,2026-09-27T15:33:37.376010
CSPKY,COSCO SHIPPING Ports Limited,7.39,0.0,0.0,1,27,2968000000,2026-09-27T15:33:37.376010
MILGF,Mitsubishi Logistics Corporation,8.62,0.0,0.0,1,4,2921000000,2026-09-27T15:33:37.376010
ZLDPY,Zealand Pharma A/S,8.67,0.0,0.0,100,12,2909000000,2026-09-27T15:33:37.376010
KC,Kingsoft Cloud Holdings Limited,9.66,-0.08,-0.82,661436,1435000,2892000000,2026-09-27T15:33:37.376010
TKKYY,Türkiye Sise Ve Cam Fabrikalari A.S.,9.66,0.0,0.0,100,4,2891000000,2026-09-27T15:33:37.376010
THYCY,Taiheiyo Cement Corporation,6.63,0.0,0.0,2546,71,2890000000,2026-09-27T15:33:37.376010
TMRAY,Tomra Systems ASA,9.75,0.13,1.35,900,23925,2883000000,2026-09-27T15:33:37.376010
IHS,IHS Holding Limited,8.43,0.01,0.12,148989,1101000,2852000000,2026-09-27T15:33:37.376010
JGSMY,"JG Summit Holdings, Inc.",7.57,0.0,0.0,79,1,2847000000,2026-09-27T15:33:37.376010
KPTCY,"Kansai Paint Co., Ltd.",8.02,0.0,0.0,224,1,2843000000,2026-09-27T15:33:37.376010
TMRAF,Tomra Systems ASA,9.61,-0.48,-4.76,200,268,2842000000,2026-09-27T15:33:37.376010
SLTCY,Siltronic AG,8.6,0.0,0.0,100,284,2838000000,2026-09-27T15:33:37.376010
SUEZY,Südzucker AG,6.9,0.0,0.0,2403,111,2818000000,2026-09-27T15:33:37.376010
HACBF,"Hachijuni Nagano Bank, Ltd.",6.13,0.0,0.0,5600,83,2786000000,2026-09-27T15:33:37.376010
EXK,Endeavour Silver Corp.,9.39,0.23,2.51,6101000,7657000,2781000000,2026-09-27T15:33:37.376010
GPK,Graphic Packaging Holding Company,9.38,0.04,0.43,4222000,5185000,2777000000,2026-09-27T15:33:37.376010
PGEN,"Precigen, Inc.",7.75,0.05,0.65,6564000,4929000,2775000000,2026-09-27T15:33:37.376010
LYSFY,Lerøy Seafood Group ASA,9.25,0.0,0.0,200,14,2754000000,2026-09-27T15:33:37.376010
RENZY,"REN - Redes Energéticas Nacionais, SGPS, S.A.",8.16,0.0,0.0,200,6,2706000000,2026-09-27T15:33:37.376010
SOUN,"SoundHound AI, Inc.",6.05,-0.05,-0.82,11787000,28660000,2687000000,2026-09-27T15:33:37.376010
HOS,"Hornbeck Offshore Services, Inc.",8.19,-0.11,-1.33,2023000,1793000,2678000000,2026-09-27T15:33:37.376010
AZLGY,Azelis Group NV,5.5,0.0,0.0,200,3,2677000000,2026-09-27T15:33:37.376010
OVHGY,OVH Groupe S.A.,8.78,0.0,0.0,581,24,2657000000,2026-09-27T15:33:37.376010
HXXPY,HEXPOL AB (publ),7.71,0.0,0.0,2610,5,2656000000,2026-09-27T15:33:37.376010
FBGGF,Fabege AB (publ),8.41,0.0,0.0,200,1,2646000000,2026-09-27T15:33:37.376010
OCDDY,Ocado Group plc,6.28,0.2,3.29,450,12953,2624000000,2026-09-27T15:33:37.376010
AMBFF,Ambu A/S,10.0,0.0,0.0,100,442,2607000000,2026-09-27T15:33:37.376010
MNSO,MINISO Group Holding Limited,8.78,-0.15,-1.68,613564,808761,2580000000,2026-09-27T15:33:37.376010
DREUF,Dream Industrial Real Estate Investment Trust,8.96,0.05,0.56,41,73555,2578000000,2026-09-27T15:33:37.376010
BLJZY,Berli Jucker Public Company Limited,6.4,0.0,0.0,200,1,2565000000,2026-09-27T15:33:37.376010
MRPLY,Mr Price Group Limited,9.96,0.0,0.0,1,390,2561000000,2026-09-27T15:33:37.376010
JPC,Nuveen Preferred & Income Opportunities Fund,6.82,0.02,0.29,2375000,1256000,2559000000,2026-09-27T15:33:37.376010
YUEIY,Yue Yuen Industrial (Holdings) Limited,7.93,0.09,1.15,2921,3701,2545000000,2026-09-27T15:33:37.376010
DJT,Trump Media & Technology Group Corp.,9.14,0.04,0.44,2052000,4071000,2540000000,2026-09-27T15:33:37.376010
TNISY,"Técnicas Reunidas, S.A.",6.5,0.0,0.0,115,1,2530000000,2026-09-27T15:33:37.376010
JBFCY,Jollibee Foods Corporation,9.0,0.12,1.35,120,2604,2522000000,2026-09-27T15:33:37.376010
HKUOF,Hakuhodo DY Holdings Inc,7.02,0.0,0.0,100,1,2520000000,2026-09-27T15:33:37.376010
NKRKY,Nokian Renkaat Oyj,9.09,-0.01,-0.11,100,4877,2508000000,2026-09-27T15:33:37.376010
BFLY,"Butterfly Network, Inc.",9.39,-0.02,-0.21,3734000,6651000,2500000000,2026-09-27T15:33:37.376010
RMGGY,Resolute Mining Limited,7.69,0.0,0.0,700,3,2497000000,2026-09-27T15:33:37.376010
PAGS,PagSeguro Digital Ltd.,9.05,0.03,0.33,1555000,2856000,2495000000,2026-09-27T15:33:37.376010
RNW,ReNew Energy Global Plc,6.84,-0.01,-0.15,1030000,2168000,2494000000,2026-09-27T15:33:37.376010
KOJAF,Lumo Kodit Oyj,9.4,0.0,0.0,100,1,2489000000,2026-09-27T15:33:37.376010
CHRUF,Chorus Limited,5.66,0.0,0.0,110,42,2469000000,2026-09-27T15:33:37.376010
AEMFF,AEM Holdings Ltd.,7.7,0.0,0.0,150,339,2461000000,2026-09-27T15:33:37.376010
MTAGF,Ceconomy AG,5.04,0.0,0.0,18,1,2446000000,2026-09-27T15:33:37.376010
PAYO,Payoneer Global Inc.,7.17,0.04,0.56,3479000,3680000,2430000000,2026-09-27T15:33:37.376010
SOHGY,"Alsok Co.,Ltd.",9.95,0.0,0.0,100,1,2418000000,2026-09-27T15:33:37.376010
GGGSY,Greggs plc,7.82,0.0,0.0,150,130,2392000000,2026-09-27T15:33:37.376010
OXFYY,Oxford Nanopore Technologies plc,9.71,0.27,2.86,100,41,2373000000,2026-09-27T15:33:37.376010
MEIUY,--,5.25,0.0,0.0,0,672,2371000000,2026-09-27T15:33:37.376010
OERLF,OC Oerlikon Corporation AG,7.14,0.0,0.0,2000,49,2363000000,2026-09-27T15:33:37.376010
TMLDF,Tasmea Limited,8.35,0.0,0.0,150,861,2342000000,2026-09-27T15:33:37.376010
RGNLF,Regional S.A.B. de C.V.,8.78,0.0,0.0,2300,37,2341000000,2026-09-27T15:33:37.376010
CGKEF,"The Chugoku Electric Power Co., Inc.",6.51,0.0,0.0,109,1,2341000000,2026-09-27T15:33:37.376010
SXGCF,Southern Cross Gold Consolidated Ltd.,8.66,0.0,0.0,1701,67014,2335000000,2026-09-27T15:33:37.376010
OSBGF,OSB Group Plc,6.93,-0.24,-3.35,200,124,2332000000,2026-09-27T15:33:37.376010
SMTGY,SMA Solar Technology AG,6.69,0.0,0.0,101,395,2321000000,2026-09-27T15:33:37.376010
THUPY,Thule Group AB (publ),9.88,0.06,0.61,2500,380,2321000000,2026-09-27T15:33:37.376010
KUKYF,"Kokuyo Co., Ltd.",5.59,0.0,0.0,100,1,2317000000,2026-09-27T15:33:37.376010
NWL,Newell Brands Inc.,5.43,-0.16,-2.86,6731000,8473000,2313000000,2026-09-27T15:33:37.376010
XXI,"Twenty One Capital, Inc.",6.64,0.01,0.15,1285000,1914000,2302000000,2026-09-27T15:33:37.376010
ECREY,Ecora Royalties PLC,9.18,0.0,0.0,100,117,2290000000,2026-09-27T15:33:37.376010
MBPFY,Mitchells & Butlers plc,7.7,0.0,0.0,200,10,2287000000,2026-09-27T15:33:37.376010
CADLF,Cadeler A/S,5.9,0.0,0.0,2024,128,2277000000,2026-09-27T15:33:37.376010
THOGF,"Toho Gas Co., Ltd.",6.44,0.0,0.0,200,4,2277000000,2026-09-27T15:33:37.376010
BGAOF,Proximus PLC,7.0,0.0,0.0,10,73,2261000000,2026-09-27T15:33:37.376010
INTR,"Inter & Co, Inc.",5.11,0.05,0.99,2900000,4728000,2256000000,2026-09-27T15:33:37.376010
CDDRF,Headwater Exploration Inc.,9.45,-0.07,-0.74,500,149722,2247000000,2026-09-27T15:33:37.376010
MXUBY,MIXUE Group,5.88,-0.36,-5.77,880,1706,2232000000,2026-09-27T15:33:37.376010
MBUMF,"Mabuchi Motor Co., Ltd.",9.45,0.0,0.0,100,1,2229000000,2026-09-27T15:33:37.376010
HLPXF,HELLENiQ ENERGY Holdings S.A.,7.24,0.0,0.0,200,8,2211000000,2026-09-27T15:33:37.376010
ELUXY,AB Electrolux (publ),5.41,0.1,1.88,100,4576,2195000000,2026-09-27T15:33:37.376010
BCRX,"BioCryst Pharmaceuticals, Inc.",8.59,0.07,0.82,3667000,4125000,2195000000,2026-09-27T15:33:37.376010
NISUF,Nissui Corporation,7.23,0.0,0.0,300,1,2193000000,2026-09-27T15:33:37.376010
AKRYY,Aker Solutions ASA,8.94,0.0,0.0,6000,511,2175000000,2026-09-27T15:33:37.376010
SMSGY,Samsonite Group S.A.,7.97,0.13,1.66,2758,37965,2174000000,2026-09-27T15:33:37.376010
RKUSF,"Rakus Co., Ltd.",6.12,0.0,0.0,200,6,2167000000,2026-09-27T15:33:37.376010
UNIT,Uniti Group Inc.,8.91,-0.02,-0.22,1480000,2141000,2163000000,2026-09-27T15:33:37.376010
IMYSY,Imerys S.A.,5.1,0.0,0.0,100,439,2163000000,2026-09-27T15:33:37.376010
HNLGY,Hang Lung Group Limited,7.9,0.0,0.0,102,349,2151000000,2026-09-27T15:33:37.376010
CTOS,"Custom Truck One Source, Inc.",9.45,0.22,2.38,476116,1016000,2150000000,2026-09-27T15:33:37.376010
SGBAF,SES S.A.,5.27,0.0,0.0,1,706,2145000000,2026-09-27T15:33:37.376010
STNE,StoneCo Ltd.,9.3,0.14,1.53,3917000,4840000,2145000000,2026-09-27T15:33:37.376010
BHC,Bausch Health Companies Inc.,5.69,0.04,0.71,1233000,3363000,2128000000,2026-09-27T15:33:37.376010
OCUL,"Ocular Therapeutix, Inc.",9.65,-0.17,-1.73,1621000,2362000,2119000000,2026-09-27T15:33:37.376010
BLRDF,Billerud AB (publ),8.49,0.0,0.0,1000,102,2112000000,2026-09-27T15:33:37.376010
NPNGY,"Nippon Gas Co., Ltd.",9.91,1.24,14.3,200,1,2111000000,2026-09-27T15:33:37.376010
ADMA,"ADMA Biologics, Inc.",9.38,-0.14,-1.47,3567000,2621000,2101000000,2026-09-27T15:33:37.376010
SBET,"Sharplink, Inc.",9.63,-0.32,-3.22,5226000,9003000,2092000000,2026-09-27T15:33:37.376010
MNSAF,Mineros S.A.,7.05,0.23,3.37,3393,21025,2091000000,2026-09-27T15:33:37.376010
SPKKY,Spark New Zealand Limited,5.53,-0.01,-0.18,1999,26649,2090000000,2026-09-27T15:33:37.376010
STUB,"StubHub Holdings, Inc.",5.44,0.05,0.93,5452000,6492000,2079000000,2026-09-27T15:33:37.376010
RNDOF,Round One Corporation,7.9,0.0,0.0,100,25,2076000000,2026-09-27T15:33:37.376010
ATEAY,Atea ASA,9.3,0.19,2.09,100,486,2075000000,2026-09-27T15:33:37.376010
LCSHF,Lancashire Holdings Limited,8.5,0.0,0.0,500,446,2067000000,2026-09-27T15:33:37.376010
ASAN,"Asana, Inc.",9.02,-0.14,-1.53,5069000,6229000,2065000000,2026-09-27T15:33:37.376010
KSRYY,KOSE Holdings Corporation,7.26,0.0,0.0,265,46,2060000000,2026-09-27T15:33:37.376010
NWCL,newcleo plc,7.43,-0.27,-3.57,281134,370180,2054000000,2026-09-27T15:33:37.376010
ALVO,Alvotech,5.75,-0.13,-2.21,705134,964584,2052000000,2026-09-27T15:33:37.376010
HSQVY,Husqvarna AB (publ),7.14,0.24,3.48,959,60382,2042000000,2026-09-27T15:33:37.376010
PHPPY,Signify N.V.,8.52,0.0,0.0,16,134,2035000000,2026-09-27T15:33:37.376010
STGW,Stagwell Inc.,8.32,0.01,0.12,703837,1341000,2034000000,2026-09-27T15:33:37.376010
QUBT,Quantum Computing Inc.,8.96,-0.2,-2.18,8053000,8418000,2028000000,2026-09-27T15:33:37.376010
KNCAY,"Konica Minolta, Inc.",8.19,0.0,0.0,2,34,2024000000,2026-09-27T15:33:37.376010
HROGF,"Hirogin Holdings, Inc.",6.82,0.0,0.0,100,1,2020000000,2026-09-27T15:33:37.376010
NUVB,Nuvation Bio Inc.,5.74,0.01,0.17,2816000,5887000,2015000000,2026-09-27T15:33:37.376010
TAVHF,TAV Havalimanlari Holding A.S.,5.54,0.0,0.0,2000,2,2013000000,2026-09-27T15:33:37.376010
CLM,"Cornerstone Strategic Investment Fund, Inc.",6.43,0.05,0.78,1609000,2110000,2007000000,2026-09-27T15:33:37.376010
EKTAF,Elekta AB (publ),5.21,0.0,0.0,800,271,1991000000,2026-09-27T15:33:37.376010
TODCF,Toda Corporation,6.7,0.0,0.0,0,1,1983000000,2026-09-27T15:33:37.376010
GNL,"Global Net Lease, Inc.",8.55,-0.08,-0.93,3445000,2482000,1978000000,2026-09-27T15:33:37.376010
MGLLF,Magellan Financial Group Limited,6.74,0.0,0.0,51,2,1972000000,2026-09-27T15:33:37.376010
DHC,Diversified Healthcare Trust,8.13,0.01,0.12,1093000,1681000,1969000000,2026-09-27T15:33:37.376010
WOSGF,Watches of Switzerland Group PLC,8.49,0.0,0.0,100,10544,1965000000,2026-09-27T15:33:37.376010
MTTWF,Metro AG,5.45,0.0,0.0,801,625,1963000000,2026-09-27T15:33:37.376010
CMGMF,Chemring Group PLC,7.2,0.0,0.0,125,555,1948000000,2026-09-27T15:33:37.376010
EKTAY,Elekta AB (publ),5.09,0.01,0.2,100,3344,1945000000,2026-09-27T15:33:37.376010
NLST,"Netlist, Inc.",5.56,-0.06,-1.07,434597,2509000,1944000000,2026-09-27T15:33:37.376010
NMZ,Nuveen Municipal High Income Opportunity Fund,9.02,-0.07,-0.77,1174000,795142,1943000000,2026-09-27T15:33:37.376010
DNERY,Downer EDI Limited,5.95,0.0,0.0,100,15,1942000000,2026-09-27T15:33:37.376010
TIC,"TIC Solutions, Inc.",8.89,0.02,0.23,1223000,1929000,1940000000,2026-09-27T15:33:37.376010
TVFCF,TF1 SA,9.19,0.0,0.0,100,74,1936000000,2026-09-27T15:33:37.376010
RUN,Sunrun Inc.,8.11,0.33,4.24,7295000,8907000,1935000000,2026-09-27T15:33:37.376010
APELF,"Alps Alpine Co., Ltd.",10.0,0.0,0.0,400,6,1932000000,2026-09-27T15:33:37.376010
TINLF,Teijin Limited,9.99,0.0,0.0,100,1,1929000000,2026-09-27T15:33:37.376010
AFBOF,African Rainbow Minerals Limited,10.0,0.0,0.0,600,11,1928000000,2026-09-27T15:33:37.376010
WU,The Western Union Company,6.18,0.15,2.49,8236000,9873000,1927000000,2026-09-27T15:33:37.376010
PLBL,Polibeli Group Ltd,5.26,-0.45,-7.88,170006,289284,1927000000,2026-09-27T15:33:37.376010
CMGMY,Chemring Group PLC,7.12,0.0,0.0,3650,1422,1926000000,2026-09-27T15:33:37.376010
GOF,Guggenheim Strategic Opportunities Fund,8.55,0.12,1.42,2680000,2400000,1910000000,2026-09-27T15:33:37.376010
VNET,"VNET Group, Inc.",6.64,-0.28,-4.05,5406000,4422000,1890000000,2026-09-27T15:33:37.376010
GIVPY,Grupo de Inversiones Suramericana S.A.,5.75,0.0,0.0,900,27,1884000000,2026-09-27T15:33:37.376010
DALXF,Spartan Delta Corp.,9.14,-0.13,-1.42,800,50461,1875000000,2026-09-27T15:33:37.376010
XRAY,DENTSPLY SIRONA Inc.,9.4,-0.13,-1.36,4895000,4673000,1874000000,2026-09-27T15:33:37.376010
RPBPF,Raspberry Pi Holdings plc,9.65,-0.2,-2.03,4451,8768,1869000000,2026-09-27T15:33:37.376010
TKCBF,"Tokai Carbon Co., Ltd.",9.22,0.0,0.0,400,16,1866000000,2026-09-27T15:33:37.376010
THQQF,Embracer Group AB (publ),8.5,0.0,0.0,400,385,1860000000,2026-09-27T15:33:37.376010
CYRBY,Cyrela Brazil Realty S.A. Empreendimentos e Participações,5.15,0.07,1.38,18401,12009,1858000000,2026-09-27T15:33:37.376010
PTKFY,PT Kalbe Farma Tbk.,8.2,0.53,6.91,9,398,1855000000,2026-09-27T15:33:37.376010
YLLXF,Yellow Cake plc,7.29,0.08,1.11,500,4360,1832000000,2026-09-27T15:33:37.376010
ARHOF,AmRest Holdings SE,8.52,0.0,0.0,854,6,1827000000,2026-09-27T15:33:37.376010
GAB,The Gabelli Equity Trust Inc.,5.32,0.05,0.95,1370000,859357,1827000000,2026-09-27T15:33:37.376010
RETDF,Reit 1 Ltd,9.0,0.0,0.0,100,1,1822000000,2026-09-27T15:33:37.376010
BRSL,Brightstar Lottery PLC,9.96,0.22,2.26,2705000,1935000,1820000000,2026-09-27T15:33:37.376010
WRD,WeRide Inc.,5.53,-0.26,-4.49,3732000,2353000,1819000000,2026-09-27T15:33:37.376010
ZEOOF,Zeon Corporation,9.35,0.0,0.0,1,3,1789000000,2026-09-27T15:33:37.376010
ASTVF,Austevoll Seafood ASA,8.85,0.0,0.0,150,76,1786000000,2026-09-27T15:33:37.376010
EERGF,Energean plc,9.67,-0.66,-6.39,250,147,1786000000,2026-09-27T15:33:37.376010
HRUFF,H&R Real Estate Investment Trust,6.69,0.0,0.0,1200,40079,1770000000,2026-09-27T15:33:37.376010
SFSHF,Safestore Holdings Plc,7.27,0.0,0.0,25,19,1768000000,2026-09-27T15:33:37.376010
IZMIF,"Izumi Co., Ltd.",8.39,0.0,0.0,100,1,1764000000,2026-09-27T15:33:37.376010
NEXT,NextDecade Corporation,6.56,-0.1,-1.58,2632000,2531000,1746000000,2026-09-27T15:33:37.376010
KNEVF,Kinnevik AB,6.2,0.0,0.0,600,212,1746000000,2026-09-27T15:33:37.376010
CGKEY,"The Chugoku Electric Power Co., Inc.",9.69,0.0,0.0,100,3,1743000000,2026-09-27T15:33:37.376010
SBDHF,"SHO-BOND Holdings Co.,Ltd.",8.65,0.0,0.0,1000,15,1734000000,2026-09-27T15:33:37.376010
MDCOY,PT Medco Energi Internasional Tbk,7.0,0.0,0.0,100,1,1731000000,2026-09-27T15:33:37.376010
EOPSF,Electro Optic Systems Holdings Limited,7.8,0.25,3.26,2000,29217,1729000000,2026-09-27T15:33:37.376010
TKFHY,Tekfen Holding Anonim Sirketi,9.69,0.0,0.0,100,18,1727000000,2026-09-27T15:33:37.376010
GENI,Genius Sports Limited,6.44,0.64,11.03,12689000,6113000,1724000000,2026-09-27T15:33:37.376010
PRGLY,"Puregold Price Club, Inc.",6.0,0.0,0.0,200,8,1719000000,2026-09-27T15:33:37.376010
PORBF,Pola Orbis Holdings Inc.,7.7,0.0,0.0,100,1,1704000000,2026-09-27T15:33:37.376010
ALHC,"Alignment Healthcare, Inc.",8.21,0.54,7.04,10567000,7023000,1703000000,2026-09-27T15:33:37.376010
BDJ,BlackRock Enhanced Equity Dividend Trust,9.61,0.03,0.31,445708,453892,1700000000,2026-09-27T15:33:37.376010
NUV,"Nuveen Municipal Value Fund, Inc.",8.18,0.05,0.62,2304000,623509,1698000000,2026-09-27T15:33:37.376010
PYTCF,Playtech plc,6.1,0.0,0.0,5100,319,1695000000,2026-09-27T15:33:37.376010
GTBIF,Green Thumb Industries Inc.,7.75,0.05,0.65,49735,512560,1694000000,2026-09-27T15:33:37.376010
SMSSY,"SMS Co., Ltd.",8.55,0.03,0.35,100,80,1689000000,2026-09-27T15:33:37.376010
FGETF,Flight Centre Travel Group Limited,8.29,0.0,0.0,1,20,1685000000,2026-09-27T15:33:37.376010
TPRKY,Travis Perkins plc,7.95,0.02,0.25,100,6881,1684000000,2026-09-27T15:33:37.376010
ABSI,Absci Corporation,9.74,-0.61,-5.85,3192000,3578000,1672000000,2026-09-27T15:33:37.376010
LILAK,Liberty Latin America Ltd.,8.49,-0.06,-0.7,1702000,1424000,1663000000,2026-09-27T15:33:37.376010
LILA,Liberty Latin America Ltd.,8.48,-0.12,-1.4,308799,525693,1661000000,2026-09-27T15:33:37.376010
JPEVF,"Japan Elevator Service Holdings Co.,Ltd.",9.29,0.0,0.0,1890,55,1661000000,2026-09-27T15:33:37.376010
XERS,"Xeris Biopharma Holdings, Inc.",9.1,0.15,1.68,1547000,1855000,1659000000,2026-09-27T15:33:37.376010
WWUEY,Wüstenrot & Württembergische AG,8.86,0.0,0.0,200,1,1658000000,2026-09-27T15:33:37.376010
DEI,"Douglas Emmett, Inc.",9.82,0.15,1.55,2788000,1892000,1645000000,2026-09-27T15:33:37.376010
NAT,Nordic American Tankers Limited,7.72,0.06,0.78,5180000,3808000,1635000000,2026-09-27T15:33:37.376010
BWEFF,BW Energy Limited,6.3,0.0,0.0,300,32,1628000000,2026-09-27T15:33:37.376010
TKSHF,"Takashimaya Company, Limited",5.55,0.0,0.0,1000,5,1626000000,2026-09-27T15:33:37.376010
BFAAF,Bufab AB (publ),8.57,0.0,0.0,0,0,1626000000,2026-09-27T15:33:37.376010
SFTTF,SHIFT Inc.,6.36,0.0,0.0,282,4,1625000000,2026-09-27T15:33:37.376010
MTSEF,"Matsui Securities Co., Ltd.",6.31,0.0,0.0,600,83,1625000000,2026-09-27T15:33:37.376010
DJTWW,Trump Media & Technology Group Corp.,5.07,-0.21,-3.98,18880,653,1619000000,2026-09-27T15:33:37.376010
MCHIF,Maruichi Steel Tube Ltd.,7.31,0.0,0.0,298,1,1614000000,2026-09-27T15:33:37.376010
VTKLY,Vtech Holdings Limited,6.32,-0.42,-6.23,628,1600,1601000000,2026-09-27T15:33:37.376010
EBCRY,Embracer Group AB (publ),7.31,0.0,0.0,200,6,1600000000,2026-09-27T15:33:37.376010
WB,Weibo Corporation,6.49,-0.04,-0.61,622501,1030000,1594000000,2026-09-27T15:33:37.376010
VLXGF,Volex plc,8.71,0.0,0.0,2000,1381,1594000000,2026-09-27T15:33:37.376010
CITAY,"COSCO SHIPPING Development Co., Ltd.",6.05,0.0,0.0,200,23,1591000000,2026-09-27T15:33:37.376010
HE,"Hawaiian Electric Industries, Inc.",9.1,-0.07,-0.76,2426000,2161000,1574000000,2026-09-27T15:33:37.376010
NHNKF,Nihon Kohden Corporation,9.8,0.0,0.0,250,11,1568000000,2026-09-27T15:33:37.376010
HUN,Huntsman Corporation,8.9,0.11,1.25,1704000,3264000,1561000000,2026-09-27T15:33:37.376010
TVPKF,Travis Perkins plc,7.35,0.0,0.0,200,327,1557000000,2026-09-27T15:33:37.376010
CRPFY,Corporación Financiera Colombiana S.A.,8.5,0.0,0.0,2735,0,1554000000,2026-09-27T15:33:37.376010
CLOEF,Cloetta AB (publ),5.4,0.0,0.0,100,76,1553000000,2026-09-27T15:33:37.376010
TUFBY,Thai Union Group Public Company Limited,8.05,0.0,0.0,100,109,1552000000,2026-09-27T15:33:37.376010
KMGGF,"Kumagai Gumi Co.,Ltd.",9.1,0.0,0.0,2,8,1546000000,2026-09-27T15:33:37.376010
NPRRF,Nipro Corporation,9.4,-0.56,-5.62,400,31,1533000000,2026-09-27T15:33:37.376010
DHRPY,Deutsche EuroShop AG,5.06,0.0,0.0,1324,21,1533000000,2026-09-27T15:33:37.376010
KELTF,Kelt Exploration Ltd.,7.55,-0.05,-0.66,1000,59596,1533000000,2026-09-27T15:33:37.376010
ARCO,Arcos Dorados Holdings Inc.,7.24,0.01,0.14,1385000,1198000,1525000000,2026-09-27T15:33:37.376010
KARNF,Kernel Holding S.A.,5.2,0.0,0.0,700,81,1524000000,2026-09-27T15:33:37.376010
HYT,"BlackRock Corporate High Yield Fund, Inc.",7.79,0.05,0.65,1229000,886377,1524000000,2026-09-27T15:33:37.376010
RHHMY,RHI Magnesita N.V.,7.97,0.0,0.0,14,12,1509000000,2026-09-27T15:33:37.376010
FMC,FMC Corporation,9.58,-0.01,-0.1,3887000,3696000,1490000000,2026-09-27T15:33:37.376010
PSQL,Pasqal Holding SA,6.99,-0.35,-4.77,615646,516217,1484000000,2026-09-27T15:33:37.376010
ABBRF,AbraSilver Resource Corp.,8.96,-0.07,-0.74,4431,195090,1483000000,2026-09-27T15:33:37.376010
NLTBF,Nolato AB (publ),5.5,0.0,0.0,151,9,1482000000,2026-09-27T15:33:37.376010
AVVSY,Avio S.p.A.,8.01,0.0,0.0,261,6078,1479000000,2026-09-27T15:33:37.376010
VTKLF,Vtech Holdings Limited,5.83,0.0,0.0,2000,103,1477000000,2026-09-27T15:33:37.376010
GT,The Goodyear Tire & Rubber Company,5.12,0.05,1.08,5690000,9927000,1475000000,2026-09-27T15:33:37.376010
NPPNY,"Nippon Shinyaku Co., Ltd.",5.46,0.0,0.0,2,67,1472000000,2026-09-27T15:33:37.376010
MBC,"MasterBrand, Inc.",7.23,0.12,1.69,2001000,2242000,1471000000,2026-09-27T15:33:37.376010
CRLFF,Cardinal Energy Ltd.,8.35,-0.18,-2.17,4300,467809,1468000000,2026-09-27T15:33:37.376010
ERMAY,ERAMET S.A.,5.12,0.0,0.0,260,1009,1467000000,2026-09-27T15:33:37.376010
LILAB,Liberty Latin America Ltd.,7.45,0.0,0.0,610,9,1459000000,2026-09-27T15:33:37.376010
HKEPF,"Hokkaido Electric Power Company, Incorporated",7.07,0.47,7.16,200,4,1452000000,2026-09-27T15:33:37.376010
COUR,"Coursera, Inc.",5.05,-0.01,-0.2,14107000,5785000,1446000000,2026-09-27T15:33:37.376010
VISN,"Vistance Networks, Inc.",6.22,-0.13,-2.05,6016000,8149000,1434000000,2026-09-27T15:33:37.376010
SVV,"Savers Value Village, Inc.",9.34,0.08,0.86,1078000,1362000,1431000000,2026-09-27T15:33:37.376010
EVCM,EverCommerce Inc.,8.08,-0.24,-2.88,117798,168715,1427000000,2026-09-27T15:33:37.376010
IDRSF,Idorsia Ltd,5.3,0.0,0.0,250,1763,1426000000,2026-09-27T15:33:37.376010
ULCC,"Frontier Group Holdings, Inc.",6.19,0.34,5.81,2429000,3247000,1425000000,2026-09-27T15:33:37.376010
AMPX,"Amprius Technologies, Inc.",9.75,0.06,0.62,3997000,5565000,1424000000,2026-09-27T15:33:37.376010
GFR,Greenfire Resources Ltd.,5.87,-0.31,-5.02,664861,761541,1411000000,2026-09-27T15:33:37.376010
SRHBY,StarHub Ltd,8.1,0.0,0.0,100,1,1399000000,2026-09-27T15:33:37.376010
SAEYY,Redcare Pharmacy NV,6.9,0.0,0.0,2011,82,1392000000,2026-09-27T15:33:37.376010
CERT,"Certara, Inc.",9.11,0.22,2.47,2823000,3241000,1390000000,2026-09-27T15:33:37.376010
ARHS,"Arhaus, Inc.",9.71,0.24,2.53,1671000,1340000,1374000000,2026-09-27T15:33:37.376010
HLMN,Hillman Solutions Corp.,7.05,0.04,0.57,1076000,1507000,1372000000,2026-09-27T15:33:37.376010
VOSSY,Vossloh AG,7.07,0.0,0.0,200,10,1366000000,2026-09-27T15:33:37.376010
DTTLF,Datatec Limited,5.58,0.0,0.0,100,1,1354000000,2026-09-27T15:33:37.376010
AIOSF,"Atresmedia Corporación de Medios de Comunicación, S.A.",6.01,0.0,0.0,500,10,1353000000,2026-09-27T15:33:37.376010
ELMTY,Elementis plc,9.54,0.0,0.0,101,3,1350000000,2026-09-27T15:33:37.376010
FTWYF,Freightways Group Limited,7.53,0.0,0.0,100,1,1349000000,2026-09-27T15:33:37.376010
RBLAY,Robinsons Land Corporation,5.61,0.0,0.0,100,6,1348000000,2026-09-27T15:33:37.376010
POET,POET Technologies Inc.,7.77,0.02,0.26,4085000,11051000,1345000000,2026-09-27T15:33:37.376010
CTMLF,Corporate Travel Management Limited,9.18,0.0,0.0,200,9,1343000000,2026-09-27T15:33:37.376010
THYKF,thyssenkrupp nucera AG & Co. KGaA,9.15,0.0,0.0,15200,750,1342000000,2026-09-27T15:33:37.376010
ATVDY,"Atresmedia Corporación de Medios de Comunicación, S.A.",5.92,0.0,0.0,240,591,1333000000,2026-09-27T15:33:37.376010
IRCUF,Irish Continental Group plc,8.91,0.0,0.0,100,12576,1323000000,2026-09-27T15:33:37.376010
YSS,"York Space Systems, Inc.",9.57,-0.24,-2.45,2022000,2847000,1315000000,2026-09-27T15:33:37.376010
LUXE,Emles Luxury Goods ETF,9.38,0.2,2.18,164216,195290,1310000000,2026-09-27T15:33:37.376010
DCH,Dauch Corporation,5.46,0.04,0.74,5275000,3331000,1297000000,2026-09-27T15:33:37.376010
CHFHY,China Foods Limited,9.26,0.0,0.0,100,14,1295000000,2026-09-27T15:33:37.376010
RES,"RPC, Inc.",5.84,-0.06,-1.02,2257000,1559000,1294000000,2026-09-27T15:33:37.376010
ENGCF,engcon AB (publ),8.5,0.0,0.0,0,8,1294000000,2026-09-27T15:33:37.376010
BTSNY,Betsson AB (publ),9.55,0.0,0.0,3,1,1292000000,2026-09-27T15:33:37.376010
CRCT,"Cricut, Inc.",6.14,0.22,3.72,812008,701271,1289000000,2026-09-27T15:33:37.376010
VTRLY,Vitrolife AB (publ),9.5,0.0,0.0,225,26,1287000000,2026-09-27T15:33:37.376010
DMZPY,Domino's Pizza Enterprises Limited,6.75,0.0,0.0,3,117,1279000000,2026-09-27T15:33:37.376010
HIZOF,Kanadevia Corporation,7.6,0.0,0.0,100,9,1279000000,2026-09-27T15:33:37.376010
LSPD,Lightspeed Commerce Inc.,9.87,0.2,2.07,1206000,742506,1276000000,2026-09-27T15:33:37.376010
IMTX,Immatics N.V.,8.37,0.04,0.48,378808,527084,1274000000,2026-09-27T15:33:37.376010
GNSPF,GenusPlus Group Ltd,6.25,0.0,0.0,100,26,1271000000,2026-09-27T15:33:37.376010
IRPSY,IRPC Public Company Limited,6.21,0.0,0.0,100,3,1267000000,2026-09-27T15:33:37.376010
HOKRF,Hokuriku Electric Power Company,6.03,0.0,0.0,200,32,1260000000,2026-09-27T15:33:37.376010
SHLS,"Shoals Technologies Group, Inc.",7.47,0.02,0.27,2622000,5165000,1257000000,2026-09-27T15:33:37.376010
CKSNY,Vesuvius plc,5.07,0.0,0.0,100,50,1249000000,2026-09-27T15:33:37.376010
WEN,The Wendy's Company,6.55,0.05,0.69,4946000,10030000,1249000000,2026-09-27T15:33:37.376010
FSGCY,First Gen Corporation,6.92,0.0,0.0,100,3,1244000000,2026-09-27T15:33:37.376010
DTSOF,DTS Corporation,7.99,0.0,0.0,520,8,1242000000,2026-09-27T15:33:37.376010
RYHTY,Ryman Healthcare Limited,6.11,0.0,0.0,300,9,1241000000,2026-09-27T15:33:37.376010
MRUHF,Umios Corporation,8.18,0.0,0.0,7700,124,1237000000,2026-09-27T15:33:37.376010
MAWHY,Man Wah Holdings Limited,6.42,0.0,0.0,108,2263,1234000000,2026-09-27T15:33:37.376010
NEWP,New Pacific Metals Corp.,6.62,-0.01,-0.15,484297,672806,1229000000,2026-09-27T15:33:37.376010
INNV,InnovAge Holding Corp.,9.0,0.16,1.81,1544000,418926,1228000000,2026-09-27T15:33:37.376010
ACKAY,Arçelik Anonim Sirketi,9.07,0.0,0.0,55,331,1226000000,2026-09-27T15:33:37.376010
HAZAF,Hazama Ando Corporation,7.77,0.0,0.0,325,5,1219000000,2026-09-27T15:33:37.376010
CPWHF,Ceres Power Holdings plc,5.7,0.46,8.78,700,9144,1219000000,2026-09-27T15:33:37.376010
FLO,"Flowers Foods, Inc.",5.74,-0.07,-1.2,8229000,6666000,1217000000,2026-09-27T15:33:37.376010
NPKYF,"Nippon Kayaku Co., Ltd.",8.44,0.0,0.0,300,4,1217000000,2026-09-27T15:33:37.376010
LMDFF,LAMDA Development S.A.,7.14,0.0,0.0,0,3500,1216000000,2026-09-27T15:33:37.376010
TMVWF,TeamViewer SE,7.68,0.0,0.0,100,33,1206000000,2026-09-27T15:33:37.376010
AZUL,Azul S.A.,6.49,0.32,5.19,52388,195901,1196000000,2026-09-27T15:33:37.376010
TMRNF,"Tamron Co.,Ltd.",7.48,0.0,0.0,300,8,1196000000,2026-09-27T15:33:37.376010
ORRYY,Orora Limited,7.8,0.0,0.0,1000,16,1195000000,2026-09-27T15:33:37.376010
SLSR,Solaris Resources Inc.,7.15,-0.1,-1.38,73179,171133,1195000000,2026-09-27T15:33:37.376010
EVOTF,Evotec SE,6.69,0.0,0.0,100,3,1189000000,2026-09-27T15:33:37.376010
CBLNY,Mersen S.A.,9.78,0.0,0.0,100,131,1187000000,2026-09-27T15:33:37.376010
AIIR,AIR Global PLC,7.62,0.43,5.98,2057,9611,1184000000,2026-09-27T15:33:37.376010
AAVVF,Advantage Energy Ltd.,7.05,0.07,1.0,7500,64366,1180000000,2026-09-27T15:33:37.376010
PUMP,ProPetro Holding Corp.,9.59,0.06,0.63,3265000,3880000,1178000000,2026-09-27T15:33:37.376010
CXM,"Sprinklr, Inc.",5.07,-0.23,-4.34,2707000,3420000,1177000000,2026-09-27T15:33:37.376010
NIPKF,"NIKKON Holdings Co.,Ltd.",9.4,0.0,0.0,1000,41,1167000000,2026-09-27T15:33:37.376010
JVCKF,JVCKENWOOD Corporation,8.24,0.0,0.0,100,1,1165000000,2026-09-27T15:33:37.376010
ALGGY,"Alliance Global Group, Inc.",6.65,0.0,0.0,300,84,1156000000,2026-09-27T15:33:37.376010
LADR,Ladder Capital Corp,9.08,-0.01,-0.11,1514000,1153000,1152000000,2026-09-27T15:33:37.376010
CRML,Critical Metals Corp.,7.83,-0.34,-4.16,7719000,7835000,1150000000,2026-09-27T15:33:37.376010
DTTLY,Datatec Limited,9.48,0.0,0.0,100,115,1150000000,2026-09-27T15:33:37.376010
PDM,"Piedmont Realty Trust, Inc.",9.17,-0.02,-0.22,1221000,1244000,1147000000,2026-09-27T15:33:37.376010
GRRMY,Gerresheimer AG,8.3,0.0,0.0,160,63,1147000000,2026-09-27T15:33:37.376010
PSNY,Polestar Automotive Holding UK PLC,6.93,-0.04,-0.57,195940,206539,1138000000,2026-09-27T15:33:37.376010
LFBCF,Life & Banc Split Corp.,9.05,0.0,0.0,200,309,1137000000,2026-09-27T15:33:37.376010
TTALF,Terveystalo Oyj,8.95,0.0,0.0,100,2,1135000000,2026-09-27T15:33:37.376010
MRVI,"Maravai LifeSciences Holdings, Inc.",7.6,-0.05,-0.65,1930000,3283000,1132000000,2026-09-27T15:33:37.376010
BRAI,Braiin Limited,5.47,-0.06,-1.09,19703,219003,1127000000,2026-09-27T15:33:37.376010
ORC,"Orchid Island Capital, Inc.",5.71,-0.06,-1.04,5684000,4844000,1127000000,2026-09-27T15:33:37.376010
HTOCF,H2O Retailing Corporation,10.0,0.0,0.0,100,1,1127000000,2026-09-27T15:33:37.376010
PICS,PicS N.V.,8.69,-0.16,-1.81,425859,409920,1126000000,2026-09-27T15:33:37.376010
FLNC,"Fluence Energy, Inc.",7.85,0.39,5.23,8541000,8147000,1124000000,2026-09-27T15:33:37.376010
WHTPF,WH Smith PLC,7.44,0.0,0.0,100,15,1120000000,2026-09-27T15:33:37.376010
IPMLF,Imperial Metals Corporation,6.24,-0.11,-1.73,200,28298,1113000000,2026-09-27T15:33:37.376010
TDOC,"Teladoc Health, Inc.",6.09,-0.05,-0.81,3022000,4396000,1106000000,2026-09-27T15:33:37.376010
SNSNF,"Sansan, Inc.",8.77,0.0,0.0,20100,4,1099000000,2026-09-27T15:33:37.376010
MGAWY,Megaworld Corporation,6.74,0.01,0.15,200,98,1093000000,2026-09-27T15:33:37.376010
RKAGY,RHÖN-KLINIKUM Aktiengesellschaft,8.16,0.0,0.0,100,1,1092000000,2026-09-27T15:33:37.376010
LOMA,Loma Negra Compañía Industrial Argentina Sociedad Anónima,9.35,0.02,0.21,266934,382425,1091000000,2026-09-27T15:33:37.376010
HSLV,Highlander Silver Corp.,5.34,0.07,1.33,672249,554176,1087000000,2026-09-27T15:33:37.376010
CBGPF,Close Brothers Group plc,7.2,0.0,0.0,1000,1,1085000000,2026-09-27T15:33:37.376010
SGML,Sigma Lithium Corporation,9.58,-0.4,-4.01,2872000,1812000,1078000000,2026-09-27T15:33:37.376010
SUUIF,Superior Plus Corp.,5.02,-0.12,-2.33,600,92652,1077000000,2026-09-27T15:33:37.376010
REAL,"The RealReal, Inc.",8.83,-0.06,-0.67,3175000,2935000,1074000000,2026-09-27T15:33:37.376010
GSBD,"Goldman Sachs BDC, Inc.",9.54,0.01,0.1,604610,912098,1074000000,2026-09-27T15:33:37.376010
CFFN,"Capitol Federal Financial, Inc.",8.68,0.02,0.23,1274000,852826,1071000000,2026-09-27T15:33:37.376010
FNNNF,Finnair Oyj,5.2,0.0,0.0,1500,11,1065000000,2026-09-27T15:33:37.376010
TLOFF,Talon Metals Corp.,6.57,-0.05,-0.83,51109,318014,1063000000,2026-09-27T15:33:37.376010
BTX,BlackRock Innovation and Growth Term Trust,9.04,0.06,0.67,300134,529915,1055000000,2026-09-27T15:33:37.376010
CRF,"Cornerstone Total Return Fund, Inc.",6.19,0.04,0.65,1501000,1489000,1054000000,2026-09-27T15:33:37.376010
DPUKY,Domino's Pizza Group plc,5.52,-0.1,-1.78,100,1204,1052000000,2026-09-27T15:33:37.376010
VCVOF,VinaCapital Vietnam Opportunity Fund Limited,5.68,0.0,0.0,420,4512,1046000000,2026-09-27T15:33:37.376010
ETW,Eaton Vance Tax-Managed Global Buy-Write Opportunities Fund,9.6,0.06,0.63,225644,261473,1043000000,2026-09-27T15:33:37.376010
FUGRF,Fugro N.V.,9.36,0.0,0.0,100,21,1042000000,2026-09-27T15:33:37.376010
DMCOF,d'Amico International Shipping S.A.,8.75,0.0,0.0,100,52,1042000000,2026-09-27T15:33:37.376010
APYRF,Allied Properties Real Estate Investment Trust,5.31,0.05,0.95,200,41428,1040000000,2026-09-27T15:33:37.376010
ARREF,Amerigo Resources Ltd.,6.42,0.16,2.56,5541,176811,1036000000,2026-09-27T15:33:37.376010
FSCO,FS Credit Opportunities Corp.,5.11,0.06,1.19,1155000,894098,1034000000,2026-09-27T15:33:37.376010
CVHSY,Cablevisión Holding S.A.,5.7,0.0,0.0,5000,4871,1030000000,2026-09-27T15:33:37.376010
SVRA,Savara Inc.,5.0,-0.07,-1.38,2451000,1642000,1027000000,2026-09-27T15:33:37.376010
RSKD,Riskified Ltd.,7.78,-0.13,-1.64,3203000,1599000,1027000000,2026-09-27T15:33:37.376010
RAJAF,"TFA Therapeutics, Inc.",9.18,0.0,0.0,154,3,1020000000,2026-09-27T15:33:37.376010
UPWK,Upwork Inc.,8.15,0.08,0.99,2808000,3269000,1018000000,2026-09-27T15:33:37.376010
RCAT,"Red Cat Holdings, Inc.",6.66,-0.14,-2.06,5822000,8992000,1017000000,2026-09-27T15:33:37.376010
MHTCF,"Mitsui High-tec, Inc.",5.55,0.0,0.0,1300,80,1014000000,2026-09-27T15:33:37.376010
PWRHF,PWR Holdings Limited,7.31,0.0,0.0,100,5,1012000000,2026-09-27T15:33:37.376010
ASM,Avino Silver & Gold Mines Ltd.,5.94,0.03,0.51,2621000,3735000,1009000000,2026-09-27T15:33:37.376010
PCT,"PureCycle Technologies, Inc.",5.02,0.16,3.29,5309000,4118000,1009000000,2026-09-27T15:33:37.376010
NHPCF,"Nihon Parkerizing Co., Ltd.",9.6,0.0,0.0,1535,12,1009000000,2026-09-27T15:33:37.376010
VMET,Versamet Royalties Corporation,9.15,0.02,0.22,156425,305758,995790000,2026-09-27T15:33:37.376010
YUBCF,Yubico AB,9.89,0.0,0.0,100,3979,992088000,2026-09-27T15:33:37.376010
TALMF,Talamore Mining Corp.,6.18,0.0,0.0,430,20448,990470000,2026-09-27T15:33:37.376010
WKPPF,Workspace Group Plc,5.12,0.0,0.0,500,8,987324000,2026-09-27T15:33:37.376010
SG,"Sweetgreen, Inc.",8.24,-0.02,-0.24,4313000,5621000,980900000,2026-09-27T15:33:37.376010
TRIP,"Tripadvisor, Inc.",8.41,-0.11,-1.29,3708000,3650000,978597000,2026-09-27T15:33:37.376010
VYX,NCR Voyix Corporation,7.07,0.0,0.0,2389000,2502000,976154000,2026-09-27T15:33:37.376010
TSHTY,Toshiba Tec Corporation,9.19,0.0,0.0,200,458,974442000,2026-09-27T15:33:37.376010
BTSGY,BTS Group Holdings Public Company Limited,6.05,0.0,0.0,200,4,973675000,2026-09-27T15:33:37.376010
SYNSY,Syensqo SA/NV,9.48,0.0,0.0,400,40,966643000,2026-09-27T15:33:37.376010
LZ,"LegalZoom.com, Inc.",5.62,-0.03,-0.53,2634000,2837000,962508000,2026-09-27T15:33:37.376010
HPK,"HighPeak Energy, Inc.",7.56,-0.09,-1.18,386585,483842,955983000,2026-09-27T15:33:37.376010
ZMPLF,Zimplats Holdings Limited,8.87,0.0,0.0,250,4,954746000,2026-09-27T15:33:37.376010
TNLIY,Trainline plc,5.63,0.0,0.0,100,4,951917000,2026-09-27T15:33:37.376010
KRO,"Kronos Worldwide, Inc.",8.25,0.15,1.85,295329,415814,949555000,2026-09-27T15:33:37.376010
SATL,Satellogic Inc.,6.17,0.23,3.87,7394000,5425000,948575000,2026-09-27T15:33:37.376010
CTTOF,"CTT - Correios De Portugal, S.A.",7.23,0.0,0.0,100,1485,948332000,2026-09-27T15:33:37.376010
TDAY,"USA TODAY Co., Inc.",6.42,-0.03,-0.47,1237000,2166000,942571000,2026-09-27T15:33:37.376010
AGBK,AGI Inc,5.89,0.08,1.38,104110,257220,941433000,2026-09-27T15:33:37.376010
PHCCF,PHC Holdings Corporation,7.41,0.0,0.0,100,1,937479000,2026-09-27T15:33:37.376010
BAGFF,A.G. BARR p.l.c.,8.44,0.0,0.0,7200,24,936635000,2026-09-27T15:33:37.376010
BW,"Babcock & Wilcox Enterprises, Inc.",6.27,0.1,1.62,6463000,4577000,934011000,2026-09-27T15:33:37.376010
KODK,Eastman Kodak Company,9.51,0.0,0.0,476459,847446,931029000,2026-09-27T15:33:37.376010
JNBBY,JNBY Design Limited,8.86,0.0,0.0,100,184,927975000,2026-09-27T15:33:37.376010
SB,"Safe Bulkers, Inc.",8.14,-0.11,-1.33,1182000,1090000,926605000,2026-09-27T15:33:37.376010
TOKSF,"Tokyo Steel Manufacturing Co., Ltd.",9.11,0.0,0.0,200,16,925134000,2026-09-27T15:33:37.376010
MUC,"BlackRock MuniHoldings California Quality Fund, Inc.",9.82,-0.1,-1.01,1088000,440590,924886000,2026-09-27T15:33:37.376010
BRDLF,"Broadleaf Co., Ltd.",5.08,0.0,0.0,100,1,920425000,2026-09-27T15:33:37.376010
BRBR,"BellRing Brands, Inc.",7.91,0.22,2.86,5811000,3840000,919760000,2026-09-27T15:33:37.376010
JMIA,Jumia Technologies AG,6.88,0.16,2.38,1418000,1715000,919346000,2026-09-27T15:33:37.376010
ALMS,Alumis Inc.,7.1,-0.19,-2.61,1718000,2415000,918990000,2026-09-27T15:33:37.376010
XFABF,X-FAB Silicon Foundries SE,7.0,0.0,0.0,500,1609,918626000,2026-09-27T15:33:37.376010
CEVIY,China Everbright Limited,5.4,0.0,0.0,56,3,910037000,2026-09-27T15:33:37.376010
TNGRF,Thungela Resources Limited,7.15,-0.15,-2.05,300,4569,908743000,2026-09-27T15:33:37.376010
BBDC,"Barings BDC, Inc.",8.67,0.05,0.58,451485,666233,907809000,2026-09-27T15:33:37.376010
LAR,Lithium Argentina AG,5.52,-0.16,-2.82,1126000,1837000,905832000,2026-09-27T15:33:37.376010
NSNHF,"Nissan Shatai Co., Ltd.",6.68,0.0,0.0,100,3,904147000,2026-09-27T15:33:37.376010
OI,"O-I Glass, Inc.",5.86,0.0,0.0,3820000,3335000,900446000,2026-09-27T15:33:37.376010
TTI,"TETRA Technologies, Inc.",6.08,0.05,0.83,1433000,1816000,900282000,2026-09-27T15:33:37.376010
PKPYY,Pick n Pay Stores Limited,6.1,0.0,0.0,100,3,895948000,2026-09-27T15:33:37.376010
BORAY,"Bora Pharmaceuticals Co., Ltd.",7.0,0.0,0.0,200,147,892956000,2026-09-27T15:33:37.376010
TOETF,Tosei Corporation,9.15,0.0,0.0,4,0,887606000,2026-09-27T15:33:37.376010
QFIN,"Qfin Holdings, Inc.",7.3,-0.18,-2.41,1454000,1969000,887555000,2026-09-27T15:33:37.376010
DC,Dakota Gold Corp.,6.61,-0.11,-1.64,1101000,1414000,886883000,2026-09-27T15:33:37.376010
RBTK,Zhen Ding Resources Inc.,7.98,0.0,0.0,900,163,885519000,2026-09-27T15:33:37.376010
AELIY,Anadolu Hayat Emeklilik Anonim Sirketi,8.22,0.0,0.0,1,1,883650000,2026-09-27T15:33:37.376010
MHPSY,MHP SE,8.25,0.0,0.0,100,22,883065000,2026-09-27T15:33:37.376010
STBGY,Scandinavian Tobacco Group A/S,5.6,0.0,0.0,100,370,882134000,2026-09-27T15:33:37.376010
SCZM,Santacruz Silver Mining Ltd.,9.48,0.56,6.28,319312,486577,881548000,2026-09-27T15:33:37.376010
BTGO,"BitGo Holdings, Inc.",7.48,-0.49,-6.15,1399000,1611000,879241000,2026-09-27T15:33:37.376010
OXLC,Oxford Lane Capital Corp.,8.94,-0.02,-0.22,879749,893485,876390000,2026-09-27T15:33:37.376010
MAKO,Mako Mining Corp.,9.98,-0.06,-0.6,64501,172833,874307000,2026-09-27T15:33:37.376010
PPTDF,PeptiDream Inc.,6.8,0.0,0.0,3825,242,874261000,2026-09-27T15:33:37.376010
TYOBY,"Toyobo Co., Ltd.",9.8,0.0,0.0,100,1,864799000,2026-09-27T15:33:37.376010
AHWSF,Athens Water Supply and Sewerage Company S.A.,8.1,0.0,0.0,100,1,862650000,2026-09-27T15:33:37.376010
APPIF,"Appier Group, Inc.",8.4,0.0,0.0,300,29,857715000,2026-09-27T15:33:37.376010
NAVI,Navient Corporation,9.12,-0.18,-1.94,1036000,1180000,855308000,2026-09-27T15:33:37.376010
SVC,Service Properties Trust,6.59,0.11,1.7,1177000,1705000,853468000,2026-09-27T15:33:37.376010
NUAI,"New Era Energy & Digital, Inc.",7.06,0.12,1.73,7763000,7531000,852827000,2026-09-27T15:33:37.376010
SMPL,The Simply Good Foods Company,9.6,0.17,1.8,1481000,2358000,849036000,2026-09-27T15:33:37.376010
AWF,AllianceBernstein Global High Income Fund,9.77,0.07,0.72,272272,301514,842464000,2026-09-27T15:33:37.376010
BWOFY,BW Offshore Limited,9.25,0.0,0.0,1000,16,838123000,2026-09-27T15:33:37.376010
PXPHF,Pexip Holding ASA,8.0,0.0,0.0,765,20,836391000,2026-09-27T15:33:37.376010
UBSFF,Ubisoft Entertainment SA,6.0,-0.08,-1.32,170,825,833977000,2026-09-27T15:33:37.376010
JSZWF,Jastrzebska Spólka Weglowa S.A.,7.1,0.0,0.0,0,7,833622000,2026-09-27T15:33:37.376010
YALA,Yalla Group Limited,5.48,-0.03,-0.54,98983,295831,832023000,2026-09-27T15:33:37.376010
PLAZF,Platzer Fastigheter Holding AB (publ),7.09,0.0,0.0,1715,27,831457000,2026-09-27T15:33:37.376010
RPC,"Ridgepost Capital, Inc",7.54,0.14,1.89,757022,550371,831198000,2026-09-27T15:33:37.376010
TDVXF,Dynavox Group AB (publ),7.82,0.0,0.0,1010,406,829430000,2026-09-27T15:33:37.376010
HLTFF,Hilton Food Group plc,9.21,0.0,0.0,100,37,828492000,2026-09-27T15:33:37.376010
MFA,"MFA Financial, Inc.",8.17,0.01,0.12,1415000,1543000,825888000,2026-09-27T15:33:37.376010
PGGCY,Piaggio & C. SpA,9.38,0.0,0.0,100,3,824907000,2026-09-27T15:33:37.376010
CNDHF,Conduit Holdings Limited,5.87,0.0,0.0,14166,8,822046000,2026-09-27T15:33:37.376010
SGCFF,Sagicor Financial Company Ltd.,6.05,0.05,0.83,110,3934,821995000,2026-09-27T15:33:37.376010
NIJPF,"Nippon Paper Industries Co., Ltd.",7.1,0.0,0.0,2060,4,818690000,2026-09-27T15:33:37.376010
LWLG,"Lightwave Logic, Inc.",5.31,0.03,0.57,2680000,2997000,818628000,2026-09-27T15:33:37.376010
MARIF,Marimaca Copper Corp.,6.04,-0.05,-0.82,800,22763,816348000,2026-09-27T15:33:37.376010
NRK,Nuveen New York AMT-Free Quality Municipal Income Fund,9.35,-0.06,-0.64,609564,306430,815650000,2026-09-27T15:33:37.376010
SXC,"SunCoke Energy, Inc.",9.57,-0.18,-1.85,984376,1327000,812252000,2026-09-27T15:33:37.376010
ABX,"Abacus Global Management, Inc.",8.29,0.02,0.24,805186,623457,810698000,2026-09-27T15:33:37.376010
OXBDF,Oxford Biomedica plc,6.65,0.23,3.58,5000,1114,804972000,2026-09-27T15:33:37.376010
GRNCY,GrainCorp Limited,7.24,0.0,0.0,100,20,804812000,2026-09-27T15:33:37.376010
STGXF,Smartgroup Corporation Ltd,5.82,0.0,0.0,1000,7,804677000,2026-09-27T15:33:37.376010
YMZNF,Yamazen Corporation,9.31,0.0,0.0,0,16,804164000,2026-09-27T15:33:37.376010
ARI,"Apollo Commercial Real Estate Finance, Inc.",6.24,-0.02,-0.32,1881000,4292000,802117000,2026-09-27T15:33:37.376010
JSEJF,JSE Limited,9.55,0.0,0.0,35,36,793667000,2026-09-27T15:33:37.376010
SGYEF,Surge Energy Inc.,7.98,-0.15,-1.85,4500,144438,791523000,2026-09-27T15:33:37.376010
VLRS,"Controladora Vuela Compañía de Aviación, S.A.B. de C.V.",6.88,0.15,2.23,259221,505636,790865000,2026-09-27T15:33:37.376010
WEST,Westrock Coffee Company,8.09,0.12,1.51,328959,428201,789806000,2026-09-27T15:33:37.376010
HNTIF,Hunting PLC,5.41,0.0,0.0,100,111,784762000,2026-09-27T15:33:37.376010
SETUF,"Shin-Etsu Polymer Co.,Ltd.",9.76,0.0,0.0,100,1,784428000,2026-09-27T15:33:37.376010
SLDB,Solid Biosciences Inc.,7.29,-0.19,-2.54,1420000,1171000,781672000,2026-09-27T15:33:37.376010
TKINF,Takasago International Corporation,8.0,0.0,0.0,100,1,779968000,2026-09-27T15:33:37.376010
GYRE,"Gyre Therapeutics, Inc.",7.35,0.02,0.27,134831,100087,779348000,2026-09-27T15:33:37.376010
ASOMY,ASOS Plc,6.49,0.0,0.0,2681,598,776520000,2026-09-27T15:33:37.376010
ACHV,"Achieve Life Sciences, Inc.",7.54,-0.29,-3.7,1423000,1527000,775885000,2026-09-27T15:33:37.376010
YLDGY,Yanlord Land Group Limited,8.02,0.0,0.0,1,6,774546000,2026-09-27T15:33:37.376010
HLFDY,Halfords Group plc,7.15,0.0,0.0,1000,155,774281000,2026-09-27T15:33:37.376010
PSYTF,Pason Systems Inc.,9.97,-0.29,-2.83,100,32400,774074000,2026-09-27T15:33:37.376010
ACAT,"Acasia Technology, Inc.",10.0,0.0,0.0,2500,4,772149000,2026-09-27T15:33:37.376010
OLMA,"Olema Pharmaceuticals, Inc.",8.75,-0.29,-3.21,1383000,1134000,765604000,2026-09-27T15:33:37.376010
WRDLY,Worldline SA,6.75,-0.25,-3.57,250,560,763530000,2026-09-27T15:33:37.376010
SOLTF,"Nxera Pharma Co., Ltd.",8.35,0.0,0.0,300,108,762531000,2026-09-27T15:33:37.376010
ACRS,"Aclaris Therapeutics, Inc.",5.15,-0.23,-4.28,1474000,2135000,758074000,2026-09-27T15:33:37.376010
AHCO,AdaptHealth Corp.,5.64,0.07,1.26,1354000,2777000,752428000,2026-09-27T15:33:37.376010
TASK,"TaskUs, Inc.",8.2,0.22,2.76,170664,682687,751834000,2026-09-27T15:33:37.376010
WACMF,"Wacom Co., Ltd.",5.66,0.0,0.0,100,0,751425000,2026-09-27T15:33:37.376010
HNTIY,Hunting PLC,5.18,0.29,5.93,1,409,751399000,2026-09-27T15:33:37.376010
AVR,Anteris Technologies Global Corp.,7.69,0.04,0.52,762263,926753,749456000,2026-09-27T15:33:37.376010
RRETY,"Robinsons Retail Holdings, Inc.",6.9,0.0,0.0,1119,92,748271000,2026-09-27T15:33:37.376010
GOOS,Canada Goose Holdings Inc.,7.61,0.01,0.13,552579,765385,743197000,2026-09-27T15:33:37.376010
MNNLF,"Menicon Co., Ltd.",9.97,0.0,0.0,180,3,739961000,2026-09-27T15:33:37.376010
SWIM,"Latham Group, Inc.",6.24,0.01,0.24,818619,828439,734700000,2026-09-27T15:33:37.376010
CTKB,"Cytek Biosciences, Inc.",5.65,-0.08,-1.4,1495000,989074,734405000,2026-09-27T15:33:37.376010
BCNAF,Barco NV,9.0,0.0,0.0,550,6,732495000,2026-09-27T15:33:37.376010
ADAM,"Adamas Trust, Inc.",8.14,0.0,0.0,1436000,945725,731621000,2026-09-27T15:33:37.376010
MFIC,MidCap Financial Investment Corporation,8.88,0.01,0.06,759626,535493,731469000,2026-09-27T15:33:37.376010
FDMIF,Founders Metals Inc.,5.07,0.13,2.65,13885,35412,729733000,2026-09-27T15:33:37.376010
CSHR,CoinShares PLC,5.53,-0.31,-5.31,373411,250017,728745000,2026-09-27T15:33:37.376010
SSYS,Stratasys Ltd.,8.26,0.24,2.99,602789,640833,723469000,2026-09-27T15:33:37.376010
CSYJY,CSE Global Limited,9.9,0.0,0.0,303,9,721950000,2026-09-27T15:33:37.376010
IMC,IMC Rare Earths Ltd,6.8,-0.58,-7.86,38963,223604,718760000,2026-09-27T15:33:37.376010
GEMI,"Gemini Space Station, Inc.",5.54,-0.11,-1.95,2484000,2222000,718273000,2026-09-27T15:33:37.376010
LXU,"LSB Industries, Inc.",9.89,-0.2,-1.98,666961,800304,712055000,2026-09-27T15:33:37.376010
YLLWF,Yellow Hat Ltd.,8.47,0.0,0.0,100,3,710721000,2026-09-27T15:33:37.376010
LUCK,Lucky Strike Entertainment Corporation,5.21,0.02,0.39,61169,88417,710269000,2026-09-27T15:33:37.376010
SOPH,SOPHiA GENETICS SA,8.34,0.08,0.97,516429,519214,709966000,2026-09-27T15:33:37.376010
KHTRF,Knight Therapeutics Inc.,7.18,0.0,0.0,200,3512,705303000,2026-09-27T15:33:37.376010
ALEDY,Allied Group Limited,5.0,0.0,0.0,80,1,702737000,2026-09-27T15:33:37.376010
SMSZF,"SMS Co., Ltd.",8.56,0.0,0.0,3,3,702609000,2026-09-27T15:33:37.376010
VSTM,"Verastem, Inc.",7.74,-0.06,-0.77,1060000,2327000,700961000,2026-09-27T15:33:37.376010
LPTH,"LightPath Technologies, Inc.",9.98,-0.08,-0.8,1499000,3021000,698962000,2026-09-27T15:33:37.376010
IVR,Invesco Mortgage Capital Inc.,6.41,0.03,0.47,2896000,2763000,698690000,2026-09-27T15:33:37.376010
CUAI,Copper Intelligence Inc.,9.01,0.94,11.65,280,598,695551000,2026-09-27T15:33:37.376010
PFLT,PennantPark Floating Rate Capital Ltd.,6.99,-0.01,-0.14,559586,999425,693533000,2026-09-27T15:33:37.376010
AUCTF,Aucnet Inc.,7.64,0.0,0.0,200,3,693106000,2026-09-27T15:33:37.376010
SUPV,Grupo Supervielle S.A.,7.24,-0.22,-2.95,590051,517663,684239000,2026-09-27T15:33:37.376010
EVC,Entravision Communications Corporation,7.41,-0.39,-5.0,1218000,1540000,683856000,2026-09-27T15:33:37.376010
CWXZF,Doman Building Materials Group Ltd.,7.78,0.0,0.0,210,9720,683819000,2026-09-27T15:33:37.376010
WACMY,"Wacom Co., Ltd.",5.15,0.0,0.0,554,12,683717000,2026-09-27T15:33:37.376010
VLTAF,Voltalia SA,5.22,0.0,0.0,100,8,683661000,2026-09-27T15:33:37.376010
GUDHF,Amotiv Limited,5.1,0.0,0.0,1,1,682635000,2026-09-27T15:33:37.376010
STLN,"The Oncology Institute, Inc.",6.66,0.15,2.3,1119000,1658000,678761000,2026-09-27T15:33:37.376010
FAC,Factorial Energy Inc.,6.28,0.24,3.97,305458,398436,674572000,2026-09-27T15:33:37.376010
BLMN,"Bloomin' Brands, Inc.",7.88,-0.25,-3.02,2173000,2063000,674265000,2026-09-27T15:33:37.376010
NMUCF,"NOMURA Co., Ltd.",6.0,0.0,0.0,180,2,669557000,2026-09-27T15:33:37.376010
CLLFF,Collins Foods Limited,5.65,0.0,0.0,400,9,669190000,2026-09-27T15:33:37.376010
SMWB,Similarweb Ltd.,7.58,0.05,0.66,565899,893684,668925000,2026-09-27T15:33:37.376010
ABTC,American Bitcoin Corp,9.1,-0.5,-5.21,1098000,1782000,662659000,2026-09-27T15:33:37.376010
ENJPY,en Inc.,8.76,0.0,0.0,5,3,661932000,2026-09-27T15:33:37.376010
TKUMF,"Takuma Co., Ltd.",9.18,0.0,0.0,362,5,659588000,2026-09-27T15:33:37.376010
NMFC,New Mountain Finance Corporation,6.98,-0.03,-0.43,358520,524811,659278000,2026-09-27T15:33:37.376010
MDEPY,Arnoldo Mondadori Editore S.p.A.,5.05,0.0,0.0,200,8,658650000,2026-09-27T15:33:37.376010
ARGPF,ARGO GRAPHICS Inc.,9.54,0.0,0.0,0,1,655518000,2026-09-27T15:33:37.376010
VRSHF,Verusa Holding A.S.,9.35,0.0,0.0,0,1,654500000,2026-09-27T15:33:37.376010
SGLLF,Ricegrowers Limited,9.38,0.0,0.0,0,7,649554000,2026-09-27T15:33:37.376010
EDDRF,eDreams ODIGEO S.A.,6.5,0.0,0.0,355,284,649134000,2026-09-27T15:33:37.376010
AGXKF,Anglo Asian Mining PLC,5.65,0.0,0.0,1,526,647614000,2026-09-27T15:33:37.376010
ZHHJY,Zhejiang Shibao Company Limited,7.81,0.0,0.0,100,1,642476000,2026-09-27T15:33:37.376010
FWDI,"Forward Industries, Inc.",8.42,0.07,0.84,2316000,1657000,642347000,2026-09-27T15:33:37.376010
PRTH,"Priority Technology Holdings, Inc.",7.78,-0.01,-0.13,1180000,932653,641634000,2026-09-27T15:33:37.376010
MUA,"BlackRock MuniAssets Fund, Inc.",9.55,0.01,0.1,273521,315100,641185000,2026-09-27T15:33:37.376010
GLAS,Glass House Brands Inc.,6.8,-0.35,-4.9,1798000,550952,640849000,2026-09-27T15:33:37.376010
YEXT,"Yext, Inc.",6.47,0.0,0.0,855358,1052000,640392000,2026-09-27T15:33:37.376010
RHNO,Rhino Bitcoin Inc.,8.01,0.0,0.0,200,188,640391000,2026-09-27T15:33:37.376010
EVTZF,Evertz Technologies Limited,8.41,0.0,0.0,100,2042,636789000,2026-09-27T15:33:37.376010
FNNCF,Financial 15 Split Corp.,8.16,0.13,1.64,20,1607,636214000,2026-09-27T15:33:37.376010
PINWF,Pinewood Technologies Group PLC,5.45,0.0,0.0,920,10138,636084000,2026-09-27T15:33:37.376010
CGNT,Cognyte Software Ltd.,8.52,-0.18,-2.07,452296,592682,629161000,2026-09-27T15:33:37.376010
GDYN,"Grid Dynamics Holdings, Inc.",7.75,0.04,0.52,565106,1704000,628733000,2026-09-27T15:33:37.376010
GFUZ,General Fusion Group Ltd.,7.77,-0.57,-6.83,69980,413749,627218000,2026-09-27T15:33:37.376010
RSVR,"Reservoir Media, Inc.",9.49,0.0,0.0,34879,67009,625683000,2026-09-27T15:33:37.376010
AURA,"Aura Biosciences, Inc.",6.0,-0.15,-2.44,1117000,739598,622229000,2026-09-27T15:33:37.376010
TMOAF,TomTom N.V.,5.0,0.0,0.0,1,12,620135000,2026-09-27T15:33:37.376010
INN,"Summit Hotel Properties, Inc.",5.74,0.02,0.35,854614,1054000,619079000,2026-09-27T15:33:37.376010
WAORF,WA1 Resources Ltd,8.32,0.0,0.0,100,15,618628000,2026-09-27T15:33:37.376010
ALOY,REalloys Inc.,8.9,0.38,4.46,1727000,2516000,617828000,2026-09-27T15:33:37.376010
PFN,PIMCO Income Strategy Fund II,6.25,0.06,0.97,628334,533109,617619000,2026-09-27T15:33:37.376010
VINP,Vinci Compass Investments Ltd.,9.35,0.07,0.75,36231,40019,613839000,2026-09-27T15:33:37.376010
EGY,"VAALCO Energy, Inc.",5.82,-0.12,-2.02,1269000,1297000,612216000,2026-09-27T15:33:37.376010
CRMD,CorMedix Inc.,7.85,0.08,1.03,606569,1086000,611863000,2026-09-27T15:33:37.376010
ISOU,IsoEnergy Ltd.,9.35,-0.09,-0.95,70062,132701,610148000,2026-09-27T15:33:37.376010
STTK,"Shattuck Labs, Inc.",6.07,-0.24,-3.8,893634,1177000,609205000,2026-09-27T15:33:37.376010
CHRCF,Chrysos Corporation Limited,5.1,0.0,0.0,4504,32,595342000,2026-09-27T15:33:37.376010
NDTAF,Northern Data AG,9.25,0.0,0.0,100,14,593819000,2026-09-27T15:33:37.376010
AEXAY,Atos Group,6.0,0.0,0.0,844,3,592505000,2026-09-27T15:33:37.376010
TMS,Teamshares Inc.,8.0,-1.14,-12.47,170477,122385,591946000,2026-09-27T15:33:37.376010
WEAV,"Weave Communications, Inc.",7.35,0.01,0.14,1882000,2778000,591311000,2026-09-27T15:33:37.376010
KRNY,Kearny Financial Corp.,9.36,0.06,0.65,500301,593295,591302000,2026-09-27T15:33:37.376010
ZOJIF,Zojirushi Corporation,9.31,0.0,0.0,800,17,591141000,2026-09-27T15:33:37.376010
PHAT,"Phathom Pharmaceuticals, Inc.",7.3,0.22,3.11,1442000,1361000,590577000,2026-09-27T15:33:37.376010
WSPCF,W-SCOPE Corporation,9.76,0.0,0.0,200,1,588771000,2026-09-27T15:33:37.376010
CD,Chaince Digital Holdings Inc.,5.33,0.16,3.09,158684,225193,586320000,2026-09-27T15:33:37.376010
ARYTF,Aryt Industries Ltd.,5.72,0.0,0.0,1638,114,582407000,2026-09-27T15:33:37.376010
VALN,Valneva SE,6.14,-0.08,-1.29,15001,78498,582216000,2026-09-27T15:33:37.376010
ADTN,"ADTRAN Holdings, Inc.",7.13,0.19,2.81,1602000,1972000,580962000,2026-09-27T15:33:37.376010
RYAM,Rayonier Advanced Materials Inc.,8.57,-0.18,-2.06,562339,878331,579711000,2026-09-27T15:33:37.376010
DSU,"BlackRock Debt Strategies Fund, Inc.",8.94,0.03,0.34,243593,314766,579159000,2026-09-27T15:33:37.376010
FBRT,"Franklin BSP Realty Trust, Inc.",6.97,-0.33,-4.52,3271000,1755000,578827000,2026-09-27T15:33:37.376010
SPT,"Sprout Social, Inc.",9.54,-0.18,-1.85,887471,1212000,578050000,2026-09-27T15:33:37.376010
CPXGF,Cineplex Inc.,9.16,0.0,0.0,1900,33350,577106000,2026-09-27T15:33:37.376010
METC,"Ramaco Resources, Inc.",9.02,-0.12,-1.31,1435000,2028000,574423000,2026-09-27T15:33:37.376010
SGMT,Sagimet Biosciences Inc.,9.24,0.13,1.43,1246000,1146000,574346000,2026-09-27T15:33:37.376010
AAYYY,Australian Agricultural Company Limited,9.5,0.0,0.0,100,14,572628000,2026-09-27T15:33:37.376010
HMNTY,Hemnet Group AB (publ),6.4,-0.75,-10.49,401,445,572392000,2026-09-27T15:33:37.376010
RNRTY,Reunert Limited,7.25,0.0,0.0,100,49,569605000,2026-09-27T15:33:37.376010
HNST,"The Honest Company, Inc.",5.29,0.01,0.19,1353000,2161000,567534000,2026-09-27T15:33:37.376010
ORENF,Origin Enterprises plc,5.28,0.0,0.0,8910,238,567531000,2026-09-27T15:33:37.376010
OIG,Orion180 Insurance Group Inc.,9.57,-0.29,-2.94,456683,1436000,565560000,2026-09-27T15:33:37.376010
XMAX,XMax Inc.,8.71,-0.04,-0.46,352653,687723,561999000,2026-09-27T15:33:37.376010
ETJ,Eaton Vance Risk-Managed Diversified Equity Income Fund,8.28,0.04,0.49,188076,118376,557259000,2026-09-27T15:33:37.376010
PKRKY,PT Krakatau Steel (Persero) Tbk,5.75,0.0,0.0,0,1,556209000,2026-09-27T15:33:37.376010
GTN-A,"Gray Media, Inc.",5.34,-0.11,-2.0,258,2174,549937000,2026-09-27T15:33:37.376010
SNLGF,San Lorenzo Gold Corp.,5.05,-0.08,-1.46,2260,38414,548945000,2026-09-27T15:33:37.376010
NOAH,Noah Holdings Limited,7.92,-0.08,-1.0,74568,105607,543674000,2026-09-27T15:33:37.376010
NRDS,"NerdWallet, Inc.",8.5,0.3,3.66,732938,698295,543347000,2026-09-27T15:33:37.376010
BMM,Blue Moon Metals Inc.,5.16,-0.06,-1.15,256262,274855,541093000,2026-09-27T15:33:37.376010
AICXF,Aichi Corporation,8.35,0.0,0.0,0,9,539070000,2026-09-27T15:33:37.376010
AUXX,Gold X2 Mining Inc.,5.32,-0.02,-0.37,8326,57335,537797000,2026-09-27T15:33:37.376010
GSHRF,Gold X2 Mining Inc.,5.32,-0.02,-0.37,500,46252,537797000,2026-09-27T15:33:37.376010
OPFI,OppFi Inc.,6.28,0.04,0.64,541085,899714,535108000,2026-09-27T15:33:37.376010
ROMA,Roma Green Finance Limited,8.97,0.28,3.22,497,10819,534068000,2026-09-27T15:33:37.376010
BRSGF,Queen's Road Capital Investment Ltd.,9.88,0.0,0.0,100,428,533261000,2026-09-27T15:33:37.376010
WCHS,Digital Energy Reserve Inc,5.01,0.0,0.0,400,3,533021000,2026-09-27T15:33:37.376010
NDMO,Nuveen Dynamic Municipal Opportunities Fund,8.81,-0.09,-1.01,317404,191584,532866000,2026-09-27T15:33:37.376010
GUT,The Gabelli Utility Trust,5.9,-0.02,-0.34,178530,214733,531166000,2026-09-27T15:33:37.376010
EPRX,Eupraxia Pharmaceuticals Inc.,8.01,-0.15,-1.84,1313000,421612,529248000,2026-09-27T15:33:37.376010
MTC,"MMTec, Inc.",5.31,-0.65,-10.91,6638,28187,528811000,2026-09-27T15:33:37.376010
SENS,"Senseonics Holdings, Inc.",10.0,-0.34,-3.29,569075,683022,528741000,2026-09-27T15:33:37.376010
HMBRF,Hamborner REIT AG,6.5,0.0,0.0,151,17,528732000,2026-09-27T15:33:37.376010
AECLY,AECI Ltd,5.0,0.0,0.0,100,1,527589000,2026-09-27T15:33:37.376010
EOLS,"Evolus, Inc.",7.97,0.11,1.4,398309,886169,526422000,2026-09-27T15:33:37.376010
PANL,Pangaea Logistics Solutions Ltd.,8.01,-0.14,-1.72,322949,416430,524445000,2026-09-27T15:33:37.376010
APMRF,"Amper, S.A.",5.3,0.0,0.0,11500,971,523095000,2026-09-27T15:33:37.376010
BGY,BlackRock Enhanced International Dividend Trust,5.77,0.05,0.87,182969,210407,522845000,2026-09-27T15:33:37.376010
SBIGY,Sabre Insurance Group plc,8.63,0.0,0.0,1000,23,520900000,2026-09-27T15:33:37.376010
NMCO,Nuveen Municipal Credit Opportunities Fund,9.07,-0.07,-0.77,644858,318177,519781000,2026-09-27T15:33:37.376010
MABHF,Mortgage Advice Bureau (Holdings) plc,8.98,0.0,0.0,877,37,517373000,2026-09-27T15:33:37.376010
OCS,Oculis Holding AG,9.27,-0.14,-1.49,239570,271814,514744000,2026-09-27T15:33:37.376010
JKS,"JinkoSolar Holding Co., Ltd.",9.67,0.0,0.0,708971,736412,506420000,2026-09-27T15:33:37.376010
PBYI,"Puma Biotechnology, Inc.",9.77,-0.05,-0.51,261515,326223,504328000,2026-09-27T15:33:37.376010
TRTX,"TPG RE Finance Trust, Inc.",6.56,-0.06,-0.91,1656000,835358,503605000,2026-09-27T15:33:37.376010
KMDA,Kamada Ltd.,8.72,-0.11,-1.25,92044,110560,503234000,2026-09-27T15:33:37.376010
IGD,Voya Global Equity Dividend and Premium Opportunity Fund,6.37,0.02,0.31,258479,273480,502392000,2026-09-27T15:33:37.376010
FBDHY,FBD Holdings plc,6.97,0.0,0.0,1,6,501106000,2026-09-27T15:33:37.376010
TKNO,"Alpha Teknova, Inc.",9.33,0.04,0.43,291801,210834,500911000,2026-09-27T15:33:37.376010
CURHF,"CURVES HOLDINGS Co., Ltd.",5.61,0.0,0.0,400,6,499809000,2026-09-27T15:33:37.376010
OIS,"Oil States International, Inc.",8.28,-0.03,-0.36,518201,591112,499471000,2026-09-27T15:33:37.376010
MRETF,Martinrea International Inc.,7.1,0.0,0.0,100,16533,496821000,2026-09-27T15:33:37.376010
NEXN,Nexxen International Ltd.,8.7,-0.18,-2.03,263924,478649,495477000,2026-09-27T15:33:37.376010
NCHNF,Nichicon Corporation,7.37,0.0,0.0,400,6,494959000,2026-09-27T15:33:37.376010
VGM,Invesco Trust for Investment Grade Municipals,9.12,0.05,0.55,480690,168523,494596000,2026-09-27T15:33:37.376010
EFRTF,Nexus Industrial REIT,5.08,-0.02,-0.39,275,15953,493251000,2026-09-27T15:33:37.376010
BBCP,"Concrete Pumping Holdings, Inc.",9.77,0.17,1.77,95458,201860,492344000,2026-09-27T15:33:37.376010
SGHT,"Sight Sciences, Inc.",8.93,0.25,2.88,353444,227641,491936000,2026-09-27T15:33:37.376010
ILPT,Industrial Logistics Properties Trust,7.37,-0.15,-1.99,261030,364303,491917000,2026-09-27T15:33:37.376010
MAX,"MediaAlpha, Inc.",9.27,-0.18,-1.9,676757,852811,491085000,2026-09-27T15:33:37.376010
NSEIF,"Nippon Seiki Co., Ltd.",8.54,0.0,0.0,700,11,490900000,2026-09-27T15:33:37.376010
SMOPF,Smartoptics Group ASA,5.0,-0.07,-1.38,5000,4988,490228000,2026-09-27T15:33:37.376010
ARVN,"Arvinas, Inc.",7.59,-0.2,-2.57,713344,788125,489716000,2026-09-27T15:33:37.376010
RGNX,REGENXBIO Inc.,7.4,0.16,2.21,1276000,1671000,488498000,2026-09-27T15:33:37.376010
KMRCF,Komori Corporation,9.2,0.0,0.0,5,10,488177000,2026-09-27T15:33:37.376010
MMU,Western Asset Managed Municipals Fund Inc.,8.98,-0.03,-0.33,284694,149646,487946000,2026-09-27T15:33:37.376010
OWLS,Obook Holdings Inc.,5.52,0.07,1.28,6615,24988,487600000,2026-09-27T15:33:37.376010
MTLS,Materialise NV,8.43,0.42,5.24,494635,114300,486512000,2026-09-27T15:33:37.376010
CAPR,"Capricor Therapeutics, Inc.",8.36,-0.21,-2.45,1899000,6466000,486042000,2026-09-27T15:33:37.376010
APPTF,Automotive Properties Real Estate Investment Trust,8.8,0.0,0.0,100,636,485696000,2026-09-27T15:33:37.376010
QUAD,"Quad/Graphics, Inc.",9.43,0.17,1.84,227530,335522,485280000,2026-09-27T15:33:37.376010
MRTPY,Marston's PLC,7.63,0.0,0.0,100,40,484835000,2026-09-27T15:33:37.376010
MFI,mF International Limited,9.6,0.0,0.0,4527,15684,481694000,2026-09-27T15:33:37.376010
PYPTF,PayPoint plc,8.18,0.0,0.0,6700,174,481125000,2026-09-27T15:33:37.376010
BRTM,B&R Technology Merger Corp.,9.8,-0.01,-0.1,21319,96325,479179000,2026-09-27T15:33:37.376010
SNBOY,SanBio Company Limited,6.07,0.0,0.0,211,3,473814000,2026-09-27T15:33:37.376010
SRTA,"Strata Critical Medical, Inc.",5.33,0.06,1.14,519605,979387,471528000,2026-09-27T15:33:37.376010
BRLGF,Dominion Lending Centres Inc.,6.09,0.0,0.0,1800,33,469092000,2026-09-27T15:33:37.376010
TSIHF,"TSI Holdings Co.,Ltd.",8.23,0.0,0.0,60,10,468866000,2026-09-27T15:33:37.376010
BHOOY,boohoo group plc,5.96,0.0,0.0,60,1,468756000,2026-09-27T15:33:37.376010
FNCSF,North American Financial 15 Split Corp.,6.81,0.0,0.0,200,481,468029000,2026-09-27T15:33:37.376010
UTDAY,United Arrows Ltd.,8.66,0.0,0.0,100,1,464317000,2026-09-27T15:33:37.376010
FTUAF,"Fuller, Smith & Turner P.L.C.",8.85,0.0,0.0,100,1,461792000,2026-09-27T15:33:37.376010
JAGGF,Jaguar Mining Inc.,5.39,0.05,1.03,700,49639,459933000,2026-09-27T15:33:37.376010
TCLCF,Transcontinental Inc.,5.5,0.0,0.0,10,4,459904000,2026-09-27T15:33:37.376010
BTEAF,Bénéteau S.A.,5.77,0.0,0.0,200,19,457729000,2026-09-27T15:33:37.376010
TWI,"Titan International, Inc.",7.07,0.0,0.0,431746,539658,456314000,2026-09-27T15:33:37.376010
EIM,Eaton Vance Municipal Bond Fund,8.83,0.03,0.34,265707,166053,453620000,2026-09-27T15:33:37.376010
GHXI,"Gores Holdings XI, Inc.",10.0,0.0,0.0,150415,88154,450750000,2026-09-27T15:33:37.376010
SRRTF,Slate Grocery REIT,7.59,-0.41,-5.16,83185,48485,449631000,2026-09-27T15:33:37.376010
VCV,Invesco California Value Municipal Income Trust,9.14,0.07,0.77,520282,121141,448909000,2026-09-27T15:33:37.376010
WCT,Wellchange Holdings Company Limited,7.93,0.18,2.32,807425,412419,445312000,2026-09-27T15:33:37.376010
ACIC,American Coastal Insurance Corporation,9.4,0.33,3.64,405347,273715,444333000,2026-09-27T15:33:37.376010
SCGX,"Saxon Capital Group, Inc.",9.0,0.0,0.0,1824,33,441765000,2026-09-27T15:33:37.376010
AHRT,AH REALTY TRUST INC,5.91,-0.15,-2.48,1018000,686365,440845000,2026-09-27T15:33:37.376010
VRNO,Verano Holdings Corp,6.02,0.01,0.17,79254,106077,440772000,2026-09-27T15:33:37.376010
SROYF,Sailfish Royalty Corp.,5.59,0.09,1.55,1500,17834,440488000,2026-09-27T15:33:37.376010
VKSKF,"Vital KSK Holdings, Inc.",9.2,0.0,0.0,1000,15,438266000,2026-09-27T15:33:37.376010
IACO,Idea Acquisition Corp.,10.0,0.01,0.1,1017,33865,437500000,2026-09-27T15:33:37.376010
EVSBY,EVS SA,8.1,0.0,0.0,100,22,434076000,2026-09-27T15:33:37.376010
ASPN,"Aspen Aerogels, Inc.",5.22,-0.08,-1.51,1742000,1195000,433201000,2026-09-27T15:33:37.376010
EGKLF,ElringKlinger AG,6.8,0.0,0.0,100,1,430848000,2026-09-27T15:33:37.376010
EIKN,"Eikon Therapeutics, Inc.",7.92,-0.37,-4.46,377076,484631,428987000,2026-09-27T15:33:37.376010
ALLT,Allot Ltd.,8.69,0.07,0.81,363849,300907,428444000,2026-09-27T15:33:37.376010
DMAC,DiaMedica Therapeutics Inc.,7.94,0.11,1.4,236352,182725,428170000,2026-09-27T15:33:37.376010
KPLT,"Katapult Holdings, Inc.",5.04,-0.73,-12.65,1055000,127744,427639000,2026-09-27T15:33:37.376010
VITL,"Vital Farms, Inc.",9.95,-0.14,-1.39,1306000,1590000,427169000,2026-09-27T15:33:37.376010
PRTA,Prothena Corporation plc,8.29,-0.03,-0.36,481047,461976,425584000,2026-09-27T15:33:37.376010
DUNNF,Duni AB (publ),9.01,0.0,0.0,100,1,423461000,2026-09-27T15:33:37.376010
KYTX,"Kyverna Therapeutics, Inc.",6.81,-0.18,-2.58,1501000,936934,421154000,2026-09-27T15:33:37.376010
FECCF,Frontera Energy Corporation,5.93,-0.01,-0.17,900,19314,419659000,2026-09-27T15:33:37.376010
GWAXY,GWA Group Limited,6.58,0.0,0.0,1,24,418461000,2026-09-27T15:33:37.376010
AVIR,"Atea Pharmaceuticals, Inc.",5.17,0.0,0.0,280666,313684,414658000,2026-09-27T15:33:37.376010
BCCQ,Bleichroeder Acquisition Corp. III,9.96,-0.02,-0.15,124618,251712,413535000,2026-09-27T15:33:37.376010
LAND,Gladstone Land Corporation,9.48,-0.01,-0.11,514007,683930,408935000,2026-09-27T15:33:37.376010
YDES,YD Bio Ltd,5.73,0.96,20.13,653272,339773,405864000,2026-09-27T15:33:37.376010
OSPR,Osprey Acquisition Corp. III,9.83,0.02,0.2,2141,137288,403187000,2026-09-27T15:33:37.376010
RLGT,"Radiant Logistics, Inc.",8.58,0.03,0.35,148871,210342,402353000,2026-09-27T15:33:37.376010
MEVO,M Evo Global Acquisition Corp II,10.0,-0.02,-0.2,113501,80941,400000000,2026-09-27T15:33:37.376010
AEF,"abrdn Emerging Markets ex-China Fund, Inc.",9.74,0.15,1.56,140768,110507,395458000,2026-09-27T15:33:37.376010
CCOI,"Cogent Communications Holdings, Inc.",7.69,0.05,0.65,1753000,1774000,393849000,2026-09-27T15:33:37.376010
OPRT,Oportun Financial Corporation,8.55,0.25,3.01,772919,507439,393191000,2026-09-27T15:33:37.376010
NLLSY,Nel ASA,6.4,0.0,0.0,100,60,392115000,2026-09-27T15:33:37.376010
SICOF,Silverco Mining Ltd.,7.05,0.19,2.77,3050,15724,392064000,2026-09-27T15:33:37.376010
TAHCF,"Tanseisha Co., Ltd.",8.25,0.0,0.0,600,9,391069000,2026-09-27T15:33:37.376010
EVN,Eaton Vance Municipal Income Trust,9.79,0.04,0.41,204396,77688,390845000,2026-09-27T15:33:37.376010
GUAC,Berto Acquisition Corp. II,9.9,-0.01,-0.09,531,65196,389976000,2026-09-27T15:33:37.376010
AMIVF,Atrium Mortgage Investment Corporation,8.05,0.0,0.0,100,2393,389188000,2026-09-27T15:33:37.376010
PHXHF,PHX Energy Services Corp.,8.5,-0.2,-2.3,200,40384,388969000,2026-09-27T15:33:37.376010
AGEN,Agenus Inc.,8.54,0.04,0.47,672246,4214000,385683000,2026-09-27T15:33:37.376010
TRVG,trivago N.V.,5.44,-0.1,-1.89,129925,153355,383838000,2026-09-27T15:33:37.376010
BKKT,"Bakkt, Inc.",8.5,-0.58,-6.39,1002000,1261000,383090000,2026-09-27T15:33:37.376010
OFIX,Orthofix Medical Inc.,9.44,0.28,3.06,675158,369903,381580000,2026-09-27T15:33:37.376010
SBLOF,"Shin Nippon Biomedical Laboratories, Ltd.",9.16,0.0,0.0,1000,3,381381000,2026-09-27T15:33:37.376010
YICC,Yorkville International Capital Corp.,9.92,0.0,0.0,16366,65707,380267000,2026-09-27T15:33:37.376010
KEYY,Keystone Acquisition Corp.,9.91,0.0,0.0,94,97574,379883000,2026-09-27T15:33:37.376010
VOXR,Vox Royalty Corp.,5.44,0.04,0.74,314626,435544,378054000,2026-09-27T15:33:37.376010
AUNA,Auna SA,5.1,0.01,0.2,75358,163576,377687000,2026-09-27T15:33:37.376010
ALOV,"Aldabra 4 Liquidity Opportunity Vehicle, Inc.",10.0,0.0,0.0,2157,38709,375188000,2026-09-27T15:33:37.376010
MZYX,MOZAYYX Acquisition Corp.,10.0,0.01,0.1,31134,30860,375000000,2026-09-27T15:33:37.376010
HFRO,Highland Funds I - Highland Opportunities and Income Fund,6.79,-0.11,-1.59,52784,130784,374934000,2026-09-27T15:33:37.376010
DTLIF,D2L Inc.,7.14,0.0,0.0,200,5814,374917000,2026-09-27T15:33:37.376010
TDCSF,TDC SOFT Inc.,7.99,0.0,0.0,577,5,372422000,2026-09-27T15:33:37.376010
KREF,KKR Real Estate Finance Trust Inc.,6.35,0.09,1.44,2021000,945150,371970000,2026-09-27T15:33:37.376010
FDMM,Freedom Metals Acquisition Corp.,9.84,0.0,0.0,73,41002,368731000,2026-09-27T15:33:37.376010
FISN,"Deep Fission, Inc.",6.25,-0.7,-10.07,574485,253634,368162000,2026-09-27T15:33:37.376010
ABCCF,ABC arbitrage SA,6.15,0.0,0.0,1000,47,366739000,2026-09-27T15:33:37.376010
FOSL,"Fossil Group, Inc.",6.2,0.35,5.98,640971,847493,366656000,2026-09-27T15:33:37.376010
SUSRF,Surgical Science Sweden AB (publ),5.2,0.0,0.0,200,19,364153000,2026-09-27T15:33:37.376010
DLGCF,Datalogic S.p.A.,6.47,0.0,0.0,500,8,360904000,2026-09-27T15:33:37.376010
FBYD,"Falcon's Beyond Global, Inc.",7.43,0.68,10.07,97380,132084,360091000,2026-09-27T15:33:37.376010
ALRPF,"Alantra Partners, S.A.",9.5,0.0,0.0,0,33,359858000,2026-09-27T15:33:37.376010
CRNC,Cerence Inc.,7.95,0.02,0.25,609213,689022,359581000,2026-09-27T15:33:37.376010
OBIO,"Orchestra BioMed Holdings, Inc.",5.95,0.0,0.0,248769,306034,357625000,2026-09-27T15:33:37.376010
EAD,Wells Fargo Advantage Funds - Allspring Income Opportunities Fund,6.04,0.02,0.33,337284,268452,356918000,2026-09-27T15:33:37.376010
ACAA,Averin Capital Acquisition Corp.,10.0,-0.02,-0.2,305008,32738,356825000,2026-09-27T15:33:37.376010
CEJOF,Cresco Ltd.,9.0,0.0,0.0,600,16,356639000,2026-09-27T15:33:37.376010
MUPQF,"m-up holdings, Inc.",5.1,0.0,0.0,0,13,356309000,2026-09-27T15:33:37.376010
OKEPF,"The Okinawa Electric Power Company, Incorporated",6.55,0.0,0.0,660,10,355764000,2026-09-27T15:33:37.376010
AMAC,AMR Resources Acquisition Corp,9.8,0.01,0.1,39398,62542,355650000,2026-09-27T15:33:37.376010
PERI,Perion Network Ltd.,8.59,-0.09,-1.04,237731,426346,354792000,2026-09-27T15:33:37.376010
HCIC,Hennessy Capital Investment Corp. VIII,9.98,-0.01,-0.1,655,22947,354425000,2026-09-27T15:33:37.376010
CV,"CapsoVision, Inc.",6.65,0.48,7.78,184217,164060,353849000,2026-09-27T15:33:37.376010
VKI,Invesco Advantage Municipal Income Trust II,7.96,0.0,0.0,223717,90539,353718000,2026-09-27T15:33:37.376010
CCAP,"Crescent Capital BDC, Inc.",9.57,-0.01,-0.1,184412,256282,352616000,2026-09-27T15:33:37.376010
CION,CION Investment Corporation,7.16,0.03,0.42,342187,482555,352291000,2026-09-27T15:33:37.376010
LEO,"BNY Mellon Strategic Municipals, Inc.",5.63,-0.01,-0.18,295062,227857,350698000,2026-09-27T15:33:37.376010
EBS,Emergent BioSolutions Inc.,6.79,0.02,0.3,631358,1112000,348146000,2026-09-27T15:33:37.376010
ERII,"Energy Recovery, Inc.",6.81,-0.02,-0.29,681666,926826,347616000,2026-09-27T15:33:37.376010
ORN,"Orion Group Holdings, Inc.",8.58,0.06,0.7,829885,520149,347450000,2026-09-27T15:33:37.376010
KTSUF,"Koatsu Gas Kogyo Co., Ltd.",6.28,0.0,0.0,13400,38,346677000,2026-09-27T15:33:37.376010
PFL,PIMCO Income Strategy Fund,6.93,0.07,1.02,303795,243009,346091000,2026-09-27T15:33:37.376010
CTJHY,CITIC Resources Holdings Limited,8.78,0.0,0.0,120,3,344954000,2026-09-27T15:33:37.376010
CWH,"Camping World Holdings, Inc.",5.39,0.2,3.85,1912000,2052000,344033000,2026-09-27T15:33:37.376010
ENVHF,Envipco Holding N.V.,5.2,0.0,0.0,0,3,343670000,2026-09-27T15:33:37.376010
MYN,"BlackRock MuniYield New York Quality Fund, Inc.",8.93,0.01,0.11,381402,208176,342137000,2026-09-27T15:33:37.376010
ARTV,"Artiva Biotherapeutics, Inc.",6.99,-0.5,-6.68,507049,404820,341742000,2026-09-27T15:33:37.376010
GTE,Gran Tierra Energy Inc.,9.62,-0.56,-5.5,491541,885376,340356000,2026-09-27T15:33:37.376010
VMD,"Viemed Healthcare, Inc.",8.91,0.09,1.02,199815,360298,339366000,2026-09-27T15:33:37.376010
MGRUF,Morguard Real Estate Investment Trust,5.04,0.0,0.0,200,6,339040000,2026-09-27T15:33:37.376010
CAII,Collective Acquisition Corp. II,9.99,0.0,0.0,2225,58919,338644000,2026-09-27T15:33:37.376010
PTOR,Praetorian Acquisition Corp.,9.96,-0.01,-0.05,1621,33771,337874000,2026-09-27T15:33:37.376010
VHIBF,Vitalhub Corp.,5.31,-0.02,-0.38,200,10874,336331000,2026-09-27T15:33:37.376010
PSFE,Paysafe Limited,6.43,0.05,0.78,245677,334196,335745000,2026-09-27T15:33:37.376010
NAN,Nuveen New York Quality Municipal Income Fund,9.99,0.06,0.6,97169,95461,335359000,2026-09-27T15:33:37.376010
WNWSF,Weathernews Inc.,7.54,0.0,0.0,100,1,334992000,2026-09-27T15:33:37.376010
STSEY,Stratec SE,5.51,0.0,0.0,100,1,334896000,2026-09-27T15:33:37.376010
BNTC,Benitec Biopharma Inc.,9.59,-0.05,-0.52,106965,141088,334525000,2026-09-27T15:33:37.376010
GASS,StealthGas Inc.,8.89,-0.05,-0.56,68726,120711,334519000,2026-09-27T15:33:37.376010
EMBC,Embecta Corp.,5.9,0.28,4.98,791734,1467000,334292000,2026-09-27T15:33:37.376010
ELXXF,Elixirr International plc,6.64,0.0,0.0,100,227,333581000,2026-09-27T15:33:37.376010
MTSMF,"Mitsui Matsushima Holdings Co., Ltd.",9.0,0.0,0.0,100,16,333252000,2026-09-27T15:33:37.376010
FMBRY,Famous Brands Limited,6.71,0.0,0.0,100,1,333047000,2026-09-27T15:33:37.376010
SUJA,"Suja Life, Inc.",8.61,0.41,5.0,251513,587965,332561000,2026-09-27T15:33:37.376010
OEC,Orion S.A.,5.89,-0.13,-2.16,441310,527414,332129000,2026-09-27T15:33:37.376010
CLIUF,City of London Investment Group Plc,6.73,0.0,0.0,1000,3,331392000,2026-09-27T15:33:37.376010
RREV,RRE Ventures Acquisition Corp.,9.92,0.0,0.0,780,33269,330667000,2026-09-27T15:33:37.376010
LTRX,"Lantronix, Inc.",7.01,0.41,6.29,1278000,1051000,328859000,2026-09-27T15:33:37.376010
ASG,"Liberty All-Star Growth Fund, Inc.",5.1,0.06,1.19,222272,245982,324960000,2026-09-27T15:33:37.376010
BIOA,"BioAge Labs, Inc.",7.05,-0.16,-2.22,630281,863261,323573000,2026-09-27T15:33:37.376010
SIIXF,SIIX Corporation,6.85,0.0,0.0,100,1,322973000,2026-09-27T15:33:37.376010
KTF,DWS Municipal Income Trust,8.23,-0.04,-0.48,280248,231590,322482000,2026-09-27T15:33:37.376010
GCSSF,Gecoss Corporation,9.53,0.0,0.0,9240,1,320649000,2026-09-27T15:33:37.376010
IACQ,Irenic Acquisition Corp.,9.91,-0.08,-0.8,1247,56966,319814000,2026-09-27T15:33:37.376010
AVEXF,Avex Inc.,7.49,0.0,0.0,196,5,319679000,2026-09-27T15:33:37.376010
XNET,Xunlei Limited,5.01,0.0,0.0,174712,217673,319340000,2026-09-27T15:33:37.376010
NZSTY,NZX Limited,9.64,0.0,0.0,100,1,317388000,2026-09-27T15:33:37.376010
COSXF,"Cosel Co., Ltd.",7.69,0.0,0.0,100,6,316322000,2026-09-27T15:33:37.376010
ELVA,Electrovaya Inc.,6.35,-0.04,-0.63,251258,1029000,314372000,2026-09-27T15:33:37.376010
DSC,DSC Holdings Ltd.,6.28,0.08,1.24,14924,75279,314305000,2026-09-27T15:33:37.376010
BFNH,"BioForce Nanosciences Holdings, Inc.",9.35,0.16,1.74,301,9080,313683000,2026-09-27T15:33:37.376010
AACO,Abony Acquisition Corp. I,10.0,0.0,0.0,10,8249,313617000,2026-09-27T15:33:37.376010
DBI,Designer Brands Inc.,6.13,-0.14,-2.23,639213,583949,313386000,2026-09-27T15:33:37.376010
LEGO,Legato Merger Corp. IV,10.0,0.0,0.0,31,32753,312667000,2026-09-27T15:33:37.376010
DVSPF,Dividend 15 Split Corp.,6.18,0.03,0.49,800,5239,312401000,2026-09-27T15:33:37.376010
CAQ,Cambridge Acquisition Corp.,10.0,0.0,0.0,3410,24773,311622000,2026-09-27T15:33:37.376010
MAARF,"Quants Research Institute Holdings, Inc.",6.12,0.0,0.0,444,3,310383000,2026-09-27T15:33:37.376010
BRW,Saba Capital Income & Opportunities Fund,6.08,0.05,0.83,166065,216234,309442000,2026-09-27T15:33:37.376010
BKT,"BlackRock Income Trust, Inc.",9.55,0.02,0.21,185112,130728,309314000,2026-09-27T15:33:37.376010
ABEO,Abeona Therapeutics Inc.,5.4,-0.03,-0.55,720607,1465000,308794000,2026-09-27T15:33:37.376010
CCCT,Columbus Circle Capital Corp III,9.84,0.0,0.0,133,67080,308304000,2026-09-27T15:33:37.376010
EVMN,"Evommune, Inc.",8.49,-0.31,-3.52,541050,858350,308120000,2026-09-27T15:33:37.376010
FNKO,"Funko, Inc.",5.5,0.05,0.92,660530,1062000,307977000,2026-09-27T15:33:37.376010
FVRR,Fiverr International Ltd.,8.55,0.03,0.35,457714,683453,307379000,2026-09-27T15:33:37.376010
FRMO,FRMO Corporation,6.95,-0.02,-0.29,1700,7669,305958000,2026-09-27T15:33:37.376010
VNDA,Vanda Pharmaceuticals Inc.,5.05,0.07,1.41,722602,875015,305337000,2026-09-27T15:33:37.376010
ARTC,Art Technology Acquisition Corp.,9.97,-0.03,-0.3,6286,39820,303420000,2026-09-27T15:33:37.376010
PRTHU,"Priority Technology Holdings, Inc.",5.0,0.0,0.0,100,1,302851000,2026-09-27T15:33:37.376010
ABHBY,Alfen N.V.,6.95,0.0,0.0,100,73,302305000,2026-09-27T15:33:37.376010
ZTR,Virtus Global Dividend & Income Fund Inc.,6.04,-0.05,-0.82,138890,150211,301961000,2026-09-27T15:33:37.376010
FCMGF,Firm Capital Mortgage Investment Corporation,8.21,0.0,0.0,2,1419,301634000,2026-09-27T15:33:37.376010
MOBI,"Mobia Medical, Inc.",9.06,0.25,2.84,156568,165100,301617000,2026-09-27T15:33:37.376010
PSBD,Palmer Square Capital BDC Inc.,9.83,-0.09,-0.91,197753,143385,301301000,2026-09-27T15:33:37.376010
GSRV,GSR V Acquisition Corp.,9.89,0.01,0.1,589,97461,300864000,2026-09-27T15:33:37.376010
QLEP,Quantum Leap Acquisition Corp,10.0,-0.04,-0.4,112,33198,299795000,2026-09-27T15:33:37.376010
ZTFMF,Zotefoams plc,6.05,0.0,0.0,0,1,298281000,2026-09-27T15:33:37.376010
OPTX,"Syntec Optics Holdings, Inc.",7.4,0.09,1.23,150904,392233,298071000,2026-09-27T15:33:37.376010
CLVLF,Clinuvel Pharmaceuticals Limited,5.68,-0.21,-3.57,300,506,297924000,2026-09-27T15:33:37.376010
SUPX,SuperX AI Technology Limited,6.89,-0.1,-1.43,404045,449214,297917000,2026-09-27T15:33:37.376010
TEI,Templeton Emerging Markets Income Fund,6.3,0.12,1.94,136305,137217,297539000,2026-09-27T15:33:37.376010
FUND,"Sprott Focus Trust, Inc.",9.95,0.03,0.35,14971,27812,295175000,2026-09-27T15:33:37.376010
UPB,"Upstream Bio, Inc.",5.36,0.19,3.68,429009,570961,293573000,2026-09-27T15:33:37.376010
MTNE,CH4 Natural Solutions Corporation,9.92,0.01,0.1,112,33153,292971000,2026-09-27T15:33:37.376010
FUBO,FuboTV Inc.,9.64,-0.09,-0.92,769769,1424000,291169000,2026-09-27T15:33:37.376010
GONYF,GO Residential Real Estate Investment Trust,7.83,-0.07,-0.89,14900,20318,291045000,2026-09-27T15:33:37.376010
SDCKF,"Sodick Co., Ltd.",5.77,0.0,0.0,200,1,288367000,2026-09-27T15:33:37.376010
DUOT,"Duos Technologies Group, Inc.",9.14,-0.41,-4.29,390613,921255,287659000,2026-09-27T15:33:37.376010
TBI,"TrueBlue, Inc.",9.44,-0.09,-0.94,219815,306360,287395000,2026-09-27T15:33:37.376010
SHOT,RMG ML Sports Holdings,9.85,0.0,0.0,12,33364,286551000,2026-09-27T15:33:37.376010
ALFDF,Astral Foods Limited,7.39,0.0,0.0,190,3,285867000,2026-09-27T15:33:37.376010
RWAY,Runway Growth Finance Corp.,6.78,0.05,0.74,284002,545255,284149000,2026-09-27T15:33:37.376010
ATLQ,JAB Acquisition Corp I Class A Ordinary Shares,9.98,0.0,0.0,112,198772,284052000,2026-09-27T15:33:37.376010
CUVL,Clinuvel Pharmaceuticals Limited,5.63,-0.15,-2.6,13318,12619,283909000,2026-09-27T15:33:37.376010
SVCO,"Silvaco Group, Inc.",8.36,-0.1,-1.18,465219,412052,283285000,2026-09-27T15:33:37.376010
WLCO,Wilco 63 Corporation Class A Ordinary Shares,9.82,0.0,0.0,916,28238,282325000,2026-09-27T15:33:37.376010
JONE,Jones Ventures INTL Acquisition1 Corp,9.83,0.01,0.1,5831,38325,282191000,2026-09-27T15:33:37.376010
RWWI,"Rand Worldwide, Inc.",8.39,-1.15,-12.05,10987,4536,281978000,2026-09-27T15:33:37.376010
SAMO,Samos Energy Acquisition Corporation,9.8,0.0,0.0,12,34257,281750000,2026-09-27T15:33:37.376010
LSANF,Los Andes Copper Ltd.,9.2,0.0,0.0,700,1830,279667000,2026-09-27T15:33:37.376010
HLNFF,High Liner Foods Incorporated,9.95,0.05,0.51,300,906,278648000,2026-09-27T15:33:37.376010
TSSI,"TSS, Inc.",9.87,-0.32,-3.14,1247000,880839,278522000,2026-09-27T15:33:37.376010
SBVTF,Sabvest Capital Limited,7.35,0.0,0.0,0,8,278358000,2026-09-27T15:33:37.376010
NXDT,NexPoint Diversified Real Estate Trust,5.21,0.0,0.0,166915,174458,276682000,2026-09-27T15:33:37.376010
NNNN,Anbio Biotechnology,6.3,0.15,2.44,60243,149184,276515000,2026-09-27T15:33:37.376010
XSLL,Xsolla SPAC 1,9.98,0.0,0.0,43,25388,276247000,2026-09-27T15:33:37.376010
EOD,Wells Fargo Advantage Funds - Allspring Global Dividend Opportunity Fund,6.41,0.07,1.1,179082,100344,276053000,2026-09-27T15:33:37.376010
TSNLF,Tristel plc,5.74,0.0,0.0,400,7,275942000,2026-09-27T15:33:37.376010
MTRX,Matrix Service Company,9.74,-0.06,-0.61,567299,288184,275563000,2026-09-27T15:33:37.376010
CHYOF,"Chiyoda Co., Ltd.",8.1,0.0,0.0,100,1,274988000,2026-09-27T15:33:37.376010
SPHRY,Starpharma Holdings Limited,5.75,0.57,11.0,2500,796,274307000,2026-09-27T15:33:37.376010
MUZE,Muzero Acquisition Corp,10.0,0.0,0.0,274975,24831,273202000,2026-09-27T15:33:37.376010
DVTC,Development Technologies Corp.,5.01,0.0,0.0,20,2,273045000,2026-09-27T15:33:37.376010
VCRE,Vicore Pharma Holding AB,9.65,-0.26,-2.62,6678,26793,271672000,2026-09-27T15:33:37.376010
ADFJF,ADF Group Inc.,9.51,-0.14,-1.45,100,4257,271541000,2026-09-27T15:33:37.376010
XPER,Xperi Inc.,5.56,0.11,2.02,272377,422503,271171000,2026-09-27T15:33:37.376010
ABANF,Automatic Bank Services Limited,6.72,-1.21,-15.31,50,13,269884000,2026-09-27T15:33:37.376010
CGCF,Cartesian Growth Corporation IV,9.81,0.0,0.0,28,29620,269775000,2026-09-27T15:33:37.376010
NPCT,Nuveen Core Plus Impact Fund,9.37,0.08,0.86,218682,109915,269434000,2026-09-27T15:33:37.376010
BCBP,"BCB Bancorp, Inc.",8.75,0.0,0.0,442159,239150,269078000,2026-09-27T15:33:37.376010
XTER,Karman Line Acquisition Corp. Class A Ordinary Shares,9.78,-0.01,-0.05,10130,19614,267294000,2026-09-27T15:33:37.376010
SILDF,"Sintokogio,Ltd.",5.09,0.0,0.0,4,69,267046000,2026-09-27T15:33:37.376010
TOHZF,"Toho Zinc Co., Ltd.",6.99,0.0,0.0,31546,508,266440000,2026-09-27T15:33:37.376010
PDYN,Palladyne AI Corp.,5.39,0.0,0.0,952737,1011000,265935000,2026-09-27T15:33:37.376010
OIA,Invesco Municipal Income Opportunities Trust,5.49,0.02,0.37,202302,126985,263146000,2026-09-27T15:33:37.376010
BRAGF,BAUER Aktiengesellschaft,6.1,0.0,0.0,15,1,262529000,2026-09-27T15:33:37.376010
ALVOF,Alvopetro Energy Ltd.,7.03,-0.06,-0.87,4200,55652,262198000,2026-09-27T15:33:37.376010
URNAF,Urbana Corporation,6.33,0.06,0.96,100,942,261913000,2026-09-27T15:33:37.376010
FXHO,UTime Limited,9.97,0.22,2.21,67482,270157,261844000,2026-09-27T15:33:37.376010
HGRVF,Hargreaves Services Plc,8.51,0.0,0.0,100,7,261295000,2026-09-27T15:33:37.376010
KWY,Kingsway Corporation,9.03,-0.12,-1.31,31625,57479,261247000,2026-09-27T15:33:37.376010
GLTKD,GlobalTech Corporation,5.15,0.35,7.29,3030,1786,261167000,2026-09-27T15:33:37.376010
QTTB,Q32 Bio Inc.,8.77,-0.45,-4.88,514789,1202000,261078000,2026-09-27T15:33:37.376010
DSM,"BNY Mellon Strategic Municipal Bond Fund, Inc.",5.26,-0.02,-0.38,261475,135041,259995000,2026-09-27T15:33:37.376010
OISXF,Oisix Inc.,7.47,0.0,0.0,100,1,259454000,2026-09-27T15:33:37.376010
TRGS,TRG Latin America Acquisitions Corp.,9.96,0.0,0.0,121,40477,259109000,2026-09-27T15:33:37.376010
ASLE,AerSale Corporation,5.4,-0.09,-1.64,348639,440674,257725000,2026-09-27T15:33:37.376010
RLTWF,Tiernan Gold Corp.,5.33,0.0,0.0,3400,9567,257044000,2026-09-27T15:33:37.376010
DIALF,Dialight plc,6.38,0.0,0.0,300,4,256462000,2026-09-27T15:33:37.376010
PZRIF,Pizza Pizza Royalty Corp.,7.56,0.05,0.67,200,4549,255562000,2026-09-27T15:33:37.376010
VTEPF,Videndum Plc,6.34,0.0,0.0,20000,2,255465000,2026-09-27T15:33:37.376010
III,"Information Services Group, Inc.",5.26,-0.01,-0.19,305399,217906,254655000,2026-09-27T15:33:37.376010
ODTLF,Odfjell Technology Ltd.,6.44,0.54,9.15,100,63,254147000,2026-09-27T15:33:37.376010
IPVV,"InterPrivate Investment Partners V, Inc.",9.86,0.01,0.1,1222,18647,253365000,2026-09-27T15:33:37.376010
FEDOF,"Feed One Co.,Ltd.",6.61,0.0,0.0,0,21,252959000,2026-09-27T15:33:37.376010
BNC,CEA Industries Inc.,6.11,-0.15,-2.4,702999,1893000,251572000,2026-09-27T15:33:37.376010
PNAQ,Pinnacle Acquisition Corporation,9.95,0.15,1.53,24831,24831,250989000,2026-09-27T15:33:37.376010
CPHRF,Cipher Pharmaceuticals Inc.,9.87,-0.1,-1.0,905,5463,250847000,2026-09-27T15:33:37.376010
OHAC,Oceanhawk Acquisition Corp,10.0,0.02,0.2,506,29936,250633000,2026-09-27T15:33:37.376010
SBMT,Silver Bow Mining Corp.,8.46,0.41,5.09,77716,84495,249811000,2026-09-27T15:33:37.376010
QADR,QDRO Acquisition Corp.,9.99,0.0,0.0,12,14588,249750000,2026-09-27T15:33:37.376010
FRRDF,Frontier Developments plc,7.34,0.0,0.0,100,3,248516000,2026-09-27T15:33:37.376010
UBAAF,Urbana Corporation,6.0,-0.05,-0.83,400,2501,248018000,2026-09-27T15:33:37.376010
PSHPF,Pro-Ship Incorporated,9.58,0.0,0.0,249,5,247736000,2026-09-27T15:33:37.376010
RAUMF,"Rheon Automatic Machinery Co., Ltd.",9.16,0.0,0.0,1100,5,246614000,2026-09-27T15:33:37.376010
TG,Tredegar Corporation,7.05,0.0,0.0,147155,159669,245521000,2026-09-27T15:33:37.376010
TDF,"Templeton Dragon Fund, Inc.",9.79,-0.13,-1.31,42767,52636,245491000,2026-09-27T15:33:37.376010
SDSYA,"South Dakota Soybean Processors, LLC",8.0,0.0,0.0,75000,1459,243352000,2026-09-27T15:33:37.376010
ERC,Allspring Multi-Sector Income Fund,8.66,0.02,0.23,34979,52912,242946000,2026-09-27T15:33:37.376010
GLND,Greenland Energy Company,5.54,0.19,3.55,117468000,10628000,242265000,2026-09-27T15:33:37.376010
CPTLD,--,6.33,0.0,0.0,152,213,242072000,2026-09-27T15:33:37.376010
CPTLF,Capital B,6.33,-0.24,-3.65,200,550,242072000,2026-09-27T15:33:37.376010
IMMR,Immersion Corporation,7.28,-0.01,-0.14,257652,529639,241740000,2026-09-27T15:33:37.376010
LYEL,"Lyell Immunopharma, Inc.",9.85,-0.27,-2.67,108899,156846,241376000,2026-09-27T15:33:37.376010
LTBR,Lightbridge Corporation,6.85,0.12,1.78,660876,808153,241373000,2026-09-27T15:33:37.376010
AZ,A2Z Cust2Mate Solutions Corp.,5.45,-0.23,-4.05,148175,401117,239944000,2026-09-27T15:33:37.376010
TRDA,"Entrada Therapeutics, Inc.",6.16,-0.06,-0.96,374037,356053,239850000,2026-09-27T15:33:37.376010
CHPT,"ChargePoint Holdings, Inc.",8.93,-0.05,-0.56,928256,1680000,239773000,2026-09-27T15:33:37.376010
EXOD,"Exodus Movement, Inc.",7.92,-0.03,-0.38,52854,82850,239210000,2026-09-27T15:33:37.376010
PMM,Franklin Managed Municipal Income Trust,5.57,-0.04,-0.71,306344,104950,238582000,2026-09-27T15:33:37.376010
NHIC,NewHold Investment Corp III,8.64,-0.03,-0.35,318954,370180,238574000,2026-09-27T15:33:37.376010
QMLS,"QumulusAI, Inc.",7.12,0.3,4.4,277742,479686,238225000,2026-09-27T15:33:37.376010
SMHI,SEACOR Marine Holdings Inc.,8.73,-0.08,-0.91,131812,112811,236870000,2026-09-27T15:33:37.376010
VNWTF,Vecima Networks Inc.,9.74,0.65,7.15,200,353,236824000,2026-09-27T15:33:37.376010
RDNW,"RideNow Group, Inc.",6.06,-0.02,-0.33,34101,74160,236407000,2026-09-27T15:33:37.376010
SION,"Sionna Therapeutics, Inc.",5.23,0.0,0.0,1401000,2143000,236136000,2026-09-27T15:33:37.376010
RAIL,"FreightCar America, Inc.",7.18,-0.24,-3.23,166971,237633,235441000,2026-09-27T15:33:37.376010
DAIYF,"Dai Nippon Toryo Company, Limited",8.2,0.0,0.0,10000,32,234223000,2026-09-27T15:33:37.376010
SLE,"Super League Enterprise, Inc.",5.03,-0.33,-6.16,159061,1310000,234169000,2026-09-27T15:33:37.376010
SUMA,SUMA Acquisition Corporation,9.95,0.0,0.0,16,9292,233293000,2026-09-27T15:33:37.376010
GWRS,"Global Water Resources, Inc.",8.1,0.16,2.02,43704,97579,233242000,2026-09-27T15:33:37.376010
OSS,"One Stop Systems, Inc.",9.28,-0.03,-0.32,452049,927803,231491000,2026-09-27T15:33:37.376010
PLAY,"Dave & Buster's Entertainment, Inc.",6.62,0.0,0.0,1857000,2040000,230579000,2026-09-27T15:33:37.376010
LTGR,Long Table Growth Corp.,9.99,0.0,0.0,2043,4540,229770000,2026-09-27T15:33:37.376010
RILY,"BRC Group Holdings, Inc.",5.71,-0.03,-0.52,410559,579844,229541000,2026-09-27T15:33:37.376010
FFPP,Fast Finance Pay Corp.,7.5,0.0,0.0,100,8,229539000,2026-09-27T15:33:37.376010
IMPP,Imperial Petroleum Inc.,5.07,-0.02,-0.39,526573,364347,229233000,2026-09-27T15:33:37.376010
IRAB,Iris Acquisition Corp II,10.0,0.0,0.0,39,22168,229047000,2026-09-27T15:33:37.376010
AIRO,"AIRO Group Holdings, Inc.",7.24,0.03,0.42,218896,465804,228465000,2026-09-27T15:33:37.376010
KGEI,Kolibri Global Energy Inc.,6.35,-0.23,-3.5,104668,153161,228197000,2026-09-27T15:33:37.376010
ASUR,"Asure Software, Inc.",7.89,-0.02,-0.25,105567,105011,227858000,2026-09-27T15:33:37.376010
SNFCA,Security National Financial Corporation,8.74,0.07,0.81,41503,30254,227626000,2026-09-27T15:33:37.376010
MRCO,Mercator Acquisition Corp.,9.86,0.01,0.1,923,23203,226780000,2026-09-27T15:33:37.376010
FACO,First Acceptance Corporation,6.13,-0.1,-1.61,2100,12607,226546000,2026-09-27T15:33:37.376010
SMTEF,Smart Eye AB (publ),5.75,0.0,0.0,175,300,225393000,2026-09-27T15:33:37.376010
FF,FutureFuel Corp.,5.12,-0.02,-0.39,379403,418814,224580000,2026-09-27T15:33:37.376010
SDAEF,Sumida Corporation,6.78,0.0,0.0,100,1,224420000,2026-09-27T15:33:37.376010
RNAC,"Cartesian Therapeutics, Inc.",7.41,-0.21,-2.76,158586,137460,224192000,2026-09-27T15:33:37.376010
SND,"Smart Sand, Inc.",5.23,0.15,2.95,205762,297919,221747000,2026-09-27T15:33:37.376010
EIC,Eagle Point Income Company,9.42,0.01,0.11,37270,92839,220744000,2026-09-27T15:33:37.376010
DGAC,Disciplined Growth Acquisition Corporation,10.0,0.01,0.1,835,120720,220635000,2026-09-27T15:33:37.376010
ANGI,Angi Inc.,5.42,0.26,5.04,775535,769693,219815000,2026-09-27T15:33:37.376010
NBIAY,Nobia AB (publ),7.22,0.0,0.0,100,4,218813000,2026-09-27T15:33:37.376010
PTAC,Patriot Acquisition Corp.,9.96,0.0,0.0,6,27938,217875000,2026-09-27T15:33:37.376010
SCM,Stellus Capital Investment Corporation,7.65,-0.05,-0.65,92595,204134,217872000,2026-09-27T15:33:37.376010
MCAP,MCAP Inc.,8.81,-0.21,-2.33,100,22,217226000,2026-09-27T15:33:37.376010
HDSN,"Hudson Technologies, Inc.",5.16,-0.07,-1.34,272702,571020,217177000,2026-09-27T15:33:37.376010
VACI,Viking Acquisition Corp. I,6.93,-0.43,-5.84,5923,154115,217094000,2026-09-27T15:33:37.376010
HUKEF,"Hokuriku Electrical Construction Co.,Ltd.",7.87,0.0,0.0,500,7,216445000,2026-09-27T15:33:37.376010
AAHIF,"Asahi Co., Ltd.",8.3,0.0,0.0,0,1,216018000,2026-09-27T15:33:37.376010
GSIT,"GSI Technology, Inc.",5.61,0.1,1.81,309964,641357,215607000,2026-09-27T15:33:37.376010
SABA,Saba Capital Income & Opportunities Fund II,8.05,0.07,0.88,36759,51628,215370000,2026-09-27T15:33:37.376010
LCUT,"Lifetime Brands, Inc.",9.36,0.12,1.3,188654,181858,215175000,2026-09-27T15:33:37.376010
LKCRU,"Lake Area Corn Processors, LLC",7.26,0.0,0.0,1000,761,215041000,2026-09-27T15:33:37.376010
NVA,Nova Minerals Corp,5.6,0.43,8.32,723602,347107,213814000,2026-09-27T15:33:37.376010
CNTPF,CANATU OYJ,6.31,0.0,0.0,100,313,213077000,2026-09-27T15:33:37.376010
IDAC,Iron Dome Acquisition I Corp.,10.0,-0.02,-0.25,10849,11708,212000000,2026-09-27T15:33:37.376010
EXCOF,Exco Technologies Limited,5.65,0.0,0.0,100,1219,211802000,2026-09-27T15:33:37.376010
XGN,Exagen Inc.,8.72,-0.02,-0.23,281785,317769,211245000,2026-09-27T15:33:37.376010
NSLR,Neostellar Capital Corp.,7.96,-0.07,-0.87,149460,339871,210727000,2026-09-27T15:33:37.376010
PROF,Profound Medical Corp.,5.76,0.16,2.86,265310,118401,210472000,2026-09-27T15:33:37.376010
PALO,Paloma Acquisition Corp I,9.97,-0.05,-0.5,5194,5490,210282000,2026-09-27T15:33:37.376010
MTAK,Market Technology Acquisition Corp Class A Ordinary Shares,9.85,-0.01,-0.1,96333,26857,208943000,2026-09-27T15:33:37.376010
SPAEF,"Space Co.,Ltd.",8.5,0.0,0.0,100,1,208800000,2026-09-27T15:33:37.376010
ACXAF,ACT Energy Technologies Ltd.,5.37,-0.1,-1.83,600,18919,207469000,2026-09-27T15:33:37.376010
CATL,Catalyst Acquisition Corp. Class A Ordinary Share,9.8,-0.01,-0.1,18651,70457,207270000,2026-09-27T15:33:37.376010
OWWAF,"Okuwa Co., Ltd.",5.09,0.0,0.0,100,1,207074000,2026-09-27T15:33:37.376010
TVIV,Texas Ventures Acquisition IV Corp.,9.95,0.0,0.0,26,27694,206462000,2026-09-27T15:33:37.376010
CPSS,"Consumer Portfolio Services, Inc.",9.56,0.19,2.03,40045,22692,206063000,2026-09-27T15:33:37.376010
TORIF,"Eternal Hospitality Group Co.,Ltd.",8.93,0.0,0.0,100,1,205923000,2026-09-27T15:33:37.376010
ICHHF,"Ichinen Holdings Co., Ltd.",8.66,0.0,0.0,1400,22,205045000,2026-09-27T15:33:37.376010
ALTG,Alta Equipment Group Inc.,6.22,0.4,6.87,253920,178488,203188000,2026-09-27T15:33:37.376010
ICTSF,ICTS International N.V.,5.89,0.0,0.0,100,160,202812000,2026-09-27T15:33:37.376010
CXDO,"Crexendo, Inc.",6.09,0.22,3.75,312640,395523,202516000,2026-09-27T15:33:37.376010
DLMI,"Diamond Lake Minerals, Inc.",5.96,0.0,0.0,423,164,199370000,2026-09-27T15:33:37.376010
AKASF,AKVA group ASA,5.46,0.0,0.0,0,0,199192000,2026-09-27T15:33:37.376010
ETSS,Energy Transition Special Opportunities,9.95,0.03,0.3,200,38439,199000000,2026-09-27T15:33:37.376010
RAMPF,Polaris Renewable Energy Inc.,9.52,-0.27,-2.76,300,3249,198923000,2026-09-27T15:33:37.376010
APMC,AmperCap Acquisition Company,9.96,0.0,0.0,7,49365,198787000,2026-09-27T15:33:37.376010
DPRO,Draganfly Inc.,5.35,-0.22,-3.95,782003,1162000,198745000,2026-09-27T15:33:37.376010
SRI,"Stoneridge, Inc.",6.93,0.12,1.76,135948,153912,197664000,2026-09-27T15:33:37.376010
MIAC,Meridian3 Industrials Acquisition Corp,9.81,-0.01,-0.1,3877,96462,197426000,2026-09-27T15:33:37.376010
THEO,BOA Acquisition Corp. II,9.89,0.0,0.0,14,262530,197342000,2026-09-27T15:33:37.376010
DFDV,DeFi Development Corp.,6.04,0.25,4.32,2930000,1485000,197030000,2026-09-27T15:33:37.376010
BSAI,"BluSky AI, Inc.",7.82,-0.98,-11.14,152,3640,196856000,2026-09-27T15:33:37.376010
MITT,"TPG Mortgage Investment Trust, Inc.",6.11,0.02,0.33,407390,261577,194319000,2026-09-27T15:33:37.376010
XYF,X Financial,5.26,0.04,0.77,58045,60720,194270000,2026-09-27T15:33:37.376010
SUGRF,Sucro Limited,7.99,0.0,0.0,2400,465,192374000,2026-09-27T15:33:37.376010
BID,Tribeca Strategic Acquisition Corp.,9.93,0.0,0.0,18,55300,191321000,2026-09-27T15:33:37.376010
NFTN,NFiniTi Inc.,6.0,0.0,0.0,20201,0,190903000,2026-09-27T15:33:37.376010
AOMR,"Angel Oak Mortgage REIT, Inc.",7.55,0.09,1.21,223400,136006,188106000,2026-09-27T15:33:37.376010
PMDSF,"Pharma Foods International Co., Ltd.",6.4,0.0,0.0,100,1,185878000,2026-09-27T15:33:37.376010
NPV,Nuveen Virginia Quality Municipal Income Fund,9.49,-0.06,-0.63,105906,89203,185650000,2026-09-27T15:33:37.376010
MSLE,Satellos Bioscience Inc.,8.7,-0.01,-0.11,37197,52747,184583000,2026-09-27T15:33:37.376010
ACOG,Alpha Cognition Inc. Common Stock,8.47,-0.1,-1.17,115140,120431,184459000,2026-09-27T15:33:37.376010
BAFN,BayFirst Financial Corp.,6.8,-0.32,-4.56,204639,75280,183212000,2026-09-27T15:33:37.376010
TORO,Toro Corp.,5.28,-0.06,-1.12,23441,29788,182473000,2026-09-27T15:33:37.376010
NUCL,Eagle Nuclear Energy Corp.,6.16,0.05,0.82,187034,351111,182212000,2026-09-27T15:33:37.376010
EPSN,Epsilon Energy Ltd.,5.93,-0.1,-1.66,97544,157668,179583000,2026-09-27T15:33:37.376010
ARCL,ARC Group Acquisition I Corp,9.99,0.0,0.0,21,17446,179151000,2026-09-27T15:33:37.376010
NAKA,Nakamoto Inc.,9.99,0.23,2.36,183724,214428,178770000,2026-09-27T15:33:37.376010
AP,Ampco-Pittsburgh Corporation,8.64,-0.03,-0.35,125609,125661,178490000,2026-09-27T15:33:37.376010
WIA,Western Asset Inflation-Linked Income Fund,7.64,0.03,0.39,24095,34285,178182000,2026-09-27T15:33:37.376010
BWIV,Blue Water Acquisition Corp. IV,10.0,0.03,0.3,270,19855,177583000,2026-09-27T15:33:37.376010
DMB,"BNY Mellon Municipal Bond Infrastructure Fund, Inc.",9.52,-0.1,-1.04,67616,63803,175225000,2026-09-27T15:33:37.376010
APPLF,"AlphaPolis Co., Ltd.",6.0,0.0,0.0,100,1,174367000,2026-09-27T15:33:37.376010
OPP,"RiverNorth/DoubleLine Strategic Opportunity Fund, Inc.",6.94,0.02,0.29,80026,94947,173432000,2026-09-27T15:33:37.376010
DERM,Journey Medical Corporation,6.14,-0.18,-2.85,216267,191611,173298000,2026-09-27T15:33:37.376010
SPMC,"Sound Point Meridian Capital, Inc.",8.37,-0.13,-1.53,20685,24974,172663000,2026-09-27T15:33:37.376010
ERCLY,Eurocell plc,8.69,0.0,0.0,125,3,172023000,2026-09-27T15:33:37.376010
DTIL,"Precision BioSciences, Inc.",6.22,-0.11,-1.74,203967,350117,171682000,2026-09-27T15:33:37.376010
TNXP,Tonix Pharmaceuticals Holding Corp.,9.86,0.16,1.65,378214,480579,169109000,2026-09-27T15:33:37.376010
DVDDF,Dividend 15 Split Corp. II,6.44,0.0,0.0,200,52,167452000,2026-09-27T15:33:37.376010
SEVN,Seven Hills Realty Trust,7.32,0.01,0.14,103107,157519,165846000,2026-09-27T15:33:37.376010
ONEW,OneWater Marine Inc.,9.91,0.01,0.1,84693,106133,165156000,2026-09-27T15:33:37.376010
VNJA,Vanjia Corporation,5.5,0.0,0.0,100,2704,165000000,2026-09-27T15:33:37.376010
EHI,Western Asset Global High Income Fund Inc.,5.39,0.01,0.19,172100,132666,163316000,2026-09-27T15:33:37.376010
EDF,Virtus Stone Harbor Emerging Markets Income Fund,5.05,0.0,0.0,122247,123376,162480000,2026-09-27T15:33:37.376010
STNT,Stevia Nutra Corp,6.37,0.0,0.0,353,1,162454000,2026-09-27T15:33:37.376010
HGLB,Highland Global Allocation Fund,6.88,-0.13,-1.85,164920,80219,162302000,2026-09-27T15:33:37.376010
SAGU,Shreya Acquisition Group,9.94,0.0,0.0,6,32258,160634000,2026-09-27T15:33:37.376010
WENC,West Enclave Merger Corp.,10.0,0.0,0.0,7,6566,160496000,2026-09-27T15:33:37.376010
BRCB,"Black Rock Coffee Bar, Inc.",7.19,0.0,0.0,216901,357898,159673000,2026-09-27T15:33:37.376010
OCAC,Ocean Capital Acquisition Corporation,9.98,0.0,0.0,6,144656,156220000,2026-09-27T15:33:37.376010
EGAN,eGain Corporation,5.83,0.04,0.69,360172,195869,152580000,2026-09-27T15:33:37.376010
PHCUF,Photocure ASA,5.65,0.0,0.0,100,17,152079000,2026-09-27T15:33:37.376010
IWVTF,Intelligent Wave Inc.,5.8,0.0,0.0,0,1,151868000,2026-09-27T15:33:37.376010
OPRX,OptimizeRx Corporation,8.04,0.15,1.9,487975,235466,151441000,2026-09-27T15:33:37.376010
LEE,"Lee Enterprises, Incorporated",6.79,-0.04,-0.59,33637,49176,151363000,2026-09-27T15:33:37.376010
WHF,"WhiteHorse Finance, Inc.",7.04,-0.02,-0.28,82214,71706,151194000,2026-09-27T15:33:37.376010
PNI,PIMCO New York Municipal Income Fund II,6.29,-0.02,-0.32,47129,74179,150237000,2026-09-27T15:33:37.376010
TRAK,"ReposiTrak, Inc.",8.23,-0.04,-0.48,64930,72263,149568000,2026-09-27T15:33:37.376010
FJDI,ARC Group Securities Acquisition I Class A Ordinary Shares,9.85,0.0,0.0,409079,537000,149129000,2026-09-27T15:33:37.376010
GNT,"GAMCO Natural Resources, Gold & Income Trust",8.78,0.02,0.23,23206,85052,147607000,2026-09-27T15:33:37.376010
ENAFF,Enablence Technologies Inc.,7.0,1.5,27.27,1850,1550,147505000,2026-09-27T15:33:37.376010
OWLT,"Owlet, Inc.",5.04,-0.03,-0.59,132112,200128,147277000,2026-09-27T15:33:37.376010
ALPX,Alpex Acquisition Corporation,9.95,0.0,0.0,50121,78913,147185000,2026-09-27T15:33:37.376010
NLOP,Net Lease Office Properties,9.93,0.0,0.0,260048,135317,147104000,2026-09-27T15:33:37.376010
NCO,Southern Cross Acquisition I Corp.,9.91,0.0,0.0,53,87030,145967000,2026-09-27T15:33:37.376010
OCLT,OceanLight Acquisition Corporation,9.89,-0.01,-0.1,364,68563,145395000,2026-09-27T15:33:37.376010
DSYOF,Daisyo Corporation,6.9,0.0,0.0,0,7,144797000,2026-09-27T15:33:37.376010
BYND,"Beyond Meat, Inc.",8.35,-0.84,-9.14,2737000,1406000,143570000,2026-09-27T15:33:37.376010
NMPRY,Navios Maritime Holdings Inc.,6.25,0.0,0.0,125,37,142665000,2026-09-27T15:33:37.376010
NSAI,Northstrive Acquisition Corp I.,9.88,0.01,0.1,1120,71200,142586000,2026-09-27T15:33:37.376010
INGN,"Inogen, Inc.",5.36,0.13,2.49,615378,266506,142245000,2026-09-27T15:33:37.376010
HUHU,HUHUTECH International Group Inc.,5.31,-0.65,-10.91,58694,47177,142233000,2026-09-27T15:33:37.376010
TLAC,Three Lions Acquisition Corp. Ordinary Shares,9.85,0.0,0.0,587,16285,142168000,2026-09-27T15:33:37.376010
RNA,"Atrium Therapeutics, Inc.",8.29,0.1,1.22,221424,243547,141806000,2026-09-27T15:33:37.376010
MSD,"Morgan Stanley Emerging Markets Debt Fund, Inc.",7.0,0.05,0.72,87829,71447,141619000,2026-09-27T15:33:37.376010
VCCLF,"ValueCommerce Co., Ltd.",6.51,0.0,0.0,1,0,141515000,2026-09-27T15:33:37.376010
KRRO,"Korro Bio, Inc.",9.57,0.0,0.0,114418,162315,140924000,2026-09-27T15:33:37.376010
GRX,The Gabelli Healthcare & Wellness Trust,9.67,-0.16,-1.63,22447,22482,140648000,2026-09-27T15:33:37.376010
LPIX,Logipix International Corp.,7.01,0.0,0.0,41,73,140274000,2026-09-27T15:33:37.376010
CLSPF,Canadian Life Companies Split Corp.,6.37,0.0,0.0,100,402,138563000,2026-09-27T15:33:37.376010
UAC,United Acquisition Corp. I,9.98,0.0,0.0,105,25282,138329000,2026-09-27T15:33:37.376010
CRBP,"Corbus Pharmaceuticals Holdings, Inc.",7.14,-0.31,-4.16,708164,696400,138097000,2026-09-27T15:33:37.376010
VTN,Invesco Trust for Investment Grade New York Municipals,9.4,0.05,0.53,48003,32184,137848000,2026-09-27T15:33:37.376010
GHI,Greystone Housing Impact Investors LP,5.85,0.04,0.69,19771,55561,137841000,2026-09-27T15:33:37.376010
RRGB,"Red Robin Gourmet Burgers, Inc.",7.25,-0.31,-4.1,161289,306860,137052000,2026-09-27T15:33:37.376010
MHF,Western Asset Municipal High Income Fund Inc.,6.14,0.03,0.49,177565,70706,136454000,2026-09-27T15:33:37.376010
IGPTF,"IG Port, Inc.",6.78,0.0,0.0,145,57,136169000,2026-09-27T15:33:37.376010
AASLF,"Asia Air Survey Co., Ltd.",7.41,0.0,0.0,5,1,134851000,2026-09-27T15:33:37.376010
KVHI,"KVH Industries, Inc.",7.39,0.0,0.0,67066,172853,134062000,2026-09-27T15:33:37.376010
AVTXF,Avantium N.V.,5.3,0.0,0.0,1000,19,133596000,2026-09-27T15:33:37.376010
BPKKF,BP Castrol K.K.,5.8,0.0,0.0,400,7,133155000,2026-09-27T15:33:37.376010
FGBI,"First Guaranty Bancshares, Inc.",8.01,0.11,1.39,13913,26346,132478000,2026-09-27T15:33:37.376010
KYOWF,"Kyowa Leather Cloth Co., Ltd.",5.55,0.0,0.0,0,11,132260000,2026-09-27T15:33:37.376010
JMDMF,"Japan Medical Dynamic Marketing, INC.",5.0,0.0,0.0,11500,24,131768000,2026-09-27T15:33:37.376010
BRCC,BRC Inc.,9.22,0.18,1.99,73485,114923,131338000,2026-09-27T15:33:37.376010
BMHL,Bluemount Holdings Limited,5.11,0.0,0.0,834,1438,130408000,2026-09-27T15:33:37.376010
AGGZF,Ag Growth International Inc.,6.84,0.03,0.44,200,10642,129143000,2026-09-27T15:33:37.376010
CBLDF,Cashbuild Limited,6.4,0.0,0.0,100,1,128222000,2026-09-27T15:33:37.376010
FWAC,Futurewave Acquisition Corporation,9.94,0.0,0.0,9,85080,127623000,2026-09-27T15:33:37.376010
IMUX,"Immunic, Inc.",9.35,0.03,0.27,316334,236806,127508000,2026-09-27T15:33:37.376010
MPA,BlackRock MuniYield Pennsylvania Quality Fund,9.83,-0.06,-0.61,59745,26904,127295000,2026-09-27T15:33:37.376010
EWAV,East West Ave Acquisition Corp.,9.9,0.0,0.0,14,121806,127190000,2026-09-27T15:33:37.376010
HYI,Western Asset High Yield Opportunity Fund Inc.,9.89,0.08,0.82,98857,61980,126730000,2026-09-27T15:33:37.376010
CMRB,"First Commerce Bancorp, Inc.",7.33,0.0,0.0,4000,1861,124402000,2026-09-27T15:33:37.376010
XAUMF,Goldmoney Inc.,9.71,0.0,0.0,100,1633,124331000,2026-09-27T15:33:37.376010
JLHL,Julong Holding Limited,5.78,-0.01,-0.09,50723,2892000,124080000,2026-09-27T15:33:37.376010
UFI,"Unifi, Inc.",6.6,0.0,0.0,66171,118688,122686000,2026-09-27T15:33:37.376010
BOOM,DMC Global Inc.,5.91,0.09,1.55,251672,177215,121397000,2026-09-27T15:33:37.376010
PLCI,Pelican Acquisition II Corporation,9.89,0.0,0.0,349,21484,120167000,2026-09-27T15:33:37.376010
NINE,"Nine Energy Service, Inc.",8.6,-0.03,-0.35,36342,69001,119970000,2026-09-27T15:33:37.376010
LGCY,Legacy Education Inc.,9.31,-1.33,-12.5,373866,49703,119291000,2026-09-27T15:33:37.376010
COYA,"Coya Therapeutics, Inc.",5.08,-0.1,-1.93,57884,179079,119166000,2026-09-27T15:33:37.376010
RVSB,"Riverview Bancorp, Inc.",5.95,0.05,0.85,28310,64528,118721000,2026-09-27T15:33:37.376010
JYNT,The Joint Corp.,8.23,-0.06,-0.72,62107,83903,116398000,2026-09-27T15:33:37.376010
BSBK,Bogota Financial Corp.,9.11,0.1,1.17,444,8073,116319000,2026-09-27T15:33:37.376010
DEDVF,Decisive Dividend Corporation,5.41,-0.05,-0.92,900,433,115302000,2026-09-27T15:33:37.376010
CPIX,Cumberland Pharmaceuticals Inc.,7.61,-0.4,-4.99,46862,91331,114021000,2026-09-27T15:33:37.376010
YLWDF,Yellow Pages Limited,9.82,0.0,0.0,829,58,113512000,2026-09-27T15:33:37.376010
OPHC,"OptimumBank Holdings, Inc.",8.85,-0.42,-4.53,156615,119288,111779000,2026-09-27T15:33:37.376010
TCX,Tucows Inc.,9.98,-0.22,-2.16,80000,88463,111597000,2026-09-27T15:33:37.376010
VTIAF,FamiCord AG,6.38,0.0,0.0,100,1,111127000,2026-09-27T15:33:37.376010
AARD,"Aardvark Therapeutics, Inc.",5.06,-0.49,-8.83,71449,224011,110737000,2026-09-27T15:33:37.376010
MCN,XAI Madison Equity Premium Income Fund,5.27,-0.05,-0.94,46764,55977,110636000,2026-09-27T15:33:37.376010
NIM,Nuveen Select Maturities Municipal Fund,8.82,0.03,0.34,35300,18342,109779000,2026-09-27T15:33:37.376010
KZIA,Kazia Therapeutics Limited,9.57,-0.21,-2.15,244255,262949,109355000,2026-09-27T15:33:37.376010
NICM,Nicola Mining Inc.,5.7,0.0,0.09,407,3182,109025000,2026-09-27T15:33:37.376010
DMO,Western Asset Mortgage Opportunity Fund Inc.,9.52,0.05,0.53,60733,45949,108786000,2026-09-27T15:33:37.376010
COOSF,Carbios SAS,6.41,0.0,0.0,5400,169,108146000,2026-09-27T15:33:37.376010
TKCHF,"Taoka Chemical Company, Limited",7.41,0.0,0.0,0,1,106175000,2026-09-27T15:33:37.376010
PYPD,PolyPid Ltd.,5.22,-0.14,-2.61,44541,203926,106027000,2026-09-27T15:33:37.376010
VATE,INNOVATE Corp.,7.77,0.25,3.32,83590,392661,105997000,2026-09-27T15:33:37.376010
ULBI,Ultralife Corporation,6.16,0.11,1.82,29864,39047,102646000,2026-09-27T15:33:37.376010
VIRC,Virco Mfg. Corporation,6.5,-0.06,-0.91,20353,30407,102465000,2026-09-27T15:33:37.376010
TP,Ticketplus Ltd.,8.0,-0.39,-4.68,9066,54391,102223000,2026-09-27T15:33:37.376010
SCEYF,Source Energy Services Ltd.,7.83,0.0,0.0,8,26,101799000,2026-09-27T15:33:37.376010
USGO,U.S. GoldMining Inc.,7.19,-0.04,-0.55,53814,79585,100917000,2026-09-27T15:33:37.376010
USMT,"US Metro Bancorp, Inc.",5.95,0.0,0.0,100,2917,99909000,2026-09-27T15:33:37.376010
STHO,Star Holdings,8.23,-0.35,-4.08,28595,15288,99491000,2026-09-27T15:33:37.376010
ACRG,"American Clean Resources Group, Inc.",7.0,0.0,0.0,200,377,98709000,2026-09-27T15:33:37.376010
PCF,High Income Securities Fund,5.27,-0.06,-1.13,67199,81852,98636000,2026-09-27T15:33:37.376010
SBI,Western Asset Intermediate Muni Fund Inc.,7.0,-0.01,-0.14,128523,55777,98576000,2026-09-27T15:33:37.376010
SLNG,"Stabilis Solutions, Inc.",5.25,0.07,1.35,10779,38107,97631000,2026-09-27T15:33:37.376010
NTRB,Nutriband Inc.,8.0,-0.99,-11.01,408523,52474,97245000,2026-09-27T15:33:37.376010
SUNS,"Sunrise Realty Trust, Inc.",7.19,-0.04,-0.55,83243,73592,97179000,2026-09-27T15:33:37.376010
PGP,PIMCO Global StocksPLUS & Income Fund,8.3,0.02,0.24,44882,58796,96214000,2026-09-27T15:33:37.376010
IAE,Voya Asia Pacific High Dividend Equity Income Fund,8.88,-0.08,-0.89,42343,48949,95463000,2026-09-27T15:33:37.376010
NRXS,"NeurAxis, Inc.",7.56,-0.19,-2.45,144383,107938,94937000,2026-09-27T15:33:37.376010
BCRD,"BlueOne Technologies, Inc.",6.5,0.0,0.0,100,3,93788000,2026-09-27T15:33:37.376010
ATEK,Athena Technology Acquisition Corp. II,9.5,0.0,0.0,100,1,93561000,2026-09-27T15:33:37.376010
KPTSF,KP Tissue Inc.,9.27,0.0,0.0,200,74,93000000,2026-09-27T15:33:37.376010
TUERF,True North Commercial Real Estate Investment Trust,6.43,0.0,0.0,100,16,92632000,2026-09-27T15:33:37.376010
IFTBF,Infant Bacterial Therapeutics AB (publ),6.85,0.0,0.0,7898,2,92279000,2026-09-27T15:33:37.376010
PKTEF,Parkit Enterprise Inc.,6.67,0.0,0.0,200,100,92248000,2026-09-27T15:33:37.376010
LTCN,Grayscale Litecoin Trust,5.63,-0.07,-1.23,175327,132661,91454000,2026-09-27T15:33:37.376010
ATGL,Alpha Technology Group Limited,5.5,-0.87,-13.66,6855,19930,90544000,2026-09-27T15:33:37.376010
ICCC,ImmuCell Corporation,9.93,-0.05,-0.45,5050,26719,90141000,2026-09-27T15:33:37.376010
BUDA,"Buda Juice, Inc.",7.15,-0.35,-4.67,4084,14923,89852000,2026-09-27T15:33:37.376010
RFIL,"RF Industries, Ltd.",8.28,-0.03,-0.36,152504,257101,89819000,2026-09-27T15:33:37.376010
GDL,The GDL Fund,8.36,-0.02,-0.18,16275,10146,89811000,2026-09-27T15:33:37.376010
CHAD,DeFi Development Corp.,8.8,-0.06,-0.68,27997,47478,89584000,2026-09-27T15:33:37.376010
LUCN,"Lucent, Inc.",5.23,0.45,9.41,2535,1666,89022000,2026-09-27T15:33:37.376010
VDTA,"Vertical Data, Inc",5.9,0.25,4.42,8524,15073,88525000,2026-09-27T15:33:37.376010
ATRA,"Atara Biotherapeutics, Inc.",8.81,0.27,3.16,31197,57925,88432000,2026-09-27T15:33:37.376010
MHH,"Mastech Digital, Inc.",7.35,0.14,1.87,7494,10369,88292000,2026-09-27T15:33:37.376010
AUC,ATIF Holdings Limited,8.48,-0.42,-4.72,1342,4804,87457000,2026-09-27T15:33:37.376010
LINK,"Interlink Electronics, Inc.",5.55,0.37,7.14,64802,21668,87431000,2026-09-27T15:33:37.376010
IPNAF,"Information Planning CO., LTD.",5.75,0.0,0.0,111,1,86966000,2026-09-27T15:33:37.376010
FTLF,"FitLife Brands, Inc.",9.26,-0.06,-0.7,2900,14655,86914000,2026-09-27T15:33:37.376010
AEYE,"AudioEye, Inc.",6.86,-0.34,-4.72,118398,143417,86228000,2026-09-27T15:33:37.376010
BCIC,BCP Investment Corp.,6.94,-0.05,-0.79,59672,54236,85943000,2026-09-27T15:33:37.376010
AHT-PF,"Ashford Hospitality Trust, Inc.",5.0,-0.2,-3.85,215,14824,85529000,2026-09-27T15:33:37.376010
LNSR,"LENSAR, Inc.",6.92,-0.16,-2.19,22796,107084,85018000,2026-09-27T15:33:37.376010
LCGMD,Lion Copper Corp.,5.31,0.36,7.27,600,3030,84829000,2026-09-27T15:33:37.376010
LGL,"The LGL Group, Inc.",6.7,-0.1,-1.47,10909,15226,84508000,2026-09-27T15:33:37.376010
ACET,"Adicet Bio, Inc.",9.02,0.75,9.07,585172,118839,84441000,2026-09-27T15:33:37.376010
ONMBF,"Onamba Co., Ltd.",6.92,0.0,0.0,2000,32,84332000,2026-09-27T15:33:37.376010
BHIC,BioScience Health Innovations I,7.11,0.52,7.89,300,3888,83559000,2026-09-27T15:33:37.376010
JXG,JX Luxventure Group Inc.,6.92,-0.08,-1.14,23758,22139,83454000,2026-09-27T15:33:37.376010
SRL,Scully Royalty Ltd.,5.36,0.36,7.2,4743,18995,81613000,2026-09-27T15:33:37.376010
NRT,North European Oil Royalty Trust,8.6,-0.01,-0.17,12983,42996,79039000,2026-09-27T15:33:37.376010
LNZA,"LanzaTech Global, Inc.",6.03,0.06,1.01,32214,86226,78928000,2026-09-27T15:33:37.376010
LFVN,LifeVantage Corporation,6.26,-0.03,-0.48,10348,80268,78810000,2026-09-27T15:33:37.376010
SOTK,Sono-Tek Corporation,5.01,0.24,5.03,44925,50741,78741000,2026-09-27T15:33:37.376010
INCR,InterCure Ltd.,5.21,-0.26,-4.75,8860,22445,78170000,2026-09-27T15:33:37.376010
CSPI,CSP Inc.,7.71,0.14,1.85,8195,16101,77722000,2026-09-27T15:33:37.376010
GGROU,Golden Growers Cooperative,5.0,0.0,0.0,26000,101,77453000,2026-09-27T15:33:37.376010
VGI,Virtus Global Multi-Sector Income Fund,6.78,-0.01,-0.15,85619,40033,76703000,2026-09-27T15:33:37.376010
SWZ,"Total Return Securities, Inc.",5.82,-0.02,-0.34,38682,80147,75508000,2026-09-27T15:33:37.376010
QDMI,QDM International Inc.,8.7,0.18,2.08,2100,1487,75135000,2026-09-27T15:33:37.376010
FATN,"FatPipe, Inc.",5.31,-0.14,-2.57,30541,91728,75022000,2026-09-27T15:33:37.376010
VISK,"Viskase Holdings, Inc.",5.2,0.0,0.0,1,1125,74524000,2026-09-27T15:33:37.376010
SSTI,"SoundThinking, Inc.",5.64,0.17,3.11,61685,113550,74244000,2026-09-27T15:33:37.376010
FSI,"Flexible Solutions International, Inc.",5.8,0.0,0.0,2465,18255,74080000,2026-09-27T15:33:37.376010
NTIC,Northern Technologies International Corporation,7.8,-0.05,-0.64,3989,8971,74038000,2026-09-27T15:33:37.376010
BARK,"BARK, Inc.",8.16,0.06,0.74,113859,57495,73713000,2026-09-27T15:33:37.376010
NRDY,Nerdy Inc.,8.67,0.0,0.0,11889,28958,73695000,2026-09-27T15:33:37.376010
FVN,Future Vision II Acquisition Corp.,9.72,-0.02,-0.21,12991,85612,73425000,2026-09-27T15:33:37.376010
GECC,Great Elm Capital Corp.,5.28,0.01,0.19,12722,58433,73338000,2026-09-27T15:33:37.376010
BLUAF,BlueRiver Acquisition Corp.,9.02,0.0,0.0,1,1,72875000,2026-09-27T15:33:37.376010
GLV,Clough Global Dividend and Income Fund,5.84,0.01,0.17,21009,44103,72473000,2026-09-27T15:33:37.376010
ICRP,INPOINT COML REAL ESTATE INCOME,6.65,0.0,0.0,1826,28,72257000,2026-09-27T15:33:37.376010
JRSH,"Jerash Holdings (US), Inc.",5.68,-0.01,-0.18,67794,89817,72136000,2026-09-27T15:33:37.376010
AASP,Agassi Sports Entertainment Corp.,5.5,0.75,15.79,100,838,72033000,2026-09-27T15:33:37.376010
PCLA,PicoCELA Inc.,7.47,0.27,3.75,52711,519619,71815000,2026-09-27T15:33:37.376010
SRRPF,Shagrir Group Vehicle Services Ltd,6.85,0.0,0.0,100,3,71272000,2026-09-27T15:33:37.376010
WKEY,WISeKey International Holding AG,5.99,0.01,0.17,17658,44258,71158000,2026-09-27T15:33:37.376010
WSHP,WeShop Holdings Limited,6.06,0.3,5.21,171077,378580,71006000,2026-09-27T15:33:37.376010
CEV,Eaton Vance California Municipal Income Trust,9.99,0.0,0.0,24762,25739,70265000,2026-09-27T15:33:37.376010
GFELF,Goodfellow Inc.,8.4,0.0,0.0,220,3,69759000,2026-09-27T15:33:37.376010
PRTS,"CarParts.com, Inc.",8.56,-0.06,-0.7,49736,43714,69325000,2026-09-27T15:33:37.376010
BBXIB,"BBX Capital, Inc.",5.0,0.0,0.0,176,2,69131000,2026-09-27T15:33:37.376010
CANRF,"Canare Electric Co., Ltd.",9.96,0.0,0.0,100,1,68331000,2026-09-27T15:33:37.376010
DMA,Destra Multi-Alternative Fund,7.6,0.0,0.0,12792,19044,68121000,2026-09-27T15:33:37.376010
BAOB,"The Baraboo Bancorporation, Inc.",7.65,0.0,0.0,2495,1550,67492000,2026-09-27T15:33:37.376010
CVU,"CPI Aerostructures, Inc.",5.08,-0.08,-1.55,43719,62360,67309000,2026-09-27T15:33:37.376010
PXS,Pyxis Tankers Inc.,6.53,-0.08,-1.21,55013,94628,66862000,2026-09-27T15:33:37.376010
QXL,Quantum X Labs Inc.,5.0,-0.17,-3.19,28198,69025,66682000,2026-09-27T15:33:37.376010
FRMM,"Forum Markets, Incorporated",5.04,-0.17,-3.26,76938,221792,66523000,2026-09-27T15:33:37.376010
UEIC,Universal Electronics Inc.,5.12,-0.13,-2.48,28827,66850,65972000,2026-09-27T15:33:37.376010
AIRG,"Airgain, Inc.",5.14,-0.11,-2.1,29915,64453,65154000,2026-09-27T15:33:37.376010
ROLR,"High Roller Technologies, Inc.",5.9,-0.17,-2.8,60854,64504,65073000,2026-09-27T15:33:37.376010
DRIO,DarioHealth Corp.,6.63,-0.14,-2.07,12705,24641,64971000,2026-09-27T15:33:37.376010
TRT,Trio-Tech International,6.22,-1.04,-14.39,1554000,355166,64541000,2026-09-27T15:33:37.376010
CDOAF,CDON AB,5.54,0.0,0.0,100,7,63521000,2026-09-27T15:33:37.376010
NMS,Nuveen Minnesota Quality Municipal Income Fund,9.91,-0.06,-0.6,17165,30469,63520000,2026-09-27T15:33:37.376010
WSTL,"Westell Technologies, Inc.",6.16,0.06,0.98,773,15371,63286000,2026-09-27T15:33:37.376010
PNPFF,Pinetree Capital Ltd.,6.7,0.0,0.0,1,653,62893000,2026-09-27T15:33:37.376010
ASPS,Altisource Portfolio Solutions S.A.,5.49,0.12,2.23,9466,16976,62697000,2026-09-27T15:33:37.376010
SWSSF,Swiss Water Decaffeinated Coffee Inc.,6.4,0.0,0.0,300,19,62014000,2026-09-27T15:33:37.376010
ZOOZ,ZOOZ Strategy Ltd.,7.71,0.1,1.34,1646,18761,61754000,2026-09-27T15:33:37.376010
PGZ,Principal Real Estate Income Fund,9.1,-0.01,-0.05,10710,19792,60883000,2026-09-27T15:33:37.376010
PDCC,Pearl Diver Credit Company Inc.,8.7,0.03,0.35,2310,4631,60341000,2026-09-27T15:33:37.376010
XLO,"Xilio Therapeutics, Inc.",9.04,0.04,0.44,3418,26265,59485000,2026-09-27T15:33:37.376010
MDNC,Medinotec Inc.,5.0,0.0,0.0,100,1,58778000,2026-09-27T15:33:37.376010
SPCB,SuperCom Ltd.,9.27,-0.2,-2.11,62314,85600,58220000,2026-09-27T15:33:37.376010
EXOZ,"eXoZymes, Inc.",6.24,-0.09,-1.42,9188,9431,57962000,2026-09-27T15:33:37.376010
SELF,"Global Self Storage, Inc.",5.05,0.0,0.0,48415,27919,57678000,2026-09-27T15:33:37.376010
TZOO,Travelzoo,5.58,0.07,1.27,34373,79915,56929000,2026-09-27T15:33:37.376010
CIZN,Citizens Holding Company,9.8,-0.25,-2.49,2311,3687,55797000,2026-09-27T15:33:37.376010
STI,"Solidion Technology, Inc.",6.52,-0.1,-1.51,131165,267009,55503000,2026-09-27T15:33:37.376010
TOUR,Tuniu Corporation,5.08,0.02,0.4,807,7296,55188000,2026-09-27T15:33:37.376010
WYY,WidePoint Corporation,5.47,-5.6,-50.59,3893000,224020,54690000,2026-09-27T15:33:37.376010
SGA,"Saga Communications, Inc.",8.6,-0.01,-0.12,2928,14311,54679000,2026-09-27T15:33:37.376010
ELTK,Eltek Ltd.,8.12,0.0,0.0,406,10320,54573000,2026-09-27T15:33:37.376010
RMXI,"RMX Industries, Inc.",5.25,0.54,11.5,3122,2423,54330000,2026-09-27T15:33:37.376010
SKIL,Skillsoft Corp.,5.95,-0.17,-2.78,24594,88661,54148000,2026-09-27T15:33:37.376010
TBBC,Triad Business Bank,6.62,0.0,0.0,2600,2497,53529000,2026-09-27T15:33:37.376010
BGSF,"BGSF, Inc.",5.0,0.0,0.0,1526,8155,53399000,2026-09-27T15:33:37.376010
TPCS,TechPrecision Corporation,5.26,0.0,0.0,12036,46323,53301000,2026-09-27T15:33:37.376010
BRID,Bridgford Foods Corporation,5.82,-0.08,-1.27,791,3739,52873000,2026-09-27T15:33:37.376010
JMM,Nuveen Multi-Market Income Fund,5.55,0.05,1.0,3347,7444,52563000,2026-09-27T15:33:37.376010
APT,"Alpha Pro Tech, Ltd.",5.14,0.16,3.21,42293,39163,52460000,2026-09-27T15:33:37.376010
RBCN,"Rubicon Technology, Inc.",5.55,0.0,0.0,5,617,52047000,2026-09-27T15:33:37.376010
SFWL,Shengfeng Development Limited,9.37,0.62,7.09,3506,2426,51533000,2026-09-27T15:33:37.376010
MICFF,MINT Income Fund,5.65,0.0,0.0,100,255,51527000,2026-09-27T15:33:37.376010
VRM,"Vroom, Inc.",9.66,0.52,5.69,2292,30015,50564000,2026-09-27T15:33:37.376010
PVBK,Pacific Valley Bancorp,9.25,0.0,0.0,3433,13760,50104000,2026-09-27T15:33:37.376010
ESBS,"ES Bancshares, Inc.",7.18,-0.07,-0.97,8004,3601,49449000,2026-09-27T15:33:37.376010
TIL,"Instil Bio, Inc.",7.17,0.05,0.7,9505,11933,48627000,2026-09-27T15:33:37.376010
GENTF,G5 Entertainment AB (publ),6.5,0.0,0.0,2000,32,48295000,2026-09-27T15:33:37.376010
TVGN,Tevogen Bio Holdings Inc.,7.25,-0.6,-7.64,5572,12038,47209000,2026-09-27T15:33:37.376010
ELWT,"Elauwit Connection, Inc.",7.12,0.23,3.34,18671,16317,47166000,2026-09-27T15:33:37.376010
BNAI,"Brand Engagement Network, Inc.",6.17,-0.31,-4.86,115069,162636,47058000,2026-09-27T15:33:37.376010
PNDDF,Pender Growth Fund Inc.,6.78,0.0,0.0,440,4,46593000,2026-09-27T15:33:37.376010
KFFB,Kentucky First Federal Bancorp,5.58,-0.19,-3.38,430,6395,45124000,2026-09-27T15:33:37.376010
PTLE,PTL Limited,7.15,0.06,0.85,4304,34680,44910000,2026-09-27T15:33:37.376010
AVX,Avax One Technology Ltd.,6.04,0.59,10.83,354304,133722,44680000,2026-09-27T15:33:37.376010
SNWV,"SANUWAVE Health, Inc.",5.04,0.19,3.92,54136,149157,43356000,2026-09-27T15:33:37.376010
AXIL,"AXIL Brands, Inc.",6.27,0.08,1.29,10530,22703,42778000,2026-09-27T15:33:37.376010
RIBB,Ribbon Acquisition Corp.,8.52,-0.3,-3.4,2091,19057,42689000,2026-09-27T15:33:37.376010
PXLW,"Pixelworks, Inc.",6.93,-0.24,-3.35,33725,33685,41922000,2026-09-27T15:33:37.376010
SCIA,"SCI Engineered Materials, Inc.",8.93,-0.11,-1.22,174,8504,40037000,2026-09-27T15:33:37.376010
VRHID,"Veri Medtech Holdings, Inc.",5.0,0.0,0.0,0,74,40000000,2026-09-27T15:33:37.376010
FGNX,FG Nexus Inc.,7.8,0.1,1.3,112438,120985,39746000,2026-09-27T15:33:37.376010
KG,Kestrel Group Ltd,5.04,-0.49,-8.86,27943,24387,39433000,2026-09-27T15:33:37.376010
NFE,New Fortress Energy Inc.,6.82,0.72,11.8,552976,183188,38961000,2026-09-27T15:33:37.376010
JG,Aurora Mobile Limited,6.79,-0.09,-1.31,1742,8273,38932000,2026-09-27T15:33:37.376010
AERT,"Aeries Technology, Inc",7.1,-0.14,-1.93,2121,17419,38291000,2026-09-27T15:33:37.376010
WAVE,Eco Wave Power Global AB (publ),6.05,-0.04,-0.66,7783,21550,37750000,2026-09-27T15:33:37.376010
GNRV,"Grand River Commerce, Inc.",5.3,-0.0,-0.08,1000,6474,37306000,2026-09-27T15:33:37.376010
HBIO,"Harvard Bioscience, Inc.",7.96,-0.06,-0.75,5008,17103,36236000,2026-09-27T15:33:37.376010
IDXGD,"Interpace Biosciences, Inc.",6.41,-0.06,-0.93,1,1900,35513000,2026-09-27T15:33:37.376010
FPBC,First Pacific Bancorp,8.06,0.0,0.0,37,5763,35346000,2026-09-27T15:33:37.376010
ALGS,"Aligos Therapeutics, Inc.",5.51,-0.04,-0.72,44742,163033,34408000,2026-09-27T15:33:37.376010
RMTI,"Rockwell Medical, Inc.",8.37,-0.2,-2.33,6423,32700,33735000,2026-09-27T15:33:37.376010
RDAC,Rising Dragon Acquisition Corp.,5.56,0.19,3.54,5881,714582,33088000,2026-09-27T15:33:37.376010
BHM,"Bluerock Homes Trust, Inc.",8.01,0.0,0.0,252,5190,32890000,2026-09-27T15:33:37.376010
BGDE,"Big Digital Energy, Inc.",5.76,-0.48,-7.69,80720,73765,32627000,2026-09-27T15:33:37.376010
UG,"United-Guardian, Inc.",7.08,-0.17,-2.34,2151,8415,32528000,2026-09-27T15:33:37.376010
VCIGF,Vitreous Glass Inc.,5.0,0.01,0.2,100,676,31780000,2026-09-27T15:33:37.376010
AATC,Autoscope Technologies Corporation,5.75,-0.07,-1.2,270,4593,31709000,2026-09-27T15:33:37.376010
SFCO,Southern Financial Corporation,9.1,0.0,0.0,200,1,30970000,2026-09-27T15:33:37.376010
ECLP,"Eclipse Bancorp, Inc.",9.3,0.0,0.0,300,75,30885000,2026-09-27T15:33:37.376010
CNTM,"ConnectM Technology Solutions, Inc.",5.25,0.1,1.94,1100,4595,30097000,2026-09-27T15:33:37.376010
RAND,Rand Capital Corporation,10.0,-0.1,-0.99,1990,2971,29698000,2026-09-27T15:33:37.376010
ZLME,Zhanling International Limited,8.5,0.0,0.0,0,0,29248000,2026-09-27T15:33:37.376010
MCHT,Mauch Chunk Trust Financial Corp.,8.5,0.0,0.0,100,442,28464000,2026-09-27T15:33:37.376010
KYNB,"Kyntra Bio, Inc.",6.94,-0.06,-0.86,19743,16925,28101000,2026-09-27T15:33:37.376010
PRHI,"Presurance Holdings, Inc.",7.45,-0.27,-3.5,11281,14466,27908000,2026-09-27T15:33:37.376010
MLLNF,Malin Corporation plc,6.4,0.0,0.0,2052,5,27687000,2026-09-27T15:33:37.376010
PIII,P3 Health Partners Inc.,7.05,0.0,0.0,6485,36998,27579000,2026-09-27T15:33:37.376010
ANKM,ANKAM INC.,6.0,0.0,0.0,8,1,27348000,2026-09-27T15:33:37.376010
LFT,"Lument Finance Trust, Inc.",5.19,0.02,0.39,21604,23044,27281000,2026-09-27T15:33:37.376010
HCGI,Huntwicke Capital Group Inc.,6.15,0.0,0.0,100,1,26443000,2026-09-27T15:33:37.376010
CNBA,"Chester Bancorp, Inc.",5.85,0.0,0.0,100,18,26130000,2026-09-27T15:33:37.376010
TBTC,"Table Trac, Inc.",5.37,-0.13,-2.36,518,4336,24932000,2026-09-27T15:33:37.376010
AQLS,Arculus System Co Ltd.,6.1,0.0,0.0,100,3,24755000,2026-09-27T15:33:37.376010
MACT,"MachTen, Inc.",7.5,0.0,0.0,100,498,24536000,2026-09-27T15:33:37.376010
NXPL,NextPlat Corp,9.01,-0.09,-0.93,6330,40441,24446000,2026-09-27T15:33:37.376010
AVLNF,Avalon Advanced Materials Inc.,5.24,-0.28,-5.0,100,77020,24344000,2026-09-27T15:33:37.376010
CNAF,Commercial National Financial Corporation,8.5,0.0,0.0,584,2368,24122000,2026-09-27T15:33:37.376010
LIVE,Live Ventures Incorporated,7.85,0.06,0.75,3047,10295,24112000,2026-09-27T15:33:37.376010
BRRE,Blue Ridge Real Estate Company,10.0,0.0,0.0,400,73,24084000,2026-09-27T15:33:37.376010
NXTC,"NextCure, Inc.",5.08,-0.31,-5.75,71789,2150000,23253000,2026-09-27T15:33:37.376010
INLX,"Intellinetics, Inc.",5.15,0.0,0.0,2696,3173,23149000,2026-09-27T15:33:37.376010
BCCB,Beach Cities Commercial Bank,7.75,0.0,0.0,100,173,22804000,2026-09-27T15:33:37.376010
FEDU,Four Seasons Education (Cayman) Inc.,10.0,0.6,6.38,468,1088,22614000,2026-09-27T15:33:37.376010
NYC,American Strategic Investment Co.,6.5,0.0,0.0,4474,43260,20564000,2026-09-27T15:33:37.376010
LFWD,Lifeward Ltd.,6.99,0.02,0.29,850,9576,19796000,2026-09-27T15:33:37.376010
PSQH,"PSQ Holdings, Inc.",5.3,-0.01,-0.19,12824,217083,19754000,2026-09-27T15:33:37.376010
TBBA,"TEB Bancorp, Inc",7.5,0.0,0.0,200,2246,19683000,2026-09-27T15:33:37.376010
AKTX,"Akari Therapeutics, Plc",9.76,-0.18,-1.86,71534,72074,18993000,2026-09-27T15:33:37.376010
MFDB,"Mutual Federal Bancorp, Inc.",5.59,-0.01,-0.18,100,612,18386000,2026-09-27T15:33:37.376010
DUKR,DUKE Robotics Corp.,5.29,-0.02,-0.38,11067,18795,18123000,2026-09-27T15:33:37.376010
GBCS,"Selectis Health, Inc.",5.73,-0.01,-0.17,1400,1973,17574000,2026-09-27T15:33:37.376010
TCNB,Town Center Bank,7.5,0.0,0.0,500,1004,17502000,2026-09-27T15:33:37.376010
MSGY,Masonglory Limited,8.07,6.1,309.64,49907000,1632000,17105000,2026-09-27T15:33:37.376010
TLIH,Ten-League International Holdings Limited,5.78,0.0,0.0,972,4011,16996000,2026-09-27T15:33:37.376010
DVHGF,Devonian Health Group Inc.,5.88,0.0,0.0,100,70,16338000,2026-09-27T15:33:37.376010
GLFE,Golf Entertainment Group Inc.,7.44,0.0,0.0,1,1673,15004000,2026-09-27T15:33:37.376010
MTEX,"Mannatech, Incorporated",7.7,0.45,6.21,64246,23644,14858000,2026-09-27T15:33:37.376010
HMELF,Hold Me Ltd,6.5,0.0,0.0,100,1,14834000,2026-09-27T15:33:37.376010
FGI,FGI Industries Ltd.,7.66,-0.39,-4.84,9181,1743000,14794000,2026-09-27T15:33:37.376010
FNFI,"First Niles Financial, Inc.",9.42,0.52,5.84,1,553,14493000,2026-09-27T15:33:37.376010
GVFF,Greenville Federal Financial Corporation,7.15,0.0,0.0,1787,500,14429000,2026-09-27T15:33:37.376010
ASTC,Astrotech Corporation,7.16,-0.02,-0.35,20302,190055,14375000,2026-09-27T15:33:37.376010
NRSN,NeuroSense Therapeutics Ltd.,6.95,-0.45,-6.08,8623,19052,13183000,2026-09-27T15:33:37.376010
EPOW,E-Power Inc.,5.66,-0.07,-1.22,13717,72533,13170000,2026-09-27T15:33:37.376010
QNRX,"Quoin Pharmaceuticals, Ltd.",6.43,0.23,3.71,11014,550466,12914000,2026-09-27T15:33:37.376010
WCFB,"WCF Bancorp, Inc.",6.69,0.0,0.0,1500,828,12465000,2026-09-27T15:33:37.376010
GTBP,"GT Biopharma, Inc.",6.89,0.06,0.88,79742,56771,12432000,2026-09-27T15:33:37.376010
ASBP,"Aspire-Lakewood Holdings, Inc.",8.32,-0.38,-4.37,32709,45392,11669000,2026-09-27T15:33:37.376010
AEHL,Antelope Enterprise Holdings Limited,9.36,0.4,4.46,72615,1762000,11094000,2026-09-27T15:33:37.376010
APUS,"Apimeds Pharmaceuticals US, Inc.",7.25,2.33,47.36,36634000,2093000,10941000,2026-09-27T15:33:37.376010
BAKR,--,5.5,0.0,0.0,2,14,10780000,2026-09-27T15:33:37.376010
BANL,CBL International Limited,5.1,-0.18,-3.41,6172,117123,10768000,2026-09-27T15:33:37.376010
ADVB,Advanced Biomed Inc.,6.38,0.07,1.11,12257,1773000,10541000,2026-09-27T15:33:37.376010
LBNW,"Liberty Northwest Bancorp, Inc.",6.0,0.0,0.0,4100,38,10046000,2026-09-27T15:33:37.376010
FSCR,Federal Screw Works,6.6,0.0,0.0,805,119,9119000,2026-09-27T15:33:37.376010
NDRA,ENDRA Life Sciences Inc.,6.04,0.11,1.85,37386,35755,9059000,2026-09-27T15:33:37.376010
WHLRP,"Wheeler Real Estate Investment Trust, Inc.",8.69,0.12,1.4,4311,6039,8772000,2026-09-27T15:33:37.376010
SMX,SMX (Security Matters) Public Limited Company,8.01,-0.74,-8.46,52547,37366,8720000,2026-09-27T15:33:37.376010
ALP,Alpha Compute Corp,5.58,-0.03,-0.53,191780,127177,8648000,2026-09-27T15:33:37.376010
LWCL,Lewis & Clark Bancorp,8.0,0.0,0.0,100,6,8499000,2026-09-27T15:33:37.376010
CMPD,"CompuMed, Inc.",6.56,0.06,0.92,100,1400,8461000,2026-09-27T15:33:37.376010
NXTT,Next Technology Holding Inc.,5.67,0.06,1.13,13777,157645,8352000,2026-09-27T15:33:37.376010
EDHL,Everbright Digital Holding Limited,5.0,-0.44,-8.09,878444,273147,8331000,2026-09-27T15:33:37.376010
DFNS,T3 Defense Inc.,7.79,-0.08,-1.02,157376,3634000,7872000,2026-09-27T15:33:37.376010
WNMLA,Winmill & Co. Incorporated,5.5,0.0,0.0,700,242,7675000,2026-09-27T15:33:37.376010
SKAS,"Saker Aviation Services, Inc.",6.2,0.0,0.0,100,301,6265000,2026-09-27T15:33:37.376010
GAUZ,Gauzy Ltd.,5.32,-1.13,-17.52,16314,242097,6115000,2026-09-27T15:33:37.376010
CSCIF,COSCIENS Biopharma Inc.,6.1,0.62,11.31,2500,904,6077000,2026-09-27T15:33:37.376010
NVNO,enVVeno Medical Corporation,8.67,0.06,0.7,428,21323,6024000,2026-09-27T15:33:37.376010
MHUAF,"Meihua International Medical Technologies Co., Ltd.",7.0,0.0,0.0,4994,209,5989000,2026-09-27T15:33:37.376010
INLF,INLIF Limited,5.1,2.15,72.88,48965000,3815000,5561000,2026-09-27T15:33:37.376010
TRIB,Trinity Biotech plc,6.76,-0.19,-2.73,8204,27872,5497000,2026-09-27T15:33:37.376010
ELVG,"Elvictor Group, Inc.",6.3,0.0,0.0,5,9,5254000,2026-09-27T15:33:37.376010
CPOP,"Pop Culture Group Co., Ltd",5.08,-0.39,-7.13,39106,478705,5123000,2026-09-27T15:33:37.376010
VMAR,Vision Marine Technologies Inc.,7.83,-0.23,-2.85,13127,494038,5113000,2026-09-27T15:33:37.376010
PRSI,"Portsmouth Square, Inc.",6.86,0.0,0.0,200,19,5037000,2026-09-27T15:33:37.376010
BIAF,"bioAffinity Technologies, Inc.",7.93,0.1,1.28,123159,3150000,4764000,2026-09-27T15:33:37.376010
AEMD,"Aethlon Medical, Inc.",6.28,-0.49,-7.24,132843,2596000,4466000,2026-09-27T15:33:37.376010
MLEC,Moolec Science SA,5.6,-0.25,-4.28,18301,15407,4066000,2026-09-27T15:33:37.376010
JAGX,"Jaguar Health, Inc.",7.7,0.64,9.07,29767000,1165000,4005000,2026-09-27T15:33:37.376010
SPRC,SciSparc Ltd.,5.21,-0.18,-3.34,8899,188849,3027000,2026-09-27T15:33:37.376010
WHLR,"Wheeler Real Estate Investment Trust, Inc.",5.2,1.46,39.04,13099000,2141000,2955000,2026-09-27T15:33:37.376010
PW,Power REIT,7.06,0.32,4.75,5361,14473,2592000,2026-09-27T15:33:37.376010
HMTC,Homasote Company,6.12,0.12,1.98,300,88,2213000,2026-09-27T15:33:37.376010
HXBM,"Helix BioMedix, Inc.",5.0,0.0,0.0,100,125,1124000,2026-09-27T15:33:37.376010
LGHL,Lion Group Holding Ltd.,7.3,-0.06,-0.82,25734,276501,336851,2026-09-27T15:33:37.376010
CMTX,"COMTEX News Network, Inc.",5.25,0.0,0.0,12,6,82918,2026-09-27T15:33:37.376010
AFB,"AllianceBernstein National Municipal Income Fund, Inc.",9.75,-0.02,-0.2,437425,85950,0,2026-09-27T15:33:37.376010
AHT-PD,"Ashford Hospitality Trust, Inc.",5.17,0.0,0.0,18,5354,0,2026-09-27T15:33:37.376010
AMACU,AMR Resources Acquisition Corp,9.92,0.0,0.0,10,181706,0,2026-09-27T15:33:37.376010
AOGOU,Arogo Capital Acquisition Corp.,8.5,0.0,0.0,93,6,0,2026-09-27T15:33:37.376010
ASRHF,Astroscale Holdings Inc.,7.5,0.07,1.01,200,1289,0,2026-09-27T15:33:37.376010
BCEXF,BCE Inc.,10.0,0.0,0.0,300,4,0,2026-09-27T15:33:37.376010
BHK,BlackRock Core Bond Trust,8.37,0.11,1.33,409660,333804,0,2026-09-27T15:33:37.376010
BLGFF,Baillie Gifford US Growth Trust PLC,5.0,0.0,0.0,100,954,0,2026-09-27T15:33:37.376010
BLUVF,BlueRiver Acquisition Corp.,9.02,0.0,0.0,530,3,0,2026-09-27T15:33:37.376010
BRTMU,B&R Technology Merger Corp.,9.94,-0.0,-0.02,1072,375991,0,2026-09-27T15:33:37.376010
BTZ,BlackRock Credit Allocation Income Trust,9.48,0.08,0.85,308760,331831,0,2026-09-27T15:33:37.376010
BWG,Legg Mason BW Global Income Opportunities Fund Inc.,7.09,0.02,0.21,63029,67355,0,2026-09-27T15:33:37.376010
CADYF,--,5.1,0.0,0.0,0,8235,0,2026-09-27T15:33:37.376010
CCXIW,Churchill Capital Corp XI,6.3,0.4,6.78,62302,0,0,2026-09-27T15:33:37.376010
CGCFU,Cartesian Growth Corporation IV,9.89,0.0,0.0,99,22230,0,2026-09-27T15:33:37.376010
CHNEY,China Eastern Airlines Corporation Limited,8.31,0.2,2.47,100,265,0,2026-09-27T15:33:37.376010
CHW,Calamos Global Dynamic Income Fund,8.26,0.02,0.24,189492,194614,0,2026-09-27T15:33:37.376010
CLPHF,CLP Holdings Limited,9.81,0.0,0.0,1000,100,0,2026-09-27T15:33:37.376010
COIA,ProShares Ultra COIN,9.45,-0.43,-4.35,40895,69347,0,2026-09-27T15:33:37.376010
CRRSF,Cirrus Aircraft Limited,5.4,-0.3,-5.25,200,2976,0,2026-09-27T15:33:37.376010
CVLLY,CellaVision AB (publ),7.06,0.0,0.0,200,3,0,2026-09-27T15:33:37.376010
DAMD,Defiance Daily Target 2X Short AMD ETF,8.42,-0.06,-0.71,5082000,4317000,0,2026-09-27T15:33:37.376010
DRHNF,--,9.17,0.0,0.0,0,3,0,2026-09-27T15:33:37.376010
ECHX,Themes ETF Trust - Leverage Shares 2x Long ECHO Daily ETF,8.01,-0.06,-0.73,42936,116915,0,2026-09-27T15:33:37.376010
EDD,"Morgan Stanley Emerging Markets Domestic Debt Fund, Inc.",5.6,0.07,1.27,395938,408982,0,2026-09-27T15:33:37.376010
EMD,Western Asset Emerging Markets Debt Fund Inc.,9.64,0.19,2.01,210415,185773,0,2026-09-27T15:33:37.376010
ETCO,Grayscale Ethereum High Income ETF,9.13,-0.04,-0.44,10063,4912,0,2026-09-27T15:33:37.376010
ETFT,Fundsmith Equity ETF,9.91,0.03,0.25,9572,1926,0,2026-09-27T15:33:37.376010
EVG,Eaton Vance Short Duration Diversified Income Fund,9.98,0.05,0.5,34000,37546,0,2026-09-27T15:33:37.376010
EVV,Eaton Vance Limited Duration Income Fund,8.42,0.01,0.12,775423,474196,0,2026-09-27T15:33:37.376010
EXG,Eaton Vance Tax-Managed Global Diversified Equity Income Fund,9.58,0.06,0.63,396101,399087,0,2026-09-27T15:33:37.376010
FNMAP,Federal National Mortgage Association,10.0,-0.02,-0.2,1200,8901,0,2026-09-27T15:33:37.376010
FRESY,Fresnillo plc,9.5,-3.0,-24.0,100,4184,0,2026-09-27T15:33:37.376010
FT,Franklin Universal Trust,7.09,-0.02,-0.28,43746,49201,0,2026-09-27T15:33:37.376010
FTF,Franklin Limited Duration Income Trust,5.36,0.01,0.19,283666,197401,0,2026-09-27T15:33:37.376010
FTRA,FutureCorp Space Acquisition 1,9.86,-0.01,-0.1,27558,76218,0,2026-09-27T15:33:37.376010
GDO,Western Asset Global Corporate Defined Opportunity Fund Inc.,9.52,-0.06,-0.63,68954,46304,0,2026-09-27T15:33:37.376010
GGN,"GAMCO Global Gold, Natural Resources & Income Trust",5.42,0.03,0.56,456854,527688,0,2026-09-27T15:33:37.376010
GLFEN,Golf Entertainment Group Inc.,7.59,0.0,0.0,2200,126,0,2026-09-27T15:33:37.376010
GLFEO,Golf Entertainment Group Inc.,7.5,0.0,0.0,125,126,0,2026-09-27T15:33:37.376010
GLO,Clough Global Opportunities Fund,5.38,0.01,0.19,130023,115426,0,2026-09-27T15:33:37.376010
GLQ,Clough Global Equity Fund,7.72,0.04,0.52,42571,52631,0,2026-09-27T15:33:37.376010
HOST,Host Digital Infrastructure LLC,6.14,-1.86,-23.25,347964,401142,0,2026-09-27T15:33:37.376010
HQWWW,Horizon Quantum Holdings Ltd.,6.81,-0.93,-12.07,5799,72980,0,2026-09-27T15:33:37.376010
ICL,ICL Group Ltd,5.14,-0.04,-0.77,1066000,1185000,0,2026-09-27T15:33:37.376010
IHD,Voya Emerging Markets High Dividend Equity Fund,7.67,0.05,0.66,44711,65731,0,2026-09-27T15:33:37.376010
IMAQU,International Media Acquisition Corp.,9.11,0.0,0.0,100,1,0,2026-09-27T15:33:37.376010
INRNY,Interroll Holding AG,8.96,0.0,0.0,0,8,0,2026-09-27T15:33:37.376010
IPLTF,Implantica AG,6.24,0.0,0.0,300,218,0,2026-09-27T15:33:37.376010
IPVVU,"InterPrivate Investment Partners V, Inc.",9.92,0.0,0.0,5000,8404,0,2026-09-27T15:33:37.376010
IQI,Invesco Quality Municipal Income Trust,8.95,0.01,0.11,357429,185109,0,2026-09-27T15:33:37.376010
ISLMF,InSilico Medicine Cayman TopCo,7.14,-0.04,-0.56,28298,223779,0,2026-09-27T15:33:37.376010
ISNRU,Snow Rothschild Acquisition Corp,9.96,-0.04,-0.4,700,7831,0,2026-09-27T15:33:37.376010
JFR,Nuveen Floating Rate Income Fund,7.33,0.09,1.24,1401000,602976,0,2026-09-27T15:33:37.376010
JNGHF,"Jiangsu Hengrui Pharmaceuticals Co.,Ltd",5.8,0.0,0.0,400,75,0,2026-09-27T15:33:37.376010
JONEU,Jones Ventures INTL Acquisition1 Corp,10.0,0.0,0.0,1,187355,0,2026-09-27T15:33:37.376010
JRS,Nuveen Real Estate Income Fund,7.42,-0.06,-0.8,94346,63439,0,2026-09-27T15:33:37.376010
KYIVW,Kyivstar Group Ltd.,5.0,0.22,4.6,135643,0,0,2026-09-27T15:33:37.376010
LEDRU,Leader's Advantage Acquisition Corp.,9.97,0.0,0.0,557779,883033,0,2026-09-27T15:33:37.376010
LMCUF,Lumina Metals Corp.,7.2,0.11,1.55,2000,15996,0,2026-09-27T15:33:37.376010
LOFD,Direxion Daily SpaceX Bear 2X ETF,6.55,-0.13,-1.95,10712,129175,0,2026-09-27T15:33:37.376010
LSSTF,Lassila & Tikanoja Plc,7.5,-0.47,-5.9,100,25,0,2026-09-27T15:33:37.376010
LVVP,"Lightstone Value Plus REIT V, Inc.",7.5,0.0,0.0,1681,5,0,2026-09-27T15:33:37.376010
MEME,Listed Funds Trust - Roundhill MEME ETF,8.81,0.06,0.69,43134,128826,0,2026-09-27T15:33:37.376010
MIACU,Meridian3 Industrials Acquisition Corp,9.98,0.0,0.0,15,174308,0,2026-09-27T15:33:37.376010
MSCGF,--,7.02,0.0,0.0,0,621,0,2026-09-27T15:33:37.376010
MTAKU,Market Technology Acquisition Corp,9.93,-0.02,-0.2,3043,170222,0,2026-09-27T15:33:37.376010
MTTN,--,5.75,-3.75,-39.47,1103,620,0,2026-09-27T15:33:37.376010
MYI,"BlackRock MuniYield Quality Fund III, Inc.",9.78,-0.01,-0.1,710097,373753,0,2026-09-27T15:33:37.376010
NBH,Neuberger Berman Income Funds - Neuberger Municipal Fund Inc.,9.22,-0.1,-1.07,138559,101169,0,2026-09-27T15:33:37.376010
NCA,Nuveen California Municipal Value Fund,8.35,0.08,0.97,195534,72598,0,2026-09-27T15:33:37.376010
NHS,Neuberger Berman Income Funds - Neuberger High Yield Strategies Fund Inc.,5.47,0.03,0.55,222208,190266,0,2026-09-27T15:33:37.376010
NL,"NLI Holdings, Inc.",7.02,-0.02,-0.28,13203,37331,0,2026-09-27T15:33:37.376010
NMI,"Nuveen Municipal Income Fund, Inc.",9.72,0.01,0.14,35486,25058,0,2026-09-27T15:33:37.376010
NNY,Nuveen New York Municipal Value Fund,7.77,-0.03,-0.38,63822,42919,0,2026-09-27T15:33:37.376010
NVA-WT,Nova Minerals Corp,7.1,0.09,1.28,816,0,0,2026-09-27T15:33:37.376010
OLVOY,Olvi Oyj,7.48,0.0,0.0,10,30,0,2026-09-27T15:33:37.376010
OSPRU,Osprey Acquisition Corp. III,9.99,0.0,0.0,17,197830,0,2026-09-27T15:33:37.376010
OTAI,Starlink AI Acquisition Corporation,9.99,0.0,0.0,1465,48893,0,2026-09-27T15:33:37.376010
PBM,Psyence Biomedical Ltd.,5.56,-0.3,-5.12,104771,92512,0,2026-09-27T15:33:37.376010
PCQ,PIMCO California Municipal Income Fund,7.85,-0.08,-1.01,331975,152526,0,2026-09-27T15:33:37.376010
PFO,Flaherty & Crumrine Preferred Income Opportunity Fund Inc.,8.7,-0.05,-0.57,64203,25965,0,2026-09-27T15:33:37.376010
PML,PIMCO Municipal Income Fund II,6.56,-0.05,-0.76,1036000,427449,0,2026-09-27T15:33:37.376010
PMO,Franklin Municipal Opportunities Trust,9.29,0.02,0.22,171982,69949,0,2026-09-27T15:33:37.376010
PMT,PennyMac Mortgage Investment Trust,8.33,-0.12,-1.42,1844000,1537000,0,2026-09-27T15:33:37.376010
RBLY,YieldMax RBLX Option Income Str,9.57,-0.31,-3.16,13915,16650,0,2026-09-27T15:33:37.376010
RGC,Regencell Bioscience Holdings Limited,6.17,0.0,0.0,50871,294038,0,2026-09-27T15:33:37.376010
RGTIW,"Rigetti Computing, Inc.",6.73,-0.11,-1.61,43403,0,0,2026-09-27T15:33:37.376010
SAMO-UN,Samos Energy Acquisition Corporation,9.95,0.0,0.0,3,142186,0,2026-09-27T15:33:37.376010
SGTSF,Singulus Technologies AG,7.5,0.0,0.0,0,1,0,2026-09-27T15:33:37.376010
SHOTU,RMG ML Sports Holdings,9.97,0.0,0.0,9,10328,0,2026-09-27T15:33:37.376010
SKDD,GraniteShares 2x Short SK Hynix Daily ETF,6.63,-0.38,-5.42,3102000,9163000,0,2026-09-27T15:33:37.376010
SQFTP,"Presidio Property Trust, Inc.",6.86,-0.02,-0.22,2584,4465,0,2026-09-27T15:33:37.376010
STRRP,"Star Equity Holdings, Inc.",9.28,-0.47,-4.82,13144,3819,0,2026-09-27T15:33:37.376010
TBCVU,"Thunder Bridge Capital Partners V, Ltd.",9.92,0.0,0.0,22,500093,0,2026-09-27T15:33:37.376010
USA,Liberty All-Star Equity Fund,5.87,0.04,0.69,756036,1376000,0,2026-09-27T15:33:37.376010
USDEW,StablecoinX Inc.,6.01,2.01,50.37,1573000,198730,0,2026-09-27T15:33:37.376010
UUU,"Universal Safety Products, Inc",5.11,0.04,0.79,7307,27366,0,2026-09-27T15:33:37.376010
VACI-UN,Viking Acquisition Corp. I,6.64,-1.81,-21.42,2853,5929,0,2026-09-27T15:33:37.376010
VII,Viking Acquisition Corp. II,9.84,0.0,0.0,53,38940,0,2026-09-27T15:33:37.376010
VII-UN,Viking Acquisition Corp. II,9.94,-0.02,-0.2,715,94864,0,2026-09-27T15:33:37.376010
VKQ,Invesco Municipal Trust,8.71,-0.05,-0.57,395967,202465,0,2026-09-27T15:33:37.376010
VLT,Invesco High Income Trust II,9.14,0.04,0.44,37118,25909,0,2026-09-27T15:33:37.376010
VMO,Invesco Municipal Opportunity Trust,8.63,0.03,0.35,719281,247217,0,2026-09-27T15:33:37.376010
VREAF,Vår Energi ASA,5.92,0.0,0.0,100,1565,0,2026-09-27T15:33:37.376010
VSTUD,Cynca Nordic AB (publ),9.46,0.0,0.0,0,0,0,2026-09-27T15:33:37.376010
WCAP,Warcap Unconstrained Equity ETF,9.29,0.02,0.16,269,7776,0,2026-09-27T15:33:37.376010
WEA,Western Asset Premier Bond Fund,9.88,0.01,0.1,17375,30422,0,2026-09-27T15:33:37.376010
WIW,Western Asset Inflation-Linked Opportunities & Income Fund,7.92,0.0,0.0,342506,300922,0,2026-09-27T15:33:37.376010
WLCOU,Wilco 63 Corporation,9.99,0.02,0.2,1002,13592,0,2026-09-27T15:33:37.376010
XTERU,Karman Line Acquisition Corp.,9.9,-0.0,-0.0,966,388910,0,2026-09-27T15:33:37.376010
YPZAS,--,7.0,0.0,0.0,0,37,0,2026-09-27T15:33:37.376010
AVIZF,Advanced Info Service PCL,8.21,0.0,0.0,0,0,0,2026-09-27T15:33:37.376010
GJH,"STRATS Trust for United States Cellular Corp. Securities, Series 2004-6 STRATS 6.375",9.43,-0.03,-0.32,104,860,0,2026-09-27T15:33:37.376010
INFQ-WT,"Infleqtion, Inc. WT",6.98,0.1,1.45,24161,0,0,2026-09-27T15:33:37.376010
MHLA,"Maiden Holdings, Ltd. 6.625 NT 2046",8.95,-0.19,-2.08,1477,2355,0,2026-09-27T15:33:37.376010
NVMLF,Aureka Ltd,5.0,0.0,0.0,0,0,0,2026-09-27T15:33:37.376010
PW-PA,Power REIT PFD SER A 7.75%,8.9,-0.05,-0.56,244,0,0,2026-09-27T15:33:37.376010
RHEPB,"Regional Health Properties, Inc.",6.25,0.0,0.0,729,1316,0,2026-09-27T15:33:37.376010
VAL-WT,Valaris Limited WT,9.12,-1.11,-10.81,3611,0,0,2026-09-27T15:33:37.376010
ZIGUF,--,5.36,0.0,0.0,0,0,0,2026-09-27T15:33:37.376010
