Open,High,Low,Close,Adj Close,Volume
0.017999999225139618,0.017999999225139618,0.017999999225139618,0.017999999225139618,0.017999999225139618,0
0.012000000104308128,0.019999999552965164,0.012000000104308128,0.019999999552965164,0.019999999552965164,28400
0.019999999552965164,0.019999999552965164,0.019999999552965164,0.019999999552965164,0.019999999552965164,0
0.01600000075995922,0.017999999225139618,0.01600000075995922,0.017999999225139618,0.017999999225139618,8200
0.017999999225139618,0.017999999225139618,0.017999999225139618,0.017999999225139618,0.017999999225139618,11900
0.012000000104308128,0.017999999225139618,0.009999999776482582,0.017999999225139618,0.017999999225139618,700
0.017999999225139618,0.01899999938905239,0.017999999225139618,0.01899999938905239,0.01899999938905239,4200
0.017000000923871994,0.017999999225139618,0.014999999664723873,0.017999999225139618,0.017999999225139618,91200
0.017999999225139618,0.01899999938905239,0.017999999225139618,0.01899999938905239,0.01899999938905239,26600
0.019999999552965164,0.019999999552965164,0.014999999664723873,0.014999999664723873,0.014999999664723873,13100
