Open,High,Low,Close,Adj Close,Volume
4.75,4.75,4.679999828338623,4.730000019073486,4.730000019073486,70500
4.75,4.78000020980835,4.699999809265137,4.78000020980835,4.78000020980835,99300
4.800000190734863,4.989999771118164,4.71999979019165,4.96999979019165,4.96999979019165,279900
5.0,5.300000190734863,4.909999847412109,5.090000152587891,5.090000152587891,1064000
5.159999847412109,5.190000057220459,5.0,5.119999885559082,5.119999885559082,576400
5.079999923706055,5.179999828338623,5.059999942779541,5.139999866485596,5.139999866485596,157700
5.190000057220459,5.190000057220459,4.96999979019165,5.010000228881836,5.010000228881836,144600
4.949999809265137,5.559999942779541,4.949999809265137,5.53000020980835,5.53000020980835,283900
