Open,High,Low,Close,Adj Close,Volume
0.9900000095367432,1.0499999523162842,0.9700000286102295,1.003999948501587,1.003999948501587,36000
1.0,1.0399999618530273,0.9599999785423279,0.9599999785423279,0.9599999785423279,4200
1.0,1.0800000429153442,0.949999988079071,1.0399999618530273,1.0399999618530273,63000
0.949999988079071,1.0429999828338623,0.949999988079071,0.9700000286102295,0.9700000286102295,61500
1.0,1.100000023841858,0.9900000095367432,1.0,1.0,238600
1.0399999618530273,1.0399999618530273,0.9359999895095825,0.949999988079071,0.949999988079071,63700
0.9599999785423279,1.0299999713897705,0.9599999785423279,1.0099999904632568,1.0099999904632568,10300
0.9800000190734863,1.0199999809265137,0.9800000190734863,1.0199999809265137,1.0199999809265137,10100
1.0149999856948853,1.399999976158142,0.9750000238418579,1.2899999618530273,1.2899999618530273,323100
