Open,High,Low,Close,Adj Close,Volume
0.05999999865889549,0.05999999865889549,0.05999999865889549,0.05999999865889549,0.05999999865889549,0
0.054999999701976776,0.05700000002980232,0.054999999701976776,0.054999999701976776,0.054999999701976776,63800
0.054999999701976776,0.054999999701976776,0.054999999701976776,0.054999999701976776,0.054999999701976776,3000
0.0575999990105629,0.0575999990105629,0.04699999839067459,0.05299999937415123,0.05299999937415123,10500
0.05299999937415123,0.05299999937415123,0.05299999937415123,0.05299999937415123,0.05299999937415123,0
0.05285999923944473,0.05285999923944473,0.045899998396635056,0.045899998396635056,0.045899998396635056,7014
0.045899998396635056,0.045899998396635056,0.045899998396635056,0.045899998396635056,0.045899998396635056,0
0.09000000357627869,0.09000000357627869,0.09000000357627869,0.09000000357627869,0.09000000357627869,508
0.05490000173449516,0.05490000173449516,0.05490000173449516,0.05490000173449516,0.05490000173449516,13001
