Open,High,Low,Close,Adj Close,Volume
4.389999866485596,4.789999961853027,4.25,4.739999771118164,4.739999771118164,227800
4.800000190734863,4.989999771118164,4.75,4.96999979019165,4.96999979019165,284100
4.940000057220459,5.139999866485596,4.699999809265137,4.840000152587891,4.840000152587891,248400
4.820000171661377,5.005000114440918,4.710000038146973,5.0,5.0,242800
4.960000038146973,5.039999961853027,4.460000038146973,4.690000057220459,4.690000057220459,316500
4.650000095367432,4.650000095367432,4.360000133514404,4.46999979019165,4.46999979019165,126500
4.5,4.550000190734863,4.326000213623047,4.429999828338623,4.429999828338623,64100
4.550000190734863,4.550000190734863,4.170000076293945,4.28000020980835,4.28000020980835,138100
4.190000057220459,4.921000003814697,4.059999942779541,4.869999885559082,4.869999885559082,278000
