Open,High,Low,Close,Adj Close,Volume
13.029999732971191,13.5,12.5,12.5,12.5,4700
13.180000305175781,13.180000305175781,12.109999656677246,12.109999656677246,12.109999656677246,2100
12.489999771118164,12.5,12.100000381469727,12.100000381469727,12.100000381469727,6300
12.239999771118164,12.300000190734863,12.239999771118164,12.300000190734863,12.300000190734863,900
12.149999618530273,12.25,11.8100004196167,12.100000381469727,12.100000381469727,3700
12.399999618530273,12.399999618530273,11.84000015258789,11.90999984741211,11.90999984741211,2500
12.390000343322754,13.319999694824219,11.819999694824219,13.210000038146973,13.210000038146973,4600
13.479999542236328,13.479999542236328,13.3100004196167,13.470000267028809,13.470000267028809,13800
2.2100000381469727,4.130000114440918,1.649999976158142,2.5,2.5,3737100
