Open,High,Low,Close,Adj Close,Volume
1.0299999713897705,1.0700000524520874,1.0299999713897705,1.0700000524520874,1.0700000524520874,741100
1.090000033378601,1.25,1.0399999618530273,1.0499999523162842,1.0499999523162842,2999300
1.100000023841858,1.100000023841858,1.0490000247955322,1.0499999523162842,1.0499999523162842,1726400
1.0700000524520874,1.1799999475479126,1.0299999713897705,1.1200000047683716,1.1200000047683716,2856500
1.1299999952316284,1.1799999475479126,1.0700000524520874,1.100000023841858,1.100000023841858,1547100
1.0800000429153442,1.1200000047683716,1.0399999618530273,1.059999942779541,1.059999942779541,1265600
1.0800000429153442,1.1799999475479126,1.0499999523162842,1.1799999475479126,1.1799999475479126,2166800
1.1799999475479126,1.3200000524520874,1.1399999856948853,1.2799999713897705,1.2799999713897705,2652100
1.0700000524520874,1.1399999856948853,0.9120000004768372,1.0049999952316284,1.0049999952316284,8468000
