Open,High,Low,Close,Adj Close,Volume
0.03689999878406525,0.10000000149011612,0.03099999949336052,0.03158000111579895,0.03158000111579895,491513
0.03970000147819519,0.05999999865889549,0.02810000069439411,0.02810000069439411,0.02810000069439411,246922
0.039500001817941666,0.03999999910593033,0.03550000116229057,0.03550000116229057,0.03550000116229057,42201
0.039000000804662704,0.039000000804662704,0.029999999329447746,0.033149998635053635,0.033149998635053635,30000
0.033149998635053635,0.045990001410245895,0.033149998635053635,0.045499999076128006,0.045499999076128006,11091
0.03799999877810478,0.03799999877810478,0.03660000115633011,0.03799999877810478,0.03799999877810478,75162
0.041999999433755875,0.041999999433755875,0.03999999910593033,0.03999999910593033,0.03999999910593033,2388
0.03999999910593033,0.03999999910593033,0.03999999910593033,0.03999999910593033,0.03999999910593033,0
0.041999999433755875,0.041999999433755875,0.029999999329447746,0.029999999329447746,0.029999999329447746,4500
