Open,High,Low,Close,Adj Close,Volume
0.014999999664723873,0.014999999664723873,0.014999999664723873,0.014999999664723873,0.014999999664723873,57767
0.010999999940395355,0.010999999940395355,0.010999999940395355,0.010999999940395355,0.010999999940395355,2000
0.019899999722838402,0.019899999722838402,0.010999999940395355,0.010999999940395355,0.010999999940395355,37276
0.019899999722838402,0.019999999552965164,0.019899999722838402,0.019999999552965164,0.019999999552965164,100000
0.019999999552965164,0.029999999329447746,0.019999999552965164,0.029999999329447746,0.029999999329447746,543106
0.029999999329447746,0.029999999329447746,0.029999999329447746,0.029999999329447746,0.029999999329447746,0
0.028999999165534973,0.028999999165534973,0.024000000208616257,0.02500000037252903,0.02500000037252903,56050
0.02800000086426735,0.029999999329447746,0.013199999928474426,0.029999999329447746,0.029999999329447746,285095
0.019200000911951065,0.019200000911951065,0.01209999993443489,0.01209999993443489,0.01209999993443489,59100
