Open,High,Low,Close,Adj Close,Volume
0.19300000369548798,0.19499999284744263,0.1720000058412552,0.18199999630451202,0.18199999630451202,299100
0.18199999630451202,0.19099999964237213,0.17599999904632568,0.18000000715255737,0.18000000715255737,87800
0.1889999955892563,0.1889999955892563,0.1599999964237213,0.17000000178813934,0.17000000178813934,310700
0.17000000178813934,0.18000000715255737,0.1599999964237213,0.1770000010728836,0.1770000010728836,187100
0.1860000044107437,0.1860000044107437,0.1599999964237213,0.17000000178813934,0.17000000178813934,336100
0.16200000047683716,0.17900000512599945,0.16200000047683716,0.17000000178813934,0.17000000178813934,91900
0.1720000058412552,0.2409999966621399,0.17000000178813934,0.22200000286102295,0.22200000286102295,14748300
0.2879999876022339,0.4300000071525574,0.24300000071525574,0.3100000023841858,0.3100000023841858,60672600
0.24300000071525574,0.27000001072883606,0.23000000417232513,0.2329999953508377,0.2329999953508377,4767400
