Open,High,Low,Close,Adj Close,Volume
4.550000190734863,5.139999866485596,4.550000190734863,5.099999904632568,5.099999904632568,107700
5.059999942779541,5.329999923706055,4.860000133514404,5.289999961853027,5.289999961853027,105000
5.289999961853027,5.485000133514404,5.010000228881836,5.039999961853027,5.039999961853027,74200
5.050000190734863,5.150000095367432,4.769999980926514,4.989999771118164,4.989999771118164,68700
5.050000190734863,5.190000057220459,4.869999885559082,5.190000057220459,5.190000057220459,98100
5.210000038146973,5.570000171661377,5.198999881744385,5.320000171661377,5.320000171661377,57600
5.409999847412109,5.650000095367432,5.300000190734863,5.329999923706055,5.329999923706055,101100
5.329999923706055,5.429999828338623,5.110000133514404,5.300000190734863,5.300000190734863,80900
5.380000114440918,6.429999828338623,5.210000038146973,6.349999904632568,6.349999904632568,228200
