Open,High,Low,Close,Adj Close,Volume
0.019999999552965164,0.019999999552965164,0.019999999552965164,0.019999999552965164,0.019999999552965164,0
0.019999999552965164,0.019999999552965164,0.019999999552965164,0.019999999552965164,0.019999999552965164,0
0.019999999552965164,0.019999999552965164,0.019999999552965164,0.019999999552965164,0.019999999552965164,0
0.02345000021159649,0.02345000021159649,0.02345000021159649,0.02345000021159649,0.02345000021159649,20000
0.02345000021159649,0.02345000021159649,0.02345000021159649,0.02345000021159649,0.02345000021159649,0
0.02345000021159649,0.02345000021159649,0.02345000021159649,0.02345000021159649,0.02345000021159649,0
0.02345000021159649,0.02345000021159649,0.02345000021159649,0.02345000021159649,0.02345000021159649,0
0.02345000021159649,0.02345000021159649,0.02345000021159649,0.02345000021159649,0.02345000021159649,0
0.016829999163746834,0.016829999163746834,0.016829999163746834,0.016829999163746834,0.016829999163746834,750
