Open,High,Low,Close,Adj Close,Volume
0.00925000011920929,0.009800000116229057,0.00925000011920929,0.009800000116229057,0.009800000116229057,240
0.00865000020712614,0.009800000116229057,0.00865000020712614,0.009800000116229057,0.009800000116229057,5000
0.009800000116229057,0.009800000116229057,0.007499999832361937,0.007499999832361937,0.007499999832361937,51020
0.007499999832361937,0.009800000116229057,0.007499999832361937,0.009800000116229057,0.009800000116229057,60000
0.009800000116229057,0.009800000116229057,0.009800000116229057,0.009800000116229057,0.009800000116229057,0
0.008080000057816505,0.009800000116229057,0.008080000057816505,0.009800000116229057,0.009800000116229057,5523
0.00865000020712614,0.009999999776482582,0.00865000020712614,0.009999999776482582,0.009999999776482582,35001
0.007600000128149986,0.007600000128149986,0.007600000128149986,0.007600000128149986,0.007600000128149986,4500
0.008750000037252903,0.010999999940395355,0.008750000037252903,0.010999999940395355,0.010999999940395355,25000
