Open,High,Low,Close,Adj Close,Volume
0.14244000613689423,0.14244000613689423,0.13635000586509705,0.14100000262260437,0.14100000262260437,3640
0.1475600004196167,0.147599995136261,0.14100000262260437,0.14100000262260437,0.14100000262260437,37404
0.13741999864578247,0.14000000059604645,0.13741999864578247,0.14000000059604645,0.14000000059604645,4000
0.11903999745845795,0.1262499988079071,0.11903999745845795,0.1262499988079071,0.1262499988079071,7885
0.12250000238418579,0.12700000405311584,0.120619997382164,0.121799997985363,0.121799997985363,4589
0.11349999904632568,0.11659999936819077,0.11349999904632568,0.11659999936819077,0.11659999936819077,5400
0.1031000018119812,0.1143999993801117,0.1031000018119812,0.1143999993801117,0.1143999993801117,995
0.11400000005960464,0.11400000005960464,0.11400000005960464,0.11400000005960464,0.11400000005960464,325
0.16434000432491302,0.1647000014781952,0.15498000383377075,0.15498000383377075,0.15498000383377075,5072
