Open,High,Low,Close,Adj Close,Volume
1.9500000476837158,2.440999984741211,1.9500000476837158,2.049999952316284,2.049999952316284,111200
2.049999952316284,2.4000000953674316,1.9500000476837158,2.049999952316284,2.049999952316284,31700
2.109999895095825,2.109999895095825,1.850000023841858,1.9199999570846558,1.9199999570846558,31800
1.9500000476837158,2.0,1.8619999885559082,1.965000033378601,1.965000033378601,4800
1.840000033378601,1.9500000476837158,1.600000023841858,1.7300000190734863,1.7300000190734863,101700
4.045000076293945,4.289999961853027,2.5199999809265137,2.740000009536743,2.740000009536743,30422200
2.390000104904175,2.9700000286102295,2.380000114440918,2.880000114440918,2.880000114440918,722900
2.7699999809265137,2.880000114440918,2.4000000953674316,2.609999895095825,2.609999895095825,165400
2.5299999713897705,2.5299999713897705,1.9299999475479126,2.0399999618530273,2.0399999618530273,322800
