Open,High,Low,Close,Adj Close,Volume
7.360000133514404,7.5,7.329999923706055,7.400000095367432,7.400000095367432,72700
7.449999809265137,7.78000020980835,7.400000095367432,7.630000114440918,7.630000114440918,49400
7.599999904632568,7.840000152587891,7.5,7.510000228881836,7.510000228881836,62700
7.440000057220459,7.574999809265137,7.400000095367432,7.489999771118164,7.489999771118164,50100
7.480000019073486,7.539999961853027,6.974999904632568,7.190000057220459,7.190000057220459,136000
7.21999979019165,7.389999866485596,6.880000114440918,6.940000057220459,6.940000057220459,64100
6.96999979019165,7.5,6.9029998779296875,7.139999866485596,7.139999866485596,154000
7.070000171661377,7.5,7.070000171661377,7.360000133514404,7.360000133514404,102400
7.369999885559082,8.180000305175781,7.353000164031982,8.0,8.0,95100
