Open,High,Low,Close,Adj Close,Volume
1.2200000286102295,1.2209999561309814,1.159999966621399,1.190000057220459,1.190000057220459,1479900
1.190000057220459,1.2400000095367432,1.1749999523162842,1.190000057220459,1.190000057220459,1168400
1.2100000381469727,1.2200000286102295,1.159999966621399,1.2000000476837158,1.2000000476837158,1498700
1.1799999475479126,1.309999942779541,1.1799999475479126,1.2799999713897705,1.2799999713897705,3844900
1.2999999523162842,1.309999942779541,1.2200000286102295,1.2400000095367432,1.2400000095367432,2123700
1.2200000286102295,1.2999999523162842,1.2100000381469727,1.2699999809265137,1.2699999809265137,1300900
1.2899999618530273,1.3799999952316284,1.2699999809265137,1.3700000047683716,1.3700000047683716,2889300
1.3799999952316284,1.5199999809265137,1.3600000143051147,1.5199999809265137,1.5199999809265137,4494400
