Open,High,Low,Close,Adj Close,Volume
0.699999988079071,0.7599999904632568,0.6499999761581421,0.652999997138977,0.652999997138977,375100
0.6499999761581421,0.652999997138977,0.5809999704360962,0.5910000205039978,0.5910000205039978,484100
0.6000000238418579,0.6660000085830688,0.6000000238418579,0.6330000162124634,0.6330000162124634,459200
0.800000011920929,0.9800000190734863,0.6779999732971191,0.699999988079071,0.699999988079071,4162900
0.7200000286102295,0.7549999952316284,0.6819999814033508,0.7400000095367432,0.7400000095367432,489300
0.75,0.7739999890327454,0.699999988079071,0.7250000238418579,0.7250000238418579,308500
0.7170000076293945,0.7400000095367432,0.699999988079071,0.7039999961853027,0.7039999961853027,152600
0.6800000071525574,0.7480000257492065,0.6700000166893005,0.7049999833106995,0.7049999833106995,345600
0.4569999873638153,0.5899999737739563,0.44999998807907104,0.5429999828338623,0.5429999828338623,5451900
