Open,High,Low,Close,Adj Close,Volume
4.409999847412109,4.440000057220459,4.300000190734863,4.340000152587891,4.340000152587891,11100
4.28000020980835,4.579999923706055,4.28000020980835,4.429999828338623,4.429999828338623,87500
4.550000190734863,4.710000038146973,4.409999847412109,4.480000019073486,4.480000019073486,80800
4.599999904632568,4.599999904632568,4.440000057220459,4.539999961853027,4.539999961853027,45200
4.590000152587891,5.150000095367432,4.539999961853027,4.929999828338623,4.929999828338623,104800
5.0,5.300000190734863,4.920000076293945,5.300000190734863,5.300000190734863,118500
5.650000095367432,5.849999904632568,5.5,5.849999904632568,5.849999904632568,209500
5.900000095367432,6.03000020980835,5.550000190734863,6.010000228881836,6.010000228881836,206200
5.900000095367432,7.170000076293945,5.900000095367432,7.0,7.0,382100
