Open,High,Low,Close,Adj Close,Volume
3.819999933242798,3.880000114440918,3.755000114440918,3.8399999141693115,3.8399999141693115,34300
3.805000066757202,3.8499999046325684,3.7100000381469727,3.7200000286102295,3.7200000286102295,20300
3.809999942779541,3.809999942779541,3.700000047683716,3.75,3.75,10900
3.7300000190734863,3.9049999713897705,3.6600000858306885,3.859999895095825,3.859999895095825,92000
3.869999885559082,4.054999828338623,3.7799999713897705,3.809999942779541,3.809999942779541,28700
3.819999933242798,4.014999866485596,3.7300000190734863,3.8499999046325684,3.8499999046325684,151700
3.8499999046325684,3.9600000381469727,3.7899999618530273,3.880000114440918,3.880000114440918,8800
3.7899999618530273,4.360000133514404,3.7899999618530273,4.320000171661377,4.320000171661377,118000
