Open,High,Low,Close,Adj Close,Volume
2.7300000190734863,2.75,2.5899999141693115,2.619999885559082,2.619999885559082,616400
2.619999885559082,2.880000114440918,2.619999885559082,2.7300000190734863,2.7300000190734863,1671300
2.7300000190734863,2.869999885559082,2.569999933242798,2.819999933242798,2.819999933242798,1685900
2.7699999809265137,3.0299999713897705,2.680000066757202,3.0199999809265137,3.0199999809265137,671100
2.9700000286102295,3.2899999618530273,2.9100000858306885,3.2300000190734863,3.2300000190734863,731800
3.240000009536743,3.359999895095825,3.109999895095825,3.1700000762939453,3.1700000762939453,432000
3.1600000858306885,3.2100000381469727,3.0299999713897705,3.069999933242798,3.069999933242798,672400
3.059999942779541,3.200000047683716,2.940000057220459,2.990000009536743,2.990000009536743,651200
1.2200000286102295,1.350000023841858,1.149999976158142,1.190000057220459,1.190000057220459,30419900
