Open,High,Low,Close,Adj Close,Volume
0.6299999952316284,0.6499999761581421,0.6050000190734863,0.6489999890327454,0.6489999890327454,36200
0.6499999761581421,0.6499999761581421,0.6100000143051147,0.6349999904632568,0.6349999904632568,29200
0.6399999856948853,0.6499999761581421,0.6200000047683716,0.6399999856948853,0.6399999856948853,37200
0.6200000047683716,0.6499999761581421,0.6200000047683716,0.6420000195503235,0.6420000195503235,34900
0.6200000047683716,0.6449999809265137,0.6200000047683716,0.6259999871253967,0.6259999871253967,13900
0.6299999952316284,0.699999988079071,0.6299999952316284,0.6990000009536743,0.6990000009536743,70800
0.7179999947547913,0.9800000190734863,0.7099999785423279,0.9800000190734863,0.9800000190734863,369400
1.0,1.2999999523162842,0.9800000190734863,1.190000057220459,1.190000057220459,742300
1.1399999856948853,1.149999976158142,0.8370000123977661,0.9100000262260437,0.9100000262260437,293800
