Open,High,Low,Close,Adj Close,Volume
1.2699999809265137,1.5,1.2100000381469727,1.3799999952316284,1.3799999952316284,1168700
3.0,6.300000190734863,2.549999952316284,3.0,3.0,7175300
2.799999952316284,3.140000104904175,2.1600000858306885,3.0799999237060547,3.0799999237060547,428800
2.569999933242798,2.7249999046325684,2.3499999046325684,2.559999942779541,2.559999942779541,195500
2.5399999618530273,3.200000047683716,2.490999937057495,3.049999952316284,3.049999952316284,266300
2.609999895095825,2.75,2.450000047683716,2.5,2.5,76600
2.490000009536743,2.5,2.2200000286102295,2.3399999141693115,2.3399999141693115,37600
2.2699999809265137,2.3299999237060547,2.1619999408721924,2.2300000190734863,2.2300000190734863,40000
2.200000047683716,2.200000047683716,1.7100000381469727,1.7100000381469727,1.7100000381469727,58700
