Open,High,Low,Close,Adj Close,Volume
0.19033999741077423,0.19033999741077423,0.19033999741077423,0.19033999741077423,0.19033999741077423,250
0.16735999286174774,0.179299995303154,0.16735999286174774,0.179299995303154,0.179299995303154,21500
0.179299995303154,0.179299995303154,0.179299995303154,0.179299995303154,0.179299995303154,0
0.179299995303154,0.179299995303154,0.179299995303154,0.179299995303154,0.179299995303154,0
0.179299995303154,0.179299995303154,0.179299995303154,0.179299995303154,0.179299995303154,0
0.179299995303154,0.179299995303154,0.179299995303154,0.179299995303154,0.179299995303154,0
0.18000000715255737,0.18000000715255737,0.18000000715255737,0.18000000715255737,0.18000000715255737,6000
0.18000000715255737,0.18000000715255737,0.18000000715255737,0.18000000715255737,0.18000000715255737,0
0.24400000274181366,0.24400000274181366,0.24400000274181366,0.24400000274181366,0.24400000274181366,336
