Open,High,Low,Close,Adj Close,Volume
1.6799999475479126,1.7599999904632568,1.6299999952316284,1.7100000381469727,1.7100000381469727,26400
1.7000000476837158,1.7000000476837158,1.600000023841858,1.6699999570846558,1.6699999570846558,29700
1.6699999570846558,2.049999952316284,1.6699999570846558,1.940000057220459,1.940000057220459,268600
1.9600000381469727,1.9600000381469727,1.809999942779541,1.850000023841858,1.850000023841858,36600
1.809999942779541,1.8799999952316284,1.7899999618530273,1.8200000524520874,1.8200000524520874,19600
1.7799999713897705,1.8700000047683716,1.7799999713897705,1.8700000047683716,1.8700000047683716,17100
1.8799999952316284,1.8799999952316284,1.8300000429153442,1.840000033378601,1.840000033378601,17000
1.7699999809265137,2.4700000286102295,1.7300000190734863,2.299999952316284,2.299999952316284,675600
1.909999966621399,1.9700000286102295,1.5499999523162842,1.5499999523162842,1.5499999523162842,239000
