Open,High,Low,Close,Adj Close,Volume
0.009999999776482582,0.019999999552965164,0.009999999776482582,0.019999999552965164,0.019999999552965164,11500
0.019999999552965164,0.019999999552965164,0.019999999552965164,0.019999999552965164,0.019999999552965164,200
0.019999999552965164,0.019999999552965164,0.019999999552965164,0.019999999552965164,0.019999999552965164,0
0.009999999776482582,0.009999999776482582,0.009999999776482582,0.009999999776482582,0.009999999776482582,100
0.009999999776482582,0.009999999776482582,0.009999999776482582,0.009999999776482582,0.009999999776482582,0
0.009999999776482582,0.009999999776482582,0.009999999776482582,0.009999999776482582,0.009999999776482582,11000
0.009999999776482582,0.019999999552965164,0.009999999776482582,0.009999999776482582,0.009999999776482582,29800
0.019999999552965164,0.019999999552965164,0.009999999776482582,0.009999999776482582,0.009999999776482582,400
0.019999999552965164,0.019999999552965164,0.019999999552965164,0.019999999552965164,0.019999999552965164,2500
0.019999999552965164,0.019999999552965164,0.009999999776482582,0.009999999776482582,0.009999999776482582,15800
