Open,High,Low,Close,Adj Close,Volume
1.4500000476837158,1.6490000486373901,1.3799999952316284,1.4700000286102295,1.4700000286102295,2176100
1.399999976158142,1.5,1.340000033378601,1.4199999570846558,1.4199999570846558,1066100
1.3600000143051147,1.6200000047683716,1.3200000524520874,1.5700000524520874,1.5700000524520874,1425700
1.590000033378601,2.0299999713897705,1.590000033378601,1.9500000476837158,1.9500000476837158,4824100
2.25,2.8499999046325684,2.1600000858306885,2.569999933242798,2.569999933242798,14964600
2.5999999046325684,2.7799999713897705,2.2699999809265137,2.559999942779541,2.559999942779541,2921300
2.5899999141693115,3.240000009536743,2.4600000381469727,2.930000066757202,2.930000066757202,5046900
2.819999933242798,3.109999895095825,2.7699999809265137,3.059999942779541,3.059999942779541,2016600
3.2100000381469727,4.090000152587891,3.200000047683716,4.010000228881836,4.010000228881836,6916500
