Open,High,Low,Close,Adj Close,Volume
0.004000000189989805,0.009800000116229057,0.004000000189989805,0.009800000116229057,0.009800000116229057,232000
0.009800000116229057,0.009800000116229057,0.009800000116229057,0.009800000116229057,0.009800000116229057,0
0.0017999999690800905,0.0017999999690800905,0.0017999999690800905,0.0017999999690800905,0.0017999999690800905,512
0.009700000286102295,0.009700000286102295,0.009600000455975533,0.009600000455975533,0.009600000455975533,56779
0.009600000455975533,0.009600000455975533,0.009600000455975533,0.009600000455975533,0.009600000455975533,0
0.009600000455975533,0.009600000455975533,0.009600000455975533,0.009600000455975533,0.009600000455975533,0
0.010900000110268593,0.012000000104308128,0.006099999882280827,0.006099999882280827,0.006099999882280827,321000
0.008700000122189522,0.009700000286102295,0.00800000037997961,0.008999999612569809,0.008999999612569809,178407
0.013899999670684338,0.013899999670684338,0.0071000000461936,0.013399999588727951,0.013399999588727951,133419
