Open,High,Low,Close,Adj Close,Volume
3.1700000762939453,3.305000066757202,3.015000104904175,3.0999999046325684,3.0999999046325684,779000
3.0999999046325684,3.378000020980835,3.049999952316284,3.3499999046325684,3.3499999046325684,1140300
3.3499999046325684,3.950000047683716,3.3499999046325684,3.640000104904175,3.640000104904175,1628000
3.7699999809265137,4.420000076293945,3.430000066757202,3.5899999141693115,3.5899999141693115,3036500
3.559999942779541,3.859999895095825,3.2200000286102295,3.7899999618530273,3.7899999618530273,4054000
2.6510000228881836,2.759999990463257,2.2300000190734863,2.25,2.25,6795800
2.1700000762939453,2.359999895095825,1.850000023841858,2.259999990463257,2.259999990463257,6011200
2.2300000190734863,2.430000066757202,2.140000104904175,2.299999952316284,2.299999952316284,2037000
2.2699999809265137,2.680000066757202,2.2300000190734863,2.680000066757202,2.680000066757202,2512200
