Open,High,Low,Close,Adj Close,Volume
0.009499999694526196,0.012000000104308128,0.009499999694526196,0.012000000104308128,0.012000000104308128,13500
0.010499999858438969,0.010999999940395355,0.010499999858438969,0.010999999940395355,0.010999999940395355,40000
0.010099999606609344,0.010950000025331974,0.010099999606609344,0.010950000025331974,0.010950000025331974,14000
0.010950000025331974,0.010950000025331974,0.010950000025331974,0.010950000025331974,0.010950000025331974,0
0.010999999940395355,0.010999999940395355,0.010999999940395355,0.010999999940395355,0.010999999940395355,10000
0.013000000268220901,0.013000000268220901,0.013000000268220901,0.013000000268220901,0.013000000268220901,2000
0.013000000268220901,0.013000000268220901,0.009700000286102295,0.009700000286102295,0.009700000286102295,45500
0.014999999664723873,0.014999999664723873,0.014829999767243862,0.014999999664723873,0.014999999664723873,74000
0.011500000022351742,0.011500000022351742,0.011500000022351742,0.011500000022351742,0.011500000022351742,80000
