Open,High,Low,Close,Adj Close,Volume
0.10999999940395355,0.10999999940395355,0.10000000149011612,0.10999999940395355,0.10999999940395355,120500
0.10000000149011612,0.10999999940395355,0.10000000149011612,0.10999999940395355,0.10999999940395355,47100
0.11999999731779099,0.11999999731779099,0.10999999940395355,0.10999999940395355,0.10999999940395355,41000
0.10999999940395355,0.10999999940395355,0.10999999940395355,0.10999999940395355,0.10999999940395355,14000
0.10000000149011612,0.10000000149011612,0.09000000357627869,0.10000000149011612,0.10000000149011612,65600
0.10000000149011612,0.10000000149011612,0.10000000149011612,0.10000000149011612,0.10000000149011612,4300
0.07000000029802322,0.10000000149011612,0.07000000029802322,0.10000000149011612,0.10000000149011612,162200
0.09000000357627869,0.10000000149011612,0.09000000357627869,0.10000000149011612,0.10000000149011612,23000
0.09000000357627869,0.09000000357627869,0.07000000029802322,0.07000000029802322,0.07000000029802322,228200
