Open,High,Low,Close,Adj Close,Volume
6.380000114440918,6.53000020980835,6.269999980926514,6.46999979019165,6.46999979019165,4072600
6.53000020980835,6.610000133514404,6.434999942779541,6.519999980926514,6.519999980926514,4303600
6.510000228881836,6.659999847412109,6.360000133514404,6.420000076293945,6.420000076293945,4810500
6.409999847412109,6.420000076293945,6.175000190734863,6.199999809265137,6.199999809265137,6690700
6.139999866485596,6.239999771118164,5.945000171661377,6.050000190734863,6.050000190734863,5504200
5.96999979019165,6.25,5.920000076293945,6.150000095367432,6.150000095367432,4727600
6.144999980926514,6.235000133514404,6.079999923706055,6.079999923706055,6.079999923706055,4007000
6.010000228881836,6.179999828338623,5.940000057220459,6.159999847412109,6.159999847412109,3501400
6.5,8.25,6.460000038146973,8.180000305175781,8.180000305175781,26122200
