Open,High,Low,Close,Adj Close,Volume
2.6700000762939453,2.700000047683716,2.4000000953674316,2.4000000953674316,2.4000000953674316,16000
2.549999952316284,2.619999885559082,2.309999942779541,2.309999942779541,2.309999942779541,11800
2.4100000858306885,2.5399999618530273,2.319999933242798,2.3399999141693115,2.3399999141693115,5400
2.2899999618530273,2.5199999809265137,2.2300000190734863,2.440000057220459,2.440000057220459,6800
2.4000000953674316,2.4000000953674316,2.3399999141693115,2.390000104904175,2.390000104904175,3200
2.3499999046325684,2.4200000762939453,2.299999952316284,2.309999942779541,2.309999942779541,3200
2.319999933242798,2.3399999141693115,2.2200000286102295,2.319999933242798,2.319999933242798,22900
2.4600000381469727,2.5,2.309999942779541,2.4700000286102295,2.4700000286102295,19700
2.6600000858306885,3.4800000190734863,2.3499999046325684,3.200000047683716,3.200000047683716,129700
