Open,High,Low,Close,Adj Close,Volume
0.27000001072883606,0.2800000011920929,0.25,0.25999999046325684,0.25999999046325684,2242900
0.25999999046325684,0.27000001072883606,0.25999999046325684,0.27000001072883606,0.27000001072883606,854600
0.27000001072883606,0.2800000011920929,0.27000001072883606,0.27000001072883606,0.27000001072883606,989500
0.25999999046325684,0.28999999165534973,0.25999999046325684,0.2800000011920929,0.2800000011920929,329600
0.28999999165534973,0.28999999165534973,0.2800000011920929,0.28999999165534973,0.28999999165534973,180400
0.28999999165534973,0.28999999165534973,0.2800000011920929,0.2800000011920929,0.2800000011920929,139600
0.2800000011920929,0.2800000011920929,0.2800000011920929,0.2800000011920929,0.2800000011920929,493500
0.2800000011920929,0.2800000011920929,0.27000001072883606,0.27000001072883606,0.27000001072883606,568500
0.23999999463558197,0.25,0.17000000178813934,0.17000000178813934,0.17000000178813934,8314000
