Open,High,Low,Close,Adj Close,Volume
0.07999999821186066,0.09000000357627869,0.0771000012755394,0.09000000357627869,0.09000000357627869,72500
0.09000000357627869,0.09000000357627869,0.09000000357627869,0.09000000357627869,0.09000000357627869,0
0.09000000357627869,0.09000000357627869,0.09000000357627869,0.09000000357627869,0.09000000357627869,0
0.08320000022649765,0.08320000022649765,0.08320000022649765,0.08320000022649765,0.08320000022649765,10001
0.08320000022649765,0.08320000022649765,0.08320000022649765,0.08320000022649765,0.08320000022649765,0
0.07940000295639038,0.08179999887943268,0.07940000295639038,0.08179999887943268,0.08179999887943268,130000
0.07965999841690063,0.07980000227689743,0.07965999841690063,0.07980000227689743,0.07980000227689743,15000
0.07999999821186066,0.07999999821186066,0.07999999821186066,0.07999999821186066,0.07999999821186066,63100
0.06499999761581421,0.06499999761581421,0.06159999966621399,0.06159999966621399,0.06159999966621399,42000
