Open,High,Low,Close,Adj Close,Volume
2.9700000286102295,3.059999942779541,2.9539999961853027,3.0,3.0,238300
2.990000009536743,3.0199999809265137,2.869999885559082,2.990000009536743,2.990000009536743,369500
3.0,3.0,2.6700000762939453,2.690000057220459,2.690000057220459,241800
2.7300000190734863,2.930000066757202,2.7079999446868896,2.890000104904175,2.890000104904175,229400
2.890000104904175,2.9000000953674316,2.75,2.869999885559082,2.869999885559082,275300
2.759999990463257,2.9700000286102295,2.759999990463257,2.8399999141693115,2.8399999141693115,358800
3.0199999809265137,3.0799999237060547,2.8499999046325684,2.930000066757202,2.930000066757202,683400
2.890000104904175,3.0999999046325684,2.75,3.0999999046325684,3.0999999046325684,809300
3.140000104904175,4.0,3.140000104904175,4.0,4.0,1532400
