Open,High,Low,Close,Adj Close,Volume
5.019999980926514,5.019999980926514,4.78000020980835,4.940000057220459,4.940000057220459,1494200
4.909999847412109,5.019999980926514,4.809000015258789,4.889999866485596,4.889999866485596,1024800
4.900000095367432,5.010000228881836,4.804999828338623,4.949999809265137,4.949999809265137,1738100
4.880000114440918,4.880000114440918,4.199999809265137,4.269999980926514,4.269999980926514,4229700
4.340000152587891,4.519999980926514,4.130000114440918,4.164999961853027,4.164999961853027,2337700
4.170000076293945,4.195000171661377,4.019999980926514,4.130000114440918,4.130000114440918,1607800
4.059999942779541,4.409999847412109,4.019999980926514,4.28000020980835,4.28000020980835,2673400
4.349999904632568,4.460000038146973,3.940000057220459,4.159999847412109,4.159999847412109,10205200
3.369999885559082,3.4700000286102295,3.049999952316284,3.0899999141693115,3.0899999141693115,44477300
