Open,High,Low,Close,Adj Close,Volume
0.046300001442432404,0.04659999907016754,0.046300001442432404,0.04659999907016754,0.04659999907016754,15000
0.04579000174999237,0.04579000174999237,0.04270000010728836,0.04270000010728836,0.04270000010728836,25700
0.04270000010728836,0.04270000010728836,0.04270000010728836,0.04270000010728836,0.04270000010728836,0
0.04763999953866005,0.04763999953866005,0.04763999953866005,0.04763999953866005,0.04763999953866005,500
0.0494999997317791,0.0494999997317791,0.0494999997317791,0.0494999997317791,0.0494999997317791,13000
0.0494999997317791,0.0494999997317791,0.0494999997317791,0.0494999997317791,0.0494999997317791,0
0.046799998730421066,0.046799998730421066,0.046799998730421066,0.046799998730421066,0.046799998730421066,100
0.044599998742341995,0.06499999761581421,0.044599998742341995,0.05649999901652336,0.05649999901652336,183050
