Open,High,Low,Close,Adj Close,Volume
0.32499998807907104,0.32499998807907104,0.3019999861717224,0.3070000112056732,0.3070000112056732,49800
0.31200000643730164,0.31200000643730164,0.3059999942779541,0.3059999942779541,0.3059999942779541,45200
0.3059999942779541,0.3149999976158142,0.3059999942779541,0.3149999976158142,0.3149999976158142,21900
0.3149999976158142,0.33399999141693115,0.3100000023841858,0.3100000023841858,0.3100000023841858,52100
0.3100000023841858,0.3100000023841858,0.3100000023841858,0.3100000023841858,0.3100000023841858,0
0.32499998807907104,0.32499998807907104,0.3190000057220459,0.3230000138282776,0.3230000138282776,11100
0.3230000138282776,0.3230000138282776,0.3179999887943268,0.3179999887943268,0.3179999887943268,800
0.33500000834465027,0.33500000834465027,0.33500000834465027,0.33500000834465027,0.33500000834465027,900
0.16500000655651093,0.17299999296665192,0.11100000143051147,0.11500000208616257,0.11500000208616257,181200
