Open,High,Low,Close,Adj Close,Volume
0.5099999904632568,0.550000011920929,0.47999998927116394,0.5199999809265137,0.5199999809265137,231700
0.550000011920929,0.550000011920929,0.49000000953674316,0.5299999713897705,0.5299999713897705,148200
0.5099999904632568,0.5199999809265137,0.5,0.5099999904632568,0.5099999904632568,26000
0.5099999904632568,0.5199999809265137,0.49000000953674316,0.5099999904632568,0.5099999904632568,59000
0.5199999809265137,0.5199999809265137,0.49000000953674316,0.5099999904632568,0.5099999904632568,132400
0.5199999809265137,0.5199999809265137,0.49000000953674316,0.5,0.5,144300
0.5,0.5400000214576721,0.5,0.5199999809265137,0.5199999809265137,231700
0.5199999809265137,0.5400000214576721,0.5199999809265137,0.5299999713897705,0.5299999713897705,72600
0.5299999713897705,0.5299999713897705,0.25999999046325684,0.3199999928474426,0.3199999928474426,2129600
