Open,High,Low,Close,Adj Close,Volume
0.016459999606013298,0.016459999606013298,0.016459999606013298,0.016459999606013298,0.016459999606013298,0
0.016459999606013298,0.016459999606013298,0.016459999606013298,0.016459999606013298,0.016459999606013298,0
0.01759999990463257,0.01759999990463257,0.01759999990463257,0.01759999990463257,0.01759999990463257,2500
0.01759999990463257,0.01759999990463257,0.01759999990463257,0.01759999990463257,0.01759999990463257,0
0.01860000006854534,0.01860000006854534,0.01860000006854534,0.01860000006854534,0.01860000006854534,10000
0.01860000006854534,0.01860000006854534,0.01860000006854534,0.01860000006854534,0.01860000006854534,0
0.01860000006854534,0.01860000006854534,0.01860000006854534,0.01860000006854534,0.01860000006854534,0
0.019899999722838402,0.019899999722838402,0.019899999722838402,0.019899999722838402,0.019899999722838402,6040
0.019899999722838402,0.019899999722838402,0.014999999664723873,0.014999999664723873,0.014999999664723873,368920
