Open,High,Low,Close,Adj Close,Volume
5.599999904632568,5.75,4.775000095367432,4.849999904632568,4.849999904632568,4588
4.75,5.224999904632568,4.75,4.75,4.75,2032
4.875,5.375,4.775000095367432,4.775000095367432,4.775000095367432,908
4.75,11.75,4.75,5.625,5.625,414716
5.625,5.75,4.625,5.25,5.25,42004
5.275000095367432,5.525000095367432,4.800000190734863,5.074999809265137,5.074999809265137,14944
5.025000095367432,5.375,4.625,4.900000095367432,4.900000095367432,12392
5.175000190734863,5.175000190734863,4.699999809265137,4.800000190734863,4.800000190734863,6436
4.800000190734863,5.0,3.7750000953674316,3.875,3.875,44708
