Open,High,Low,Close,Adj Close,Volume
0.11999999731779099,0.11999999731779099,0.10000000149011612,0.10485000163316727,0.10485000163316727,17274
0.10999999940395355,0.10999999940395355,0.10029999911785126,0.10029999911785126,0.10029999911785126,12100
0.10029999911785126,0.11969999969005585,0.08064000308513641,0.08064000308513641,0.08064000308513641,12450
0.09000000357627869,0.09000000357627869,0.09000000357627869,0.09000000357627869,0.09000000357627869,32650
0.11699999868869781,0.11699999868869781,0.07999999821186066,0.08500000089406967,0.08500000089406967,22274
0.10000000149011612,0.10000000149011612,0.08500000089406967,0.10000000149011612,0.10000000149011612,46300
0.07999999821186066,0.10999999940395355,0.07999999821186066,0.10999999940395355,0.10999999940395355,5716
0.0843999981880188,0.1523600071668625,0.07980000227689743,0.12960000336170197,0.12960000336170197,177939
0.10000000149011612,0.10000000149011612,0.10000000149011612,0.10000000149011612,0.10000000149011612,2069
