Open,High,Low,Close,Adj Close,Volume
0.2531000077724457,0.2531000077724457,0.2531000077724457,0.2531000077724457,0.2531000077724457,3654
0.5600000023841858,0.5600000023841858,0.5600000023841858,0.5600000023841858,0.5600000023841858,43554
0.6600000262260437,0.6829010248184204,0.6600000262260437,0.6829010248184204,0.6829010248184204,71537
