Open,High,Low,Close,Adj Close,Volume
0.09359999746084213,0.09359999746084213,0.09359999746084213,0.09359999746084213,0.09359999746084213,0
0.09009999781847,0.09009999781847,0.09009999781847,0.09009999781847,0.09009999781847,50000
0.09009999781847,0.09009999781847,0.09009999781847,0.09009999781847,0.09009999781847,0
0.09009999781847,0.09009999781847,0.09009999781847,0.09009999781847,0.09009999781847,0
0.09769999980926514,0.09769999980926514,0.09769999980926514,0.09769999980926514,0.09769999980926514,2000
0.09769999980926514,0.09769999980926514,0.09769999980926514,0.09769999980926514,0.09769999980926514,0
0.09799999743700027,0.09799999743700027,0.09799999743700027,0.09799999743700027,0.09799999743700027,1500
0.09799999743700027,0.09799999743700027,0.09799999743700027,0.09799999743700027,0.09799999743700027,0
0.11999999731779099,0.11999999731779099,0.11999999731779099,0.11999999731779099,0.11999999731779099,100000
