Open,High,Low,Close,Adj Close,Volume
1.8899999856948853,2.1500000953674316,1.8300000429153442,1.9700000286102295,1.9700000286102295,303800
2.0299999713897705,2.0899999141693115,1.847000002861023,1.850000023841858,1.850000023841858,191400
1.850000023841858,1.9500000476837158,1.75,1.7799999713897705,1.7799999713897705,221600
1.7599999904632568,1.8600000143051147,1.718000054359436,1.8029999732971191,1.8029999732971191,156600
1.8300000429153442,1.940000057220459,1.7799999713897705,1.8300000429153442,1.8300000429153442,92800
1.850000023841858,2.069999933242798,1.7999999523162842,2.0,2.0,258500
2.009999990463257,2.140000104904175,1.9500000476837158,1.9500000476837158,1.9500000476837158,234400
1.9900000095367432,2.390000104904175,1.909999966621399,2.2300000190734863,2.2300000190734863,402200
