Open,High,Low,Close,Adj Close,Volume
0.020549999549984932,0.020549999549984932,0.020549999549984932,0.020549999549984932,0.020549999549984932,0
0.020549999549984932,0.020549999549984932,0.020549999549984932,0.020549999549984932,0.020549999549984932,0
0.022600000724196434,0.023099999874830246,0.022600000724196434,0.023099999874830246,0.023099999874830246,60000
0.023099999874830246,0.023099999874830246,0.023099999874830246,0.023099999874830246,0.023099999874830246,0
0.023499999195337296,0.023499999195337296,0.023499999195337296,0.023499999195337296,0.023499999195337296,35000
0.023499999195337296,0.023499999195337296,0.023499999195337296,0.023499999195337296,0.023499999195337296,0
0.023499999195337296,0.023499999195337296,0.023499999195337296,0.023499999195337296,0.023499999195337296,0
0.023600000888109207,0.023600000888109207,0.023600000888109207,0.023600000888109207,0.023600000888109207,1200
0.018769999966025352,0.018799999728798866,0.018769999966025352,0.018799999728798866,0.018799999728798866,5102
