Open,High,Low,Close,Adj Close,Volume
0.019999999552965164,0.020749999210238457,0.019999999552965164,0.020749999210238457,0.020749999210238457,5150
0.019999999552965164,0.019999999552965164,0.017999999225139618,0.017999999225139618,0.017999999225139618,177998
0.01899999938905239,0.019999999552965164,0.017999999225139618,0.017999999225139618,0.017999999225139618,160921
0.017999999225139618,0.017999999225139618,0.017999999225139618,0.017999999225139618,0.017999999225139618,0
0.020999999716877937,0.020999999716877937,0.014999999664723873,0.014999999664723873,0.014999999664723873,65000
0.018300000578165054,0.01924999989569187,0.018300000578165054,0.01924999989569187,0.01924999989569187,10600
0.01924999989569187,0.01924999989569187,0.01924999989569187,0.01924999989569187,0.01924999989569187,0
0.01850000023841858,0.020800000056624413,0.01850000023841858,0.020800000056624413,0.020800000056624413,356500
0.017999999225139618,0.017999999225139618,0.014999999664723873,0.014999999664723873,0.014999999664723873,5000
