Open,High,Low,Close,Adj Close,Volume
1.1299999952316284,1.1299999952316284,1.0199999809265137,1.0499999523162842,1.0499999523162842,12500
1.0499999523162842,1.0499999523162842,1.0499999523162842,1.0499999523162842,1.0499999523162842,6900
1.0499999523162842,1.090000033378601,1.0099999904632568,1.0199999809265137,1.0199999809265137,21500
1.0099999904632568,1.059999942779541,1.0099999904632568,1.034999966621399,1.034999966621399,11400
1.0,1.3600000143051147,1.0,1.2000000476837158,1.2000000476837158,55600
1.1699999570846558,1.649999976158142,1.1699999570846558,1.590000033378601,1.590000033378601,108600
1.7000000476837158,2.0899999141693115,1.5410000085830688,1.909999966621399,1.909999966621399,209600
1.909999966621399,2.2799999713897705,1.809999942779541,2.049999952316284,2.049999952316284,138900
2.0,2.0,1.315999984741211,1.5399999618530273,1.5399999618530273,279300
