Open,High,Low,Close,Adj Close,Volume
0.17100000381469727,0.18000000715255737,0.1599999964237213,0.1679999977350235,0.1679999977350235,392500
0.17399999499320984,0.17399999499320984,0.1599999964237213,0.1599999964237213,0.1599999964237213,567900
0.1599999964237213,0.16899999976158142,0.1599999964237213,0.16899999976158142,0.16899999976158142,289400
0.16200000047683716,0.17100000381469727,0.1599999964237213,0.17100000381469727,0.17100000381469727,168200
0.1720000058412552,0.18400000035762787,0.1679999977350235,0.17499999701976776,0.17499999701976776,219900
0.17900000512599945,0.17900000512599945,0.16200000047683716,0.16699999570846558,0.16699999570846558,254200
0.1599999964237213,0.17499999701976776,0.15700000524520874,0.1679999977350235,0.1679999977350235,307000
0.17000000178813934,0.17000000178813934,0.1589999943971634,0.16500000655651093,0.16500000655651093,227900
0.1679999977350235,0.1770000010728836,0.12999999523162842,0.12999999523162842,0.12999999523162842,857300
