Open,High,Low,Close,Adj Close,Volume
0.00800000037997961,0.00800000037997961,0.007000000216066837,0.007000000216066837,0.007000000216066837,7439
0.007000000216066837,0.010999999940395355,0.007000000216066837,0.010999999940395355,0.010999999940395355,20481
0.00019999999494757503,0.007000000216066837,0.00019999999494757503,0.007000000216066837,0.007000000216066837,1675
0.00019999999494757503,0.009999999776482582,0.00019999999494757503,0.009999999776482582,0.009999999776482582,4689
0.009999999776482582,0.009999999776482582,0.009999999776482582,0.009999999776482582,0.009999999776482582,104244
0.009499999694526196,0.009999999776482582,0.004000000189989805,0.009999999776482582,0.009999999776482582,40993
0.009999999776482582,0.009999999776482582,0.004000000189989805,0.004999999888241291,0.004999999888241291,36208
0.005100000184029341,0.019999999552965164,0.005100000184029341,0.019999999552965164,0.019999999552965164,2765
0.01899999938905239,0.01899999938905239,0.004000000189989805,0.009999999776482582,0.009999999776482582,169258
