Open,High,Low,Close,Adj Close,Volume
0.019999999552965164,0.02500000037252903,0.019999999552965164,0.02500000037252903,0.02500000037252903,127200
0.020999999716877937,0.020999999716877937,0.01899999938905239,0.01899999938905239,0.01899999938905239,8200
0.019999999552965164,0.026000000536441803,0.019999999552965164,0.026000000536441803,0.026000000536441803,29300
0.02199999988079071,0.02199999988079071,0.017999999225139618,0.019999999552965164,0.019999999552965164,254000
0.020999999716877937,0.028999999165534973,0.020999999716877937,0.026000000536441803,0.026000000536441803,198600
0.023000000044703484,0.023000000044703484,0.023000000044703484,0.023000000044703484,0.023000000044703484,3000
0.02199999988079071,0.02800000086426735,0.02199999988079071,0.02800000086426735,0.02800000086426735,47100
0.032999999821186066,0.032999999821186066,0.024000000208616257,0.02800000086426735,0.02800000086426735,37100
0.029999999329447746,0.029999999329447746,0.02199999988079071,0.02199999988079071,0.02199999988079071,22700
