Open,High,Low,Close,Adj Close,Volume
0.03400000184774399,0.03400000184774399,0.03400000184774399,0.03400000184774399,0.03400000184774399,13282
0.03400000184774399,0.03400000184774399,0.03400000184774399,0.03400000184774399,0.03400000184774399,0
0.03400000184774399,0.03400000184774399,0.03400000184774399,0.03400000184774399,0.03400000184774399,0
0.03400000184774399,0.03400000184774399,0.03400000184774399,0.03400000184774399,0.03400000184774399,0
0.03819999843835831,0.03840000182390213,0.03819999843835831,0.03840000182390213,0.03840000182390213,1034
0.03840000182390213,0.03840000182390213,0.03840000182390213,0.03840000182390213,0.03840000182390213,0
0.05739999935030937,0.05739999935030937,0.037700001150369644,0.037700001150369644,0.037700001150369644,29367
0.03970000147819519,0.06480000168085098,0.03970000147819519,0.0551999993622303,0.0551999993622303,157805
0.04797999933362007,0.04820000007748604,0.04100000113248825,0.04349999874830246,0.04349999874830246,346342
