Open,High,Low,Close,Adj Close,Volume
0.054999999701976776,0.054999999701976776,0.054999999701976776,0.054999999701976776,0.054999999701976776,0
0.054999999701976776,0.054999999701976776,0.054999999701976776,0.054999999701976776,0.054999999701976776,0
0.057999998331069946,0.05999999865889549,0.0560000017285347,0.0560000017285347,0.0560000017285347,2801
0.0560000017285347,0.0560000017285347,0.0560000017285347,0.0560000017285347,0.0560000017285347,0
0.0560000017285347,0.0560000017285347,0.052000001072883606,0.052000001072883606,0.052000001072883606,2000
0.05355999991297722,0.06499999761581421,0.05355999991297722,0.06499999761581421,0.06499999761581421,27500
0.06499999761581421,0.06499999761581421,0.06499999761581421,0.06499999761581421,0.06499999761581421,0
0.06300000101327896,0.06300000101327896,0.06300000101327896,0.06300000101327896,0.06300000101327896,100
0.06300000101327896,0.06300000101327896,0.04989999905228615,0.04989999905228615,0.04989999905228615,165100
