Open,High,Low,Close,Adj Close,Volume
0.04500000178813934,0.05000000074505806,0.04500000178813934,0.05000000074505806,0.05000000074505806,22300
0.05000000074505806,0.05000000074505806,0.05000000074505806,0.05000000074505806,0.05000000074505806,0
0.052000001072883606,0.052000001072883606,0.052000001072883606,0.052000001072883606,0.052000001072883606,30000
0.052000001072883606,0.052000001072883606,0.052000001072883606,0.052000001072883606,0.052000001072883606,0
0.052000001072883606,0.052000001072883606,0.052000001072883606,0.052000001072883606,0.052000001072883606,0
0.052000001072883606,0.052000001072883606,0.052000001072883606,0.052000001072883606,0.052000001072883606,0
0.052000001072883606,0.052000001072883606,0.052000001072883606,0.052000001072883606,0.052000001072883606,0
0.07400000095367432,0.07400000095367432,0.07400000095367432,0.07400000095367432,0.07400000095367432,300
0.07400000095367432,0.07400000095367432,0.07400000095367432,0.07400000095367432,0.07400000095367432,0
0.07400000095367432,0.07400000095367432,0.04600000008940697,0.04600000008940697,0.04600000008940697,1600
