Open,High,Low,Close,Adj Close,Volume
0.050450000911951065,0.06499999761581421,0.03700000047683716,0.04899999871850014,0.04899999871850014,31411
0.04899999871850014,0.05649999901652336,0.04899999871850014,0.04899999871850014,0.04899999871850014,12129
0.04899999871850014,0.04899999871850014,0.035999998450279236,0.03999999910593033,0.03999999910593033,35485
0.03999999910593033,0.06400000303983688,0.03999999910593033,0.03999999910593033,0.03999999910593033,41308
0.03999999910593033,0.04625000059604645,0.03590000048279762,0.03590000048279762,0.03590000048279762,51609
0.03799999877810478,0.04019999876618385,0.03790000081062317,0.04019999876618385,0.04019999876618385,20721
0.04019999876618385,0.050450000911951065,0.03590000048279762,0.0377499982714653,0.0377499982714653,5726
0.03590000048279762,0.03999999910593033,0.02810000069439411,0.03400000184774399,0.03400000184774399,145148
0.026000000536441803,0.05999999865889549,0.011649999767541885,0.011649999767541885,0.011649999767541885,87799
