Open,High,Low,Close,Adj Close,Volume
1.850000023841858,1.9199999570846558,1.690000057220459,1.75,1.75,3106800
1.7799999713897705,1.8899999856948853,1.725000023841858,1.8899999856948853,1.8899999856948853,4278800
1.7599999904632568,2.078000068664551,1.75,1.9500000476837158,1.9500000476837158,4365900
1.9600000381469727,2.069999933242798,1.9299999475479126,1.9900000095367432,1.9900000095367432,2986600
2.109999895095825,2.180000066757202,1.8200000524520874,1.840000033378601,1.840000033378601,6239100
1.9199999570846558,1.9700000286102295,1.7699999809265137,1.840000033378601,1.840000033378601,3486800
1.840000033378601,1.906999945640564,1.7970000505447388,1.850000023841858,1.850000023841858,3405200
1.8600000143051147,1.8700000047683716,1.7799999713897705,1.7999999523162842,1.7999999523162842,2200100
1.8700000047683716,2.490000009536743,1.850000023841858,2.359999895095825,2.359999895095825,26296100
