Open,High,Low,Close,Adj Close,Volume
0.0010000000474974513,0.0010000000474974513,0.0010000000474974513,0.0010000000474974513,0.0010000000474974513,100
0.004999999888241291,0.009999999776482582,0.00139999995008111,0.00139999995008111,0.00139999995008111,4000
0.0003000000142492354,0.009999999776482582,0.0003000000142492354,0.009999999776482582,0.009999999776482582,20001
0.0020000000949949026,0.0020000000949949026,0.0007999999797903001,0.0007999999797903001,0.0007999999797903001,2700
0.0007999999797903001,0.0007999999797903001,0.0007999999797903001,0.0007999999797903001,0.0007999999797903001,2600
0.0007999999797903001,0.0007999999797903001,0.0007999999797903001,0.0007999999797903001,0.0007999999797903001,5000
0.0008999999845400453,0.0008999999845400453,0.0008999999845400453,0.0008999999845400453,0.0008999999845400453,450
0.0010000000474974513,0.004999999888241291,0.0010000000474974513,0.004999999888241291,0.004999999888241291,118920
0.0020000000949949026,0.009999999776482582,0.0020000000949949026,0.009999999776482582,0.009999999776482582,17151
