Open,High,Low,Close,Adj Close,Volume
1.9900000095367432,2.240000009536743,1.9900000095367432,2.0999999046325684,2.0999999046325684,3280300
2.0799999237060547,2.180000066757202,2.015000104904175,2.130000114440918,2.130000114440918,1991700
2.190000057220459,2.265000104904175,2.119999885559082,2.200000047683716,2.200000047683716,1708900
2.190000057220459,2.299999952316284,2.190000057220459,2.2799999713897705,2.2799999713897705,1292500
2.4700000286102295,2.546999931335449,2.190000057220459,2.2100000381469727,2.2100000381469727,3211600
2.2300000190734863,2.309999942779541,2.0999999046325684,2.240000009536743,2.240000009536743,1697600
2.259999990463257,2.4549999237060547,2.2100000381469727,2.4000000953674316,2.4000000953674316,1419300
2.390000104904175,2.450000047683716,2.309999942779541,2.430000066757202,2.430000066757202,743300
2.4700000286102295,2.75,2.450000047683716,2.7100000381469727,2.7100000381469727,1524200
