Open,High,Low,Close,Adj Close,Volume
0.04699999839067459,0.04699999839067459,0.03700000047683716,0.039000000804662704,0.039000000804662704,943000
0.041999999433755875,0.04399999976158142,0.03999999910593033,0.041999999433755875,0.041999999433755875,327700
0.04399999976158142,0.054999999701976776,0.04100000113248825,0.04899999871850014,0.04899999871850014,660900
0.052000001072883606,0.054999999701976776,0.052000001072883606,0.05299999937415123,0.05299999937415123,291900
0.05299999937415123,0.054999999701976776,0.04899999871850014,0.050999999046325684,0.050999999046325684,352400
0.050999999046325684,0.052000001072883606,0.050999999046325684,0.052000001072883606,0.052000001072883606,2000
0.05000000074505806,0.07000000029802322,0.05000000074505806,0.06199999898672104,0.06199999898672104,1771100
0.06700000166893005,0.10899999737739563,0.06300000101327896,0.10400000214576721,0.10400000214576721,4793900
0.10599999874830246,0.1120000034570694,0.07000000029802322,0.07999999821186066,0.07999999821186066,2184100
