Open,High,Low,Close,Adj Close,Volume
0.11999999731779099,0.11999999731779099,0.10999999940395355,0.11949999630451202,0.11949999630451202,13800
0.11949999630451202,0.11949999630451202,0.11900000274181366,0.11900000274181366,0.11900000274181366,8200
0.11599999666213989,0.11599999666213989,0.050999999046325684,0.05999999865889549,0.05999999865889549,121800
0.10999999940395355,0.12999999523162842,0.10999999940395355,0.12300000339746475,0.12300000339746475,166900
0.12999999523162842,0.14000000059604645,0.12999999523162842,0.14000000059604645,0.14000000059604645,17400
0.12999999523162842,0.12999999523162842,0.12999999523162842,0.12999999523162842,0.12999999523162842,3000
0.09000000357627869,0.09000000357627869,0.09000000357627869,0.09000000357627869,0.09000000357627869,5000
0.11949999630451202,0.1598999947309494,0.07569999992847443,0.1598999947309494,0.1598999947309494,172700
