Open,High,Low,Close,Adj Close,Volume
0.18000000715255737,0.20000000298023224,0.17000000178813934,0.1850000023841858,0.1850000023841858,268100
0.19900000095367432,0.19900000095367432,0.1860000044107437,0.19900000095367432,0.19900000095367432,405300
0.20999999344348907,0.25699999928474426,0.20999999344348907,0.24500000476837158,0.24500000476837158,481900
0.23999999463558197,0.25,0.2199999988079071,0.2329999953508377,0.2329999953508377,383200
0.2199999988079071,0.2290000021457672,0.2199999988079071,0.2240000069141388,0.2240000069141388,96600
0.2529999911785126,0.30000001192092896,0.2409999966621399,0.2800000011920929,0.2800000011920929,562300
0.3100000023841858,0.3409999907016754,0.3100000023841858,0.33000001311302185,0.33000001311302185,426500
0.36000001430511475,0.36000001430511475,0.28299999237060547,0.30000001192092896,0.30000001192092896,719100
0.25200000405311584,0.25200000405311584,0.19099999964237213,0.21199999749660492,0.21199999749660492,952300
