Open,High,Low,Close,Adj Close,Volume
0.08799999952316284,0.10000000149011612,0.08799999952316284,0.09000000357627869,0.09000000357627869,38900
0.10000000149011612,0.10000000149011612,0.08799999952316284,0.09000000357627869,0.09000000357627869,25400
0.09000000357627869,0.10000000149011612,0.07199999690055847,0.09399999678134918,0.09399999678134918,48900
0.08299999684095383,0.10000000149011612,0.07199999690055847,0.0949999988079071,0.0949999988079071,88900
0.09000000357627869,0.10000000149011612,0.09000000357627869,0.09099999815225601,0.09099999815225601,73400
0.10000000149011612,0.10000000149011612,0.09000000357627869,0.09700000286102295,0.09700000286102295,33700
0.10000000149011612,0.10499999672174454,0.08100000023841858,0.08100000023841858,0.08100000023841858,92900
0.08100000023841858,0.10000000149011612,0.08100000023841858,0.10000000149011612,0.10000000149011612,13900
0.10000000149011612,0.10000000149011612,0.06599999964237213,0.07900000363588333,0.07900000363588333,92100
