Open,High,Low,Close,Adj Close,Volume
0.02199999988079071,0.02199999988079071,0.02199999988079071,0.02199999988079071,0.02199999988079071,0
0.02199999988079071,0.02199999988079071,0.02199999988079071,0.02199999988079071,0.02199999988079071,0
0.02199999988079071,0.02199999988079071,0.02199999988079071,0.02199999988079071,0.02199999988079071,0
0.02199999988079071,0.02199999988079071,0.02199999988079071,0.02199999988079071,0.02199999988079071,0
0.022749999538064003,0.022749999538064003,0.022749999538064003,0.022749999538064003,0.022749999538064003,2150
0.022749999538064003,0.022749999538064003,0.022749999538064003,0.022749999538064003,0.022749999538064003,0
0.022749999538064003,0.022749999538064003,0.022749999538064003,0.022749999538064003,0.022749999538064003,0
0.022749999538064003,0.022749999538064003,0.022749999538064003,0.022749999538064003,0.022749999538064003,0
0.01360000018030405,0.01360000018030405,0.01360000018030405,0.01360000018030405,0.01360000018030405,100
