Open,High,Low,Close,Adj Close,Volume
0.0551999993622303,0.0551999993622303,0.0551999993622303,0.0551999993622303,0.0551999993622303,10600
0.04769999906420708,0.05730000138282776,0.04769999906420708,0.05730000138282776,0.05730000138282776,64910
0.05490000173449516,0.05490000173449516,0.05490000173449516,0.05490000173449516,0.05490000173449516,27707
0.05490000173449516,0.05490000173449516,0.05490000173449516,0.05490000173449516,0.05490000173449516,0
0.0722000002861023,0.0722000002861023,0.057679999619722366,0.057679999619722366,0.057679999619722366,510
0.057679999619722366,0.057679999619722366,0.057679999619722366,0.057679999619722366,0.057679999619722366,0
0.06800000369548798,0.06800000369548798,0.06436999887228012,0.06436999887228012,0.06436999887228012,2600
0.0722000002861023,0.0722000002861023,0.0722000002861023,0.0722000002861023,0.0722000002861023,4000
0.09880000352859497,0.09880000352859497,0.07840000092983246,0.08799999952316284,0.08799999952316284,8112
