Open,High,Low,Close,Adj Close,Volume
0.3400000035762787,0.4000000059604645,0.3400000035762787,0.4000000059604645,0.4000000059604645,119455
0.40389999747276306,0.41999998688697815,0.36660000681877136,0.41999998688697815,0.41999998688697815,41335
0.41999998688697815,0.41999998688697815,0.41999998688697815,0.41999998688697815,0.41999998688697815,0
0.41999998688697815,0.41999998688697815,0.41999998688697815,0.41999998688697815,0.41999998688697815,0
0.36500000953674316,0.39500001072883606,0.36500000953674316,0.38999998569488525,0.38999998569488525,7632
0.39500001072883606,0.4025999903678894,0.39500001072883606,0.4025999903678894,0.4025999903678894,13050
0.4050000011920929,0.4099999964237213,0.4050000011920929,0.4099999964237213,0.4099999964237213,6033
0.4099999964237213,0.41999998688697815,0.4099999964237213,0.41999998688697815,0.41999998688697815,5000
0.4449999928474426,0.4449999928474426,0.4375,0.4449999928474426,0.4449999928474426,16400
