Open,High,Low,Close,Adj Close,Volume
0.013299999758601189,0.013299999758601189,0.013299999758601189,0.013299999758601189,0.013299999758601189,0
0.017999999225139618,0.021400000900030136,0.01600000075995922,0.021400000900030136,0.021400000900030136,6400
0.017500000074505806,0.017500000074505806,0.013700000010430813,0.013700000010430813,0.013700000010430813,34000
0.013700000010430813,0.013700000010430813,0.013700000010430813,0.013700000010430813,0.013700000010430813,0
0.015650000423192978,0.015650000423192978,0.015650000423192978,0.015650000423192978,0.015650000423192978,1000
0.015650000423192978,0.015650000423192978,0.015650000423192978,0.015650000423192978,0.015650000423192978,0
0.01600000075995922,0.01600000075995922,0.01600000075995922,0.01600000075995922,0.01600000075995922,5000
0.01600000075995922,0.01600000075995922,0.01600000075995922,0.01600000075995922,0.01600000075995922,0
0.011900000274181366,0.011900000274181366,0.011900000274181366,0.011900000274181366,0.011900000274181366,1000
