Open,High,Low,Close,Adj Close,Volume
0.17000000178813934,0.17000000178813934,0.15000000596046448,0.15399999916553497,0.15399999916553497,930100
0.1509999930858612,0.2150000035762787,0.1509999930858612,0.1679999977350235,0.1679999977350235,4789800
0.16500000655651093,0.1679999977350235,0.14900000393390656,0.1599999964237213,0.1599999964237213,1332800
0.1589999943971634,0.1589999943971634,0.1509999930858612,0.15399999916553497,0.15399999916553497,498100
0.15399999916553497,0.15399999916553497,0.1420000046491623,0.14499999582767487,0.14499999582767487,494800
0.1469999998807907,0.15399999916553497,0.14300000667572021,0.14499999582767487,0.14499999582767487,422500
0.14900000393390656,0.1550000011920929,0.14300000667572021,0.1469999998807907,0.1469999998807907,282900
0.14800000190734863,0.19499999284744263,0.1459999978542328,0.1899999976158142,0.1899999976158142,17331700
0.16899999976158142,0.17100000381469727,0.13300000131130219,0.1379999965429306,0.1379999965429306,4728700
