Open,High,Low,Close,Adj Close,Volume
6.800000190734863,7.0,6.25,6.559999942779541,6.559999942779541,221500
6.670000076293945,7.090000152587891,6.659999847412109,6.929999828338623,6.929999828338623,153200
7.0,7.349999904632568,6.980000019073486,7.070000171661377,7.070000171661377,162300
7.039999961853027,7.059999942779541,6.329999923706055,6.480000019073486,6.480000019073486,229500
6.619999885559082,6.679999828338623,6.309999942779541,6.510000228881836,6.510000228881836,93400
6.440000057220459,6.455999851226807,6.0,6.349999904632568,6.349999904632568,258600
6.460000038146973,6.789999961853027,6.349999904632568,6.480000019073486,6.480000019073486,127800
6.650000095367432,7.46999979019165,6.629000186920166,7.21999979019165,7.21999979019165,388600
