Open,High,Low,Close,Adj Close,Volume
0.12999999523162842,0.12999999523162842,0.12999999523162842,0.12999999523162842,0.12999999523162842,0
0.12999999523162842,0.12999999523162842,0.12999999523162842,0.12999999523162842,0.12999999523162842,0
0.12999999523162842,0.12999999523162842,0.12999999523162842,0.12999999523162842,0.12999999523162842,0
0.08100000023841858,0.08100000023841858,0.07999999821186066,0.07999999821186066,0.07999999821186066,489000
0.10999999940395355,0.10999999940395355,0.07999999821186066,0.07999999821186066,0.07999999821186066,547650
0.07999999821186066,0.07999999821186066,0.07999999821186066,0.07999999821186066,0.07999999821186066,0
0.07999999821186066,0.07999999821186066,0.07999999821186066,0.07999999821186066,0.07999999821186066,0
0.07999999821186066,0.07999999821186066,0.07999999821186066,0.07999999821186066,0.07999999821186066,0
0.013899999670684338,0.05000000074505806,0.013899999670684338,0.05000000074505806,0.05000000074505806,53160
