Open,High,Low,Close,Adj Close,Volume
0.07699999958276749,0.07999999821186066,0.06700000166893005,0.07900000363588333,0.07900000363588333,73000
0.07000000029802322,0.07999999821186066,0.07000000029802322,0.07699999958276749,0.07699999958276749,30500
0.07999999821186066,0.07999999821186066,0.07000000029802322,0.07000000029802322,0.07000000029802322,31200
0.07999999821186066,0.07999999821186066,0.07400000095367432,0.07699999958276749,0.07699999958276749,32100
0.07999999821186066,0.07999999821186066,0.07000000029802322,0.07400000095367432,0.07400000095367432,69600
0.07400000095367432,0.08799999952316284,0.07199999690055847,0.07999999821186066,0.07999999821186066,67000
0.07999999821186066,0.0860000029206276,0.07000000029802322,0.07999999821186066,0.07999999821186066,59600
0.08299999684095383,0.08299999684095383,0.07199999690055847,0.07199999690055847,0.07199999690055847,15600
0.07199999690055847,0.07199999690055847,0.008999999612569809,0.017999999225139618,0.017999999225139618,6012600
