Open,High,Low,Close,Adj Close,Volume
0.7300000190734863,0.7300000190734863,0.6700000166893005,0.6700000166893005,0.6700000166893005,13600
0.6800000071525574,0.7289999723434448,0.6700000166893005,0.6729999780654907,0.6729999780654907,26200
0.699999988079071,0.699999988079071,0.6110000014305115,0.6110000014305115,0.6110000014305115,17900
0.6010000109672546,0.6499999761581421,0.550000011920929,0.6449999809265137,0.6449999809265137,49900
0.6539999842643738,0.6800000071525574,0.6299999952316284,0.6499999761581421,0.6499999761581421,2900
0.6000000238418579,0.6700000166893005,0.6000000238418579,0.6700000166893005,0.6700000166893005,23300
0.6380000114440918,0.6899999976158142,0.6119999885559082,0.6800000071525574,0.6800000071525574,34500
0.6610000133514404,0.6800000071525574,0.6140000224113464,0.6320000290870667,0.6320000290870667,11500
0.6600000262260437,0.6700000166893005,0.5,0.515999972820282,0.515999972820282,61800
