Open,High,Low,Close,Adj Close,Volume
5.519999980926514,5.75,4.829999923706055,5.519999980926514,5.519999980926514,31022
5.289999961853027,5.980000019073486,5.289999961853027,5.75,5.75,28352
5.980000019073486,6.440000057220459,5.75,5.980000019073486,5.980000019073486,25457
5.75,6.210000038146973,5.519999980926514,5.980000019073486,5.980000019073486,10883
5.980000019073486,6.210000038146973,5.519999980926514,5.980000019073486,5.980000019073486,20891
5.980000019073486,6.440000057220459,5.75,5.980000019073486,5.980000019073486,32674
6.210000038146973,6.670000076293945,5.75,5.980000019073486,5.980000019073486,55378
6.210000038146973,6.670000076293945,5.75,6.210000038146973,6.210000038146973,42883
5.059999942779541,5.980000019073486,4.599999904632568,4.829999923706055,4.829999923706055,81117
