Open,High,Low,Close,Adj Close,Volume
0.04600000008940697,0.05000000074505806,0.04100000113248825,0.04899999871850014,0.04899999871850014,173300
0.04600000008940697,0.05000000074505806,0.04500000178813934,0.04500000178813934,0.04500000178813934,86900
0.05000000074505806,0.052000001072883606,0.0430000014603138,0.05000000074505806,0.05000000074505806,557400
0.052000001072883606,0.09000000357627869,0.052000001072883606,0.07000000029802322,0.07000000029802322,466900
0.07400000095367432,0.09399999678134918,0.07100000232458115,0.08500000089406967,0.08500000089406967,399900
0.0989999994635582,0.0989999994635582,0.07500000298023224,0.08299999684095383,0.08299999684095383,454500
0.08500000089406967,0.08500000089406967,0.07699999958276749,0.08299999684095383,0.08299999684095383,171600
0.08500000089406967,0.08500000089406967,0.07000000029802322,0.07000000029802322,0.07000000029802322,208900
0.07500000298023224,0.07500000298023224,0.052000001072883606,0.052000001072883606,0.052000001072883606,306500
