Open,High,Low,Close,Adj Close,Volume
0.3400000035762787,0.38999998569488525,0.3400000035762787,0.3799999952316284,0.3799999952316284,937300
0.4000000059604645,0.44999998807907104,0.4000000059604645,0.4300000071525574,0.4300000071525574,1170100
0.47999998927116394,0.5299999713897705,0.44999998807907104,0.4699999988079071,0.4699999988079071,1179900
0.5,0.5,0.44999998807907104,0.46000000834465027,0.46000000834465027,2285200
0.47999998927116394,0.47999998927116394,0.38999998569488525,0.4000000059604645,0.4000000059604645,3106900
0.4000000059604645,0.4300000071525574,0.4000000059604645,0.4000000059604645,0.4000000059604645,836300
0.4000000059604645,0.41999998688697815,0.3799999952316284,0.41999998688697815,0.41999998688697815,1300600
0.4099999964237213,0.5699999928474426,0.4000000059604645,0.5699999928474426,0.5699999928474426,6728700
