Open,High,Low,Close,Adj Close,Volume
0.08340000361204147,0.08340000361204147,0.07909999787807465,0.07909999787807465,0.07909999787807465,22400
0.07944999635219574,0.07944999635219574,0.07940000295639038,0.07940000295639038,0.07940000295639038,2405
0.07514999806880951,0.08219999819993973,0.07365000247955322,0.07999999821186066,0.07999999821186066,93200
0.08060000091791153,0.08500000089406967,0.08060000091791153,0.08500000089406967,0.08500000089406967,35500
0.08330000191926956,0.08494000136852264,0.0820000022649765,0.08429999649524689,0.08429999649524689,102298
0.07989999651908875,0.07989999651908875,0.07989999651908875,0.07989999651908875,0.07989999651908875,4068
0.07294999808073044,0.07890000194311142,0.06700000166893005,0.06870000064373016,0.06870000064373016,80050
0.07455000281333923,0.07670000195503235,0.07455000281333923,0.07670000195503235,0.07670000195503235,26950
0.06700000166893005,0.08209999650716782,0.04800000041723251,0.05000000074505806,0.05000000074505806,536700
