Open,High,Low,Close,Adj Close,Volume
5.760000228881836,5.960000038146973,4.610000133514404,5.340000152587891,5.340000152587891,59400
4.910999774932861,6.400000095367432,4.119999885559082,6.329999923706055,6.329999923706055,72800
6.389999866485596,6.389999866485596,4.739999771118164,5.050000190734863,5.050000190734863,5600
5.010000228881836,5.960000038146973,4.510000228881836,5.590000152587891,5.590000152587891,6100
5.5,5.949999809265137,4.909999847412109,5.849999904632568,5.849999904632568,6300
5.25,12.380000114440918,4.0,4.900000095367432,4.900000095367432,234300
4.369999885559082,6.019999980926514,3.619999885559082,4.78000020980835,4.78000020980835,95100
4.429999828338623,4.650000095367432,3.799999952316284,4.179999828338623,4.179999828338623,18100
4.050000190734863,4.13700008392334,3.1700000762939453,3.25,3.25,14700
