Open,High,Low,Close,Adj Close,Volume
0.25999999046325684,0.25999999046325684,0.25,0.25,0.25,117000
0.30000001192092896,0.30000001192092896,0.26499998569488525,0.30000001192092896,0.30000001192092896,11435
0.30000001192092896,0.30000001192092896,0.30000001192092896,0.30000001192092896,0.30000001192092896,3500
0.2800000011920929,0.2800000011920929,0.2800000011920929,0.2800000011920929,0.2800000011920929,2675
0.25,0.25,0.25,0.25,0.25,7293
0.25,0.25,0.23000000417232513,0.25,0.25,22000
0.25,0.25,0.25,0.25,0.25,25000
0.2783200144767761,0.2879999876022339,0.2783200144767761,0.2879999876022339,0.2879999876022339,1040
0.21067999303340912,0.2199999988079071,0.20000000298023224,0.20000000298023224,0.20000000298023224,7547
