Open,High,Low,Close,Adj Close,Volume
0.03999999910593033,0.03999999910593033,0.03500000014901161,0.035999998450279236,0.035999998450279236,26700
0.035999998450279236,0.03999999910593033,0.03099999949336052,0.03999999910593033,0.03999999910593033,161400
0.035999998450279236,0.035999998450279236,0.03200000151991844,0.032999999821186066,0.032999999821186066,2000
0.032999999821186066,0.03999999910593033,0.032999999821186066,0.035999998450279236,0.035999998450279236,17700
0.035999998450279236,0.03799999877810478,0.02800000086426735,0.035999998450279236,0.035999998450279236,23400
0.03500000014901161,0.035999998450279236,0.029999999329447746,0.029999999329447746,0.029999999329447746,25600
0.029999999329447746,0.03099999949336052,0.029999999329447746,0.03099999949336052,0.03099999949336052,800
0.035999998450279236,0.03999999910593033,0.035999998450279236,0.03999999910593033,0.03999999910593033,53500
0.03999999910593033,0.03999999910593033,0.02800000086426735,0.03099999949336052,0.03099999949336052,250200
