Open,High,Low,Close,Adj Close,Volume
0.07000000029802322,0.07999999821186066,0.07000000029802322,0.07999999821186066,0.07999999821186066,2000
0.07999999821186066,0.07999999821186066,0.07999999821186066,0.07999999821186066,0.07999999821186066,0
0.07999999821186066,0.07999999821186066,0.07999999821186066,0.07999999821186066,0.07999999821186066,0
0.07999999821186066,0.07999999821186066,0.07999999821186066,0.07999999821186066,0.07999999821186066,0
0.07999999821186066,0.07999999821186066,0.07000000029802322,0.07000000029802322,0.07000000029802322,2000
0.07999999821186066,0.09000000357627869,0.07999999821186066,0.07999999821186066,0.07999999821186066,27500
0.07999999821186066,0.07999999821186066,0.07999999821186066,0.07999999821186066,0.07999999821186066,0
0.07999999821186066,0.09000000357627869,0.07999999821186066,0.09000000357627869,0.09000000357627869,7700
0.07999999821186066,0.07999999821186066,0.07000000029802322,0.07000000029802322,0.07000000029802322,90500
