Open,High,Low,Close,Adj Close,Volume
0.75,0.7699999809265137,0.7099999785423279,0.7300000190734863,0.7300000190734863,141200
2.0299999713897705,2.4600000381469727,1.6100000143051147,2.0,2.0,114373000
2.0299999713897705,2.0399999618530273,1.7999999523162842,1.850000023841858,1.850000023841858,12329400
1.9199999570846558,1.9700000286102295,1.7400000095367432,1.7400000095367432,1.7400000095367432,5973700
1.75,1.809999942779541,1.5700000524520874,1.6799999475479126,1.6799999475479126,2214800
1.6699999570846558,1.7799999713897705,1.5499999523162842,1.7200000286102295,1.7200000286102295,1668000
1.7100000381469727,1.8600000143051147,1.6299999952316284,1.7699999809265137,1.7699999809265137,1472800
1.7300000190734863,1.840000033378601,1.7100000381469727,1.7799999713897705,1.7799999713897705,772400
1.7999999523162842,2.0,1.75,1.9800000190734863,1.9800000190734863,1642800
