Open,High,Low,Close,Adj Close,Volume
0.012500000186264515,0.012500000186264515,0.012500000186264515,0.012500000186264515,0.012500000186264515,0
0.012400000356137753,0.012400000356137753,0.012400000356137753,0.012400000356137753,0.012400000356137753,822
0.012400000356137753,0.012400000356137753,0.012400000356137753,0.012400000356137753,0.012400000356137753,0
0.012400000356137753,0.012400000356137753,0.012400000356137753,0.012400000356137753,0.012400000356137753,0
0.012400000356137753,0.012400000356137753,0.012400000356137753,0.012400000356137753,0.012400000356137753,0
0.01119999960064888,0.01119999960064888,0.01119999960064888,0.01119999960064888,0.01119999960064888,20000
0.01119999960064888,0.01119999960064888,0.01119999960064888,0.01119999960064888,0.01119999960064888,0
0.01119999960064888,0.01119999960064888,0.01119999960064888,0.01119999960064888,0.01119999960064888,0
0.019999999552965164,0.019999999552965164,0.01850000023841858,0.01940000057220459,0.01940000057220459,307345
