Open,High,Low,Close,Adj Close,Volume
0.022420000284910202,0.022420000284910202,0.019999999552965164,0.019999999552965164,0.019999999552965164,34500
0.017999999225139618,0.02345000021159649,0.017500000074505806,0.019999999552965164,0.019999999552965164,417000
0.01906999945640564,0.021560000255703926,0.01899999938905239,0.01899999938905239,0.01899999938905239,13000
0.019999999552965164,0.019999999552965164,0.019999999552965164,0.019999999552965164,0.019999999552965164,1600
0.02264999970793724,0.02264999970793724,0.019999999552965164,0.02102999947965145,0.02102999947965145,231900
0.02250000089406967,0.024000000208616257,0.01899999938905239,0.0215000007301569,0.0215000007301569,17050
0.023900000378489494,0.024000000208616257,0.023900000378489494,0.023900000378489494,0.023900000378489494,134624
0.026900000870227814,0.029999999329447746,0.026900000870227814,0.029999999329447746,0.029999999329447746,57845
