Open,High,Low,Close,Adj Close,Volume
0.5299999713897705,0.5709999799728394,0.5199999809265137,0.5699999928474426,0.5699999928474426,155200
0.5730000138282776,0.5929999947547913,0.5569999814033508,0.5799999833106995,0.5799999833106995,203800
0.5870000123977661,0.5899999737739563,0.5130000114440918,0.5299999713897705,0.5299999713897705,222100
0.5559999942779541,0.5580000281333923,0.5289999842643738,0.5419999957084656,0.5419999957084656,84300
0.5400000214576721,0.5419999957084656,0.5180000066757202,0.5400000214576721,0.5400000214576721,104800
0.5299999713897705,0.6359999775886536,0.5109999775886536,0.6359999775886536,0.6359999775886536,932400
0.6449999809265137,0.6850000023841858,0.6209999918937683,0.6610000133514404,0.6610000133514404,449200
0.6600000262260437,0.6800000071525574,0.5699999928474426,0.5809999704360962,0.5809999704360962,489800
0.5600000023841858,0.5600000023841858,0.4009999930858612,0.4339999854564667,0.4339999854564667,1063800
