Open,High,Low,Close,Adj Close,Volume
0.019999999552965164,0.019999999552965164,0.019999999552965164,0.019999999552965164,0.019999999552965164,0
0.019999999552965164,0.019999999552965164,0.019999999552965164,0.019999999552965164,0.019999999552965164,0
0.012000000104308128,0.024450000375509262,0.009999999776482582,0.011099999770522118,0.011099999770522118,53000
0.011099999770522118,0.011099999770522118,0.011099999770522118,0.011099999770522118,0.011099999770522118,0
0.011099999770522118,0.011099999770522118,0.011099999770522118,0.011099999770522118,0.011099999770522118,0
0.011099999770522118,0.011099999770522118,0.011099999770522118,0.011099999770522118,0.011099999770522118,0
0.011099999770522118,0.011099999770522118,0.011099999770522118,0.011099999770522118,0.011099999770522118,0
0.029999999329447746,0.04149999842047691,0.029999999329447746,0.032999999821186066,0.032999999821186066,48864
0.04899999871850014,0.04899999871850014,0.022679999470710754,0.022679999470710754,0.022679999470710754,1400
