Open,High,Low,Close,Adj Close,Volume
0.30000001192092896,0.30000001192092896,0.30000001192092896,0.30000001192092896,0.30000001192092896,41700
0.3100000023841858,0.3100000023841858,0.27000001072883606,0.30000001192092896,0.30000001192092896,29100
0.30000001192092896,0.30000001192092896,0.30000001192092896,0.30000001192092896,0.30000001192092896,29000
0.3199999928474426,0.3499999940395355,0.3199999928474426,0.3499999940395355,0.3499999940395355,34700
0.36000001430511475,0.36000001430511475,0.3100000023841858,0.3199999928474426,0.3199999928474426,15400
0.3199999928474426,0.3199999928474426,0.3199999928474426,0.3199999928474426,0.3199999928474426,1500
0.3199999928474426,0.3199999928474426,0.30000001192092896,0.30000001192092896,0.30000001192092896,10500
0.30000001192092896,0.30000001192092896,0.30000001192092896,0.30000001192092896,0.30000001192092896,1900
0.27000001072883606,0.36000001430511475,0.27000001072883606,0.36000001430511475,0.36000001430511475,15900
