Open,High,Low,Close,Adj Close,Volume
1.190000057220459,1.2200000286102295,1.100000023841858,1.149999976158142,1.149999976158142,28600
1.149999976158142,1.1799999475479126,1.100000023841858,1.149999976158142,1.149999976158142,23000
1.2100000381469727,1.2100000381469727,1.149999976158142,1.190000057220459,1.190000057220459,9300
1.190000057220459,1.2200000286102295,1.090000033378601,1.2200000286102295,1.2200000286102295,20500
1.1749999523162842,1.190000057220459,1.1200000047683716,1.149999976158142,1.149999976158142,31300
1.1299999952316284,1.1449999809265137,1.059999942779541,1.0700000524520874,1.0700000524520874,30100
1.059999942779541,1.0800000429153442,0.9700000286102295,1.0099999904632568,1.0099999904632568,95600
1.0099999904632568,1.0299999713897705,0.8999999761581421,0.9350000023841858,0.9350000023841858,132000
0.9200000166893005,0.9350000023841858,0.7070000171661377,0.7200000286102295,0.7200000286102295,370400
