Open,High,Low,Close,Adj Close,Volume
0.20000000298023224,0.20999999344348907,0.1899999976158142,0.20482000708580017,0.20482000708580017,75328
0.1899999976158142,0.2199999988079071,0.1899999976158142,0.2150000035762787,0.2150000035762787,60386
0.21050000190734863,0.3499999940395355,0.21050000190734863,0.30000001192092896,0.30000001192092896,61058
0.2854999899864197,0.3499999940395355,0.28049999475479126,0.3499999940395355,0.3499999940395355,70918
0.2800000011920929,0.4000000059604645,0.2800000011920929,0.28999999165534973,0.28999999165534973,27437
0.2800000011920929,0.3700000047683716,0.2800000011920929,0.36000001430511475,0.36000001430511475,9406
0.3499999940395355,0.4636000096797943,0.30000001192092896,0.42010000348091125,0.42010000348091125,91505
0.41499999165534973,0.4399999976158142,0.41499999165534973,0.4300000071525574,0.4300000071525574,22522
0.4350000023841858,0.44999998807907104,0.28049999475479126,0.36000001430511475,0.36000001430511475,34742
