Open,High,Low,Close,Adj Close,Volume
1.9850000143051147,2.0,1.7100000381469727,1.7100000381469727,1.7100000381469727,27607
1.7100000381469727,1.9500000476837158,1.690000057220459,1.7999999523162842,1.7999999523162842,2356
1.850000023841858,1.850000023841858,1.5,1.75,1.75,31431
1.649999976158142,1.850000023841858,1.649999976158142,1.7999999523162842,1.7999999523162842,5061
1.8799999952316284,1.940000057220459,1.690000057220459,1.9179999828338623,1.9179999828338623,21683
1.690000057220459,1.9500000476837158,1.690000057220459,1.9299999475479126,1.9299999475479126,2229
1.850000023841858,1.9900000095367432,1.649999976158142,1.9900000095367432,1.9900000095367432,20362
1.559999942779541,1.9900000095367432,1.559999942779541,1.9900000095367432,1.9900000095367432,3485
1.7999999523162842,1.7999999523162842,1.2999999523162842,1.5,1.5,24879
