Open,High,Low,Close,Adj Close,Volume
0.8289999961853027,0.8450000286102295,0.8109999895095825,0.8339999914169312,0.8339999914169312,91100
0.8109999895095825,0.871999979019165,0.8109999895095825,0.8309999704360962,0.8309999704360962,52000
0.8299999833106995,0.8640000224113464,0.8109999895095825,0.8109999895095825,0.8109999895095825,101100
0.8199999928474426,0.8600000143051147,0.8169999718666077,0.8429999947547913,0.8429999947547913,112400
0.8169999718666077,0.8989999890327454,0.8169999718666077,0.8799999952316284,0.8799999952316284,80700
0.8799999952316284,0.8999999761581421,0.8709999918937683,0.8799999952316284,0.8799999952316284,99600
0.8999999761581421,0.8999999761581421,0.878000020980835,0.8949999809265137,0.8949999809265137,57000
0.8899999856948853,0.9490000009536743,0.8790000081062317,0.9049999713897705,0.9049999713897705,83400
0.878000020980835,1.0299999713897705,0.878000020980835,1.0,1.0,347100
