Open,High,Low,Close,Adj Close,Volume
0.21799999475479126,0.22095000743865967,0.2021999955177307,0.2021999955177307,0.2021999955177307,75917
0.2062000036239624,0.2150000035762787,0.20569999516010284,0.2150000035762787,0.2150000035762787,212875
0.21199999749660492,0.21199999749660492,0.20250000059604645,0.2078000009059906,0.2078000009059906,76200
0.20200000703334808,0.20200000703334808,0.19550000131130219,0.20000000298023224,0.20000000298023224,41822
0.21021999418735504,0.21021999418735504,0.20000000298023224,0.20216000080108643,0.20216000080108643,36050
0.21279999613761902,0.21279999613761902,0.18000000715255737,0.19196000695228577,0.19196000695228577,95471
0.18019999563694,0.18019999563694,0.15690000355243683,0.16731999814510345,0.16731999814510345,266500
0.16599999368190765,0.16599999368190765,0.16500000655651093,0.16529999673366547,0.16529999673366547,24460
0.1599999964237213,0.1599999964237213,0.11999999731779099,0.12999999523162842,0.12999999523162842,284487
