Open,High,Low,Close,Adj Close,Volume
0.11180000007152557,0.11320000141859055,0.10209999978542328,0.10379999876022339,0.10379999876022339,1159426
0.10459999740123749,0.10769999772310257,0.10159999877214432,0.10459999740123749,0.10459999740123749,1916091
0.10350000113248825,0.10499999672174454,0.09099999815225601,0.09309999644756317,0.09309999644756317,2640638
0.0949999988079071,0.09839999675750732,0.0860000029206276,0.09839999675750732,0.09839999675750732,2404727
0.09790000319480896,0.09790000319480896,0.08799999952316284,0.08799999952316284,0.08799999952316284,988318
0.09000000357627869,0.09070000052452087,0.08950000256299973,0.08959999680519104,0.08959999680519104,1373914
0.09350000321865082,0.09350000321865082,0.07999999821186066,0.0812000036239624,0.0812000036239624,2780227
0.10999999940395355,0.34360000491142273,0.10999999940395355,0.22699999809265137,0.22699999809265137,461127379
0.22689999639987946,0.22689999639987946,0.15700000524520874,0.16200000047683716,0.16200000047683716,38858838
