Open,High,Low,Close,Adj Close,Volume
1.690000057220459,1.840000033378601,1.649999976158142,1.7000000476837158,1.7000000476837158,383900
1.7699999809265137,1.7699999809265137,1.6799999475479126,1.7200000286102295,1.7200000286102295,201500
1.7400000095367432,1.7599999904632568,1.649999976158142,1.7200000286102295,1.7200000286102295,199900
1.7000000476837158,1.7799999713897705,1.6699999570846558,1.7400000095367432,1.7400000095367432,164200
1.7599999904632568,1.7799999713897705,1.7259999513626099,1.7599999904632568,1.7599999904632568,135800
1.7300000190734863,1.7799999713897705,1.649999976158142,1.7599999904632568,1.7599999904632568,229300
1.7300000190734863,1.8899999856948853,1.7000000476837158,1.8700000047683716,1.8700000047683716,183400
1.9199999570846558,2.2699999809265137,1.8799999952316284,2.109999895095825,2.109999895095825,541600
