Open,High,Low,Close,Adj Close,Volume
0.02761000022292137,0.02761000022292137,0.02761000022292137,0.02761000022292137,0.02761000022292137,8000
0.025200000032782555,0.032099999487400055,0.025200000032782555,0.032099999487400055,0.032099999487400055,12800
0.032099999487400055,0.032099999487400055,0.032099999487400055,0.032099999487400055,0.032099999487400055,0
0.032099999487400055,0.032099999487400055,0.032099999487400055,0.032099999487400055,0.032099999487400055,0
0.032099999487400055,0.032099999487400055,0.032099999487400055,0.032099999487400055,0.032099999487400055,0
0.032099999487400055,0.032099999487400055,0.032099999487400055,0.032099999487400055,0.032099999487400055,0
0.032099999487400055,0.032099999487400055,0.032099999487400055,0.032099999487400055,0.032099999487400055,0
0.032099999487400055,0.032099999487400055,0.032099999487400055,0.032099999487400055,0.032099999487400055,0
0.02329999953508377,0.02329999953508377,0.01892000064253807,0.019999999552965164,0.019999999552965164,53500
