Open,High,Low,Close,Adj Close,Volume
0.061000000685453415,0.06960000097751617,0.061000000685453415,0.06949999928474426,0.06949999928474426,59000
0.06949999928474426,0.06949999928474426,0.06949999928474426,0.06949999928474426,0.06949999928474426,0
0.06780000030994415,0.06780000030994415,0.06780000030994415,0.06780000030994415,0.06780000030994415,560
0.07118000090122223,0.07118000090122223,0.07118000090122223,0.07118000090122223,0.07118000090122223,4000
0.07118000090122223,0.07118000090122223,0.07118000090122223,0.07118000090122223,0.07118000090122223,0
0.07400000095367432,0.07564999908208847,0.056299999356269836,0.06615000218153,0.06615000218153,227000
0.06414999812841415,0.06414999812841415,0.06414999812841415,0.06414999812841415,0.06414999812841415,5000
0.055399999022483826,0.06134999915957451,0.055399999022483826,0.06134999915957451,0.06134999915957451,23000
0.08100000023841858,0.08100000023841858,0.08100000023841858,0.08100000023841858,0.08100000023841858,19005
