Open,High,Low,Close,Adj Close,Volume
0.029319999739527702,0.039000000804662704,0.029319999739527702,0.039000000804662704,0.039000000804662704,17219
0.02410000003874302,0.039000000804662704,0.02410000003874302,0.039000000804662704,0.039000000804662704,650
0.039000000804662704,0.039000000804662704,0.039000000804662704,0.039000000804662704,0.039000000804662704,0
0.029400000348687172,0.039000000804662704,0.029400000348687172,0.039000000804662704,0.039000000804662704,6535
0.039000000804662704,0.039000000804662704,0.039000000804662704,0.039000000804662704,0.039000000804662704,0
0.039000000804662704,0.039000000804662704,0.039000000804662704,0.039000000804662704,0.039000000804662704,0
0.039000000804662704,0.039000000804662704,0.039000000804662704,0.039000000804662704,0.039000000804662704,0
0.029999999329447746,0.029999999329447746,0.029400000348687172,0.029500000178813934,0.029500000178813934,17000
0.03420000150799751,0.039000000804662704,0.029400000348687172,0.039000000804662704,0.039000000804662704,3500
