Open,High,Low,Close,Adj Close,Volume
0.027000000700354576,0.027000000700354576,0.027000000700354576,0.027000000700354576,0.027000000700354576,0
0.02800000086426735,0.02800000086426735,0.02800000086426735,0.02800000086426735,0.02800000086426735,6500
0.02199999988079071,0.02199999988079071,0.02199999988079071,0.02199999988079071,0.02199999988079071,100
0.02199999988079071,0.02199999988079071,0.02199999988079071,0.02199999988079071,0.02199999988079071,200
0.027000000700354576,0.027000000700354576,0.027000000700354576,0.027000000700354576,0.027000000700354576,10000
0.027000000700354576,0.039799999445676804,0.027000000700354576,0.039799999445676804,0.039799999445676804,35370
0.039799999445676804,0.039799999445676804,0.039799999445676804,0.039799999445676804,0.039799999445676804,0
0.039799999445676804,0.039799999445676804,0.039799999445676804,0.039799999445676804,0.039799999445676804,0
0.03200000151991844,0.03200000151991844,0.02669999934732914,0.02669999934732914,0.02669999934732914,66100
