Open,High,Low,Close,Adj Close,Volume
0.17000000178813934,0.17000000178813934,0.17000000178813934,0.17000000178813934,0.17000000178813934,500
0.14100000262260437,0.18039999902248383,0.14100000262260437,0.17000000178813934,0.17000000178813934,23844
0.1599999964237213,0.1754000037908554,0.1599999964237213,0.1599999964237213,0.1599999964237213,60125
0.1599999964237213,0.16500000655651093,0.15000000596046448,0.1550000011920929,0.1550000011920929,284650
0.1727299988269806,0.18000000715255737,0.17045000195503235,0.17045000195503235,0.17045000195503235,20585
0.17900000512599945,0.17900000512599945,0.1559000015258789,0.1559000015258789,0.1559000015258789,45533
0.1535000056028366,0.1550000011920929,0.1535000056028366,0.1550000011920929,0.1550000011920929,27000
0.15000000596046448,0.16290000081062317,0.15000000596046448,0.16290000081062317,0.16290000081062317,16315
0.14640000462532043,0.14640000462532043,0.125900000333786,0.125900000333786,0.125900000333786,89015
