Open,High,Low,Close,Adj Close,Volume
0.07500000298023224,0.07500000298023224,0.07500000298023224,0.07500000298023224,0.07500000298023224,0
0.07500000298023224,0.07500000298023224,0.07500000298023224,0.07500000298023224,0.07500000298023224,0
0.07500000298023224,0.07500000298023224,0.07000000029802322,0.07000000029802322,0.07000000029802322,4000
0.07000000029802322,0.07000000029802322,0.07000000029802322,0.07000000029802322,0.07000000029802322,23600
0.07000000029802322,0.07100000232458115,0.07000000029802322,0.07000000029802322,0.07000000029802322,9000
0.07000000029802322,0.07000000029802322,0.07000000029802322,0.07000000029802322,0.07000000029802322,0
0.07000000029802322,0.07000000029802322,0.07000000029802322,0.07000000029802322,0.07000000029802322,0
0.07000000029802322,0.07000000029802322,0.07000000029802322,0.07000000029802322,0.07000000029802322,0
0.07000000029802322,0.07000000029802322,0.07000000029802322,0.07000000029802322,0.07000000029802322,0
0.07999999821186066,0.09000000357627869,0.07999999821186066,0.09000000357627869,0.09000000357627869,179500
