Open,High,Low,Close,Adj Close,Volume
0.010999999940395355,0.013899999670684338,0.010499999858438969,0.013050000183284283,0.013050000183284283,663455
0.013500000350177288,0.017100000753998756,0.007300000172108412,0.013000000268220901,0.013000000268220901,2985463
0.013000000268220901,0.016899999231100082,0.00930000003427267,0.012299999594688416,0.012299999594688416,1441361
0.01080000028014183,0.012500000186264515,0.009100000374019146,0.009499999694526196,0.009499999694526196,2372581
0.0094200000166893,0.01080000028014183,0.0094200000166893,0.009499999694526196,0.009499999694526196,673462
0.010300000198185444,0.012000000104308128,0.009999999776482582,0.009999999776482582,0.009999999776482582,2029841
0.009999999776482582,0.011900000274181366,0.009750000201165676,0.009999999776482582,0.009999999776482582,390788
0.009999999776482582,0.010999999940395355,0.009999999776482582,0.010999999940395355,0.010999999940395355,1187273
0.009999999776482582,0.014000000432133675,0.009999999776482582,0.013899999670684338,0.013899999670684338,1626241
