Open,High,Low,Close,Adj Close,Volume
5.53000020980835,5.695000171661377,5.449999809265137,5.610000133514404,5.610000133514404,918000
5.630000114440918,5.670000076293945,5.53000020980835,5.590000152587891,5.590000152587891,1076900
5.610000133514404,5.610000133514404,5.099999904632568,5.170000076293945,5.170000076293945,1200900
5.159999847412109,5.159999847412109,4.889999866485596,4.889999866485596,4.889999866485596,1273100
5.010000228881836,5.130000114440918,4.849999904632568,4.880000114440918,4.880000114440918,1222500
4.829999923706055,5.150000095367432,4.769999980926514,4.929999828338623,4.929999828338623,830300
5.0,5.190000057220459,4.900000095367432,5.050000190734863,5.050000190734863,958400
5.0,5.005000114440918,4.760000228881836,4.789999961853027,4.789999961853027,872400
3.559999942779541,3.677000045776367,2.7799999713897705,2.990000009536743,2.990000009536743,22009600
