Open,High,Low,Close,Adj Close,Volume
0.03999999910593033,0.03999999910593033,0.029999999329447746,0.029999999329447746,0.029999999329447746,9000
0.029999999329447746,0.029999999329447746,0.029999999329447746,0.029999999329447746,0.029999999329447746,1380000
0.029999999329447746,0.029999999329447746,0.029999999329447746,0.029999999329447746,0.029999999329447746,0
0.019999999552965164,0.029999999329447746,0.019999999552965164,0.029999999329447746,0.029999999329447746,61400
0.029999999329447746,0.029999999329447746,0.029999999329447746,0.029999999329447746,0.029999999329447746,0
0.029999999329447746,0.029999999329447746,0.029999999329447746,0.029999999329447746,0.029999999329447746,43000
0.019999999552965164,0.019999999552965164,0.019999999552965164,0.019999999552965164,0.019999999552965164,3400
0.019999999552965164,0.019999999552965164,0.009999999776482582,0.009999999776482582,0.009999999776482582,946000
0.009999999776482582,0.009999999776482582,0.009999999776482582,0.009999999776482582,0.009999999776482582,438200
