Open,High,Low,Close,Adj Close,Volume
0.5199999809265137,0.5232399702072144,0.49000000953674316,0.5062999725341797,0.5062999725341797,114985
0.4697999954223633,0.5647000074386597,0.4697999954223633,0.550000011920929,0.550000011920929,179316
0.5299999713897705,0.5858500003814697,0.5299999713897705,0.5789999961853027,0.5789999961853027,201989
0.5644000172615051,0.5655999779701233,0.5,0.5237600207328796,0.5237600207328796,244925
0.5730000138282776,0.5899999737739563,0.4700999855995178,0.4700999855995178,0.4700999855995178,201393
0.46347999572753906,0.49000000953674316,0.3746100068092346,0.421750009059906,0.421750009059906,314922
0.4034000039100647,0.4034000039100647,0.30000001192092896,0.33000001311302185,0.33000001311302185,782843
0.3005000054836273,0.3156000077724457,0.2768799960613251,0.2800000011920929,0.2800000011920929,639101
0.29462000727653503,0.41449999809265137,0.28999999165534973,0.375,0.375,482035
