Open,High,Low,Close,Adj Close,Volume
0.02563999965786934,0.025800000876188278,0.02500000037252903,0.025800000876188278,0.025800000876188278,63500
0.024140000343322754,0.028599999845027924,0.02160000056028366,0.024879999458789825,0.024879999458789825,553410
0.024879999458789825,0.024879999458789825,0.024879999458789825,0.024879999458789825,0.024879999458789825,0
0.025699999183416367,0.02969999983906746,0.01850000023841858,0.025599999353289604,0.025599999353289604,519150
0.029279999434947968,0.029279999434947968,0.02590000070631504,0.02590000070631504,0.02590000070631504,5433
0.02590000070631504,0.02590000070631504,0.02590000070631504,0.02590000070631504,0.02590000070631504,0
0.02687999978661537,0.02954000048339367,0.02459999918937683,0.024979999288916588,0.024979999288916588,17395
0.021800000220537186,0.02483999915421009,0.021800000220537186,0.022199999541044235,0.022199999541044235,88873
0.022199999541044235,0.030300000682473183,0.022199999541044235,0.028300000354647636,0.028300000354647636,8200
