Open,High,Low,Close,Adj Close,Volume
1.309999942779541,1.3300000429153442,1.2300000190734863,1.25,1.25,178800
1.2799999713897705,1.3200000524520874,1.25,1.2999999523162842,1.2999999523162842,228400
1.2999999523162842,1.350000023841858,1.2799999713897705,1.2999999523162842,1.2999999523162842,152300
1.2899999618530273,1.3279999494552612,1.2400000095367432,1.2699999809265137,1.2699999809265137,173900
1.2699999809265137,1.350000023841858,1.2699999809265137,1.309999942779541,1.309999942779541,187800
1.309999942779541,1.3899999856948853,1.2999999523162842,1.3600000143051147,1.3600000143051147,263500
1.3799999952316284,1.3899999856948853,1.2599999904632568,1.3300000429153442,1.3300000429153442,280400
1.3300000429153442,1.3899999856948853,1.2100000381469727,1.2799999713897705,1.2799999713897705,628300
1.1399999856948853,1.149999976158142,0.8100000023841858,0.8700000047683716,0.8700000047683716,2760100
