Open,High,Low,Close,Adj Close,Volume
8.010000228881836,8.800000190734863,7.349999904632568,8.329999923706055,8.329999923706055,240700
8.449999809265137,9.40999984741211,8.4350004196167,9.010000228881836,9.010000228881836,841000
9.239999771118164,9.600000381469727,3.597399950027466,4.380000114440918,4.380000114440918,1471800
5.690000057220459,5.78000020980835,4.440000057220459,5.190000057220459,5.190000057220459,203500
5.099999904632568,5.099999904632568,4.650000095367432,4.710000038146973,4.710000038146973,255700
4.949999809265137,5.057300090789795,4.500999927520752,4.699999809265137,4.699999809265137,43100
4.610000133514404,4.829999923706055,4.610000133514404,4.695000171661377,4.695000171661377,39900
4.679999828338623,4.679999828338623,4.199999809265137,4.199999809265137,4.199999809265137,39000
4.050000190734863,4.050000190734863,3.299999952316284,3.3499999046325684,3.3499999046325684,71700
