Open,High,Low,Close,Adj Close,Volume
0.36000001430511475,0.4099999964237213,0.36000001430511475,0.4099999964237213,0.4099999964237213,492200
0.4099999964237213,0.4699999988079071,0.4099999964237213,0.4440000057220459,0.4440000057220459,390800
0.46000000834465027,0.4650000035762787,0.41200000047683716,0.4350000023841858,0.4350000023841858,269400
0.4320000112056732,0.44999998807907104,0.414000004529953,0.4449999928474426,0.4449999928474426,140600
0.44600000977516174,0.4650000035762787,0.4449999928474426,0.45399999618530273,0.45399999618530273,175500
0.44600000977516174,0.4620000123977661,0.3700000047683716,0.42100000381469727,0.42100000381469727,482400
0.4390000104904175,0.4399999976158142,0.3799999952316284,0.39899998903274536,0.39899998903274536,182500
0.4059999883174896,0.4099999964237213,0.3499999940395355,0.36000001430511475,0.36000001430511475,464000
0.20999999344348907,0.2280000001192093,0.16599999368190765,0.17000000178813934,0.17000000178813934,15102200
