Open,High,Low,Close,Adj Close,Volume
8.630000114440918,9.199999809265137,8.59000015258789,8.699999809265137,8.699999809265137,16300
8.989999771118164,9.100000381469727,8.430000305175781,9.050000190734863,9.050000190734863,5700
9.0,9.0,8.399999618530273,8.40999984741211,8.40999984741211,20200
8.399999618530273,8.63700008392334,8.319999694824219,8.600000381469727,8.600000381469727,14000
8.5,8.949999809265137,8.5,8.949999809265137,8.949999809265137,8700
8.0600004196167,8.899999618530273,8.0600004196167,8.3100004196167,8.3100004196167,17100
8.5600004196167,8.593000411987305,8.399999618530273,8.569999694824219,8.569999694824219,3500
8.569999694824219,9.260000228881836,8.560999870300293,9.069999694824219,9.069999694824219,20200
7.400000095367432,8.850000381469727,7.400000095367432,8.699999809265137,8.699999809265137,29600
