Open,High,Low,Close,Adj Close,Volume
6.809999942779541,7.050000190734863,6.809999942779541,6.920000076293945,6.920000076293945,34000
6.920000076293945,7.0,6.739999771118164,6.769999980926514,6.769999980926514,35700
6.690000057220459,6.869999885559082,6.525000095367432,6.769999980926514,6.769999980926514,27900
6.78000020980835,6.835000038146973,6.550000190734863,6.570000171661377,6.570000171661377,27700
6.570000171661377,7.039999961853027,6.548999786376953,6.909999847412109,6.909999847412109,58800
6.849999904632568,6.960000038146973,6.639999866485596,6.690000057220459,6.690000057220459,44000
6.690000057220459,6.880000114440918,6.517000198364258,6.570000171661377,6.570000171661377,20600
6.590000152587891,7.349999904632568,6.5,7.159999847412109,7.159999847412109,129500
7.230000019073486,8.430000305175781,7.184999942779541,8.390000343322754,8.390000343322754,203600
