Open,High,Low,Close,Adj Close,Volume
8.859999656677246,9.199999809265137,8.8100004196167,9.170000076293945,9.170000076293945,830600
9.010000228881836,9.039999961853027,8.819999694824219,8.84000015258789,8.84000015258789,731400
8.649999618530273,8.760000228881836,8.569999694824219,8.729999542236328,8.729999542236328,809900
8.65999984741211,8.710000038146973,8.260000228881836,8.279999732971191,8.279999732971191,1222900
8.3100004196167,8.359999656677246,8.100000381469727,8.130000114440918,8.130000114440918,921300
8.170000076293945,8.399999618530273,8.09000015258789,8.399999618530273,8.399999618530273,1110800
8.270000457763672,8.390000343322754,8.130000114440918,8.210000038146973,8.210000038146973,1141000
8.319999694824219,8.460000038146973,8.170000076293945,8.319999694824219,8.319999694824219,1856300
6.170000076293945,6.170000076293945,5.519999980926514,5.800000190734863,5.800000190734863,9889700
