Open,High,Low,Close,Adj Close,Volume
0.10999999940395355,0.10999999940395355,0.10999999940395355,0.10999999940395355,0.10999999940395355,0
0.10000000149011612,0.10000000149011612,0.10000000149011612,0.10000000149011612,0.10000000149011612,4000
0.10000000149011612,0.10000000149011612,0.09000000357627869,0.10000000149011612,0.10000000149011612,16800
0.09000000357627869,0.10000000149011612,0.07999999821186066,0.10000000149011612,0.10000000149011612,79300
0.10000000149011612,0.10000000149011612,0.10000000149011612,0.10000000149011612,0.10000000149011612,0
0.10000000149011612,0.10499999672174454,0.10000000149011612,0.10000000149011612,0.10000000149011612,46000
0.08500000089406967,0.10000000149011612,0.08500000089406967,0.10000000149011612,0.10000000149011612,12500
0.10000000149011612,0.13500000536441803,0.10000000149011612,0.10999999940395355,0.10999999940395355,52600
0.11299999803304672,0.1720000058412552,0.11299999803304672,0.1720000058412552,0.1720000058412552,69000
