Open,High,Low,Close,Adj Close,Volume
0.07999999821186066,0.07999999821186066,0.05999999865889549,0.05999999865889549,0.05999999865889549,93400
0.05999999865889549,0.07999999821186066,0.05999999865889549,0.07000000029802322,0.07000000029802322,72200
0.07999999821186066,0.07999999821186066,0.07999999821186066,0.07999999821186066,0.07999999821186066,1300
0.07999999821186066,0.07999999821186066,0.07999999821186066,0.07999999821186066,0.07999999821186066,52700
0.09000000357627869,0.09000000357627869,0.09000000357627869,0.09000000357627869,0.09000000357627869,3700
0.07999999821186066,0.07999999821186066,0.07999999821186066,0.07999999821186066,0.07999999821186066,1900
0.09000000357627869,0.09000000357627869,0.05999999865889549,0.07999999821186066,0.07999999821186066,11600
0.05999999865889549,0.09000000357627869,0.05999999865889549,0.09000000357627869,0.09000000357627869,15800
0.09000000357627869,0.09000000357627869,0.05999999865889549,0.05999999865889549,0.05999999865889549,4200
