Open,High,Low,Close,Adj Close,Volume
2.309999942779541,2.390000104904175,2.055000066757202,2.368000030517578,2.368000030517578,319500
2.3399999141693115,2.3410000801086426,2.1500000953674316,2.180000066757202,2.180000066757202,137300
2.140000104904175,2.140000104904175,1.600000023841858,1.8600000143051147,1.8600000143051147,233500
1.850000023841858,1.9500000476837158,1.8250000476837158,1.850000023841858,1.850000023841858,47000
1.8600000143051147,2.0,1.8200000524520874,1.8700000047683716,1.8700000047683716,129400
1.9199999570846558,1.9800000190734863,1.8600000143051147,1.909999966621399,1.909999966621399,38900
1.899999976158142,2.1500000953674316,1.878000020980835,2.059999942779541,2.059999942779541,46300
2.140000104904175,2.25,1.899999976158142,1.9900000095367432,1.9900000095367432,222800
1.6699999570846558,1.690000057220459,1.5099999904632568,1.5099999904632568,1.5099999904632568,302500
