Open,High,Low,Close,Adj Close,Volume
0.019999999552965164,0.019999999552965164,0.009999999776482582,0.009999999776482582,0.009999999776482582,266000
0.009999999776482582,0.019999999552965164,0.009999999776482582,0.019999999552965164,0.019999999552965164,391500
0.009999999776482582,0.019999999552965164,0.009999999776482582,0.019999999552965164,0.019999999552965164,677200
0.009999999776482582,0.019999999552965164,0.009999999776482582,0.009999999776482582,0.009999999776482582,73600
0.009999999776482582,0.009999999776482582,0.009999999776482582,0.009999999776482582,0.009999999776482582,11900
0.009999999776482582,0.009999999776482582,0.009999999776482582,0.009999999776482582,0.009999999776482582,27000
0.009999999776482582,0.019999999552965164,0.009999999776482582,0.019999999552965164,0.019999999552965164,103100
0.019999999552965164,0.019999999552965164,0.019999999552965164,0.019999999552965164,0.019999999552965164,0
0.009999999776482582,0.009999999776482582,0.009999999776482582,0.009999999776482582,0.009999999776482582,17600
