Open,High,Low,Close,Adj Close,Volume
21.5,21.549999237060547,20.75,21.049999237060547,21.049999237060547,402500
20.75,20.899999618530273,18.899999618530273,19.100000381469727,19.100000381469727,479180
18.75,19.575000762939453,18.25,19.5,19.5,567100
19.399999618530273,20.0,19.049999237060547,20.0,20.0,779480
19.200000762939453,19.549999237060547,19.049999237060547,19.100000381469727,19.100000381469727,298460
18.950000762939453,19.0,5.849999904632568,7.400000095367432,7.400000095367432,2330540
6.099999904632568,6.199999809265137,3.890000104904175,3.890000104904175,3.890000104904175,2147580
3.549999952316284,4.199999809265137,3.450000047683716,3.6449999809265137,3.6449999809265137,919000
3.5950000286102295,3.6449999809265137,2.549999952316284,2.5999999046325684,2.5999999046325684,781120
