Open,High,Low,Close,Adj Close,Volume
1.2300000190734863,1.4149999618530273,1.2300000190734863,1.340000033378601,1.340000033378601,182400
1.309999942779541,1.3960000276565552,1.2899999618530273,1.3899999856948853,1.3899999856948853,65000
1.4199999570846558,1.590000033378601,1.3700000047683716,1.5700000524520874,1.5700000524520874,158700
1.5700000524520874,1.7000000476837158,1.5499999523162842,1.6799999475479126,1.6799999475479126,101700
1.6799999475479126,1.6799999475479126,1.5099999904632568,1.600000023841858,1.600000023841858,80000
1.7100000381469727,1.7100000381469727,1.600000023841858,1.690000057220459,1.690000057220459,102500
1.6699999570846558,1.7380000352859497,1.6699999570846558,1.7100000381469727,1.7100000381469727,50100
1.7000000476837158,1.7200000286102295,1.649999976158142,1.6699999570846558,1.6699999570846558,65300
1.6799999475479126,1.8799999952316284,1.6699999570846558,1.8799999952316284,1.8799999952316284,174300
