Open,High,Low,Close,Adj Close,Volume
0.3499999940395355,0.3499999940395355,0.3199999928474426,0.328000009059906,0.328000009059906,131700
0.3319999873638153,0.3319999873638153,0.3199999928474426,0.32899999618530273,0.32899999618530273,101600
0.3479999899864197,0.3479999899864197,0.32899999618530273,0.33000001311302185,0.33000001311302185,73800
0.3230000138282776,0.33000001311302185,0.29499998688697815,0.296999990940094,0.296999990940094,130500
0.28999999165534973,0.3199999928474426,0.2709999978542328,0.27900001406669617,0.27900001406669617,182100
0.2709999978542328,0.28999999165534973,0.2630000114440918,0.28999999165534973,0.28999999165534973,116100
0.30399999022483826,0.30399999022483826,0.26499998569488525,0.2709999978542328,0.2709999978542328,62200
0.11999999731779099,0.1979999989271164,0.11999999731779099,0.12399999797344208,0.12399999797344208,277300
0.12399999797344208,0.13500000536441803,0.0989999994635582,0.0989999994635582,0.0989999994635582,230900
