Open,High,Low,Close,Adj Close,Volume
9.210000038146973,9.836000442504883,7.400000095367432,7.760000228881836,7.760000228881836,70200
7.690000057220459,8.880000114440918,7.690000057220459,8.260000228881836,8.260000228881836,39900
10.569999694824219,10.569999694824219,7.900000095367432,8.34000015258789,8.34000015258789,71700
8.25,8.430000305175781,5.900000095367432,5.929999828338623,5.929999828338623,96500
6.860000133514404,8.1899995803833,6.179999828338623,6.489999771118164,6.489999771118164,55900
6.619999885559082,7.190000057220459,6.510000228881836,6.994999885559082,6.994999885559082,18100
7.889999866485596,7.889999866485596,6.78000020980835,7.099999904632568,7.099999904632568,45500
7.190000057220459,7.949999809265137,7.010000228881836,7.820000171661377,7.820000171661377,46000
8.119999885559082,8.119999885559082,5.440000057220459,5.449999809265137,5.449999809265137,3093600
