Open,High,Low,Close,Adj Close,Volume
0.008500000461935997,0.008500000461935997,0.008500000461935997,0.008500000461935997,0.008500000461935997,0
0.008500000461935997,0.008500000461935997,0.008500000461935997,0.008500000461935997,0.008500000461935997,0
0.008500000461935997,0.008500000461935997,0.008500000461935997,0.008500000461935997,0.008500000461935997,0
0.008500000461935997,0.008500000461935997,0.008500000461935997,0.008500000461935997,0.008500000461935997,0
0.0013000000035390258,0.0013000000035390258,0.0013000000035390258,0.0013000000035390258,0.0013000000035390258,32100
0.00839999970048666,0.028999999165534973,0.00839999970048666,0.02500000037252903,0.02500000037252903,407562
0.029500000178813934,0.03999999910593033,0.02850000001490116,0.03123999945819378,0.03123999945819378,446018
0.035999998450279236,0.035999998450279236,0.01924999989569187,0.02449999935925007,0.02449999935925007,145677
0.012000000104308128,0.012000000104308128,0.012000000104308128,0.012000000104308128,0.012000000104308128,33000
