Open,High,Low,Close,Adj Close,Volume
0.5583000183105469,0.5583000183105469,0.5583000183105469,0.5583000183105469,0.5583000183105469,0
0.550000011920929,0.550000011920929,0.550000011920929,0.550000011920929,0.550000011920929,5000
0.550000011920929,0.550000011920929,0.550000011920929,0.550000011920929,0.550000011920929,0
0.550000011920929,0.550000011920929,0.550000011920929,0.550000011920929,0.550000011920929,0
0.5299999713897705,0.5299999713897705,0.5299999713897705,0.5299999713897705,0.5299999713897705,60000
0.5263000130653381,0.5263000130653381,0.5263000130653381,0.5263000130653381,0.5263000130653381,2500
0.5169000029563904,0.5169000029563904,0.5169000029563904,0.5169000029563904,0.5169000029563904,24423
0.5074999928474426,0.5074999928474426,0.5074999928474426,0.5074999928474426,0.5074999928474426,7800
0.6248999834060669,0.633400022983551,0.6100000143051147,0.6324999928474426,0.6324999928474426,154200
