Open,High,Low,Close,Adj Close,Volume
0.12300000339746475,0.12300000339746475,0.12300000339746475,0.12300000339746475,0.12300000339746475,1150
0.12300000339746475,0.12300000339746475,0.11900000274181366,0.11900000274181366,0.11900000274181366,2000
0.11900000274181366,0.11900000274181366,0.11900000274181366,0.11900000274181366,0.11900000274181366,0
0.11699999868869781,0.11699999868869781,0.11079999804496765,0.11079999804496765,0.11079999804496765,11143
0.11079999804496765,0.11079999804496765,0.11079999804496765,0.11079999804496765,0.11079999804496765,0
0.11100000143051147,0.11100000143051147,0.10159999877214432,0.10159999877214432,0.10159999877214432,11050
0.11289999634027481,0.11289999634027481,0.11289999634027481,0.11289999634027481,0.11289999634027481,7500
0.11289999634027481,0.11289999634027481,0.11289999634027481,0.11289999634027481,0.11289999634027481,0
0.08831000328063965,0.08831000328063965,0.08831000328063965,0.08831000328063965,0.08831000328063965,575
