Open,High,Low,Close,Adj Close,Volume
0.0560000017285347,0.05900000035762787,0.0560000017285347,0.05900000035762787,0.05900000035762787,1200
0.0560000017285347,0.0560000017285347,0.0560000017285347,0.0560000017285347,0.0560000017285347,5000
0.052000001072883606,0.052000001072883606,0.05000000074505806,0.05000000074505806,0.05000000074505806,3400
0.04100000113248825,0.052000001072883606,0.04100000113248825,0.052000001072883606,0.052000001072883606,2300
0.050999999046325684,0.05400000140070915,0.05000000074505806,0.05400000140070915,0.05400000140070915,3600
0.07000000029802322,0.0949999988079071,0.07000000029802322,0.07800000160932541,0.07800000160932541,76400
0.08299999684095383,0.09600000083446503,0.08299999684095383,0.09399999678134918,0.09399999678134918,14900
0.0949999988079071,0.0949999988079071,0.0949999988079071,0.0949999988079071,0.0949999988079071,10000
0.08100000023841858,0.08100000023841858,0.07000000029802322,0.07199999690055847,0.07199999690055847,25100
