Open,High,Low,Close,Adj Close,Volume
7.360000133514404,7.360000133514404,6.860000133514404,6.989999771118164,6.989999771118164,65200
7.079999923706055,7.21999979019165,6.880000114440918,7.090000152587891,7.090000152587891,57000
7.150000095367432,7.150000095367432,6.050000190734863,6.599999904632568,6.599999904632568,118500
6.400000095367432,6.599999904632568,6.28000020980835,6.449999809265137,6.449999809265137,55700
6.440000057220459,6.545000076293945,5.699999809265137,6.53000020980835,6.53000020980835,85800
6.460000038146973,6.598999977111816,6.090000152587891,6.170000076293945,6.170000076293945,63200
6.210000038146973,6.310999870300293,6.019999980926514,6.230000019073486,6.230000019073486,54800
6.210000038146973,6.519999980926514,6.135000228881836,6.340000152587891,6.340000152587891,46800
6.380000114440918,7.050000190734863,6.070000171661377,7.050000190734863,7.050000190734863,154300
