Open,High,Low,Close,Adj Close,Volume
5.769999980926514,5.940000057220459,5.570000171661377,5.769999980926514,5.769999980926514,51800
5.78000020980835,6.0,5.630000114440918,5.75,5.75,49500
5.800000190734863,5.96999979019165,5.710000038146973,5.71999979019165,5.71999979019165,27200
5.900000095367432,5.96999979019165,5.71999979019165,5.829999923706055,5.829999923706055,27800
5.820000171661377,5.820000171661377,5.21999979019165,5.460000038146973,5.460000038146973,137000
5.559999942779541,5.599999904632568,5.289999961853027,5.460000038146973,5.460000038146973,65200
5.670000076293945,5.960000038146973,5.519999980926514,5.75,5.75,91200
5.900000095367432,6.099999904632568,5.699999809265137,6.099999904632568,6.099999904632568,120100
6.150000095367432,6.960000038146973,6.150000095367432,6.75,6.75,517400
