Open,High,Low,Close,Adj Close,Volume
0.10999999940395355,0.11999999731779099,0.09000000357627869,0.10999999940395355,0.10999999940395355,24100
0.10000000149011612,0.10999999940395355,0.09000000357627869,0.09000000357627869,0.09000000357627869,3500
0.09000000357627869,0.11999999731779099,0.09000000357627869,0.10000000149011612,0.10000000149011612,12600
0.10999999940395355,0.10999999940395355,0.10999999940395355,0.10999999940395355,0.10999999940395355,7100
0.10000000149011612,0.11999999731779099,0.10000000149011612,0.10999999940395355,0.10999999940395355,7200
0.11999999731779099,0.11999999731779099,0.09000000357627869,0.09000000357627869,0.09000000357627869,55600
0.10000000149011612,0.10999999940395355,0.07999999821186066,0.10000000149011612,0.10000000149011612,10500
0.11999999731779099,0.11999999731779099,0.09000000357627869,0.10000000149011612,0.10000000149011612,34900
0.10999999940395355,0.10999999940395355,0.07999999821186066,0.07999999821186066,0.07999999821186066,16800
