Open,High,Low,Close,Adj Close,Volume
9.199999809265137,10.0,8.420000076293945,10.0,10.0,3240
9.800000190734863,9.800000190734863,9.020000457763672,9.800000190734863,9.800000190734863,3640
9.199999809265137,9.779999732971191,9.020000457763672,9.199999809265137,9.199999809265137,690
9.0,9.619999885559082,8.84000015258789,9.0,9.0,4220
9.0,9.619999885559082,9.0,9.619999885559082,9.619999885559082,340
9.0,9.199999809265137,7.599999904632568,7.599999904632568,7.599999904632568,12445
7.599999904632568,7.71999979019165,7.199999809265137,7.400000095367432,7.400000095367432,3075
7.099999904632568,7.619999885559082,7.099999904632568,7.119999885559082,7.119999885559082,1130
6.800000190734863,6.800000190734863,5.599999904632568,6.099999904632568,6.099999904632568,7040
