Open,High,Low,Close,Adj Close,Volume
4.619999885559082,4.840000152587891,4.610000133514404,4.659999847412109,4.659999847412109,99600
4.659999847412109,4.71999979019165,4.360000133514404,4.650000095367432,4.650000095367432,91200
4.699999809265137,4.78000020980835,4.559999942779541,4.599999904632568,4.599999904632568,103100
4.599999904632568,4.679999828338623,4.260000228881836,4.380000114440918,4.380000114440918,123500
4.300000190734863,4.630000114440918,4.300000190734863,4.590000152587891,4.590000152587891,83100
4.639999866485596,4.639999866485596,4.480000019073486,4.630000114440918,4.630000114440918,28800
4.559999942779541,4.840000152587891,4.559999942779541,4.639999866485596,4.639999866485596,71400
4.590000152587891,4.599999904632568,4.340000152587891,4.340000152587891,4.340000152587891,232500
4.440000057220459,5.110000133514404,4.440000057220459,5.03000020980835,5.03000020980835,213700
