Open,High,Low,Close,Adj Close,Volume
0.8119999766349792,0.8600000143051147,0.7699999809265137,0.777999997138977,0.777999997138977,1429500
0.800000011920929,0.8199999928474426,0.7799999713897705,0.7919999957084656,0.7919999957084656,893200
0.8100000023841858,0.8100000023841858,0.7599999904632568,0.796999990940094,0.796999990940094,610100
0.8199999928474426,0.9800000190734863,0.7699999809265137,0.9150000214576721,0.9150000214576721,1893400
0.9049999713897705,0.949999988079071,0.8650000095367432,0.906000018119812,0.906000018119812,749500
0.8960000276565552,0.9300000071525574,0.7760000228881836,0.781000018119812,0.781000018119812,1734600
0.7910000085830688,0.9390000104904175,0.7910000085830688,0.8999999761581421,0.8999999761581421,1030200
0.9200000166893005,0.9300000071525574,0.7820000052452087,0.7870000004768372,0.7870000004768372,1271300
0.7919999957084656,0.800000011920929,0.4690000116825104,0.5109999775886536,0.5109999775886536,4533700
