Open,High,Low,Close,Adj Close,Volume
6.840000152587891,7.800000190734863,6.840000152587891,7.210000038146973,7.210000038146973,6800
7.099999904632568,7.699999809265137,7.099999904632568,7.539999961853027,7.539999961853027,7440
7.570000171661377,7.900000095367432,7.199999809265137,7.489999771118164,7.489999771118164,2610
7.5,8.289999961853027,7.46999979019165,7.989999771118164,7.989999771118164,3290
8.0,8.399999618530273,7.599999904632568,7.949999809265137,7.949999809265137,16420
7.900000095367432,8.760000228881836,7.5,7.659999847412109,7.659999847412109,8470
7.599999904632568,8.369999885559082,7.010000228881836,7.389999866485596,7.389999866485596,9400
7.400000095367432,7.400000095367432,6.5,6.699999809265137,6.699999809265137,11220
6.079999923706055,6.099999904632568,3.359999895095825,3.6610000133514404,3.6610000133514404,212500
