Open,High,Low,Close,Adj Close,Volume
0.18559999763965607,0.18559999763965607,0.1720000058412552,0.17720000445842743,0.17720000445842743,174702
0.1720000058412552,0.18359999358654022,0.1720000058412552,0.17399999499320984,0.17399999499320984,112239
0.17499999701976776,0.18000000715255737,0.16019999980926514,0.17010000348091125,0.17010000348091125,126755
0.17329999804496765,0.1753000020980835,0.16509999334812164,0.16830000281333923,0.16830000281333923,48897
0.16519999504089355,0.16979999840259552,0.148499995470047,0.1589999943971634,0.1589999943971634,519815
0.1599999964237213,0.1648000031709671,0.15000000596046448,0.15449999272823334,0.15449999272823334,226484
0.23119999468326569,0.5600000023841858,0.20600000023841858,0.3199999928474426,0.3199999928474426,291741048
0.3199999928474426,0.4050000011920929,0.2809999883174896,0.3488999903202057,0.3488999903202057,28285193
0.3199000060558319,0.3700000047683716,0.243599995970726,0.25850000977516174,0.25850000977516174,10150655
