Open,High,Low,Close,Adj Close,Volume
0.018699999898672104,0.018699999898672104,0.018699999898672104,0.018699999898672104,0.018699999898672104,35000
0.018699999898672104,0.018699999898672104,0.018699999898672104,0.018699999898672104,0.018699999898672104,0
0.018699999898672104,0.018699999898672104,0.018699999898672104,0.018699999898672104,0.018699999898672104,0
0.018699999898672104,0.018699999898672104,0.018699999898672104,0.018699999898672104,0.018699999898672104,0
0.018699999898672104,0.018699999898672104,0.018699999898672104,0.018699999898672104,0.018699999898672104,0
0.018699999898672104,0.018699999898672104,0.018699999898672104,0.018699999898672104,0.018699999898672104,0
0.015799999237060547,0.015799999237060547,0.015799999237060547,0.015799999237060547,0.015799999237060547,10000
0.015799999237060547,0.015799999237060547,0.015799999237060547,0.015799999237060547,0.015799999237060547,35000
0.011300000362098217,0.011300000362098217,0.011300000362098217,0.011300000362098217,0.011300000362098217,2000
