Open,High,Low,Close,Adj Close,Volume
4.329999923706055,4.40500020980835,4.284999847412109,4.380000114440918,4.358564376831055,1227800
4.369999885559082,4.369999885559082,4.239999771118164,4.260000228881836,4.239151954650879,798500
4.260000228881836,4.289999961853027,4.170000076293945,4.199999809265137,4.179445266723633,296600
4.190000057220459,4.420000076293945,4.175000190734863,4.360000133514404,4.338662624359131,615800
4.380000114440918,4.510000228881836,4.360000133514404,4.429999828338623,4.408319473266602,721100
4.420000076293945,4.429999828338623,4.369999885559082,4.369999885559082,4.348613262176514,363300
4.320000171661377,4.400000095367432,4.284999847412109,4.340000152587891,4.318760395050049,328400
4.400000095367432,4.619999885559082,4.389999866485596,4.579999923706055,4.557585716247559,928600
4.550000190734863,5.198999881744385,4.550000190734863,5.039999961853027,5.015334606170654,1263300
