Open,High,Low,Close,Adj Close,Volume
0.04560000076889992,0.04560000076889992,0.04560000076889992,0.04560000076889992,0.04560000076889992,0
0.048500001430511475,0.048500001430511475,0.048500001430511475,0.048500001430511475,0.048500001430511475,51000
0.048500001430511475,0.048500001430511475,0.048500001430511475,0.048500001430511475,0.048500001430511475,0
0.04690000042319298,0.054999999701976776,0.04690000042319298,0.054999999701976776,0.054999999701976776,99200
0.05290000140666962,0.05400000140070915,0.05290000140666962,0.05400000140070915,0.05400000140070915,27000
0.05400000140070915,0.05400000140070915,0.05400000140070915,0.05400000140070915,0.05400000140070915,0
0.04769999906420708,0.04769999906420708,0.04769999906420708,0.04769999906420708,0.04769999906420708,10000
0.04617999866604805,0.05790000036358833,0.04617999866604805,0.05790000036358833,0.05790000036358833,582300
