Open,High,Low,Close,Adj Close,Volume
2.799999952316284,2.819999933242798,2.799999952316284,2.819999933242798,2.819999933242798,75670
2.799999952316284,2.8399999141693115,2.799999952316284,2.8399999141693115,2.8399999141693115,10960
2.8399999141693115,2.8399999141693115,2.8399999141693115,2.8399999141693115,2.8399999141693115,0
2.859999895095825,3.0,2.8499999046325684,3.0,3.0,9723
3.049999952316284,3.049999952316284,3.049999952316284,3.049999952316284,3.049999952316284,11506
3.049999952316284,3.049999952316284,3.049999952316284,3.049999952316284,3.049999952316284,10000
2.930000066757202,2.930000066757202,2.299999952316284,2.9200000762939453,2.9200000762939453,3055918
2.9200000762939453,2.9200000762939453,2.9200000762939453,2.9200000762939453,2.9200000762939453,0
3.0,3.3299999237060547,3.0,3.2799999713897705,3.2799999713897705,11100
