Open,High,Low,Close,Adj Close,Volume
0.09910000115633011,0.1059499979019165,0.09189999848604202,0.09189999848604202,0.09189999848604202,91000
0.09794999659061432,0.10189999639987946,0.09594999998807907,0.09594999998807907,0.09594999998807907,31700
0.09210000187158585,0.10100000351667404,0.09210000187158585,0.10100000351667404,0.10100000351667404,60700
0.10100000351667404,0.10100000351667404,0.10100000351667404,0.10100000351667404,0.10100000351667404,0
0.09700000286102295,0.09799999743700027,0.0851999968290329,0.0851999968290329,0.0851999968290329,163700
0.09480000287294388,0.10499999672174454,0.09109999984502792,0.09799999743700027,0.09799999743700027,301700
0.096950002014637,0.10729999840259552,0.08594000339508057,0.08594000339508057,0.08594000339508057,12001
0.09799999743700027,0.09799999743700027,0.08590000122785568,0.0860000029206276,0.0860000029206276,49100
0.09059999883174896,0.10499999672174454,0.08500000089406967,0.10499999672174454,0.10499999672174454,150000
