Open,High,Low,Close,Adj Close,Volume
0.7099999785423279,0.7200000286102295,0.7099999785423279,0.7200000286102295,0.7200000286102295,1307000
0.7200000286102295,0.7400000095367432,0.7200000286102295,0.7300000190734863,0.7300000190734863,1350900
0.7300000190734863,0.75,0.7200000286102295,0.7400000095367432,0.7400000095367432,1255100
0.7400000095367432,0.7599999904632568,0.7200000286102295,0.75,0.75,2660500
0.75,0.8999999761581421,0.7400000095367432,0.8600000143051147,0.8600000143051147,15020800
0.8899999856948853,1.149999976158142,0.8700000047683716,1.1399999856948853,1.1399999856948853,26887800
1.1100000143051147,1.1200000047683716,0.8500000238418579,0.8999999761581421,0.8999999761581421,18699000
0.9599999785423279,1.0199999809265137,0.9100000262260437,0.9599999785423279,0.9599999785423279,7007600
0.9700000286102295,1.1299999952316284,0.9599999785423279,1.0700000524520874,1.0700000524520874,9645000
