Open,High,Low,Close,Adj Close,Volume
2.5250000953674316,2.5250000953674316,2.5,2.5,2.5,201
2.619999885559082,2.680000066757202,2.619999885559082,2.680000066757202,2.680000066757202,1200
2.690000057220459,2.690000057220459,2.5,2.5999999046325684,2.5999999046325684,4476957
2.5999999046325684,2.7100000381469727,2.5399999618530273,2.7100000381469727,2.7100000381469727,15603
2.609999895095825,2.9000000953674316,2.609999895095825,2.880000114440918,2.880000114440918,15872
2.9100000858306885,3.0999999046325684,2.819999933242798,3.0999999046325684,3.0999999046325684,21837
3.0999999046325684,3.2200000286102295,3.0989999771118164,3.180000066757202,3.180000066757202,11623
3.25,3.25,3.25,3.25,3.25,5000
3.2699999809265137,3.609999895095825,3.244999885559082,3.609999895095825,3.609999895095825,11674
