Open,High,Low,Close,Adj Close,Volume
4.630000114440918,4.739999771118164,4.610000133514404,4.739999771118164,4.739999771118164,5800
4.679999828338623,4.679999828338623,4.679999828338623,4.679999828338623,4.679999828338623,400
4.639999866485596,4.880000114440918,4.639999866485596,4.849999904632568,4.849999904632568,8600
4.900000095367432,5.090000152587891,4.900000095367432,4.949999809265137,4.949999809265137,4600
4.949999809265137,4.949999809265137,4.949999809265137,4.949999809265137,4.949999809265137,0
4.860000133514404,4.860000133514404,4.860000133514404,4.860000133514404,4.860000133514404,700
4.949999809265137,5.070000171661377,4.78000020980835,5.070000171661377,5.070000171661377,10600
5.090000152587891,5.409999847412109,4.920000076293945,5.150000095367432,5.150000095367432,34500
5.300000190734863,5.789999961853027,5.050000190734863,5.789999961853027,5.789999961853027,8400
