Open,High,Low,Close,Adj Close,Volume
0.01600000075995922,0.019999999552965164,0.014999999664723873,0.019999999552965164,0.019999999552965164,118500
0.01600000075995922,0.01600000075995922,0.013000000268220901,0.013000000268220901,0.013000000268220901,207200
0.013000000268220901,0.013000000268220901,0.013000000268220901,0.013000000268220901,0.013000000268220901,0
0.019999999552965164,0.019999999552965164,0.019999999552965164,0.019999999552965164,0.019999999552965164,100
0.019999999552965164,0.019999999552965164,0.019999999552965164,0.019999999552965164,0.019999999552965164,0
0.014000000432133675,0.014000000432133675,0.014000000432133675,0.014000000432133675,0.014000000432133675,10100
0.014000000432133675,0.014000000432133675,0.014000000432133675,0.014000000432133675,0.014000000432133675,0
0.017000000923871994,0.019999999552965164,0.014000000432133675,0.019999999552965164,0.019999999552965164,100300
0.01600000075995922,0.01600000075995922,0.01600000075995922,0.01600000075995922,0.01600000075995922,4400
