Open,High,Low,Close,Adj Close,Volume
0.019999999552965164,0.029999999329447746,0.019999999552965164,0.029999999329447746,0.029999999329447746,6829100
0.03999999910593033,0.03999999910593033,0.019999999552965164,0.029999999329447746,0.029999999329447746,3460300
0.03999999910593033,0.05999999865889549,0.03999999910593033,0.05999999865889549,0.05999999865889549,8031300
0.07999999821186066,0.11999999731779099,0.07000000029802322,0.11999999731779099,0.11999999731779099,19478500
0.12999999523162842,0.14000000059604645,0.09000000357627869,0.10000000149011612,0.10000000149011612,7995100
0.10000000149011612,0.10999999940395355,0.05999999865889549,0.07999999821186066,0.07999999821186066,4628000
0.05999999865889549,0.10000000149011612,0.05999999865889549,0.07999999821186066,0.07999999821186066,2267800
0.10000000149011612,0.10000000149011612,0.05999999865889549,0.07999999821186066,0.07999999821186066,3295200
0.07999999821186066,0.09000000357627869,0.05000000074505806,0.05999999865889549,0.05999999865889549,4574800
