Open,High,Low,Close,Adj Close,Volume
8.289999961853027,8.960000038146973,8.289999961853027,8.850000381469727,8.850000381469727,481300
8.90999984741211,9.390000343322754,8.619999885559082,9.25,9.25,1069800
8.729999542236328,9.265000343322754,8.5600004196167,8.949999809265137,8.949999809265137,1011700
9.170000076293945,9.180000305175781,8.694999694824219,9.09000015258789,9.09000015258789,686300
9.220000267028809,9.520000457763672,9.079999923706055,9.399999618530273,9.399999618530273,512500
9.359999656677246,9.890000343322754,9.175000190734863,9.640000343322754,9.640000343322754,509300
9.5,9.895000457763672,9.359999656677246,9.489999771118164,9.489999771118164,327800
9.380000114440918,9.640000343322754,9.199999809265137,9.550000190734863,9.550000190734863,579100
9.609999656677246,9.859999656677246,9.510000228881836,9.550000190734863,9.550000190734863,249300
