Open,High,Low,Close,Adj Close,Volume
0.050999999046325684,0.050999999046325684,0.050999999046325684,0.050999999046325684,0.050999999046325684,602
0.05999999865889549,0.05999999865889549,0.05999999865889549,0.05999999865889549,0.05999999865889549,2646
0.05999999865889549,0.05999999865889549,0.05999999865889549,0.05999999865889549,0.05999999865889549,2062
0.050999999046325684,0.05999999865889549,0.050999999046325684,0.05999999865889549,0.05999999865889549,2263
0.05700000002980232,0.05999999865889549,0.05700000002980232,0.05999999865889549,0.05999999865889549,1208
0.05999999865889549,0.05999999865889549,0.05999999865889549,0.05999999865889549,0.05999999865889549,12214
0.050999999046325684,0.05999999865889549,0.050999999046325684,0.05999999865889549,0.05999999865889549,6664
0.050999999046325684,0.05999999865889549,0.050999999046325684,0.05999999865889549,0.05999999865889549,2025
0.05700000002980232,0.05999999865889549,0.023000000044703484,0.023000000044703484,0.023000000044703484,558219
