Open,High,Low,Close,Adj Close,Volume
0.6700000166893005,0.75,0.6200000047683716,0.75,0.75,14728
0.7192000150680542,0.7192000150680542,0.7192000150680542,0.7192000150680542,0.7192000150680542,500
0.75,0.75,0.7197999954223633,0.7197999954223633,0.7197999954223633,1482
0.75,0.75,0.75,0.75,0.75,780
0.75,0.75,0.75,0.75,0.75,250
0.5699999928474426,0.75,0.5699999928474426,0.75,0.75,1128
0.75,0.75,0.6502000093460083,0.75,0.75,2750
0.5699999928474426,0.75,0.5699999928474426,0.7473999857902527,0.7473999857902527,8242
0.7480000257492065,0.8999999761581421,0.7480000257492065,0.8999999761581421,0.8999999761581421,43713
