Open,High,Low,Close,Adj Close,Volume
0.3880000114440918,0.3880000114440918,0.3880000114440918,0.3880000114440918,0.3880000114440918,15000
0.34380000829696655,0.34380000829696655,0.34380000829696655,0.34380000829696655,0.34380000829696655,5000
0.34380000829696655,0.34380000829696655,0.34380000829696655,0.34380000829696655,0.34380000829696655,0
0.34380000829696655,0.34380000829696655,0.34380000829696655,0.34380000829696655,0.34380000829696655,0
0.34380000829696655,0.34380000829696655,0.34380000829696655,0.34380000829696655,0.34380000829696655,0
0.34380000829696655,0.34380000829696655,0.34380000829696655,0.34380000829696655,0.34380000829696655,0
0.34380000829696655,0.34380000829696655,0.34380000829696655,0.34380000829696655,0.34380000829696655,0
0.3330000042915344,0.3330000042915344,0.33000001311302185,0.33000001311302185,0.33000001311302185,25000
0.33000001311302185,0.33000001311302185,0.33000001311302185,0.33000001311302185,0.33000001311302185,609524
0.24500000476837158,0.2800000011920929,0.2329999953508377,0.2329999953508377,0.2329999953508377,340162
