Open,High,Low,Close,Adj Close,Volume
1.0399999618530273,1.0570000410079956,1.0399999618530273,1.0499999523162842,1.0499999523162842,72600
1.0299999713897705,1.059999942779541,0.9890000224113464,1.0299999713897705,1.0299999713897705,54277
1.0299999713897705,1.0800000429153442,1.0,1.0800000429153442,1.0800000429153442,13451
1.059999942779541,1.0800000429153442,1.0449999570846558,1.0799000263214111,1.0799000263214111,59826
1.0799000263214111,1.0800000429153442,1.059999942779541,1.0759999752044678,1.0759999752044678,7741
1.0699000358581543,1.0799000263214111,1.0699000358581543,1.0700000524520874,1.0700000524520874,10090
1.0700000524520874,1.0750000476837158,1.0700000524520874,1.0750000476837158,1.0750000476837158,14000
1.0700000524520874,1.190000057220459,1.0700000524520874,1.190000057220459,1.190000057220459,4500
