Open,High,Low,Close,Adj Close,Volume
0.10540000349283218,0.10540000349283218,0.10540000349283218,0.10540000349283218,0.10540000349283218,500
0.10930000245571136,0.10930000245571136,0.08829999715089798,0.10140000283718109,0.10140000283718109,238900
0.1136000007390976,0.1136000007390976,0.11180000007152557,0.11180000007152557,0.11180000007152557,33000
0.11219999939203262,0.11219999939203262,0.10109999775886536,0.10109999775886536,0.10109999775886536,119600
0.10270000249147415,0.10270000249147415,0.09470000118017197,0.09650000184774399,0.09650000184774399,42400
0.0957999974489212,0.09889999777078629,0.09200000017881393,0.09889999777078629,0.09889999777078629,28500
0.09889999777078629,0.09889999777078629,0.09889999777078629,0.09889999777078629,0.09889999777078629,0
0.08839999884366989,0.10029999911785126,0.08839999884366989,0.09040000289678574,0.09040000289678574,8200
0.1046999990940094,0.12600000202655792,0.1046999990940094,0.12409999966621399,0.12409999966621399,13700
