Open,High,Low,Close,Adj Close,Volume
0.00559999980032444,0.00559999980032444,0.00559999980032444,0.00559999980032444,0.00559999980032444,0
0.00860000029206276,0.00860000029206276,0.00860000029206276,0.00860000029206276,0.00860000029206276,50000
0.00860000029206276,0.00860000029206276,0.00860000029206276,0.00860000029206276,0.00860000029206276,0
0.006000000052154064,0.006000000052154064,0.006000000052154064,0.006000000052154064,0.006000000052154064,500
0.008290000259876251,0.06689999997615814,0.008290000259876251,0.008700000122189522,0.008700000122189522,121977
0.008700000122189522,0.008700000122189522,0.008700000122189522,0.008700000122189522,0.008700000122189522,0
0.008700000122189522,0.008700000122189522,0.008700000122189522,0.008700000122189522,0.008700000122189522,0
0.008700000122189522,0.008700000122189522,0.008700000122189522,0.008700000122189522,0.008700000122189522,0
0.008700000122189522,0.008700000122189522,0.008700000122189522,0.008700000122189522,0.008700000122189522,0
0.028999999165534973,0.028999999165534973,0.028999999165534973,0.028999999165534973,0.028999999165534973,415
