Open,High,Low,Close,Adj Close,Volume
0.9300000071525574,0.9599999785423279,0.8610000014305115,0.8999999761581421,0.8999999761581421,53100
0.8690000176429749,0.9300000071525574,0.8500000238418579,0.9300000071525574,0.9300000071525574,25600
0.9399999976158142,0.9900000095367432,0.8610000014305115,0.9900000095367432,0.9900000095367432,80400
0.9359999895095825,0.9359999895095825,0.8600000143051147,0.9300000071525574,0.9300000071525574,128500
0.9300000071525574,0.9300000071525574,0.847000002861023,0.8799999952316284,0.8799999952316284,36200
0.8989999890327454,0.8999999761581421,0.8149999976158142,0.8560000061988831,0.8560000061988831,45400
0.8799999952316284,0.8799999952316284,0.8299999833106995,0.8600000143051147,0.8600000143051147,36100
0.8600000143051147,0.8669999837875366,0.7900000214576721,0.8299999833106995,0.8299999833106995,92500
0.7900000214576721,0.7900000214576721,0.550000011920929,0.5649999976158142,0.5649999976158142,411200
