Open,High,Low,Close,Adj Close,Volume
0.4399999976158142,0.49000000953674316,0.38999998569488525,0.4300000071525574,0.4300000071525574,301400
0.4399999976158142,0.4699999988079071,0.4099999964237213,0.46000000834465027,0.46000000834465027,349200
0.46000000834465027,0.4699999988079071,0.44999998807907104,0.4699999988079071,0.4699999988079071,44800
0.46000000834465027,0.47999998927116394,0.41999998688697815,0.44999998807907104,0.44999998807907104,159600
0.4300000071525574,0.49000000953674316,0.4300000071525574,0.46000000834465027,0.46000000834465027,88000
0.4300000071525574,0.49000000953674316,0.4300000071525574,0.47999998927116394,0.47999998927116394,110900
0.47999998927116394,0.47999998927116394,0.44999998807907104,0.4699999988079071,0.4699999988079071,363200
0.4699999988079071,0.49000000953674316,0.4699999988079071,0.47999998927116394,0.47999998927116394,73100
0.4699999988079071,0.5799999833106995,0.46000000834465027,0.5799999833106995,0.5799999833106995,159200
