Open,High,Low,Close,Adj Close,Volume
0.21119999885559082,0.21119999885559082,0.21119999885559082,0.21119999885559082,0.21119999885559082,0
0.21119999885559082,0.21119999885559082,0.21119999885559082,0.21119999885559082,0.21119999885559082,0
0.25999999046325684,0.26499998569488525,0.25999999046325684,0.26499998569488525,0.26499998569488525,67000
0.2409999966621399,0.2409999966621399,0.2409999966621399,0.2409999966621399,0.2409999966621399,40000
0.2409999966621399,0.2409999966621399,0.2409999966621399,0.2409999966621399,0.2409999966621399,0
0.2409999966621399,0.2409999966621399,0.2409999966621399,0.2409999966621399,0.2409999966621399,0
0.2409999966621399,0.2409999966621399,0.2409999966621399,0.2409999966621399,0.2409999966621399,0
0.2409999966621399,0.2409999966621399,0.2409999966621399,0.2409999966621399,0.2409999966621399,0
0.2800000011920929,0.2800000011920929,0.2800000011920929,0.2800000011920929,0.2800000011920929,16000
