Open,High,Low,Close,Adj Close,Volume
1.559999942779541,1.659999966621399,1.5499999523162842,1.6200000047683716,1.6200000047683716,24600
1.649999976158142,1.659999966621399,1.6299999952316284,1.6399999856948853,1.6399999856948853,5500
1.590000033378601,1.6399999856948853,1.5,1.559999942779541,1.559999942779541,10400
1.6200000047683716,1.6399999856948853,1.5700000524520874,1.6200000047683716,1.6200000047683716,12200
1.5299999713897705,1.6299999952316284,1.5299999713897705,1.6100000143051147,1.6100000143051147,21800
1.590000033378601,1.6100000143051147,1.5700000524520874,1.590000033378601,1.590000033378601,5300
1.5800000429153442,1.5800000429153442,1.5299999713897705,1.5499999523162842,1.5499999523162842,1100
1.5299999713897705,1.559999942779541,1.5299999713897705,1.559999942779541,1.559999942779541,5900
1.2999999523162842,1.5199999809265137,0.8500000238418579,1.149999976158142,1.149999976158142,219300
