Open,High,Low,Close,Adj Close,Volume
0.10000000149011612,0.10000000149011612,0.10000000149011612,0.10000000149011612,0.10000000149011612,17071
0.10000000149011612,0.10000000149011612,0.10000000149011612,0.10000000149011612,0.10000000149011612,0
0.10000000149011612,0.10000000149011612,0.10000000149011612,0.10000000149011612,0.10000000149011612,0
0.016669999808073044,0.016669999808073044,0.016669999808073044,0.016669999808073044,0.016669999808073044,19960
0.016669999808073044,0.016669999808073044,0.016669999808073044,0.016669999808073044,0.016669999808073044,0
0.016669999808073044,0.016669999808073044,0.016669999808073044,0.016669999808073044,0.016669999808073044,0
0.016669999808073044,0.016669999808073044,0.016669999808073044,0.016669999808073044,0.016669999808073044,0
0.09300000220537186,0.09300000220537186,0.09300000220537186,0.09300000220537186,0.09300000220537186,32159
