Open,High,Low,Close,Adj Close,Volume
2.9700000286102295,3.299999952316284,2.950000047683716,3.049999952316284,3.049999952316284,496800
3.0999999046325684,3.0999999046325684,2.799999952316284,2.9100000858306885,2.9100000858306885,561100
2.880000114440918,3.240000009536743,2.880000114440918,3.1600000858306885,3.1600000858306885,451700
3.109999895095825,3.1500000953674316,2.890000104904175,3.0,3.0,535400
3.0,3.440000057220459,2.950000047683716,3.299999952316284,3.299999952316284,727200
3.0799999237060547,3.174999952316284,2.140000104904175,2.9100000858306885,2.9100000858306885,744600
2.9100000858306885,2.9700000286102295,2.7100000381469727,2.809999942779541,2.809999942779541,450500
2.799999952316284,2.924999952316284,2.630000114440918,2.7300000190734863,2.7300000190734863,476400
2.700000047683716,2.7100000381469727,2.1500000953674316,2.1500000953674316,2.1500000953674316,396200
