Open,High,Low,Close,Adj Close,Volume
12.850000381469727,13.239999771118164,12.819999694824219,13.239999771118164,11.178624153137207,69300
12.829999923706055,12.829999923706055,12.61299991607666,12.61299991607666,10.649243354797363,39600
12.600000381469727,12.600000381469727,12.300000190734863,12.300000190734863,10.38497543334961,16200
12.149999618530273,12.430000305175781,12.0,12.119999885559082,10.232999801635742,17000
10.779999732971191,11.045000076293945,10.5,10.760000228881836,10.760000228881836,26800
10.630000114440918,10.630000114440918,10.399999618530273,10.630000114440918,10.630000114440918,8600
10.25,10.449999809265137,10.149999618530273,10.199999809265137,10.199999809265137,9300
10.180000305175781,10.380000114440918,10.180000305175781,10.380000114440918,10.380000114440918,2100
10.039999961853027,10.039999961853027,9.699999809265137,9.710000038146973,9.710000038146973,22100
