Open,High,Low,Close,Adj Close,Volume
18.0,18.799999237060547,15.220000267028809,17.079999923706055,17.079999923706055,2758300
15.899999618530273,43.0,15.45199966430664,23.520000457763672,23.520000457763672,19594300
24.75,31.709999084472656,21.170000076293945,22.530000686645508,22.530000686645508,3897000
23.299999237060547,32.86000061035156,23.020000457763672,31.0,31.0,3604000
33.29999923706055,98.4000015258789,33.29999923706055,66.36000061035156,66.36000061035156,12713500
50.88999938964844,52.88999938964844,14.279999732971191,16.40999984741211,16.40999984741211,11381500
21.290000915527344,24.600000381469727,13.270000457763672,15.5,15.5,10538100
14.739999771118164,15.300000190734863,11.0,11.010000228881836,11.010000228881836,5488300
10.050000190734863,11.170000076293945,6.400000095367432,6.610000133514404,6.610000133514404,6642500
