Open,High,Low,Close,Adj Close,Volume
2.859999895095825,2.930000066757202,2.799999952316284,2.859999895095825,2.859999895095825,117300
2.9800000190734863,3.0,2.8499999046325684,2.990000009536743,2.990000009536743,87000
2.990000009536743,3.134999990463257,2.9000000953674316,2.990000009536743,2.990000009536743,102300
2.990000009536743,3.109999895095825,2.930000066757202,3.009999990463257,3.009999990463257,75700
3.009999990463257,3.0399999618530273,2.809999942779541,2.880000114440918,2.880000114440918,61700
2.9600000381469727,2.9600000381469727,2.750999927520752,2.9600000381469727,2.9600000381469727,153500
2.9200000762939453,3.25,2.9200000762939453,3.2200000286102295,3.2200000286102295,216100
3.0799999237060547,3.549999952316284,3.0799999237060547,3.5299999713897705,3.5299999713897705,191200
3.630000114440918,4.065000057220459,3.569999933242798,3.890000104904175,3.890000104904175,174600
