Open,High,Low,Close,Adj Close,Volume
0.12999999523162842,0.12999999523162842,0.09099999815225601,0.09099999815225601,0.09099999815225601,3100
0.11999999731779099,0.125,0.09000000357627869,0.09099999815225601,0.09099999815225601,18100
0.08500000089406967,0.12999999523162842,0.07999999821186066,0.09000000357627869,0.09000000357627869,51300
0.12999999523162842,0.12999999523162842,0.09099999815225601,0.0949999988079071,0.0949999988079071,16500
0.0949999988079071,0.12999999523162842,0.0949999988079071,0.12999999523162842,0.12999999523162842,13700
0.12999999523162842,0.12999999523162842,0.10100000351667404,0.12999999523162842,0.12999999523162842,2100
0.125,0.12999999523162842,0.125,0.12999999523162842,0.12999999523162842,10700
0.10599999874830246,0.10599999874830246,0.10100000351667404,0.10100000351667404,0.10100000351667404,2000
0.10100000351667404,0.10100000351667404,0.10100000351667404,0.10100000351667404,0.10100000351667404,0
