Open,High,Low,Close,Adj Close,Volume
12.586999893188477,12.600000381469727,11.609999656677246,11.899999618530273,11.899999618530273,5325400
12.289999961853027,12.579999923706055,11.029999732971191,12.0,12.0,10092200
12.010000228881836,12.279999732971191,11.5,11.729999542236328,11.729999542236328,3786400
11.380000114440918,12.689000129699707,11.109999656677246,12.109999656677246,12.109999656677246,6125900
13.399999618530273,13.600000381469727,11.022000312805176,11.239999771118164,11.239999771118164,9969500
10.899999618530273,11.0,9.781000137329102,9.899999618530273,9.899999618530273,7271500
9.640000343322754,9.800000190734863,9.15999984741211,9.619999885559082,9.619999885559082,3869300
9.369999885559082,9.890000343322754,9.180000305175781,9.279999732971191,9.279999732971191,3688100
9.270000457763672,9.449999809265137,6.840000152587891,7.119999885559082,7.119999885559082,19173700
