Open,High,Low,Close,Adj Close,Volume
0.09000000357627869,0.09000000357627869,0.09000000357627869,0.09000000357627869,0.09000000357627869,0
0.0729999989271164,0.0729999989271164,0.0729999989271164,0.0729999989271164,0.0729999989271164,9900
0.05000000074505806,0.09600000083446503,0.05000000074505806,0.05000000074505806,0.05000000074505806,12200
0.05000000074505806,0.05000000074505806,0.05000000074505806,0.05000000074505806,0.05000000074505806,20000
0.05000000074505806,0.05000000074505806,0.05000000074505806,0.05000000074505806,0.05000000074505806,0
0.05000000074505806,0.05000000074505806,0.05000000074505806,0.05000000074505806,0.05000000074505806,0
0.06300000101327896,0.06300000101327896,0.05999999865889549,0.05999999865889549,0.05999999865889549,10200
0.05999999865889549,0.05999999865889549,0.05999999865889549,0.05999999865889549,0.05999999865889549,0
0.05000000074505806,0.05000000074505806,0.03500000014901161,0.0430000014603138,0.0430000014603138,64100
