Open,High,Low,Close,Adj Close,Volume
0.017799999564886093,0.0215000007301569,0.017799999564886093,0.0215000007301569,0.0215000007301569,6400
0.021400000900030136,0.021400000900030136,0.021400000900030136,0.021400000900030136,0.021400000900030136,1400
0.02425999939441681,0.02425999939441681,0.02425999939441681,0.02425999939441681,0.02425999939441681,30000
0.02290000021457672,0.02290000021457672,0.02290000021457672,0.02290000021457672,0.02290000021457672,5024
0.02102999947965145,0.02102999947965145,0.02102999947965145,0.02102999947965145,0.02102999947965145,6816
0.02102999947965145,0.02102999947965145,0.02102999947965145,0.02102999947965145,0.02102999947965145,0
0.017999999225139618,0.017999999225139618,0.017999999225139618,0.017999999225139618,0.017999999225139618,9500
0.01860000006854534,0.01860000006854534,0.01860000006854534,0.01860000006854534,0.01860000006854534,5000
0.023000000044703484,0.023000000044703484,0.023000000044703484,0.023000000044703484,0.023000000044703484,5000
