Open,High,Low,Close,Adj Close,Volume
0.028999999165534973,0.041999999433755875,0.026000000536441803,0.041999999433755875,0.041999999433755875,137300
0.027000000700354576,0.04899999871850014,0.026000000536441803,0.03099999949336052,0.03099999949336052,120400
0.03999999910593033,0.03999999910593033,0.02800000086426735,0.03099999949336052,0.03099999949336052,80800
0.02800000086426735,0.04500000178813934,0.027000000700354576,0.03400000184774399,0.03400000184774399,112800
0.032999999821186066,0.032999999821186066,0.026000000536441803,0.027000000700354576,0.027000000700354576,47900
0.02500000037252903,0.03999999910593033,0.024000000208616257,0.03099999949336052,0.03099999949336052,107700
0.03099999949336052,0.03400000184774399,0.027000000700354576,0.029999999329447746,0.029999999329447746,55700
0.029999999329447746,0.03700000047683716,0.029999999329447746,0.03700000047683716,0.03700000047683716,47500
0.029999999329447746,0.03700000047683716,0.027000000700354576,0.027000000700354576,0.027000000700354576,69000
