Open,High,Low,Close,Adj Close,Volume
4.329999923706055,4.630000114440918,4.289999961853027,4.579999923706055,4.579999923706055,3306300
4.650000095367432,4.807000160217285,4.489999771118164,4.739999771118164,4.739999771118164,3556700
4.574999809265137,4.619999885559082,4.179999828338623,4.230000019073486,4.230000019073486,3692800
4.340000152587891,4.610000133514404,4.329999923706055,4.579999923706055,4.579999923706055,2507400
4.670000076293945,4.829999923706055,4.579999923706055,4.78000020980835,4.78000020980835,3164400
4.75,4.920000076293945,4.650000095367432,4.849999904632568,4.849999904632568,2221100
4.809999942779541,4.869999885559082,4.389999866485596,4.730000019073486,4.730000019073486,4270800
4.789999961853027,4.804999828338623,4.489999771118164,4.679999828338623,4.679999828338623,2409900
4.769999980926514,5.25,4.701000213623047,5.239999771118164,5.239999771118164,5320500
