Open,High,Low,Close,Adj Close,Volume
6.599999904632568,6.75,6.46999979019165,6.75,6.75,47600
6.809999942779541,7.050000190734863,6.5,7.019999980926514,7.019999980926514,80600
6.920000076293945,7.050000190734863,6.920000076293945,6.940000057220459,6.940000057220459,18200
6.96999979019165,7.005000114440918,6.900000095367432,6.960000038146973,6.960000038146973,28900
6.949999809265137,7.0,6.849999904632568,6.989999771118164,6.989999771118164,55200
6.960000038146973,7.005000114440918,6.834000110626221,6.929999828338623,6.929999828338623,42300
6.914999961853027,7.599999904632568,6.90500020980835,7.599999904632568,7.599999904632568,94600
7.670000076293945,8.010000228881836,7.599999904632568,8.010000228881836,8.010000228881836,72100
8.010000228881836,8.010000228881836,7.630000114440918,7.710000038146973,7.710000038146973,18500
