Open,High,Low,Close,Adj Close,Volume
0.16785000264644623,0.1732500046491623,0.1657000035047531,0.1732500046491623,0.1732500046491623,79333
0.17036999762058258,0.1776999980211258,0.16564999520778656,0.16564999520778656,0.16564999520778656,109800
0.15770000219345093,0.16429999470710754,0.15770000219345093,0.16429999470710754,0.16429999470710754,144109
0.163100004196167,0.163100004196167,0.15760000050067902,0.16009999811649323,0.16009999811649323,25366
0.15520000457763672,0.15725000202655792,0.14329999685287476,0.15039999783039093,0.15039999783039093,280073
0.14983999729156494,0.15136000514030457,0.1476999968290329,0.15000000596046448,0.15000000596046448,8225
0.1459999978542328,0.14910000562667847,0.14174999296665192,0.14399999380111694,0.14399999380111694,71800
0.14305000007152557,0.15559999644756317,0.14300000667572021,0.1468999981880188,0.1468999981880188,333650
0.15569999814033508,0.1770000010728836,0.14831000566482544,0.1770000010728836,0.1770000010728836,166595
