Open,High,Low,Close,Adj Close,Volume
0.7099999785423279,0.7400000095367432,0.699999988079071,0.7200000286102295,0.7200000286102295,11100
0.7400000095367432,0.7649999856948853,0.7200000286102295,0.7599999904632568,0.7599999904632568,151200
0.7559999823570251,0.7599999904632568,0.7179999947547913,0.7300000190734863,0.7300000190734863,34700
0.7250000238418579,0.7250000238418579,0.6800000071525574,0.699999988079071,0.699999988079071,32100
0.7250000238418579,0.7450000047683716,0.6600000262260437,0.6899999976158142,0.6899999976158142,34800
0.6769999861717224,0.7200000286102295,0.675000011920929,0.6800000071525574,0.6800000071525574,18200
0.6710000038146973,0.699999988079071,0.6700000166893005,0.6800000071525574,0.6800000071525574,1900
0.6600000262260437,0.7200000286102295,0.6600000262260437,0.6899999976158142,0.6899999976158142,8100
0.6600000262260437,0.6700000166893005,0.5109999775886536,0.5210000276565552,0.5210000276565552,114000
