Open,High,Low,Close,Adj Close,Volume
0.029999999329447746,0.029999999329447746,0.026200000196695328,0.026200000196695328,0.026200000196695328,6000
0.026200000196695328,0.026200000196695328,0.026100000366568565,0.026100000366568565,0.026100000366568565,2700
0.029200000688433647,0.029200000688433647,0.0284000001847744,0.0284000001847744,0.0284000001847744,25000
0.0284000001847744,0.0284000001847744,0.0284000001847744,0.0284000001847744,0.0284000001847744,0
0.0284000001847744,0.0284000001847744,0.0284000001847744,0.0284000001847744,0.0284000001847744,0
0.025100000202655792,0.025100000202655792,0.025100000202655792,0.025100000202655792,0.025100000202655792,2300
0.025100000202655792,0.025100000202655792,0.025100000202655792,0.025100000202655792,0.025100000202655792,0
0.02500000037252903,0.026799999177455902,0.02500000037252903,0.026799999177455902,0.026799999177455902,41000
0.02800000086426735,0.02800000086426735,0.020999999716877937,0.021400000900030136,0.021400000900030136,156100
