Open,High,Low,Close,Adj Close,Volume
0.4020000100135803,0.4020000100135803,0.4020000100135803,0.4020000100135803,0.4020000100135803,770
0.3840000033378601,0.3840000033378601,0.3840000033378601,0.3840000033378601,0.3840000033378601,10
0.27000001072883606,0.296999990940094,0.27000001072883606,0.296999990940094,0.296999990940094,4200
