Open,High,Low,Close,Adj Close,Volume
3.6600000858306885,3.671999931335449,3.359999895095825,3.3959999084472656,3.3959999084472656,52217
3.4800000190734863,3.5759999752044678,3.359999895095825,3.552000045776367,3.552000045776367,26917
3.431999921798706,3.5999999046325684,3.371999979019165,3.4800000190734863,3.4800000190734863,20158
3.4800000190734863,3.9600000381469727,3.4200000762939453,3.563999891281128,3.563999891281128,87367
3.5880000591278076,4.139999866485596,3.4800000190734863,4.127999782562256,4.127999782562256,127283
4.199999809265137,4.271999835968018,3.299999952316284,3.671999931335449,3.671999931335449,98642
3.5999999046325684,3.9000000953674316,3.4200000762939453,3.492000102996826,3.492000102996826,26417
3.5999999046325684,3.7200000286102295,3.359999895095825,3.5999999046325684,3.5999999046325684,49633
3.2639999389648438,3.299999952316284,2.436000108718872,2.700000047683716,2.700000047683716,327708
