Open,High,Low,Close,Adj Close,Volume
6.570000171661377,6.900000095367432,6.019999980926514,6.690000057220459,6.690000057220459,8400
6.690000057220459,6.849999904632568,6.130000114440918,6.130000114440918,6.130000114440918,5500
6.0,6.599999904632568,6.0,6.53000020980835,6.53000020980835,14900
6.340000152587891,6.900000095367432,6.130000114440918,6.860000133514404,6.860000133514404,4400
6.900000095367432,7.360000133514404,6.679999828338623,7.300000190734863,7.300000190734863,56400
7.360000133514404,7.360000133514404,6.900000095367432,7.179999828338623,7.179999828338623,8400
6.869999885559082,7.25,6.829999923706055,6.829999923706055,6.829999923706055,11100
6.989999771118164,7.300000190734863,6.840000152587891,7.25,7.25,17800
7.25,9.09000015258789,7.019999980926514,8.350000381469727,8.350000381469727,89300
