Open,High,Low,Close,Adj Close,Volume
0.023399999365210533,0.023399999365210533,0.023399999365210533,0.023399999365210533,0.023399999365210533,0
0.023399999365210533,0.023399999365210533,0.023399999365210533,0.023399999365210533,0.023399999365210533,0
0.0170499999076128,0.0170499999076128,0.015399999916553497,0.015399999916553497,0.015399999916553497,7000
0.015399999916553497,0.015399999916553497,0.015399999916553497,0.015399999916553497,0.015399999916553497,0
0.018699999898672104,0.018699999898672104,0.018699999898672104,0.018699999898672104,0.018699999898672104,30000
0.018699999898672104,0.018699999898672104,0.018699999898672104,0.018699999898672104,0.018699999898672104,0
0.018699999898672104,0.018699999898672104,0.018699999898672104,0.018699999898672104,0.018699999898672104,0
0.018699999898672104,0.018699999898672104,0.018699999898672104,0.018699999898672104,0.018699999898672104,0
0.014999999664723873,0.014999999664723873,0.013150000013411045,0.013150000013411045,0.013150000013411045,101500
