Open,High,Low,Close,Adj Close,Volume
0.08399999886751175,0.0989999994635582,0.08399999886751175,0.0989999994635582,0.0989999994635582,56000
0.10300000011920929,0.13500000536441803,0.10300000011920929,0.12800000607967377,0.12800000607967377,11300
0.12999999523162842,0.15299999713897705,0.12999999523162842,0.15299999713897705,0.15299999713897705,4400
0.1469999998807907,0.1469999998807907,0.12999999523162842,0.12999999523162842,0.12999999523162842,15100
0.11999999731779099,0.11999999731779099,0.11999999731779099,0.11999999731779099,0.11999999731779099,10300
0.11999999731779099,0.11999999731779099,0.11999999731779099,0.11999999731779099,0.11999999731779099,0
0.11999999731779099,0.11999999731779099,0.11999999731779099,0.11999999731779099,0.11999999731779099,0
0.1120000034570694,0.1120000034570694,0.1120000034570694,0.1120000034570694,0.1120000034570694,300
0.08299999684095383,0.08299999684095383,0.08299999684095383,0.08299999684095383,0.08299999684095383,4100
