Open,High,Low,Close,Adj Close,Volume
0.17000000178813934,0.18000000715255737,0.17000000178813934,0.18000000715255737,0.18000000715255737,29000
0.14000000059604645,0.1899999976158142,0.14000000059604645,0.1899999976158142,0.1899999976158142,4300
0.1899999976158142,0.1899999976158142,0.1899999976158142,0.1899999976158142,0.1899999976158142,0
0.17000000178813934,0.1899999976158142,0.1599999964237213,0.18000000715255737,0.18000000715255737,59100
0.1899999976158142,0.1899999976158142,0.17000000178813934,0.18000000715255737,0.18000000715255737,22600
0.18000000715255737,0.18000000715255737,0.17000000178813934,0.17000000178813934,0.17000000178813934,34500
0.17000000178813934,0.1899999976158142,0.17000000178813934,0.1899999976158142,0.1899999976158142,600
0.1899999976158142,0.1899999976158142,0.1899999976158142,0.1899999976158142,0.1899999976158142,0
0.1599999964237213,0.17000000178813934,0.10000000149011612,0.14000000059604645,0.14000000059604645,228300
