Open,High,Low,Close,Adj Close,Volume
3.9800000190734863,4.447000026702881,3.950000047683716,4.090000152587891,4.090000152587891,85600
4.369999885559082,4.369999885559082,3.75,3.8399999141693115,3.8399999141693115,61000
3.7699999809265137,4.010000228881836,3.5999999046325684,3.7100000381469727,3.7100000381469727,37300
3.6500000953674316,3.9200000762939453,3.5999999046325684,3.690000057220459,3.690000057220459,58400
3.7100000381469727,3.930000066757202,3.6600000858306885,3.6600000858306885,3.6600000858306885,47800
3.6500000953674316,3.75,3.5999999046325684,3.740000009536743,3.740000009536743,5100
3.740000009536743,3.950000047683716,3.6700000762939453,3.930000066757202,3.930000066757202,12400
4.090000152587891,4.460000038146973,4.090000152587891,4.206999778747559,4.206999778747559,20800
4.150000095367432,4.96999979019165,4.150000095367432,4.599999904632568,4.599999904632568,62300
