Open,High,Low,Close,Adj Close,Volume
0.03564000129699707,0.038600001484155655,0.03564000129699707,0.03750000149011612,0.03750000149011612,4600
0.03420000150799751,0.03999999910593033,0.03420000150799751,0.03999999910593033,0.03999999910593033,4400
0.03420000150799751,0.03660000115633011,0.03420000150799751,0.03420000150799751,0.03420000150799751,31000
0.03590000048279762,0.03889999911189079,0.03420000150799751,0.03889999911189079,0.03889999911189079,1883
0.03420000150799751,0.03420000150799751,0.03420000150799751,0.03420000150799751,0.03420000150799751,43000
0.03420000150799751,0.03460000082850456,0.033399999141693115,0.03460000082850456,0.03460000082850456,55000
0.029999999329447746,0.029999999329447746,0.029999999329447746,0.029999999329447746,0.029999999329447746,12001
0.02500000037252903,0.03043000027537346,0.02500000037252903,0.026000000536441803,0.026000000536441803,94530
0.03790000081062317,0.03819999843835831,0.03790000081062317,0.03819999843835831,0.03819999843835831,7970
