Open,High,Low,Close,Adj Close,Volume
0.008999999612569809,0.008999999612569809,0.008999999612569809,0.008999999612569809,0.008999999612569809,3600
0.008999999612569809,0.008999999612569809,0.008999999612569809,0.008999999612569809,0.008999999612569809,0
0.008999999612569809,0.008999999612569809,0.008999999612569809,0.008999999612569809,0.008999999612569809,40000
0.009100000374019146,0.009999999776482582,0.009100000374019146,0.009999999776482582,0.009999999776482582,65500
0.010999999940395355,0.012500000186264515,0.009999999776482582,0.012500000186264515,0.012500000186264515,117106
0.014550000429153442,0.014550000429153442,0.014550000429153442,0.014550000429153442,0.014550000429153442,1001
0.016899999231100082,0.017999999225139618,0.009999999776482582,0.009999999776482582,0.009999999776482582,260000
0.009999999776482582,0.010099999606609344,0.009999999776482582,0.009999999776482582,0.009999999776482582,36250
0.009999999776482582,0.014800000004470348,0.009999999776482582,0.014800000004470348,0.014800000004470348,37950
