Open,High,Low,Close,Adj Close,Volume
0.7789999842643738,0.8399999737739563,0.6510000228881836,0.7990000247955322,0.7990000247955322,100400
0.753000020980835,0.800000011920929,0.6710000038146973,0.800000011920929,0.800000011920929,24400
0.7210000157356262,0.8799999952316284,0.7200000286102295,0.8799999952316284,0.8799999952316284,27700
0.8180000185966492,0.8999999761581421,0.8169999718666077,0.8790000081062317,0.8790000081062317,31100
0.8500000238418579,0.9020000100135803,0.8050000071525574,0.8999999761581421,0.8999999761581421,40400
0.8999999761581421,0.8999999761581421,0.8009999990463257,0.8259999752044678,0.8259999752044678,10300
0.7590000033378601,0.8999999761581421,0.7590000033378601,0.8360000252723694,0.8360000252723694,5400
0.7960000038146973,0.8360000252723694,0.7950000166893005,0.7960000038146973,0.7960000038146973,10900
0.7990000247955322,0.7990000247955322,0.6320000290870667,0.6320000290870667,0.6320000290870667,1900
