Open,High,Low,Close,Adj Close,Volume
3.299999952316284,3.5299999713897705,3.299999952316284,3.5299999713897705,3.5299999713897705,7500
3.299999952316284,3.369999885559082,3.25,3.2699999809265137,3.2699999809265137,5000
3.2200000286102295,3.450000047683716,3.200000047683716,3.200000047683716,3.200000047683716,1900
3.1500000953674316,3.3499999046325684,3.1500000953674316,3.3299999237060547,3.3299999237060547,2700
3.3299999237060547,3.3299999237060547,3.3299999237060547,3.3299999237060547,3.3299999237060547,400
3.0399999618530273,3.4800000190734863,3.0399999618530273,3.1500000953674316,3.1500000953674316,7600
3.2699999809265137,3.2699999809265137,3.2100000381469727,3.2100000381469727,3.2100000381469727,1400
2.930000066757202,3.200000047683716,2.930000066757202,3.130000114440918,3.130000114440918,5100
3.0999999046325684,3.0999999046325684,2.359999895095825,2.440000057220459,2.440000057220459,24600
