Open,High,Low,Close,Adj Close,Volume
3.25,3.2699999809265137,3.140000104904175,3.2300000190734863,3.2300000190734863,1316500
3.4800000190734863,4.650000095367432,3.359999895095825,4.559999942779541,4.559999942779541,17155200
4.400000095367432,4.880000114440918,4.21999979019165,4.75,4.75,7562700
4.679999828338623,4.760000228881836,4.070000171661377,4.179999828338623,4.179999828338623,4548500
4.179999828338623,4.360000133514404,3.950000047683716,4.190000057220459,4.190000057220459,2495600
4.320000171661377,4.730000019073486,4.130000114440918,4.460000038146973,4.460000038146973,3769900
4.519999980926514,4.519999980926514,4.130000114440918,4.300000190734863,4.300000190734863,2385200
4.260000228881836,4.659999847412109,4.239999771118164,4.650000095367432,4.650000095367432,2863000
4.820000171661377,5.769999980926514,4.699999809265137,5.690000057220459,5.690000057220459,11018900
