Open,High,Low,Close,Adj Close,Volume
0.7200000286102295,0.7940999865531921,0.6800000071525574,0.7252500057220459,0.7252500057220459,49181
0.7045999765396118,0.800000011920929,0.7045999765396118,0.7400000095367432,0.7400000095367432,32701
0.800000011920929,0.8259999752044678,0.75,0.7599999904632568,0.7599999904632568,36998
0.7799999713897705,0.8500000238418579,0.7226999998092651,0.7793999910354614,0.7793999910354614,40541
0.75,0.839900016784668,0.75,0.7519999742507935,0.7519999742507935,70474
0.7900000214576721,0.8349999785423279,0.7599999904632568,0.7894999980926514,0.7894999980926514,29297
0.8198999762535095,0.8198999762535095,0.7235999703407288,0.7235999703407288,0.7235999703407288,14935
0.7519000172615051,0.8050000071525574,0.7200999855995178,0.7799000144004822,0.7799000144004822,36014
0.699999988079071,0.699999988079071,0.29010000824928284,0.30000001192092896,0.30000001192092896,190090
