Open,High,Low,Close,Adj Close,Volume
0.017999999225139618,0.023000000044703484,0.017999999225139618,0.02199999988079071,0.02199999988079071,23400
0.020999999716877937,0.029999999329447746,0.019999999552965164,0.02199999988079071,0.02199999988079071,227400
0.017999999225139618,0.024000000208616257,0.017999999225139618,0.019999999552965164,0.019999999552965164,91500
0.017999999225139618,0.027000000700354576,0.017999999225139618,0.019999999552965164,0.019999999552965164,39300
0.019999999552965164,0.020999999716877937,0.019999999552965164,0.020999999716877937,0.020999999716877937,14700
0.019999999552965164,0.027000000700354576,0.019999999552965164,0.020999999716877937,0.020999999716877937,21200
0.024000000208616257,0.027000000700354576,0.020999999716877937,0.020999999716877937,0.020999999716877937,39800
0.019999999552965164,0.027000000700354576,0.019999999552965164,0.027000000700354576,0.027000000700354576,41500
0.026000000536441803,0.027000000700354576,0.019999999552965164,0.019999999552965164,0.019999999552965164,28200
