Open,High,Low,Close,Adj Close,Volume
1.149999976158142,1.2170000076293945,1.149999976158142,1.1799999475479126,1.1799999475479126,114800
1.1799999475479126,1.2100000381469727,1.149999976158142,1.187999963760376,1.187999963760376,41700
1.190000057220459,1.25,1.149999976158142,1.2000000476837158,1.2000000476837158,117200
1.2000000476837158,1.2000000476837158,1.1699999570846558,1.1820000410079956,1.1820000410079956,10600
1.1799999475479126,1.2200000286102295,1.149999976158142,1.1799999475479126,1.1799999475479126,43500
1.1799999475479126,1.225000023841858,1.1399999856948853,1.1649999618530273,1.1649999618530273,57600
1.2000000476837158,1.2799999713897705,1.1699999570846558,1.2599999904632568,1.2599999904632568,69200
1.2200000286102295,1.2400000095367432,1.090000033378601,1.159999966621399,1.159999966621399,63000
1.1299999952316284,1.1360000371932983,0.8209999799728394,0.8500000238418579,0.8500000238418579,119100
