Open,High,Low,Close,Adj Close,Volume
2.0399999618530273,2.1600000858306885,2.0399999618530273,2.0999999046325684,2.0999999046325684,7833
2.009999990463257,2.1600000858306885,2.009999990463257,2.0999999046325684,2.0999999046325684,1767
2.069999933242798,2.0999999046325684,2.0399999618530273,2.0999999046325684,2.0999999046325684,3033
2.1600000858306885,2.309999942779541,1.9800000190734863,2.196000099182129,2.196000099182129,12567
2.2799999713897705,2.2799999713897705,2.072999954223633,2.2049999237060547,2.2049999237060547,9800
2.25,2.4600000381469727,2.174999952316284,2.25,2.25,47400
2.130000114440918,2.25,2.0399999618530273,2.055000066757202,2.055000066757202,34600
2.0,2.890000104904175,1.840000033378601,2.880000114440918,2.880000114440918,479200
2.440000057220459,2.5399999618530273,2.009999990463257,2.069999933242798,2.069999933242798,122000
