Open,High,Low,Close,Adj Close,Volume
2.490000009536743,2.640000104904175,2.3499999046325684,2.640000104904175,2.640000104904175,83900
2.6500000953674316,3.0999999046325684,2.549999952316284,2.9049999713897705,2.9049999713897705,200300
2.9200000762939453,3.140000104904175,2.9000000953674316,2.9700000286102295,2.9700000286102295,72200
3.0,3.0299999713897705,2.759999990463257,2.819999933242798,2.819999933242798,78700
2.7799999713897705,3.0,1.5099999904632568,2.859999895095825,2.859999895095825,404400
3.0,3.0999999046325684,2.9000000953674316,3.0,3.0,68900
2.9600000381469727,3.2300000190734863,2.880000114440918,3.2200000286102295,3.2200000286102295,105200
3.2300000190734863,3.5999999046325684,3.2300000190734863,3.490000009536743,3.490000009536743,115100
3.5899999141693115,4.150000095367432,3.5199999809265137,4.019999980926514,4.019999980926514,430100
