Open,High,Low,Close,Adj Close,Volume
4.199999809265137,4.199999809265137,4.09499979019165,4.199999809265137,4.199999809265137,3676
4.199999809265137,4.409999847412109,4.09499979019165,4.199999809265137,4.199999809265137,2233
4.3470001220703125,4.3470001220703125,4.011000156402588,4.052999973297119,4.052999973297119,4081
3.990000009536743,4.326000213623047,3.990000009536743,4.073999881744385,4.073999881744385,2724
4.09499979019165,4.514999866485596,3.884999990463257,3.947999954223633,3.947999954223633,5600
3.884999990463257,4.1579999923706055,3.7799999713897705,4.13700008392334,4.13700008392334,4638
3.7799999713897705,4.514999866485596,3.7799999713897705,3.8429999351501465,3.8429999351501465,4905
3.884999990463257,3.947999954223633,3.7799999713897705,3.927000045776367,3.927000045776367,862
3.7799999713897705,3.884999990463257,2.9609999656677246,3.0239999294281006,3.0239999294281006,34152
