Open,High,Low,Close,Adj Close,Volume
0.1525000035762787,0.1525000035762787,0.1525000035762787,0.1525000035762787,0.1525000035762787,0
0.18850000202655792,0.18850000202655792,0.18850000202655792,0.18850000202655792,0.18850000202655792,1764
0.18850000202655792,0.18850000202655792,0.18850000202655792,0.18850000202655792,0.18850000202655792,0
0.18729999661445618,0.18729999661445618,0.18729999661445618,0.18729999661445618,0.18729999661445618,480
0.18729999661445618,0.18729999661445618,0.18729999661445618,0.18729999661445618,0.18729999661445618,0
0.18729999661445618,0.18729999661445618,0.18729999661445618,0.18729999661445618,0.18729999661445618,0
0.20000000298023224,0.20000000298023224,0.19249999523162842,0.20000000298023224,0.20000000298023224,9200
0.20000000298023224,0.20000000298023224,0.20000000298023224,0.20000000298023224,0.20000000298023224,0
0.19200000166893005,0.19200000166893005,0.1550000011920929,0.1550000011920929,0.1550000011920929,1600
