Open,High,Low,Close,Adj Close,Volume
3.2899999618530273,3.3299999237060547,3.180000066757202,3.319999933242798,3.319999933242798,5900
3.25,3.5999999046325684,3.2200000286102295,3.2899999618530273,3.2899999618530273,15400
3.380000114440918,3.5199999809265137,3.302000045776367,3.390000104904175,3.390000104904175,12700
3.380000114440918,3.4600000381469727,3.1500000953674316,3.1500000953674316,3.1500000953674316,75900
3.049999952316284,3.2899999618530273,3.049999952316284,3.234999895095825,3.234999895095825,19900
3.25,3.25,3.009999990463257,3.1500000953674316,3.1500000953674316,19900
3.0999999046325684,3.119999885559082,3.0,3.0199999809265137,3.0199999809265137,38200
2.9700000286102295,3.265000104904175,2.9700000286102295,3.049999952316284,3.049999952316284,27000
3.0999999046325684,3.75,3.0999999046325684,3.549999952316284,3.549999952316284,40500
