Open,High,Low,Close,Adj Close,Volume
0.7960000038146973,0.7990000247955322,0.699999988079071,0.7110000252723694,0.7110000252723694,342300
0.7200000286102295,0.7599999904632568,0.7070000171661377,0.7490000128746033,0.7490000128746033,640600
0.7649999856948853,0.7879999876022339,0.699999988079071,0.7099999785423279,0.7099999785423279,594400
0.7200000286102295,0.7400000095367432,0.5870000123977661,0.6779999732971191,0.6779999732971191,725500
0.6899999976158142,0.7009999752044678,0.5799999833106995,0.593999981880188,0.593999981880188,675500
0.593999981880188,0.609000027179718,0.47999998927116394,0.5,0.5,795100
0.49000000953674316,0.5490000247955322,0.4230000078678131,0.5370000004768372,0.5370000004768372,1220800
0.5379999876022339,0.5379999876022339,0.47999998927116394,0.4909999966621399,0.4909999966621399,531300
0.47999998927116394,0.4819999933242798,0.35100001096725464,0.36800000071525574,0.36800000071525574,1222200
