Open,High,Low,Close,Adj Close,Volume
1.100000023841858,1.1200000047683716,1.100000023841858,1.1200000047683716,1.1200000047683716,19700
1.0099999904632568,1.090000033378601,1.0099999904632568,1.090000033378601,1.090000033378601,37300
1.0,1.149999976158142,0.949999988079071,1.149999976158142,1.149999976158142,1400
1.1399999856948853,1.1399999856948853,1.1399999856948853,1.1399999856948853,1.1399999856948853,2400
1.090000033378601,1.190000057220459,1.0750000476837158,1.0750000476837158,1.0750000476837158,11400
1.0700000524520874,1.0700000524520874,1.0700000524520874,1.0700000524520874,1.0700000524520874,500
1.0199999809265137,1.0399999618530273,1.0199999809265137,1.0199999809265137,1.0199999809265137,14600
1.0,1.0199999809265137,0.8500000238418579,0.8500000238418579,0.8500000238418579,44400
1.0499999523162842,1.0499999523162842,1.0,1.0,1.0,3400
