Open,High,Low,Close,Adj Close,Volume
0.017999999225139618,0.017999999225139618,0.012000000104308128,0.017999999225139618,0.017999999225139618,53354
0.017999999225139618,0.017999999225139618,0.017000000923871994,0.017999999225139618,0.017999999225139618,191488
0.017000000923871994,0.017000000923871994,0.009999999776482582,0.009999999776482582,0.009999999776482582,15000
0.019899999722838402,0.024000000208616257,0.019899999722838402,0.024000000208616257,0.024000000208616257,28750
0.024000000208616257,0.024000000208616257,0.024000000208616257,0.024000000208616257,0.024000000208616257,5000
0.01600000075995922,0.01600000075995922,0.01600000075995922,0.01600000075995922,0.01600000075995922,150
0.023499999195337296,0.023499999195337296,0.023499999195337296,0.023499999195337296,0.023499999195337296,679
0.023000000044703484,0.023000000044703484,0.023000000044703484,0.023000000044703484,0.023000000044703484,1500
0.017000000923871994,0.023000000044703484,0.016499999910593033,0.016499999910593033,0.016499999910593033,36350
