Open,High,Low,Close,Adj Close,Volume
0.06300000101327896,0.06300000101327896,0.06300000101327896,0.06300000101327896,0.06300000101327896,87000
0.06300000101327896,0.06300000101327896,0.06300000101327896,0.06300000101327896,0.06300000101327896,70000
0.06300000101327896,0.06300000101327896,0.06300000101327896,0.06300000101327896,0.06300000101327896,0
0.06400000303983688,0.0729999989271164,0.06400000303983688,0.0729999989271164,0.0729999989271164,67000
0.06400000303983688,0.06499999761581421,0.06400000303983688,0.06499999761581421,0.06499999761581421,31100
0.06499999761581421,0.06499999761581421,0.06499999761581421,0.06499999761581421,0.06499999761581421,9000
0.06400000303983688,0.06400000303983688,0.06400000303983688,0.06400000303983688,0.06400000303983688,150000
0.06400000303983688,0.06400000303983688,0.06400000303983688,0.06400000303983688,0.06400000303983688,0
0.07500000298023224,0.08299999684095383,0.07500000298023224,0.08299999684095383,0.08299999684095383,110000
