Open,High,Low,Close,Adj Close,Volume
0.022199999541044235,0.022199999541044235,0.022199999541044235,0.022199999541044235,0.022199999541044235,0
0.022199999541044235,0.022199999541044235,0.022199999541044235,0.022199999541044235,0.022199999541044235,0
0.022199999541044235,0.022199999541044235,0.022199999541044235,0.022199999541044235,0.022199999541044235,0
0.022199999541044235,0.022199999541044235,0.022199999541044235,0.022199999541044235,0.022199999541044235,0
0.023900000378489494,0.023900000378489494,0.023499999195337296,0.023649999871850014,0.023649999871850014,11333
0.023499999195337296,0.023499999195337296,0.023499999195337296,0.023499999195337296,0.023499999195337296,10000
0.023499999195337296,0.023499999195337296,0.023499999195337296,0.023499999195337296,0.023499999195337296,0
0.023250000551342964,0.023250000551342964,0.023250000551342964,0.023250000551342964,0.023250000551342964,6500
0.02500000037252903,0.029419999569654465,0.02500000037252903,0.029419999569654465,0.029419999569654465,57100
