Open,High,Low,Close,Adj Close,Volume
0.27000001072883606,0.30000001192092896,0.25,0.2800000011920929,0.2800000011920929,199400
0.28999999165534973,0.30000001192092896,0.25,0.27000001072883606,0.27000001072883606,294800
0.2800000011920929,0.28999999165534973,0.27000001072883606,0.27000001072883606,0.27000001072883606,95800
0.30000001192092896,0.30000001192092896,0.2800000011920929,0.2800000011920929,0.2800000011920929,320500
0.30000001192092896,0.3100000023841858,0.27000001072883606,0.28999999165534973,0.28999999165534973,221700
0.30000001192092896,0.3100000023841858,0.27000001072883606,0.3100000023841858,0.3100000023841858,612800
0.33000001311302185,0.4000000059604645,0.3100000023841858,0.3499999940395355,0.3499999940395355,1280300
0.4399999976158142,0.4399999976158142,0.33000001311302185,0.4000000059604645,0.4000000059604645,424800
0.4300000071525574,0.44999998807907104,0.28999999165534973,0.3199999928474426,0.3199999928474426,20637900
