Open,High,Low,Close,Adj Close,Volume
0.009999999776482582,0.012000000104308128,0.009999999776482582,0.012000000104308128,0.012000000104308128,30000
0.010999999940395355,0.014999999664723873,0.010999999940395355,0.013000000268220901,0.013000000268220901,28600
0.013000000268220901,0.013000000268220901,0.012000000104308128,0.012000000104308128,0.012000000104308128,8200
0.014999999664723873,0.014999999664723873,0.012000000104308128,0.012000000104308128,0.012000000104308128,145500
0.012000000104308128,0.014999999664723873,0.012000000104308128,0.014999999664723873,0.014999999664723873,531200
0.01600000075995922,0.017999999225139618,0.01600000075995922,0.017000000923871994,0.017000000923871994,127400
0.014000000432133675,0.02199999988079071,0.013000000268220901,0.01899999938905239,0.01899999938905239,582100
0.01600000075995922,0.023000000044703484,0.014000000432133675,0.01899999938905239,0.01899999938905239,454500
0.01899999938905239,0.027000000700354576,0.014999999664723873,0.014999999664723873,0.014999999664723873,471100
