Open,High,Low,Close,Adj Close,Volume
6.860000133514404,6.96999979019165,6.190000057220459,6.619999885559082,6.619999885559082,1067400
6.480000019073486,6.690000057220459,6.425000190734863,6.679999828338623,6.679999828338623,625500
6.590000152587891,6.590000152587891,6.21999979019165,6.309999942779541,6.309999942779541,1081200
6.329999923706055,6.364999771118164,6.179999828338623,6.260000228881836,6.260000228881836,695500
6.239999771118164,6.335000038146973,6.150000095367432,6.230000019073486,6.230000019073486,880600
6.210000038146973,6.420000076293945,6.159999847412109,6.389999866485596,6.389999866485596,727500
6.420000076293945,6.75,6.420000076293945,6.699999809265137,6.699999809265137,1245100
8.0600004196167,9.199999809265137,7.809999942779541,8.710000038146973,8.710000038146973,11525200
8.829999923706055,9.0,8.291999816894531,8.350000381469727,8.350000381469727,2673300
