Open,High,Low,Close,Adj Close,Volume
0.050999999046325684,0.050999999046325684,0.050999999046325684,0.050999999046325684,0.050999999046325684,511
0.050999999046325684,0.050999999046325684,0.050999999046325684,0.050999999046325684,0.050999999046325684,0
0.05389999970793724,0.05389999970793724,0.05389999970793724,0.05389999970793724,0.05389999970793724,10216
0.05389999970793724,0.05389999970793724,0.05389999970793724,0.05389999970793724,0.05389999970793724,0
0.054999999701976776,0.054999999701976776,0.054999999701976776,0.054999999701976776,0.054999999701976776,3000
0.054999999701976776,0.054999999701976776,0.054999999701976776,0.054999999701976776,0.054999999701976776,0
0.054999999701976776,0.054999999701976776,0.054999999701976776,0.054999999701976776,0.054999999701976776,0
0.035999998450279236,0.035999998450279236,0.003100000089034438,0.003100000089034438,0.003100000089034438,39443
0.05000000074505806,0.05000000074505806,0.05000000074505806,0.05000000074505806,0.05000000074505806,5000
