Open,High,Low,Close,Adj Close,Volume
0.9850000143051147,1.0099999904632568,0.9399999976158142,1.0,1.0,31000
0.9950000047683716,1.0700000524520874,0.9950000047683716,1.0299999713897705,1.0299999713897705,38200
1.0099999904632568,1.059999942779541,0.9200000166893005,0.9800000190734863,0.9800000190734863,113700
0.9800000190734863,1.2350000143051147,0.9340000152587891,1.159999966621399,1.159999966621399,556100
1.100000023841858,1.2000000476837158,0.9700000286102295,1.1100000143051147,1.1100000143051147,1220400
1.090000033378601,1.090000033378601,0.9900000095367432,1.0549999475479126,1.0549999475479126,304000
1.149999976158142,1.25,1.0299999713897705,1.149999976158142,1.149999976158142,2410000
1.149999976158142,1.5499999523162842,1.100000023841858,1.4800000190734863,1.4800000190734863,754300
1.3700000047683716,1.3700000047683716,1.1519999504089355,1.1699999570846558,1.1699999570846558,275200
