Open,High,Low,Close,Adj Close,Volume
0.9900000095367432,1.0099999904632568,0.9449999928474426,1.0099999904632568,1.0099999904632568,1741300
1.0099999904632568,1.0299999713897705,0.9890000224113464,1.0099999904632568,1.0099999904632568,1753200
1.0199999809265137,1.0299999713897705,0.9190000295639038,0.925000011920929,0.925000011920929,6134400
0.9610000252723694,0.9610000252723694,0.8799999952316284,0.9190000295639038,0.9190000295639038,2967500
0.925000011920929,0.9399999976158142,0.9200000166893005,0.9300000071525574,0.9300000071525574,1302500
0.949999988079071,0.9620000123977661,0.921999990940094,0.9359999895095825,0.9359999895095825,885100
0.9539999961853027,0.9599999785423279,0.9300000071525574,0.9549999833106995,0.9549999833106995,750700
0.9649999737739563,0.9649999737739563,0.9440000057220459,0.9599999785423279,0.9599999785423279,934900
0.9599999785423279,0.9700000286102295,0.9290000200271606,0.9470000267028809,0.9470000267028809,1296400
