Open,High,Low,Close,Adj Close,Volume
1.100000023841858,1.1399999856948853,1.0499999523162842,1.1200000047683716,1.1200000047683716,3231300
1.1299999952316284,1.25,1.1050000190734863,1.25,1.25,4509300
1.2300000190734863,1.3200000524520874,1.1699999570846558,1.2200000286102295,1.2200000286102295,4480200
1.2000000476837158,1.2200000286102295,1.059999942779541,1.1399999856948853,1.1399999856948853,4402800
1.2599999904632568,1.4299999475479126,1.2300000190734863,1.2599999904632568,1.2599999904632568,8812900
1.2599999904632568,1.3300000429153442,1.1950000524520874,1.2400000095367432,1.2400000095367432,3708600
1.25,1.2599999904632568,1.1200000047683716,1.1299999952316284,1.1299999952316284,2520500
1.1200000047683716,1.149999976158142,1.0399999618530273,1.1399999856948853,1.1399999856948853,3266700
1.0700000524520874,1.0700000524520874,0.8610000014305115,0.9039999842643738,0.9039999842643738,17683600
