Open,High,Low,Close,Adj Close,Volume
8.649999618530273,9.380000114440918,8.649999618530273,9.0600004196167,9.0600004196167,25100
9.520000457763672,12.5,9.390000343322754,10.850000381469727,10.850000381469727,139900
10.930000305175781,14.0,10.930000305175781,13.1899995803833,13.1899995803833,124000
14.699999809265137,16.549999237060547,12.100000381469727,13.510000228881836,13.510000228881836,107500
17.989999771118164,17.989999771118164,10.119999885559082,13.800000190734863,13.800000190734863,192900
13.170000076293945,15.800000190734863,12.199999809265137,14.25,14.25,133200
13.670000076293945,13.989999771118164,10.510000228881836,11.300000190734863,11.300000190734863,166300
11.3100004196167,11.87399959564209,9.5,9.869999885559082,9.869999885559082,75400
9.600000381469727,9.600000381469727,7.099999904632568,7.440000057220459,7.440000057220459,149800
