Open,High,Low,Close,Adj Close,Volume
0.01209999993443489,0.014999999664723873,0.01209999993443489,0.014999999664723873,0.014999999664723873,4700
0.014999999664723873,0.014999999664723873,0.014999999664723873,0.014999999664723873,0.014999999664723873,0
0.0157299991697073,0.017000000923871994,0.014089999720454216,0.017000000923871994,0.017000000923871994,63327
0.013000000268220901,0.02249000035226345,0.013000000268220901,0.020999999716877937,0.020999999716877937,84862
0.02239999920129776,0.02239999920129776,0.020999999716877937,0.020999999716877937,0.020999999716877937,10532
0.020999999716877937,0.025140000507235527,0.020999999716877937,0.02199999988079071,0.02199999988079071,22590
0.023000000044703484,0.023000000044703484,0.020999999716877937,0.020999999716877937,0.020999999716877937,600
0.020999999716877937,0.02216999977827072,0.020999999716877937,0.020999999716877937,0.020999999716877937,20484
0.01510000042617321,0.024900000542402267,0.01510000042617321,0.01510000042617321,0.01510000042617321,6073
