Open,High,Low,Close,Adj Close,Volume
0.3400000035762787,0.3619999885559082,0.3179999887943268,0.3619999885559082,0.3619999885559082,117900
0.3619999885559082,0.3619999885559082,0.3619999885559082,0.3619999885559082,0.3619999885559082,0
0.3619999885559082,0.3619999885559082,0.3619999885559082,0.3619999885559082,0.3619999885559082,0
0.3700000047683716,0.3700000047683716,0.3199999928474426,0.3700000047683716,0.3700000047683716,9400
0.32100000977516174,0.32100000977516174,0.32100000977516174,0.32100000977516174,0.32100000977516174,700
0.3400000035762787,0.3400000035762787,0.3400000035762787,0.3400000035762787,0.3400000035762787,300
0.36000001430511475,0.36000001430511475,0.36000001430511475,0.36000001430511475,0.36000001430511475,2400
0.36000001430511475,0.36000001430511475,0.36000001430511475,0.36000001430511475,0.36000001430511475,0
0.3400000035762787,0.3400000035762787,0.3400000035762787,0.3400000035762787,0.3400000035762787,140000
