Open,High,Low,Close,Adj Close,Volume
5.800000190734863,5.960000038146973,5.800000190734863,5.860000133514404,5.860000133514404,115000
5.909999847412109,6.079999923706055,5.840000152587891,5.900000095367432,5.900000095367432,252300
5.900000095367432,6.03000020980835,5.730000019073486,5.940000057220459,5.940000057220459,261500
6.0,6.110000133514404,5.900000095367432,6.059999942779541,6.059999942779541,159300
6.050000190734863,6.150000095367432,5.989999771118164,6.039999961853027,6.039999961853027,138500
6.090000152587891,6.179999828338623,5.960000038146973,6.099999904632568,6.099999904632568,171200
6.130000114440918,6.210000038146973,6.019999980926514,6.110000133514404,6.110000133514404,149900
6.130000114440918,6.210000038146973,6.059999942779541,6.210000038146973,6.210000038146973,187000
6.230000019073486,6.949999809265137,6.199999809265137,6.929999828338623,6.929999828338623,479800
