Open,High,Low,Close,Adj Close,Volume
4.75,5.0,4.699999809265137,4.900000095367432,4.900000095367432,172600
4.920000076293945,4.989999771118164,4.703999996185303,4.869999885559082,4.869999885559082,211600
4.78000020980835,5.010000228881836,4.369999885559082,4.489999771118164,4.489999771118164,249500
4.349999904632568,4.71999979019165,4.349999904632568,4.679999828338623,4.679999828338623,100400
4.670000076293945,4.789999961853027,4.559999942779541,4.699999809265137,4.699999809265137,62600
4.800000190734863,5.159999847412109,4.679999828338623,5.159999847412109,5.159999847412109,214300
5.170000076293945,5.559999942779541,5.03000020980835,5.199999809265137,5.199999809265137,267400
5.389999866485596,5.400000095367432,5.195000171661377,5.360000133514404,5.360000133514404,219800
5.349999904632568,6.25,5.329999923706055,5.96999979019165,5.96999979019165,581400
