Open,High,Low,Close,Adj Close,Volume
0.17000000178813934,0.17499999701976776,0.15293000638484955,0.15293000638484955,0.15293000638484955,67260
0.1704999953508377,0.18000000715255737,0.1704999953508377,0.17499999701976776,0.17499999701976776,29815
0.15760000050067902,0.17499999701976776,0.15760000050067902,0.17430000007152557,0.17430000007152557,108585
0.16120000183582306,0.17710000276565552,0.16120000183582306,0.16944999992847443,0.16944999992847443,66882
0.16756999492645264,0.1776999980211258,0.16756999492645264,0.1745000034570694,0.1745000034570694,27777
0.17499999701976776,0.17499999701976776,0.17499999701976776,0.17499999701976776,0.17499999701976776,2004
0.18000000715255737,0.18000000715255737,0.1720000058412552,0.1720000058412552,0.1720000058412552,6000
0.1720000058412552,0.1720000058412552,0.1720000058412552,0.1720000058412552,0.1720000058412552,12901
0.1525000035762787,0.1525000035762787,0.13199999928474426,0.13199999928474426,0.13199999928474426,260650
