Open,High,Low,Close,Adj Close,Volume
0.019999999552965164,0.019999999552965164,0.019999999552965164,0.019999999552965164,0.019999999552965164,400
0.019999999552965164,0.029999999329447746,0.019999999552965164,0.029999999329447746,0.029999999329447746,60300
0.019999999552965164,0.029999999329447746,0.019999999552965164,0.029999999329447746,0.029999999329447746,300
0.019999999552965164,0.029999999329447746,0.019999999552965164,0.029999999329447746,0.029999999329447746,300
0.019999999552965164,0.029999999329447746,0.019999999552965164,0.029999999329447746,0.029999999329447746,500
0.029999999329447746,0.029999999329447746,0.019999999552965164,0.019999999552965164,0.019999999552965164,6300
0.019999999552965164,0.029999999329447746,0.019999999552965164,0.019999999552965164,0.019999999552965164,500
0.019999999552965164,0.029999999329447746,0.019999999552965164,0.029999999329447746,0.029999999329447746,900
0.019999999552965164,0.019999999552965164,0.019999999552965164,0.019999999552965164,0.019999999552965164,1900
