Open,High,Low,Close,Adj Close,Volume
2.549999952316284,2.609999895095825,2.4000000953674316,2.5,2.5,87500
2.4600000381469727,2.632999897003174,2.4600000381469727,2.549999952316284,2.549999952316284,46900
2.6600000858306885,2.6600000858306885,2.490000009536743,2.569999933242798,2.569999933242798,30100
2.609999895095825,2.6600000858306885,2.4200000762939453,2.490000009536743,2.490000009536743,54800
2.509999990463257,2.5199999809265137,2.4200000762939453,2.490000009536743,2.490000009536743,32200
2.450000047683716,2.569999933242798,2.4000000953674316,2.4600000381469727,2.4600000381469727,43800
2.5199999809265137,2.7799999713897705,2.4800000190734863,2.5899999141693115,2.5899999141693115,309600
2.5999999046325684,2.7100000381469727,2.559999942779541,2.5799999237060547,2.5799999237060547,155700
2.6600000858306885,3.200000047683716,2.619999885559082,2.930000066757202,2.930000066757202,403500
