Open,High,Low,Close,Adj Close,Volume
0.014999999664723873,0.014999999664723873,0.014999999664723873,0.014999999664723873,0.014999999664723873,0
0.014999999664723873,0.014999999664723873,0.014999999664723873,0.014999999664723873,0.014999999664723873,0
0.014999999664723873,0.014999999664723873,0.014999999664723873,0.014999999664723873,0.014999999664723873,0
0.014999999664723873,0.014999999664723873,0.010999999940395355,0.014999999664723873,0.014999999664723873,60800
0.009999999776482582,0.009999999776482582,0.009999999776482582,0.009999999776482582,0.009999999776482582,100
0.014999999664723873,0.014999999664723873,0.014999999664723873,0.014999999664723873,0.014999999664723873,14800
0.01899999938905239,0.01899999938905239,0.01899999938905239,0.01899999938905239,0.01899999938905239,5000
0.017000000923871994,0.017000000923871994,0.017000000923871994,0.017000000923871994,0.017000000923871994,400
0.012000000104308128,0.012000000104308128,0.012000000104308128,0.012000000104308128,0.012000000104308128,2400
