Open,High,Low,Close,Adj Close,Volume
0.029999999329447746,0.029999999329447746,0.029999999329447746,0.029999999329447746,0.029999999329447746,0
0.029999999329447746,0.03999999910593033,0.029999999329447746,0.03999999910593033,0.03999999910593033,2200
0.03999999910593033,0.03999999910593033,0.029999999329447746,0.029999999329447746,0.029999999329447746,2600
0.029999999329447746,0.029999999329447746,0.029999999329447746,0.029999999329447746,0.029999999329447746,0
0.029999999329447746,0.029999999329447746,0.029999999329447746,0.029999999329447746,0.029999999329447746,1000
0.029999999329447746,0.029999999329447746,0.029999999329447746,0.029999999329447746,0.029999999329447746,4000
0.029999999329447746,0.029999999329447746,0.029999999329447746,0.029999999329447746,0.029999999329447746,300
0.029999999329447746,0.029999999329447746,0.029999999329447746,0.029999999329447746,0.029999999329447746,1000
0.03999999910593033,0.03999999910593033,0.029999999329447746,0.03999999910593033,0.03999999910593033,9200
0.029999999329447746,0.029999999329447746,0.029999999329447746,0.029999999329447746,0.029999999329447746,3400
