Open,High,Low,Close,Adj Close,Volume
0.4749999940395355,0.5199999809265137,0.4650000035762787,0.48899999260902405,0.48899999260902405,80500
0.5009999871253967,0.5009999871253967,0.460999995470047,0.48399999737739563,0.48399999737739563,22200
0.4950000047683716,0.4950000047683716,0.4399999976158142,0.45399999618530273,0.45399999618530273,56000
0.4410000145435333,0.6620000004768372,0.4410000145435333,0.5870000123977661,0.5870000123977661,1313000
0.6380000114440918,0.7269999980926514,0.5220000147819519,0.6230000257492065,0.6230000257492065,3454600
0.6499999761581421,0.800000011920929,0.6299999952316284,0.7749999761581421,0.7749999761581421,1510000
0.753000020980835,0.9750000238418579,0.7229999899864197,0.8709999918937683,0.8709999918937683,2249000
0.8999999761581421,0.9850000143051147,0.7099999785423279,0.7149999737739563,0.7149999737739563,1540600
0.8190000057220459,0.8299999833106995,0.49300000071525574,0.5299999713897705,0.5299999713897705,1653500
