Open,High,Low,Close,Adj Close,Volume
0.02800000086426735,0.02800000086426735,0.023000000044703484,0.023000000044703484,0.023000000044703484,154600
0.024000000208616257,0.024000000208616257,0.024000000208616257,0.024000000208616257,0.024000000208616257,24000
0.029999999329447746,0.029999999329447746,0.029999999329447746,0.029999999329447746,0.029999999329447746,1600
0.023000000044703484,0.028999999165534973,0.023000000044703484,0.02500000037252903,0.02500000037252903,3000
0.026000000536441803,0.028999999165534973,0.023000000044703484,0.023000000044703484,0.023000000044703484,10300
0.02800000086426735,0.03999999910593033,0.023000000044703484,0.027000000700354576,0.027000000700354576,116000
0.039000000804662704,0.039000000804662704,0.029999999329447746,0.03500000014901161,0.03500000014901161,17500
0.023000000044703484,0.03400000184774399,0.023000000044703484,0.03400000184774399,0.03400000184774399,69500
0.03200000151991844,0.03400000184774399,0.02199999988079071,0.03400000184774399,0.03400000184774399,43600
