Open,High,Low,Close,Adj Close,Volume
0.009999999776482582,0.011500000022351742,0.009999999776482582,0.010900000110268593,0.010900000110268593,1285
0.009999999776482582,0.011500000022351742,0.008999999612569809,0.008999999612569809,0.008999999612569809,73033
0.00860000029206276,0.020800000056624413,0.00860000029206276,0.01614999957382679,0.01614999957382679,38630
0.011500000022351742,0.02199999988079071,0.009999999776482582,0.020999999716877937,0.020999999716877937,259219
0.02199999988079071,0.029999999329447746,0.013299999758601189,0.023000000044703484,0.023000000044703484,290838
0.023000000044703484,0.03750000149011612,0.023000000044703484,0.032999999821186066,0.032999999821186066,237684
0.029999999329447746,0.04600000008940697,0.0210999995470047,0.03200000151991844,0.03200000151991844,600421
0.039500001817941666,0.05900000035762787,0.039500001817941666,0.05000000074505806,0.05000000074505806,368099
0.05000000074505806,0.05000000074505806,0.029999999329447746,0.029999999329447746,0.029999999329447746,225291
