Open,High,Low,Close,Adj Close,Volume
0.065700002014637,0.065700002014637,0.0625,0.06560000032186508,0.06560000032186508,400015
0.06560000032186508,0.06560000032186508,0.06560000032186508,0.06560000032186508,0.06560000032186508,0
0.06560000032186508,0.06560000032186508,0.06560000032186508,0.06560000032186508,0.06560000032186508,0
0.06700000166893005,0.06700000166893005,0.06700000166893005,0.06700000166893005,0.06700000166893005,600000
0.10000000149011612,0.10000000149011612,0.10000000149011612,0.10000000149011612,0.10000000149011612,15000
0.10000000149011612,0.10000000149011612,0.10000000149011612,0.10000000149011612,0.10000000149011612,0
0.10000000149011612,0.10000000149011612,0.10000000149011612,0.10000000149011612,0.10000000149011612,0
0.10000000149011612,0.10000000149011612,0.10000000149011612,0.10000000149011612,0.10000000149011612,0
0.08595000207424164,0.08595000207424164,0.06650000065565109,0.06650000065565109,0.06650000065565109,312000
