Open,High,Low,Close,Adj Close,Volume
0.14000000059604645,0.20000000298023224,0.14000000059604645,0.15000000596046448,0.15000000596046448,37560
0.15000000596046448,0.15000000596046448,0.15000000596046448,0.15000000596046448,0.15000000596046448,0
0.1899999976158142,0.20999999344348907,0.15000000596046448,0.1899999976158142,0.1899999976158142,413554
0.16500000655651093,0.16644999384880066,0.16500000655651093,0.16644999384880066,0.16644999384880066,2000
0.18000000715255737,0.18000000715255737,0.17499999701976776,0.17499999701976776,0.17499999701976776,9500
0.1899999976158142,0.20000000298023224,0.1775899976491928,0.20000000298023224,0.20000000298023224,33172
0.18000000715255737,0.20000000298023224,0.15000000596046448,0.20000000298023224,0.20000000298023224,31000
0.20000000298023224,0.20000000298023224,0.20000000298023224,0.20000000298023224,0.20000000298023224,0
0.1599999964237213,0.1599999964237213,0.1599999964237213,0.1599999964237213,0.1599999964237213,2000
