Open,High,Low,Close,Adj Close,Volume
4.590000152587891,4.65500020980835,4.349999904632568,4.380000114440918,4.380000114440918,511300
4.46999979019165,4.614999771118164,4.389999866485596,4.579999923706055,4.579999923706055,396300
4.519999980926514,4.96999979019165,4.460000038146973,4.920000076293945,4.920000076293945,795300
4.920000076293945,5.349999904632568,4.829999923706055,5.070000171661377,5.070000171661377,1804600
5.070000171661377,5.090000152587891,4.5,4.619999885559082,4.619999885559082,1064100
4.75,4.900000095367432,4.539999961853027,4.769999980926514,4.769999980926514,630600
4.800000190734863,4.940000057220459,4.699999809265137,4.909999847412109,4.909999847412109,529200
4.900000095367432,5.170000076293945,4.889999866485596,4.980000019073486,4.980000019073486,957800
4.980000019073486,5.659999847412109,4.980000019073486,5.559999942779541,5.559999942779541,1422200
