Open,High,Low,Close,Adj Close,Volume
0.05249999836087227,0.05249999836087227,0.05249999836087227,0.05249999836087227,0.05249999836087227,0
0.052299998700618744,0.052299998700618744,0.052299998700618744,0.052299998700618744,0.052299998700618744,2500
0.052299998700618744,0.052299998700618744,0.052299998700618744,0.052299998700618744,0.052299998700618744,0
0.052299998700618744,0.052299998700618744,0.052299998700618744,0.052299998700618744,0.052299998700618744,0
0.052299998700618744,0.052299998700618744,0.052299998700618744,0.052299998700618744,0.052299998700618744,0
0.052299998700618744,0.052299998700618744,0.052299998700618744,0.052299998700618744,0.052299998700618744,0
0.052299998700618744,0.052299998700618744,0.052299998700618744,0.052299998700618744,0.052299998700618744,0
0.052299998700618744,0.052299998700618744,0.052299998700618744,0.052299998700618744,0.052299998700618744,0
0.03750000149011612,0.03750000149011612,0.03629999980330467,0.03629999980330467,0.03629999980330467,13000
