Open,High,Low,Close,Adj Close,Volume
0.05000000074505806,0.05000000074505806,0.05000000074505806,0.05000000074505806,0.05000000074505806,400
0.05000000074505806,0.05000000074505806,0.05000000074505806,0.05000000074505806,0.05000000074505806,19200
0.03999999910593033,0.05000000074505806,0.03999999910593033,0.05000000074505806,0.05000000074505806,2500
0.05999999865889549,0.05999999865889549,0.05000000074505806,0.05000000074505806,0.05000000074505806,18400
0.05000000074505806,0.05000000074505806,0.05000000074505806,0.05000000074505806,0.05000000074505806,5800
0.05000000074505806,0.05000000074505806,0.03999999910593033,0.05000000074505806,0.05000000074505806,51200
0.03999999910593033,0.05000000074505806,0.03999999910593033,0.05000000074505806,0.05000000074505806,35000
0.05000000074505806,0.05000000074505806,0.05000000074505806,0.05000000074505806,0.05000000074505806,100
0.05000000074505806,0.05000000074505806,0.05000000074505806,0.05000000074505806,0.05000000074505806,3100
0.05000000074505806,0.05999999865889549,0.03999999910593033,0.05999999865889549,0.05999999865889549,21900
