Open,High,Low,Close,Adj Close,Volume
1.75,1.7799999713897705,1.659999966621399,1.7100000381469727,1.7100000381469727,305700
1.6799999475479126,1.7000000476837158,1.399999976158142,1.5,1.5,810000
1.5499999523162842,1.590000033378601,1.309999942779541,1.4299999475479126,1.4299999475479126,821800
1.440000057220459,1.5399999618530273,1.409999966621399,1.4199999570846558,1.4199999570846558,261200
1.440000057220459,1.4700000286102295,1.3300000429153442,1.3799999952316284,1.3799999952316284,557600
1.3799999952316284,1.399999976158142,1.190000057220459,1.2699999809265137,1.2699999809265137,559200
1.2799999713897705,1.2799999713897705,1.1799999475479126,1.2200000286102295,1.2200000286102295,443500
1.2799999713897705,1.4600000381469727,1.159999966621399,1.25,1.25,2558300
0.7979999780654907,1.100000023841858,0.75,0.9599999785423279,0.9599999785423279,4050600
