Open,High,Low,Close,Adj Close,Volume
2.9000000953674316,2.9000000953674316,2.7100000381469727,2.8499999046325684,2.8499999046325684,51000
2.869999885559082,2.880000114440918,2.7119998931884766,2.869999885559082,2.869999885559082,37300
2.7200000286102295,2.9000000953674316,2.7200000286102295,2.9000000953674316,2.9000000953674316,38400
2.799999952316284,2.9000000953674316,2.799999952316284,2.880000114440918,2.880000114440918,12500
2.880000114440918,2.880000114440918,2.6500000953674316,2.7699999809265137,2.7699999809265137,49500
2.759999990463257,2.8499999046325684,2.4030001163482666,2.7799999713897705,2.7799999713897705,84400
2.8299999237060547,2.869999885559082,2.450000047683716,2.625,2.625,87700
2.5799999237060547,2.690000057220459,2.4700000286102295,2.6700000762939453,2.6700000762939453,26100
2.4800000190734863,2.549999952316284,1.7100000381469727,1.9500000476837158,1.9500000476837158,226000
