Open,High,Low,Close,Adj Close,Volume
0.035100001841783524,0.035100001841783524,0.035100001841783524,0.035100001841783524,0.035100001841783524,0
0.02459999918937683,0.03350000083446503,0.02459999918937683,0.03350000083446503,0.03350000083446503,69000
0.03350000083446503,0.03350000083446503,0.03350000083446503,0.03350000083446503,0.03350000083446503,0
0.029999999329447746,0.029999999329447746,0.029999999329447746,0.029999999329447746,0.029999999329447746,14700
0.029999999329447746,0.029999999329447746,0.029999999329447746,0.029999999329447746,0.029999999329447746,0
0.03350000083446503,0.03350000083446503,0.019999999552965164,0.029600000008940697,0.029600000008940697,76007
0.029600000008940697,0.029600000008940697,0.029600000008940697,0.029600000008940697,0.029600000008940697,0
0.03350000083446503,0.03350000083446503,0.0333000011742115,0.0333000011742115,0.0333000011742115,36000
0.024900000542402267,0.024900000542402267,0.017000000923871994,0.019999999552965164,0.019999999552965164,130489
