Open,High,Low,Close,Adj Close,Volume
0.40700000524520874,0.40700000524520874,0.40700000524520874,0.40700000524520874,0.40700000524520874,100
0.39899998903274536,0.39899998903274536,0.39100000262260437,0.39100000262260437,0.39100000262260437,1100
0.4000000059604645,0.4000000059604645,0.37700000405311584,0.3880000114440918,0.3880000114440918,363000
0.414000004529953,0.414000004529953,0.41100001335144043,0.41100001335144043,0.41100001335144043,6400
0.41100001335144043,0.41100001335144043,0.41100001335144043,0.41100001335144043,0.41100001335144043,0
0.4399999976158142,0.5450000166893005,0.4189999997615814,0.4189999997615814,0.4189999997615814,27600
0.4099999964237213,0.4189999997615814,0.4099999964237213,0.4099999964237213,0.4099999964237213,12500
0.3880000114440918,0.5699999928474426,0.3880000114440918,0.5580000281333923,0.5580000281333923,6800
0.5339999794960022,0.5339999794960022,0.5099999904632568,0.5099999904632568,0.5099999904632568,12600
