Open,High,Low,Close,Adj Close,Volume
0.023000000044703484,0.024000000208616257,0.017400000244379044,0.024000000208616257,0.024000000208616257,224748
0.024000000208616257,0.024000000208616257,0.024000000208616257,0.024000000208616257,0.024000000208616257,0
0.024000000208616257,0.024000000208616257,0.018200000748038292,0.024000000208616257,0.024000000208616257,64675
0.018200000748038292,0.023089999333024025,0.018200000748038292,0.023000000044703484,0.023000000044703484,195020
0.020099999383091927,0.02199999988079071,0.020099999383091927,0.02199999988079071,0.02199999988079071,6000
0.018200000748038292,0.020099999383091927,0.018200000748038292,0.020099999383091927,0.020099999383091927,21500
0.018300000578165054,0.02199999988079071,0.018300000578165054,0.02199999988079071,0.02199999988079071,37230
0.018300000578165054,0.021150000393390656,0.018300000578165054,0.020999999716877937,0.020999999716877937,61002
0.02199999988079071,0.027000000700354576,0.019689999520778656,0.027000000700354576,0.027000000700354576,408200
