Open,High,Low,Close,Adj Close,Volume
0.03240000084042549,0.03240000084042549,0.03240000084042549,0.03240000084042549,0.03240000084042549,0
0.029650000855326653,0.03240000084042549,0.029650000855326653,0.03240000084042549,0.03240000084042549,10185
0.03240000084042549,0.03240000084042549,0.03240000084042549,0.03240000084042549,0.03240000084042549,0
0.03240000084042549,0.03240000084042549,0.03240000084042549,0.03240000084042549,0.03240000084042549,164000
0.03240000084042549,0.03240000084042549,0.03240000084042549,0.03240000084042549,0.03240000084042549,0
0.03240000084042549,0.03240000084042549,0.03240000084042549,0.03240000084042549,0.03240000084042549,4500
0.026900000870227814,0.029999999329447746,0.026900000870227814,0.029999999329447746,0.029999999329447746,1400000
0.02174999937415123,0.029999999329447746,0.02174999937415123,0.029999999329447746,0.029999999329447746,10000
0.022949999198317528,0.022949999198317528,0.022949999198317528,0.022949999198317528,0.022949999198317528,6968
