Open,High,Low,Close,Adj Close,Volume
0.15600000321865082,0.16990000009536743,0.14509999752044678,0.16990000009536743,0.16990000009536743,19526
0.1451999992132187,0.164000004529953,0.14499999582767487,0.1598999947309494,0.1598999947309494,75191
0.14315000176429749,0.14315000176429749,0.12950000166893005,0.14100000262260437,0.14100000262260437,51000
0.10599999874830246,0.14090000092983246,0.10599999874830246,0.13256999850273132,0.13256999850273132,126811
0.14090000092983246,0.15199999511241913,0.11999999731779099,0.14499999582767487,0.14499999582767487,138268
0.1550000011920929,0.1550000011920929,0.13009999692440033,0.15000000596046448,0.15000000596046448,128259
0.14749999344348907,0.15000000596046448,0.14000000059604645,0.15000000596046448,0.15000000596046448,27509
0.13529999554157257,0.15000000596046448,0.1298000067472458,0.14000000059604645,0.14000000059604645,123738
0.1193000003695488,0.12800000607967377,0.10100000351667404,0.10700000077486038,0.10700000077486038,700427
