Open,High,Low,Close,Adj Close,Volume
0.01510000042617321,0.01549999974668026,0.01510000042617321,0.01549999974668026,0.01549999974668026,1300
0.016499999910593033,0.016499999910593033,0.016499999910593033,0.016499999910593033,0.016499999910593033,2700
0.016499999910593033,0.016499999910593033,0.016499999910593033,0.016499999910593033,0.016499999910593033,0
0.017999999225139618,0.019600000232458115,0.017999999225139618,0.019600000232458115,0.019600000232458115,90700
0.019600000232458115,0.019600000232458115,0.019600000232458115,0.019600000232458115,0.019600000232458115,0
0.019600000232458115,0.019600000232458115,0.019500000402331352,0.019500000402331352,0.019500000402331352,2300
0.019500000402331352,0.02500000037252903,0.019500000402331352,0.024800000712275505,0.024800000712275505,101300
0.024800000712275505,0.024800000712275505,0.024800000712275505,0.024800000712275505,0.024800000712275505,2800
0.019600000232458115,0.024800000712275505,0.019600000232458115,0.019700000062584877,0.019700000062584877,14500
