Open,High,Low,Close,Adj Close,Volume
6.849999904632568,6.90500020980835,6.53000020980835,6.53000020980835,6.53000020980835,16800
6.519999980926514,6.749000072479248,6.25,6.5,6.5,25700
6.5,6.5,6.260000228881836,6.449999809265137,6.449999809265137,22900
6.360000133514404,6.389999866485596,6.010000228881836,6.150000095367432,6.150000095367432,12300
6.199999809265137,6.298999786376953,5.880000114440918,6.150000095367432,6.150000095367432,28900
6.360000133514404,6.360000133514404,5.929999828338623,6.050000190734863,6.050000190734863,43600
6.119999885559082,6.579999923706055,6.090000152587891,6.489999771118164,6.489999771118164,49800
6.489999771118164,6.824999809265137,6.119999885559082,6.199999809265137,6.199999809265137,55100
6.300000190734863,7.449999809265137,6.300000190734863,7.360000133514404,7.360000133514404,72100
