Open,High,Low,Close,Adj Close,Volume
0.014999999664723873,0.024000000208616257,0.014999999664723873,0.024000000208616257,0.024000000208616257,50300
0.020999999716877937,0.020999999716877937,0.017000000923871994,0.017999999225139618,0.017999999225139618,60200
0.027000000700354576,0.027000000700354576,0.017000000923871994,0.01899999938905239,0.01899999938905239,7500
0.024000000208616257,0.024000000208616257,0.017000000923871994,0.01899999938905239,0.01899999938905239,16800
0.01899999938905239,0.023000000044703484,0.017000000923871994,0.017000000923871994,0.017000000923871994,86400
0.017999999225139618,0.01899999938905239,0.017999999225139618,0.01899999938905239,0.01899999938905239,119500
0.01899999938905239,0.01899999938905239,0.01899999938905239,0.01899999938905239,0.01899999938905239,374000
0.01899999938905239,0.01899999938905239,0.01899999938905239,0.01899999938905239,0.01899999938905239,56000
0.014999999664723873,0.014999999664723873,0.014999999664723873,0.014999999664723873,0.014999999664723873,16700
