Open,High,Low,Close,Adj Close,Volume
0.550000011920929,0.5699999928474426,0.5422999858856201,0.5422999858856201,0.5422999858856201,42302
0.5302000045776367,0.5302000045776367,0.5302000045776367,0.5302000045776367,0.5302000045776367,850
0.5400000214576721,0.5400000214576721,0.4846000075340271,0.5129500031471252,0.5129500031471252,30500
0.5199999809265137,0.550000011920929,0.5199999809265137,0.550000011920929,0.550000011920929,13217
0.5,0.5,0.44999998807907104,0.44999998807907104,0.44999998807907104,8200
0.44679999351501465,0.44999998807907104,0.4099999964237213,0.4429999887943268,0.4429999887943268,31400
0.44440001249313354,0.44440001249313354,0.4099999964237213,0.4099999964237213,0.4099999964237213,7800
0.42649999260902405,0.42649999260902405,0.42649999260902405,0.42649999260902405,0.42649999260902405,12700
0.41499999165534973,0.550000011920929,0.41499999165534973,0.550000011920929,0.550000011920929,4250
