Open,High,Low,Close,Adj Close,Volume
0.07259999960660934,0.07259999960660934,0.07259999960660934,0.07259999960660934,0.07259999960660934,0
0.07259999960660934,0.07259999960660934,0.07259999960660934,0.07259999960660934,0.07259999960660934,0
0.07259999960660934,0.07259999960660934,0.07259999960660934,0.07259999960660934,0.07259999960660934,0
0.07259999960660934,0.07259999960660934,0.07259999960660934,0.07259999960660934,0.07259999960660934,0
0.07259999960660934,0.07259999960660934,0.07259999960660934,0.07259999960660934,0.07259999960660934,0
0.07259999960660934,0.07259999960660934,0.07259999960660934,0.07259999960660934,0.07259999960660934,0
0.07259999960660934,0.07259999960660934,0.07259999960660934,0.07259999960660934,0.07259999960660934,0
0.06026000156998634,0.06030000001192093,0.06026000156998634,0.06030000001192093,0.06030000001192093,3375
0.06030000001192093,0.06030000001192093,0.06030000001192093,0.06030000001192093,0.06030000001192093,0
0.08330000191926956,0.08330000191926956,0.08049999922513962,0.08049999922513962,0.08049999922513962,30504
