Open,High,Low,Close,Adj Close,Volume
5.389999866485596,5.400000095367432,5.389999866485596,5.400000095367432,5.400000095367432,9440
5.420000076293945,5.420000076293945,5.379799842834473,5.379799842834473,5.379799842834473,7876
5.340000152587891,5.360000133514404,5.210000038146973,5.210000038146973,5.210000038146973,18218
5.377099990844727,5.420000076293945,5.3541998863220215,5.380000114440918,5.380000114440918,23863
5.420000076293945,6.239999771118164,5.0,5.40880012512207,5.40880012512207,5292
5.40880012512207,5.40880012512207,5.40880012512207,5.40880012512207,5.40880012512207,0
5.909999847412109,5.909999847412109,5.889999866485596,5.889999866485596,5.889999866485596,401
5.817999839782715,5.929999828338623,5.21999979019165,5.21999979019165,5.21999979019165,51616
5.829999923706055,5.829999923706055,5.829999923706055,5.829999923706055,5.829999923706055,3444
