Open,High,Low,Close,Adj Close,Volume
0.0044999998062849045,0.0044999998062849045,0.003000000026077032,0.003949999809265137,0.003949999809265137,388136
0.003100000089034438,0.004399999976158142,0.003000000026077032,0.004399999976158142,0.004399999976158142,567531
0.003100000089034438,0.007000000216066837,0.003100000089034438,0.007000000216066837,0.007000000216066837,352189
0.00800000037997961,0.01119999960064888,0.007000000216066837,0.008999999612569809,0.008999999612569809,681628
0.010499999858438969,0.013500000350177288,0.00800000037997961,0.008999999612569809,0.008999999612569809,1098329
0.009999999776482582,0.014499999582767487,0.009999999776482582,0.013899999670684338,0.013899999670684338,407548
0.013899999670684338,0.027000000700354576,0.012000000104308128,0.019999999552965164,0.019999999552965164,889629
0.024399999529123306,0.028999999165534973,0.017500000074505806,0.028999999165534973,0.028999999165534973,1755939
0.02239999920129776,0.034699998795986176,0.019999999552965164,0.02250000089406967,0.02250000089406967,547337
