Open,High,Low,Close,Adj Close,Volume
0.04270000010728836,0.04270000010728836,0.04270000010728836,0.04270000010728836,0.04270000010728836,0
0.042249999940395355,0.04574999958276749,0.042249999940395355,0.04470000043511391,0.04470000043511391,112522
0.04470000043511391,0.04470000043511391,0.04470000043511391,0.04470000043511391,0.04470000043511391,0
0.04470000043511391,0.04470000043511391,0.04470000043511391,0.04470000043511391,0.04470000043511391,0
0.0430000014603138,0.0430000014603138,0.0406000018119812,0.0406000018119812,0.0406000018119812,44500
0.040800001472234726,0.040800001472234726,0.040800001472234726,0.040800001472234726,0.040800001472234726,20000
0.040800001472234726,0.040800001472234726,0.040800001472234726,0.040800001472234726,0.040800001472234726,0
0.04699999839067459,0.04699999839067459,0.04699999839067459,0.04699999839067459,0.04699999839067459,46350
0.03720000013709068,0.03720000013709068,0.03720000013709068,0.03720000013709068,0.03720000013709068,10000
