Open,High,Low,Close,Adj Close,Volume
0.03400000184774399,0.03799999877810478,0.03099999949336052,0.03799999877810478,0.03799999877810478,3000
0.03099999949336052,0.05000000074505806,0.03099999949336052,0.05000000074505806,0.05000000074505806,49300
0.04500000178813934,0.05000000074505806,0.03999999910593033,0.04500000178813934,0.04500000178813934,9300
0.03999999910593033,0.04500000178813934,0.03999999910593033,0.04500000178813934,0.04500000178813934,7800
0.03999999910593033,0.04500000178813934,0.03999999910593033,0.04500000178813934,0.04500000178813934,3100
0.03999999910593033,0.04500000178813934,0.03999999910593033,0.04500000178813934,0.04500000178813934,3000
0.03999999910593033,0.05000000074505806,0.03999999910593033,0.04500000178813934,0.04500000178813934,17700
0.03999999910593033,0.04500000178813934,0.03999999910593033,0.03999999910593033,0.03999999910593033,2400
0.032999999821186066,0.04500000178813934,0.032999999821186066,0.04500000178813934,0.04500000178813934,3200
0.04399999976158142,0.04500000178813934,0.03400000184774399,0.03400000184774399,0.03400000184774399,12200
