Open,High,Low,Close,Adj Close,Volume
0.015250000171363354,0.015250000171363354,0.015250000171363354,0.015250000171363354,0.015250000171363354,0
0.015250000171363354,0.015250000171363354,0.015250000171363354,0.015250000171363354,0.015250000171363354,15040
0.015250000171363354,0.015250000171363354,0.015250000171363354,0.015250000171363354,0.015250000171363354,0
0.013000000268220901,0.013000000268220901,0.013000000268220901,0.013000000268220901,0.013000000268220901,420
0.013650000095367432,0.013650000095367432,0.013650000095367432,0.013650000095367432,0.013650000095367432,410
0.013849999755620956,0.014999999664723873,0.013849999755620956,0.014399999752640724,0.014399999752640724,490
0.015250000171363354,0.015250000171363354,0.013000000268220901,0.013000000268220901,0.013000000268220901,1095
0.017500000074505806,0.017500000074505806,0.01575000025331974,0.01575000025331974,0.01575000025331974,4000
