Open,High,Low,Close,Adj Close,Volume
4.420000076293945,4.550000190734863,4.375,4.420000076293945,4.420000076293945,312700
4.420000076293945,4.53000020980835,4.392000198364258,4.510000228881836,4.510000228881836,410500
4.510000228881836,4.510000228881836,4.400000095367432,4.449999809265137,4.449999809265137,1212100
4.420000076293945,4.550000190734863,4.369999885559082,4.5,4.5,420200
4.460000038146973,4.675000190734863,4.301000118255615,4.534999847412109,4.534999847412109,429100
4.550000190734863,4.550000190734863,4.394999980926514,4.519999980926514,4.519999980926514,466000
4.510000228881836,4.619999885559082,4.400000095367432,4.590000152587891,4.590000152587891,565000
4.570000171661377,4.775000095367432,4.539999961853027,4.630000114440918,4.630000114440918,402900
4.699999809265137,5.2829999923706055,4.630000114440918,5.099999904632568,5.099999904632568,2239600
