Open,High,Low,Close,Adj Close,Volume
11.270000457763672,11.864999771118164,11.119999885559082,11.680000305175781,11.680000305175781,5629900
11.760000228881836,12.850000381469727,11.633000373840332,12.149999618530273,12.149999618530273,8191300
11.0,11.449999809265137,10.569999694824219,10.699999809265137,10.699999809265137,7919100
11.029999732971191,11.739999771118164,10.710000038146973,11.65999984741211,11.65999984741211,4774600
12.1899995803833,12.25,11.350000381469727,11.920000076293945,11.920000076293945,5993400
11.4399995803833,11.6899995803833,11.149999618530273,11.270000457763672,11.270000457763672,3580700
10.970000267028809,11.300000190734863,10.720000267028809,11.239999771118164,11.239999771118164,3747900
10.949999809265137,11.880000114440918,10.8100004196167,11.6899995803833,11.6899995803833,8961600
11.380000114440918,11.569999694824219,8.5,8.569999694824219,8.569999694824219,22328700
