Open,High,Low,Close,Adj Close,Volume
1.2100000381469727,1.2100000381469727,1.2100000381469727,1.2100000381469727,1.2100000381469727,130
1.1100000143051147,1.1100000143051147,1.1100000143051147,1.1100000143051147,1.1100000143051147,1000
0.8902999758720398,0.8949999809265137,0.8600000143051147,0.8600000143051147,0.8600000143051147,12500
