Open,High,Low,Close,Adj Close,Volume
0.2750000059604645,0.2849999964237213,0.2750000059604645,0.27900001406669617,0.27900001406669617,61400
0.2750000059604645,0.2849999964237213,0.26499998569488525,0.2750000059604645,0.2750000059604645,160400
0.25999999046325684,0.2849999964237213,0.25999999046325684,0.27799999713897705,0.27799999713897705,40700
0.2849999964237213,0.2849999964237213,0.2639999985694885,0.27300000190734863,0.27300000190734863,167300
0.25,0.2720000147819519,0.25,0.2630000114440918,0.2630000114440918,158400
0.25999999046325684,0.27000001072883606,0.2070000022649765,0.23000000417232513,0.23000000417232513,365300
0.23000000417232513,0.23600000143051147,0.2160000056028366,0.2240000069141388,0.2240000069141388,161000
0.2240000069141388,0.22499999403953552,0.20000000298023224,0.2029999941587448,0.2029999941587448,185300
0.18000000715255737,0.20000000298023224,0.15000000596046448,0.15399999916553497,0.15399999916553497,622100
