Open,High,Low,Close,Adj Close,Volume
0.05999999865889549,0.07000000029802322,0.03999999910593033,0.05999999865889549,0.05999999865889549,4310900
0.05999999865889549,0.05999999865889549,0.03999999910593033,0.05000000074505806,0.05000000074505806,2588100
0.03999999910593033,0.05000000074505806,0.03999999910593033,0.03999999910593033,0.03999999910593033,1613900
0.03999999910593033,0.05000000074505806,0.03999999910593033,0.05000000074505806,0.05000000074505806,1577200
0.03999999910593033,0.07000000029802322,0.03999999910593033,0.05000000074505806,0.05000000074505806,1487800
0.05000000074505806,0.09000000357627869,0.05000000074505806,0.07999999821186066,0.07999999821186066,2676600
0.07000000029802322,0.18000000715255737,0.07000000029802322,0.1599999964237213,0.1599999964237213,6548400
0.1599999964237213,0.1899999976158142,0.1599999964237213,0.17000000178813934,0.17000000178813934,2911700
0.1599999964237213,0.17000000178813934,0.11999999731779099,0.11999999731779099,0.11999999731779099,2286800
