Open,High,Low,Close,Adj Close,Volume
0.30000001192092896,0.30000001192092896,0.30000001192092896,0.30000001192092896,0.30000001192092896,2500
0.3499999940395355,0.3499999940395355,0.3499999940395355,0.3499999940395355,0.3499999940395355,13500
0.2800000011920929,0.2800000011920929,0.2800000011920929,0.2800000011920929,0.2800000011920929,1000
0.2800000011920929,0.2800000011920929,0.2800000011920929,0.2800000011920929,0.2800000011920929,0
0.2800000011920929,0.2800000011920929,0.2800000011920929,0.2800000011920929,0.2800000011920929,0
0.2800000011920929,0.2800000011920929,0.2800000011920929,0.2800000011920929,0.2800000011920929,0
0.3499999940395355,0.37400001287460327,0.3499999940395355,0.37400001287460327,0.37400001287460327,99000
0.37400001287460327,0.37400001287460327,0.37400001287460327,0.37400001287460327,0.37400001287460327,0
0.4000000059604645,0.4000000059604645,0.20000000298023224,0.20000000298023224,0.20000000298023224,66500
