Open,High,Low,Close,Adj Close,Volume
0.18000000715255737,0.18000000715255737,0.18000000715255737,0.18000000715255737,0.18000000715255737,10
0.17000000178813934,0.1899999976158142,0.17000000178813934,0.1899999976158142,0.1899999976158142,6730
0.1899999976158142,0.1899999976158142,0.1899999976158142,0.1899999976158142,0.1899999976158142,0
0.17000000178813934,0.17000000178813934,0.17000000178813934,0.17000000178813934,0.17000000178813934,10000
0.15000000596046448,0.17000000178813934,0.15000000596046448,0.17000000178813934,0.17000000178813934,450
0.15000000596046448,0.15000000596046448,0.15000000596046448,0.15000000596046448,0.15000000596046448,15540
0.14000000059604645,0.15000000596046448,0.14000000059604645,0.15000000596046448,0.15000000596046448,3050
0.07999999821186066,0.14000000059604645,0.07999999821186066,0.14000000059604645,0.14000000059604645,1020
0.10999999940395355,0.10999999940395355,0.10999999940395355,0.10999999940395355,0.10999999940395355,2000
