Open,High,Low,Close,Adj Close,Volume
4.400000095367432,5.0,4.28000020980835,4.480000019073486,4.480000019073486,70845
4.400000095367432,4.480000019073486,3.9200000762939453,4.0,4.0,58203
4.0,4.079999923706055,3.799999952316284,3.880000114440918,3.880000114440918,38723
4.960000038146973,5.800000190734863,4.320000171661377,4.880000114440918,4.880000114440918,1620760
4.800000190734863,4.800000190734863,3.880000114440918,4.079999923706055,4.079999923706055,169433
3.9600000381469727,4.360000133514404,3.8399999141693115,4.039999961853027,4.039999961853027,188040
3.200000047683716,4.320000171661377,2.9200000762939453,3.7200000286102295,3.7200000286102295,320673
3.4000000953674316,3.8399999141693115,3.200000047683716,3.8399999141693115,3.8399999141693115,144345
3.059999942779541,3.319999933242798,2.7799999713897705,2.9800000190734863,2.9800000190734863,253600
