Open,High,Low,Close,Adj Close,Volume
6.699999809265137,7.190000057220459,6.565000057220459,6.710000038146973,6.710000038146973,26300
6.632999897003174,6.800000190734863,6.565000057220459,6.739999771118164,6.739999771118164,13300
6.730000019073486,6.909999847412109,6.434999942779541,6.699999809265137,6.699999809265137,74200
6.699999809265137,6.820000171661377,6.550000190734863,6.710000038146973,6.710000038146973,18000
6.730000019073486,6.739999771118164,6.289999961853027,6.480000019073486,6.480000019073486,15400
6.550000190734863,6.563000202178955,6.010000228881836,6.170000076293945,6.170000076293945,13400
6.119999885559082,6.349999904632568,5.849999904632568,5.920000076293945,5.920000076293945,24900
6.010000228881836,6.1539998054504395,4.710000038146973,5.0,5.0,47700
4.929999828338623,5.309999942779541,2.8499999046325684,3.109999895095825,3.109999895095825,457500
