Open,High,Low,Close,Adj Close,Volume
7.079999923706055,7.090000152587891,6.75,6.78000020980835,6.78000020980835,5341400
6.730000019073486,6.769999980926514,6.579999923706055,6.650000095367432,6.650000095367432,3849800
6.690000057220459,6.829999923706055,6.644999980926514,6.760000228881836,6.760000228881836,3219100
6.769999980926514,6.889999866485596,6.704999923706055,6.730000019073486,6.730000019073486,4074500
6.699999809265137,6.75,6.510000228881836,6.630000114440918,6.630000114440918,6160600
6.550000190734863,7.184999942779541,6.53000020980835,7.050000190734863,7.050000190734863,8139400
7.119999885559082,7.244999885559082,7.019999980926514,7.050000190734863,7.050000190734863,7064000
7.079999923706055,7.130000114440918,6.824999809265137,7.050000190734863,7.050000190734863,6457300
7.440000057220459,7.840000152587891,7.369999885559082,7.840000152587891,7.840000152587891,17351800
