Open,High,Low,Close,Adj Close,Volume
0.4699999988079071,0.5199999809265137,0.4699999988079071,0.5099999904632568,0.5099999904632568,35200
0.5,0.5199999809265137,0.5,0.5,0.5,29500
0.5199999809265137,0.5199999809265137,0.5,0.5099999904632568,0.5099999904632568,67200
0.5099999904632568,0.5099999904632568,0.5,0.5099999904632568,0.5099999904632568,14300
0.5,0.5199999809265137,0.5,0.5199999809265137,0.5199999809265137,119700
0.550000011920929,0.550000011920929,0.5299999713897705,0.5400000214576721,0.5400000214576721,169500
0.5299999713897705,0.5699999928474426,0.5299999713897705,0.5699999928474426,0.5699999928474426,96600
0.5600000023841858,0.5799999833106995,0.5600000023841858,0.5799999833106995,0.5799999833106995,47100
0.5799999833106995,0.5899999737739563,0.5799999833106995,0.5899999737739563,0.5899999737739563,31400
