Open,High,Low,Close,Adj Close,Volume
0.05000000074505806,0.05000000074505806,0.04540000110864639,0.048500001430511475,0.048500001430511475,92376
0.04809999838471413,0.04809999838471413,0.04340000078082085,0.046149998903274536,0.046149998903274536,39200
0.046149998903274536,0.046149998903274536,0.046149998903274536,0.046149998903274536,0.046149998903274536,0
0.046149998903274536,0.046149998903274536,0.046149998903274536,0.046149998903274536,0.046149998903274536,0
0.047600001096725464,0.047600001096725464,0.04749999940395355,0.04749999940395355,0.04749999940395355,116018
0.04859999939799309,0.05299999937415123,0.04859999939799309,0.05299999937415123,0.05299999937415123,412000
0.05990000069141388,0.05990000069141388,0.054099999368190765,0.055399999022483826,0.055399999022483826,50000
0.05999999865889549,0.07015000283718109,0.05959999933838844,0.06700000166893005,0.06700000166893005,1104588
0.07100000232458115,0.08070000261068344,0.07100000232458115,0.08070000261068344,0.08070000261068344,2316185
