Open,High,Low,Close,Adj Close,Volume
0.05950000137090683,0.05950000137090683,0.05950000137090683,0.05950000137090683,0.05950000137090683,30100
0.0722000002861023,0.0722000002861023,0.06319999694824219,0.06319999694824219,0.06319999694824219,17840
0.06319999694824219,0.06319999694824219,0.06319999694824219,0.06319999694824219,0.06319999694824219,0
0.06319999694824219,0.06319999694824219,0.06319999694824219,0.06319999694824219,0.06319999694824219,44411
0.06700000166893005,0.06700000166893005,0.06700000166893005,0.06700000166893005,0.06700000166893005,3000
0.06700000166893005,0.06700000166893005,0.06700000166893005,0.06700000166893005,0.06700000166893005,0
0.06989999860525131,0.06989999860525131,0.06970000267028809,0.06970000267028809,0.06970000267028809,6540
0.07400000095367432,0.07400000095367432,0.07400000095367432,0.07400000095367432,0.07400000095367432,6077
0.0982000008225441,0.0982000008225441,0.0982000008225441,0.0982000008225441,0.0982000008225441,3000
0.0778999999165535,0.0778999999165535,0.0778999999165535,0.0778999999165535,0.0778999999165535,5523
