Open,High,Low,Close,Adj Close,Volume
0.12210000306367874,0.13154000043869019,0.12210000306367874,0.13154000043869019,0.13154000043869019,61997
0.13131000101566315,0.14350000023841858,0.13131000101566315,0.14350000023841858,0.14350000023841858,15100
0.13795000314712524,0.14000000059604645,0.13050000369548798,0.13050000369548798,0.13050000369548798,21955
0.13079999387264252,0.13199999928474426,0.13079999387264252,0.13199999928474426,0.13199999928474426,12495
0.14000000059604645,0.14000000059604645,0.13233999907970428,0.13233999907970428,0.13233999907970428,47800
0.13199999928474426,0.13199999928474426,0.13199999928474426,0.13199999928474426,0.13199999928474426,44971
0.14000000059604645,0.19255000352859497,0.14000000059604645,0.18649999797344208,0.18649999797344208,81666
0.1923999935388565,0.2329999953508377,0.18889999389648438,0.2329999953508377,0.2329999953508377,67404
