Open,High,Low,Close,Adj Close,Volume
0.800000011920929,0.800000011920929,0.7099999785423279,0.7639999985694885,0.7639999985694885,27200
0.7210000157356262,0.75,0.593999981880188,0.7310000061988831,0.7310000061988831,124700
0.699999988079071,0.800000011920929,0.6970000267028809,0.7279999852180481,0.7279999852180481,60800
0.7210000157356262,0.7839999794960022,0.7200000286102295,0.7419999837875366,0.7419999837875366,24500
0.7419999837875366,0.800000011920929,0.6800000071525574,0.7440000176429749,0.7440000176429749,121800
0.699999988079071,0.7379999756813049,0.6970000267028809,0.7269999980926514,0.7269999980926514,31500
0.7200000286102295,0.7400000095367432,0.6700000166893005,0.7129999995231628,0.7129999995231628,81700
0.699999988079071,0.699999988079071,0.6399999856948853,0.6449999809265137,0.6449999809265137,59800
0.6449999809265137,0.6850000023841858,0.4860000014305115,0.49000000953674316,0.49000000953674316,369900
