Open,High,Low,Close,Adj Close,Volume
0.032999999821186066,0.032999999821186066,0.032999999821186066,0.032999999821186066,0.032999999821186066,0
0.032999999821186066,0.032999999821186066,0.032999999821186066,0.032999999821186066,0.032999999821186066,0
0.02500000037252903,0.02500000037252903,0.02500000037252903,0.02500000037252903,0.02500000037252903,200
0.02500000037252903,0.02500000037252903,0.02500000037252903,0.02500000037252903,0.02500000037252903,0
0.02500000037252903,0.02500000037252903,0.02500000037252903,0.02500000037252903,0.02500000037252903,0
0.02500000037252903,0.02500000037252903,0.02500000037252903,0.02500000037252903,0.02500000037252903,0
0.02500000037252903,0.03500000014901161,0.02500000037252903,0.03500000014901161,0.03500000014901161,900
0.03500000014901161,0.03500000014901161,0.03500000014901161,0.03500000014901161,0.03500000014901161,0
0.03500000014901161,0.03500000014901161,0.03500000014901161,0.03500000014901161,0.03500000014901161,0
0.03500000014901161,0.03500000014901161,0.03500000014901161,0.03500000014901161,0.03500000014901161,0
