Open,High,Low,Close,Adj Close,Volume
1.0499999523162842,1.0540000200271606,1.0499999523162842,1.0499999523162842,1.0499999523162842,11400
1.0499999523162842,1.0499999523162842,1.0399999618530273,1.0499999523162842,1.0499999523162842,39500
1.0399999618530273,1.0399999618530273,1.0399999618530273,1.0399999618530273,1.0399999618530273,19800
1.0240000486373901,1.0399999618530273,1.0240000486373901,1.034999966621399,1.034999966621399,205700
1.0199999809265137,1.024999976158142,1.0099999904632568,1.0099999904632568,1.0099999904632568,133200
1.0149999856948853,1.0199999809265137,1.0099999904632568,1.0099999904632568,1.0099999904632568,125700
1.0299999713897705,1.0449999570846558,1.0299999713897705,1.0449999570846558,1.0449999570846558,83200
1.0499999523162842,1.0499999523162842,1.0299999713897705,1.0360000133514404,1.0360000133514404,213100
1.190000057220459,1.2999999523162842,1.190000057220459,1.2999999523162842,1.2999999523162842,430100
