Open,High,Low,Close,Adj Close,Volume
0.5299999713897705,0.5299999713897705,0.46000000834465027,0.4779999852180481,0.4779999852180481,54900
0.5,0.550000011920929,0.48399999737739563,0.5350000262260437,0.5350000262260437,35900
0.5350000262260437,0.5350000262260437,0.4970000088214874,0.5249999761581421,0.5249999761581421,6800
0.5400000214576721,0.5400000214576721,0.4359999895095825,0.5249999761581421,0.5249999761581421,20700
0.5920000076293945,0.5920000076293945,0.46000000834465027,0.527999997138977,0.527999997138977,3500
0.5600000023841858,0.5879999995231628,0.5299999713897705,0.5600000023841858,0.5600000023841858,8500
0.5600000023841858,0.5799999833106995,0.4970000088214874,0.5799999833106995,0.5799999833106995,24200
0.5799999833106995,0.703000009059906,0.550000011920929,0.6759999990463257,0.6759999990463257,4087200
0.6150000095367432,0.6449999809265137,0.5350000262260437,0.550000011920929,0.550000011920929,7103300
