Open,High,Low,Close,Adj Close,Volume
0.029999999329447746,0.029999999329447746,0.029999999329447746,0.029999999329447746,0.029999999329447746,10000
0.029999999329447746,0.029999999329447746,0.029999999329447746,0.029999999329447746,0.029999999329447746,2700
0.029999999329447746,0.029999999329447746,0.029999999329447746,0.029999999329447746,0.029999999329447746,112800
0.029999999329447746,0.029999999329447746,0.029999999329447746,0.029999999329447746,0.029999999329447746,30700
0.029999999329447746,0.029999999329447746,0.029999999329447746,0.029999999329447746,0.029999999329447746,569500
0.029999999329447746,0.03999999910593033,0.029999999329447746,0.029999999329447746,0.029999999329447746,67100
0.03999999910593033,0.03999999910593033,0.029999999329447746,0.029999999329447746,0.029999999329447746,8300
0.029999999329447746,0.03999999910593033,0.029999999329447746,0.029999999329447746,0.029999999329447746,88500
0.03999999910593033,0.05999999865889549,0.029999999329447746,0.05000000074505806,0.05000000074505806,116600
0.029999999329447746,0.05999999865889549,0.029999999329447746,0.029999999329447746,0.029999999329447746,27800
