Open,High,Low,Close,Adj Close,Volume
0.7099999785423279,0.7099999785423279,0.699999988079071,0.7099999785423279,0.7099999785423279,85000
0.699999988079071,0.699999988079071,0.699999988079071,0.699999988079071,0.699999988079071,7900
0.7099999785423279,0.7300000190734863,0.7099999785423279,0.7099999785423279,0.7099999785423279,71300
0.7300000190734863,0.7300000190734863,0.7300000190734863,0.7300000190734863,0.7300000190734863,102000
0.7300000190734863,0.75,0.7099999785423279,0.7400000095367432,0.7400000095367432,350400
0.7599999904632568,0.7599999904632568,0.7400000095367432,0.75,0.75,151600
0.7799999713897705,0.800000011920929,0.7599999904632568,0.7799999713897705,0.7799999713897705,175700
0.75,0.800000011920929,0.75,0.7699999809265137,0.7699999809265137,64100
0.75,0.800000011920929,0.75,0.7900000214576721,0.7900000214576721,40900
