Open,High,Low,Close,Adj Close,Volume
0.026499999687075615,0.02669999934732914,0.02410000003874302,0.026499999687075615,0.026499999687075615,323000
0.026399999856948853,0.029400000348687172,0.02500000037252903,0.02500000037252903,0.02500000037252903,31000
0.026000000536441803,0.026000000536441803,0.02500000037252903,0.02500000037252903,0.02500000037252903,532165
0.023000000044703484,0.023000000044703484,0.023000000044703484,0.023000000044703484,0.023000000044703484,17010
0.02239999920129776,0.026000000536441803,0.02239999920129776,0.026000000536441803,0.026000000536441803,38885
0.026499999687075615,0.026499999687075615,0.026499999687075615,0.026499999687075615,0.026499999687075615,293000
0.026499999687075615,0.026499999687075615,0.026499999687075615,0.026499999687075615,0.026499999687075615,300
0.026499999687075615,0.026499999687075615,0.026499999687075615,0.026499999687075615,0.026499999687075615,0
0.028209999203681946,0.03500000014901161,0.02785000018775463,0.03344999998807907,0.03344999998807907,177300
