Open,High,Low,Close,Adj Close,Volume
0.09000000357627869,0.10000000149011612,0.09000000357627869,0.10000000149011612,0.10000000149011612,1700
0.09000000357627869,0.09000000357627869,0.09000000357627869,0.09000000357627869,0.09000000357627869,33100
0.09000000357627869,0.10000000149011612,0.09000000357627869,0.09000000357627869,0.09000000357627869,48000
0.09000000357627869,0.09000000357627869,0.09000000357627869,0.09000000357627869,0.09000000357627869,25100
0.09000000357627869,0.10000000149011612,0.07999999821186066,0.09000000357627869,0.09000000357627869,5400
0.09000000357627869,0.09000000357627869,0.07999999821186066,0.09000000357627869,0.09000000357627869,40900
0.10000000149011612,0.10000000149011612,0.07999999821186066,0.07999999821186066,0.07999999821186066,90400
0.07999999821186066,0.07999999821186066,0.07000000029802322,0.07999999821186066,0.07999999821186066,208200
0.07999999821186066,0.07999999821186066,0.05999999865889549,0.05999999865889549,0.05999999865889549,396300
