Open,High,Low,Close,Adj Close,Volume
0.06499999761581421,0.08349999785423279,0.06499999761581421,0.07999999821186066,0.07999999821186066,28468
0.08299999684095383,0.08758000284433365,0.08299999684095383,0.08749999850988388,0.08749999850988388,41146
0.0877000018954277,0.09279999881982803,0.07519999891519547,0.07519999891519547,0.07519999891519547,77715
0.07500000298023224,0.07530000060796738,0.07500000298023224,0.07530000060796738,0.07530000060796738,6805
0.0925000011920929,0.0925000011920929,0.08524999767541885,0.08524999767541885,0.08524999767541885,928
0.08524999767541885,0.08524999767541885,0.08524999767541885,0.08524999767541885,0.08524999767541885,0
0.0925000011920929,0.0925000011920929,0.0925000011920929,0.0925000011920929,0.0925000011920929,4522
0.08110000193119049,0.08110000193119049,0.08110000193119049,0.08110000193119049,0.08110000193119049,2448
0.08927000313997269,0.09799999743700027,0.08900000154972076,0.09799999743700027,0.09799999743700027,110598
