Open,High,Low,Close,Adj Close,Volume
0.03999999910593033,0.05000000074505806,0.03999999910593033,0.04699999839067459,0.04699999839067459,28700
0.04399999976158142,0.04399999976158142,0.041999999433755875,0.04399999976158142,0.04399999976158142,17800
0.041999999433755875,0.041999999433755875,0.041999999433755875,0.041999999433755875,0.041999999433755875,5000
0.04399999976158142,0.04399999976158142,0.04399999976158142,0.04399999976158142,0.04399999976158142,1900
0.03999999910593033,0.03999999910593033,0.03999999910593033,0.03999999910593033,0.03999999910593033,4000
0.05000000074505806,0.052000001072883606,0.04600000008940697,0.04600000008940697,0.04600000008940697,84700
0.04100000113248825,0.04100000113248825,0.04100000113248825,0.04100000113248825,0.04100000113248825,3000
0.05299999937415123,0.05299999937415123,0.05299999937415123,0.05299999937415123,0.05299999937415123,500
0.04100000113248825,0.04100000113248825,0.04100000113248825,0.04100000113248825,0.04100000113248825,500
