Open,High,Low,Close,Adj Close,Volume
0.11259999871253967,0.11259999871253967,0.11029999703168869,0.11029999703168869,0.11029999703168869,3550
0.10577499866485596,0.10577499866485596,0.10577499866485596,0.10577499866485596,0.10577499866485596,8070
0.10999999940395355,0.10999999940395355,0.10999999940395355,0.10999999940395355,0.10999999940395355,100
0.10999999940395355,0.10999999940395355,0.10999999940395355,0.10999999940395355,0.10999999940395355,1064
0.08237800002098083,0.08237800002098083,0.08237800002098083,0.08237800002098083,0.08237800002098083,1000
