Open,High,Low,Close,Adj Close,Volume
0.23749999701976776,0.23749999701976776,0.20399999618530273,0.20399999618530273,0.20399999618530273,6000
0.23770000040531158,0.23770000040531158,0.20999999344348907,0.20999999344348907,0.20999999344348907,6156
0.21469999849796295,0.21469999849796295,0.21469999849796295,0.21469999849796295,0.21469999849796295,4600
0.19200000166893005,0.19200000166893005,0.18199999630451202,0.18199999630451202,0.18199999630451202,18130
0.18199999630451202,0.1831900030374527,0.18000000715255737,0.18000000715255737,0.18000000715255737,14020
0.17389999330043793,0.1965000033378601,0.17389999330043793,0.18520000576972961,0.18520000576972961,17800
0.18115000426769257,0.18559999763965607,0.179299995303154,0.18559999763965607,0.18559999763965607,4107
0.18559999763965607,0.18559999763965607,0.18559999763965607,0.18559999763965607,0.18559999763965607,0
0.17765000462532043,0.17765000462532043,0.13510000705718994,0.13510000705718994,0.13510000705718994,2100
