Open,High,Low,Close,Adj Close,Volume
0.11999999731779099,0.11999999731779099,0.11999999731779099,0.11999999731779099,0.11999999731779099,1100
0.11999999731779099,0.15000000596046448,0.11999999731779099,0.15000000596046448,0.15000000596046448,2100
0.15000000596046448,0.15000000596046448,0.15000000596046448,0.15000000596046448,0.15000000596046448,33100
0.15000000596046448,0.15000000596046448,0.11999999731779099,0.11999999731779099,0.11999999731779099,3367
0.15000000596046448,0.15000000596046448,0.15000000596046448,0.15000000596046448,0.15000000596046448,67
0.18000000715255737,0.18000000715255737,0.18000000715255737,0.18000000715255737,0.18000000715255737,6700
0.18000000715255737,0.18000000715255737,0.15000000596046448,0.18000000715255737,0.18000000715255737,13667
0.15000000596046448,0.15000000596046448,0.15000000596046448,0.15000000596046448,0.15000000596046448,50067
0.15000000596046448,0.15000000596046448,0.15000000596046448,0.15000000596046448,0.15000000596046448,1100
0.11999999731779099,0.11999999731779099,0.11999999731779099,0.11999999731779099,0.11999999731779099,200
