Open,High,Low,Close,Adj Close,Volume
0.13545000553131104,0.13545000553131104,0.13545000553131104,0.13545000553131104,0.13545000553131104,1055
0.13545000553131104,0.13545000553131104,0.13545000553131104,0.13545000553131104,0.13545000553131104,0
0.1599999964237213,0.1599999964237213,0.12630000710487366,0.12720000743865967,0.12720000743865967,9859
0.1356000006198883,0.1356000006198883,0.1356000006198883,0.1356000006198883,0.1356000006198883,2744
0.13030000030994415,0.13030000030994415,0.13030000030994415,0.13030000030994415,0.13030000030994415,1000
0.13030000030994415,0.13030000030994415,0.13030000030994415,0.13030000030994415,0.13030000030994415,0
0.12160000205039978,0.12160000205039978,0.12160000205039978,0.12160000205039978,0.12160000205039978,2040
0.1265999972820282,0.1265999972820282,0.1265999972820282,0.1265999972820282,0.1265999972820282,3090
0.07530000060796738,0.11729999631643295,0.07530000060796738,0.11500000208616257,0.11500000208616257,101600
