Open,High,Low,Close,Adj Close,Volume
1.4900000095367432,1.4900000095367432,1.3700000047683716,1.3899999856948853,1.3899999856948853,9100
1.4199999570846558,1.6299999952316284,1.3300000429153442,1.4700000286102295,1.4700000286102295,84000
1.6200000047683716,1.7699999809265137,1.5,1.690000057220459,1.690000057220459,42000
1.690000057220459,1.7899999618530273,1.649999976158142,1.7599999904632568,1.7599999904632568,20800
1.7599999904632568,2.049999952316284,1.659999966621399,2.0,2.0,61900
2.109999895095825,3.0199999809265137,2.049999952316284,2.5799999237060547,2.5799999237060547,780700
2.7300000190734863,3.0999999046325684,2.5999999046325684,2.809999942779541,2.809999942779541,233400
2.7200000286102295,2.7200000286102295,2.049999952316284,2.5799999237060547,2.5799999237060547,72100
2.390000104904175,2.440000057220459,1.6299999952316284,1.7400000095367432,1.7400000095367432,111700
