Open,High,Low,Close,Adj Close,Volume
8.0,8.0,4.599999904632568,5.260000228881836,5.260000228881836,351300
5.639999866485596,6.78000020980835,5.440000057220459,5.489999771118164,5.489999771118164,340900
5.400000095367432,5.590000152587891,4.868000030517578,5.0,5.0,92900
5.25,5.25,4.925000190734863,4.96999979019165,4.96999979019165,61900
4.869999885559082,4.934999942779541,4.199999809265137,4.510000228881836,4.510000228881836,69900
4.289999961853027,4.409999847412109,4.039999961853027,4.050000190734863,4.050000190734863,111800
4.110000133514404,4.75,4.060999870300293,4.389999866485596,4.389999866485596,63400
4.400000095367432,4.400000095367432,3.75,3.890000104904175,3.890000104904175,151500
3.890000104904175,3.940000057220459,3.009999990463257,3.049999952316284,3.049999952316284,470400
