Open,High,Low,Close,Adj Close,Volume
0.9300000071525574,0.949999988079071,0.8799999952316284,0.8899999856948853,0.8899999856948853,29000
0.8700000047683716,0.9100000262260437,0.8399999737739563,0.8899999856948853,0.8899999856948853,20800
0.9300000071525574,0.9300000071525574,0.8899999856948853,0.9200000166893005,0.9200000166893005,26000
0.9399999976158142,0.9399999976158142,0.8899999856948853,0.8899999856948853,0.8899999856948853,36700
0.9399999976158142,0.9399999976158142,0.8999999761581421,0.9399999976158142,0.9399999976158142,39300
0.949999988079071,1.0,0.9399999976158142,0.9900000095367432,0.9900000095367432,31000
0.9700000286102295,1.0099999904632568,0.9700000286102295,1.0099999904632568,1.0099999904632568,35100
1.0399999618530273,1.2899999618530273,1.0299999713897705,1.2400000095367432,1.2400000095367432,248400
1.1200000047683716,1.1799999475479126,0.9700000286102295,0.9900000095367432,0.9900000095367432,216400
