Open,High,Low,Close,Adj Close,Volume
0.5,0.5,0.5,0.5,0.5,1100
0.4399999976158142,0.44999998807907104,0.4399999976158142,0.44999998807907104,0.44999998807907104,3300
0.44999998807907104,0.5,0.44999998807907104,0.5,0.5,13000
0.44999998807907104,0.5199999809265137,0.44999998807907104,0.5199999809265137,0.5199999809265137,13400
0.5099999904632568,0.5099999904632568,0.44999998807907104,0.44999998807907104,0.44999998807907104,700
0.5299999713897705,0.5299999713897705,0.44999998807907104,0.44999998807907104,0.44999998807907104,500
0.5299999713897705,0.5299999713897705,0.46000000834465027,0.5,0.5,10500
0.5099999904632568,0.6000000238418579,0.5099999904632568,0.6000000238418579,0.6000000238418579,46900
0.5400000214576721,0.550000011920929,0.5299999713897705,0.550000011920929,0.550000011920929,11300
