Open,High,Low,Close,Adj Close,Volume
2.690000057220459,2.7799999713897705,2.5999999046325684,2.640000104904175,2.640000104904175,105300
2.619999885559082,2.740000009536743,2.5,2.6500000953674316,2.6500000953674316,131900
2.6700000762939453,2.7300000190734863,2.319999933242798,2.430000066757202,2.430000066757202,192600
2.430000066757202,2.549999952316284,2.380000114440918,2.4200000762939453,2.4200000762939453,62200
2.299999952316284,2.7100000381469727,2.2699999809265137,2.4700000286102295,2.4700000286102295,969000
2.450000047683716,2.690000057220459,2.369999885559082,2.559999942779541,2.559999942779541,246300
2.5999999046325684,2.940000057220459,2.5899999141693115,2.880000114440918,2.880000114440918,354500
2.890000104904175,3.450000047683716,2.890000104904175,3.299999952316284,3.299999952316284,538600
3.4000000953674316,4.239999771118164,3.3499999046325684,3.9100000858306885,3.9100000858306885,1285100
