Open,High,Low,Close,Adj Close,Volume
1.7200000286102295,1.899999976158142,1.7200000286102295,1.7899999618530273,1.7899999618530273,390900
1.7899999618530273,1.809999942779541,1.7000000476837158,1.7999999523162842,1.7999999523162842,230100
1.7899999618530273,2.1700000762939453,1.7899999618530273,2.059999942779541,2.059999942779541,485600
2.049999952316284,2.059999942779541,1.9500000476837158,2.0299999713897705,2.0299999713897705,132700
2.069999933242798,2.069999933242798,1.9900000095367432,2.049999952316284,2.049999952316284,143700
2.049999952316284,2.1700000762939453,2.0299999713897705,2.109999895095825,2.109999895095825,245000
2.059999942779541,2.109999895095825,2.0,2.0299999713897705,2.0299999713897705,291900
2.0299999713897705,2.1500000953674316,2.0199999809265137,2.140000104904175,2.140000104904175,243600
2.130000114440918,2.440000057220459,2.130000114440918,2.4000000953674316,2.4000000953674316,353200
