Open,High,Low,Close,Adj Close,Volume
0.04699999839067459,0.04699999839067459,0.04699999839067459,0.04699999839067459,0.04699999839067459,10240
0.04699999839067459,0.04699999839067459,0.04699999839067459,0.04699999839067459,0.04699999839067459,25000
0.04699999839067459,0.04699999839067459,0.04699999839067459,0.04699999839067459,0.04699999839067459,0
0.041280001401901245,0.04500000178813934,0.03819999843835831,0.04500000178813934,0.04500000178813934,35100
0.04500000178813934,0.04500000178813934,0.04500000178813934,0.04500000178813934,0.04500000178813934,0
0.03819999843835831,0.04227999970316887,0.03819999843835831,0.04227999970316887,0.04227999970316887,13200
0.03819999843835831,0.04500000178813934,0.03819999843835831,0.04500000178813934,0.04500000178813934,10400
0.04500000178813934,0.04500000178813934,0.04500000178813934,0.04500000178813934,0.04500000178813934,0
0.03819999843835831,0.03849999979138374,0.03819999843835831,0.03849999979138374,0.03849999979138374,1140
0.03849999979138374,0.0494999997317791,0.03799999877810478,0.0494999997317791,0.0494999997317791,199950
