Open,High,Low,Close,Adj Close,Volume
0.035999998450279236,0.035999998450279236,0.035999998450279236,0.035999998450279236,0.035999998450279236,12000
0.03733000159263611,0.04100000113248825,0.035999998450279236,0.04100000113248825,0.04100000113248825,751777
0.03709999844431877,0.03709999844431877,0.03629999980330467,0.03629999980330467,0.03629999980330467,25320
0.03700000047683716,0.03700000047683716,0.03700000047683716,0.03700000047683716,0.03700000047683716,350
0.03700000047683716,0.041099999099969864,0.03700000047683716,0.040800001472234726,0.040800001472234726,78024
0.040699999779462814,0.04439999908208847,0.040699999779462814,0.04439999908208847,0.04439999908208847,14203
0.04439999908208847,0.04439999908208847,0.04439999908208847,0.04439999908208847,0.04439999908208847,0
0.04439999908208847,0.04439999908208847,0.04439999908208847,0.04439999908208847,0.04439999908208847,0
0.0494999997317791,0.10000000149011612,0.0494999997317791,0.09489999711513519,0.09489999711513519,819412
