Open,High,Low,Close,Adj Close,Volume
1.590000033378601,1.7599999904632568,1.559999942779541,1.690000057220459,1.690000057220459,103300
1.850000023841858,2.9000000953674316,1.7999999523162842,2.0,2.0,3845400
2.1700000762939453,2.4200000762939453,2.0199999809265137,2.2200000286102295,2.2200000286102295,856000
2.299999952316284,2.299999952316284,2.119999885559082,2.1500000953674316,2.1500000953674316,226000
2.140000104904175,2.4000000953674316,2.140000104904175,2.240000009536743,2.240000009536743,271200
2.240000009536743,2.7799999713897705,2.240000009536743,2.6500000953674316,2.6500000953674316,553900
2.5999999046325684,3.25,2.559999942779541,2.7699999809265137,2.7699999809265137,950300
3.180000066757202,3.2899999618530273,2.890000104904175,3.0399999618530273,3.0399999618530273,415100
3.0999999046325684,3.2699999809265137,2.2200000286102295,2.390000104904175,2.390000104904175,574100
