Open,High,Low,Close,Adj Close,Volume
0.03629999980330467,0.03629999980330467,0.032099999487400055,0.03629999980330467,0.03629999980330467,3576
0.03629999980330467,0.04190000146627426,0.03280000016093254,0.04190000146627426,0.04190000146627426,19517
0.03280000016093254,0.046799998730421066,0.03099999949336052,0.04100000113248825,0.04100000113248825,14871
0.03322000056505203,0.03322000056505203,0.03322000056505203,0.03322000056505203,0.03322000056505203,7330
0.03500000014901161,0.03500000014901161,0.032099999487400055,0.03319999948143959,0.03319999948143959,28724
0.03135000169277191,0.03135000169277191,0.03135000169277191,0.03135000169277191,0.03135000169277191,1098
0.03164999932050705,0.03164999932050705,0.03164999932050705,0.03164999932050705,0.03164999932050705,10069
0.033399999141693115,0.04960000142455101,0.02800000086426735,0.04960000142455101,0.04960000142455101,31074
0.02810000069439411,0.02810000069439411,0.02645000070333481,0.027300000190734863,0.027300000190734863,132312
