Open,High,Low,Close,Adj Close,Volume
1.149999976158142,1.1699999570846558,1.0399999618530273,1.059999942779541,1.059999942779541,836600
1.0399999618530273,1.1299999952316284,1.0,1.1200000047683716,1.1200000047683716,703000
1.090000033378601,1.090000033378601,1.0099999904632568,1.0399999618530273,1.0399999618530273,501700
1.0099999904632568,1.0499999523162842,0.9300000071525574,0.9890000224113464,0.9890000224113464,658800
0.9810000061988831,0.9990000128746033,0.9200000166893005,0.9369999766349792,0.9369999766349792,456700
0.9399999976158142,0.9850000143051147,0.9210000038146973,0.9350000023841858,0.9350000023841858,362300
0.9259999990463257,0.9599999785423279,0.8159999847412109,0.890999972820282,0.890999972820282,2786300
1.059999942779541,1.2599999904632568,1.0099999904632568,1.0800000429153442,1.0800000429153442,10533800
0.7360000014305115,0.7400000095367432,0.5460000038146973,0.6499999761581421,0.6499999761581421,19775200
