Open,High,Low,Close,Adj Close,Volume
0.10999999940395355,0.10999999940395355,0.10999999940395355,0.10999999940395355,0.10999999940395355,100
0.09000000357627869,0.10999999940395355,0.09000000357627869,0.10999999940395355,0.10999999940395355,61100
0.10999999940395355,0.10999999940395355,0.10999999940395355,0.10999999940395355,0.10999999940395355,0
0.12999999523162842,0.12999999523162842,0.12999999523162842,0.12999999523162842,0.12999999523162842,300
0.10999999940395355,0.10999999940395355,0.10000000149011612,0.10000000149011612,0.10000000149011612,45000
0.10999999940395355,0.12999999523162842,0.10999999940395355,0.12999999523162842,0.12999999523162842,6000
0.12999999523162842,0.12999999523162842,0.12999999523162842,0.12999999523162842,0.12999999523162842,0
0.12999999523162842,0.12999999523162842,0.12999999523162842,0.12999999523162842,0.12999999523162842,0
0.10000000149011612,0.10000000149011612,0.07999999821186066,0.07999999821186066,0.07999999821186066,127600
