Open,High,Low,Close,Adj Close,Volume
10.0,10.239999771118164,8.800000190734863,9.380000114440918,9.380000114440918,36195
9.720000267028809,9.720000267028809,8.399999618530273,8.720000267028809,8.720000267028809,63605
9.079999923706055,9.380000114440918,8.619999885559082,9.140000343322754,9.140000343322754,34420
9.140000343322754,12.199999809265137,8.819999694824219,11.239999771118164,11.239999771118164,223340
11.0,15.920000076293945,11.0,13.239999771118164,13.239999771118164,394720
13.399999618530273,15.800000190734863,13.399999618530273,14.680000305175781,14.680000305175781,129605
14.699999809265137,15.600000381469727,13.680000305175781,13.920000076293945,13.920000076293945,55405
14.0,15.180000305175781,12.800000190734863,13.800000190734863,13.800000190734863,46795
13.800000190734863,13.979999542236328,10.399999618530273,10.619999885559082,10.619999885559082,50310
