Open,High,Low,Close,Adj Close,Volume
0.017000000923871994,0.017999999225139618,0.011599999852478504,0.017999999225139618,0.017999999225139618,88700
0.017999999225139618,0.018699999898672104,0.017999999225139618,0.018699999898672104,0.018699999898672104,80000
0.018699999898672104,0.018699999898672104,0.018699999898672104,0.018699999898672104,0.018699999898672104,0
0.01889999955892563,0.019700000062584877,0.017000000923871994,0.017000000923871994,0.017000000923871994,47300
0.017000000923871994,0.017000000923871994,0.017000000923871994,0.017000000923871994,0.017000000923871994,0
0.017000000923871994,0.017000000923871994,0.017000000923871994,0.017000000923871994,0.017000000923871994,0
0.019999999552965164,0.019999999552965164,0.019999999552965164,0.019999999552965164,0.019999999552965164,10000
0.016899999231100082,0.01850000023841858,0.016899999231100082,0.01850000023841858,0.01850000023841858,800
0.016599999740719795,0.016599999740719795,0.014600000344216824,0.014600000344216824,0.014600000344216824,46350
