Open,High,Low,Close,Adj Close,Volume
0.03700000047683716,0.03700000047683716,0.03700000047683716,0.03700000047683716,0.03700000047683716,0
0.035999998450279236,0.035999998450279236,0.035999998450279236,0.035999998450279236,0.035999998450279236,100
0.035999998450279236,0.03700000047683716,0.035999998450279236,0.03700000047683716,0.03700000047683716,200
0.03700000047683716,0.03700000047683716,0.028999999165534973,0.028999999165534973,0.028999999165534973,1100
0.02800000086426735,0.029999999329447746,0.012000000104308128,0.029999999329447746,0.029999999329447746,189500
0.029999999329447746,0.029999999329447746,0.029999999329447746,0.029999999329447746,0.029999999329447746,0
0.029999999329447746,0.029999999329447746,0.029999999329447746,0.029999999329447746,0.029999999329447746,0
0.029999999329447746,0.029999999329447746,0.029999999329447746,0.029999999329447746,0.029999999329447746,0
0.029999999329447746,0.029999999329447746,0.01600000075995922,0.01600000075995922,0.01600000075995922,7600
