Open,High,Low,Close,Adj Close,Volume
5.599999904632568,6.269999980926514,5.559999942779541,5.960000038146973,5.960000038146973,469700
5.829999923706055,5.989999771118164,5.409999847412109,5.690000057220459,5.690000057220459,223400
5.75,5.800000190734863,5.380000114440918,5.539999961853027,5.539999961853027,129000
5.539999961853027,5.820000171661377,5.482999801635742,5.679999828338623,5.679999828338623,125000
5.699999809265137,6.079999923706055,5.599999904632568,5.909999847412109,5.909999847412109,154600
6.0,6.039999961853027,5.800000190734863,5.929999828338623,5.929999828338623,163200
5.949999809265137,6.380000114440918,5.929999828338623,6.139999866485596,6.139999866485596,161500
6.139999866485596,6.25,5.980000019073486,6.125,6.125,110500
6.199999809265137,6.869999885559082,6.119999885559082,6.800000190734863,6.800000190734863,512700
