Open,High,Low,Close,Adj Close,Volume
18.0,19.5,18.0,19.170000076293945,19.170000076293945,17453
18.899999618530273,19.829999923706055,18.450000762939453,18.690000534057617,18.690000534057617,38487
19.200000762939453,20.700000762939453,18.75,19.799999237060547,19.799999237060547,23367
20.399999618530273,20.639999389648438,19.200000762939453,20.280000686645508,20.280000686645508,6870
20.100000381469727,24.899999618530273,19.799999237060547,24.450000762939453,24.450000762939453,40253
24.0,26.100000381469727,22.5,25.469999313354492,25.469999313354492,38333
25.469999313354492,26.100000381469727,24.09000015258789,25.110000610351562,25.110000610351562,24573
24.0,30.600000381469727,22.530000686645508,29.399999618530273,29.399999618530273,41807
28.350000381469727,28.59000015258789,20.399999618530273,21.600000381469727,21.600000381469727,49807
