Open,High,Low,Close,Adj Close,Volume
6.239999771118164,6.440000057220459,6.119999885559082,6.360000133514404,6.360000133514404,21108
6.0,6.0,5.599999904632568,5.840000152587891,5.840000152587891,29070
5.800000190734863,6.440000057220459,5.760000228881836,5.920000076293945,5.920000076293945,21953
6.0,6.360000133514404,5.760000228881836,5.760000228881836,5.760000228881836,26960
5.760000228881836,5.920000076293945,5.400000095367432,5.440000057220459,5.440000057220459,32245
5.400000095367432,5.480000019073486,4.840000152587891,4.920000076293945,4.920000076293945,36655
4.920000076293945,7.199999809265137,4.880000114440918,5.440000057220459,5.440000057220459,363528
5.199999809265137,5.599999904632568,4.880000114440918,5.0,5.0,201515
4.510000228881836,4.630000114440918,3.75,3.809999942779541,3.809999942779541,293600
