Open,High,Low,Close,Adj Close,Volume
1.0099999904632568,1.059999942779541,0.9700000286102295,1.0299999713897705,1.0299999713897705,10300
1.0,1.100000023841858,1.0,1.0800000429153442,1.0800000429153442,2600
0.9670000076293945,1.0499999523162842,0.9670000076293945,1.0399999618530273,1.0399999618530273,2800
1.0850000381469727,1.0950000286102295,1.0499999523162842,1.0800000429153442,1.0800000429153442,2800
1.100000023841858,1.100000023841858,1.065000057220459,1.090000033378601,1.090000033378601,1600
1.100000023841858,1.1399999856948853,1.0399999618530273,1.1399999856948853,1.1399999856948853,3200
1.1399999856948853,1.1399999856948853,1.1399999856948853,1.1399999856948853,1.1399999856948853,0
1.0499999523162842,1.1200000047683716,1.0499999523162842,1.1200000047683716,1.1200000047683716,600
