Open,High,Low,Close,Adj Close,Volume
1.3799999952316284,1.4299999475479126,1.1699999570846558,1.2699999809265137,1.2699999809265137,1404100
1.2999999523162842,1.440000057220459,1.2100000381469727,1.399999976158142,1.399999976158142,1182300
1.3200000524520874,1.600000023841858,1.309999942779541,1.5299999713897705,1.5299999713897705,1368900
1.6399999856948853,2.2799999713897705,1.5700000524520874,1.8300000429153442,1.8300000429153442,8071700
1.8300000429153442,1.850000023841858,1.5499999523162842,1.6200000047683716,1.6200000047683716,1106100
1.600000023841858,1.6390000581741333,1.340000033378601,1.399999976158142,1.399999976158142,822200
1.2699999809265137,1.3600000143051147,1.1299999952316284,1.159999966621399,1.159999966621399,861600
1.1100000143051147,1.25,1.0399999618530273,1.2100000381469727,1.2100000381469727,732100
1.2200000286102295,1.2200000286102295,0.8610000014305115,0.8999999761581421,0.8999999761581421,840500
