Open,High,Low,Close,Adj Close,Volume
0.02044999971985817,0.02044999971985817,0.02044999971985817,0.02044999971985817,0.02044999971985817,0
0.02044999971985817,0.02044999971985817,0.02044999971985817,0.02044999971985817,0.02044999971985817,0
0.02044999971985817,0.02044999971985817,0.02044999971985817,0.02044999971985817,0.02044999971985817,0
0.01860000006854534,0.01860000006854534,0.01860000006854534,0.01860000006854534,0.01860000006854534,121333
0.01860000006854534,0.01860000006854534,0.01860000006854534,0.01860000006854534,0.01860000006854534,0
0.01860000006854534,0.01860000006854534,0.01860000006854534,0.01860000006854534,0.01860000006854534,0
0.01860000006854534,0.01860000006854534,0.01860000006854534,0.01860000006854534,0.01860000006854534,0
0.01860000006854534,0.01860000006854534,0.01860000006854534,0.01860000006854534,0.01860000006854534,0
0.019740000367164612,0.02508999966084957,0.019300000742077827,0.02508999966084957,0.02508999966084957,38100
0.01850000023841858,0.01850000023841858,0.01850000023841858,0.01850000023841858,0.01850000023841858,16666
