Open,High,Low,Close,Adj Close,Volume
0.029999999329447746,0.029999999329447746,0.019999999552965164,0.029999999329447746,0.029999999329447746,53600
0.029999999329447746,0.029999999329447746,0.029999999329447746,0.029999999329447746,0.029999999329447746,22800
0.029999999329447746,0.029999999329447746,0.029999999329447746,0.029999999329447746,0.029999999329447746,2200
0.029999999329447746,0.03999999910593033,0.029999999329447746,0.03999999910593033,0.03999999910593033,10600
0.03999999910593033,0.03999999910593033,0.029999999329447746,0.029999999329447746,0.029999999329447746,44700
0.019999999552965164,0.03999999910593033,0.019999999552965164,0.03999999910593033,0.03999999910593033,9500
0.03999999910593033,0.03999999910593033,0.03999999910593033,0.03999999910593033,0.03999999910593033,6000
0.03999999910593033,0.03999999910593033,0.03999999910593033,0.03999999910593033,0.03999999910593033,0
0.03999999910593033,0.03999999910593033,0.029999999329447746,0.029999999329447746,0.029999999329447746,10700
