Open,High,Low,Close,Adj Close,Volume
0.1599999964237213,0.1599999964237213,0.15000000596046448,0.1599999964237213,0.1599999964237213,50000
0.18000000715255737,0.18000000715255737,0.18000000715255737,0.18000000715255737,0.18000000715255737,70700
0.18000000715255737,0.18000000715255737,0.17000000178813934,0.18000000715255737,0.18000000715255737,53800
0.17000000178813934,0.18000000715255737,0.17000000178813934,0.17000000178813934,0.17000000178813934,57500
0.17000000178813934,0.17000000178813934,0.15000000596046448,0.1599999964237213,0.1599999964237213,228300
0.1599999964237213,0.1599999964237213,0.15000000596046448,0.15000000596046448,0.15000000596046448,13900
0.15000000596046448,0.1599999964237213,0.15000000596046448,0.15000000596046448,0.15000000596046448,40900
0.15000000596046448,0.1599999964237213,0.15000000596046448,0.1599999964237213,0.1599999964237213,36000
0.1599999964237213,0.1599999964237213,0.07999999821186066,0.09000000357627869,0.09000000357627869,153900
