Open,High,Low,Close,Adj Close,Volume
5.860000133514404,6.789999961853027,5.829999923706055,6.659999847412109,6.659999847412109,58400
6.900000095367432,7.834000110626221,6.861000061035156,7.789999961853027,7.789999961853027,110700
7.949999809265137,8.5,7.511000156402588,7.900000095367432,7.900000095367432,123000
8.289999961853027,8.470000267028809,7.820000171661377,8.0,8.0,135900
7.960000038146973,8.04800033569336,7.010000228881836,7.46999979019165,7.46999979019165,142900
7.179999828338623,7.849999904632568,6.5,7.730000019073486,7.730000019073486,84900
8.15999984741211,8.15999984741211,7.539999961853027,7.980000019073486,7.980000019073486,31500
8.09000015258789,8.130000114440918,7.760000228881836,7.880000114440918,7.880000114440918,79400
7.860000133514404,9.800000190734863,7.860000133514404,9.800000190734863,9.800000190734863,234200
