Open,High,Low,Close,Adj Close,Volume
8.0,8.399999618530273,7.800000190734863,8.399999618530273,8.399999618530273,301
8.399999618530273,8.399999618530273,7.599999904632568,7.599999904632568,7.599999904632568,525
8.300000190734863,8.300000190734863,6.800000190734863,6.800000190734863,6.800000190734863,2254
6.900000095367432,7.7220001220703125,6.806000232696533,7.579999923706055,7.579999923706055,585
7.250999927520752,7.599999904632568,5.519999980926514,7.599999904632568,7.599999904632568,1542
6.800000190734863,6.800000190734863,6.800000190734863,6.800000190734863,6.800000190734863,200
6.800000190734863,6.800000190734863,6.800000190734863,6.800000190734863,6.800000190734863,355
6.22599983215332,8.600000381469727,6.22599983215332,8.600000381469727,8.600000381469727,3149
