Open,High,Low,Close,Adj Close,Volume
10.9399995803833,11.180000305175781,10.449999809265137,10.75,10.75,6475000
10.569999694824219,11.180000305175781,10.279999732971191,11.069999694824219,11.069999694824219,5435000
11.199999809265137,11.449999809265137,10.260000228881836,10.649999618530273,10.649999618530273,8042200
10.510000228881836,10.789999961853027,10.289999961853027,10.489999771118164,10.489999771118164,3687900
10.510000228881836,10.90999984741211,10.40999984741211,10.529999732971191,10.529999732971191,3831100
10.609999656677246,10.890000343322754,10.3100004196167,10.319999694824219,10.319999694824219,5067200
10.350000381469727,10.420000076293945,10.069999694824219,10.170000076293945,10.170000076293945,3999400
10.100000381469727,10.279999732971191,9.9399995803833,9.970000267028809,9.970000267028809,5441700
9.979999542236328,9.979999542236328,9.329999923706055,9.369999885559082,9.369999885559082,6625100
