Open,High,Low,Close,Adj Close,Volume
4.489999771118164,4.679999828338623,4.460000038146973,4.650000095367432,4.650000095367432,486300
4.579999923706055,4.679999828338623,4.550000190734863,4.619999885559082,4.619999885559082,250000
4.53000020980835,4.639999866485596,4.5,4.619999885559082,4.619999885559082,284700
4.619999885559082,4.650000095367432,4.420000076293945,4.489999771118164,4.489999771118164,589900
4.480000019073486,4.53000020980835,4.329999923706055,4.380000114440918,4.380000114440918,697300
4.340000152587891,4.409999847412109,4.320000171661377,4.349999904632568,4.349999904632568,421100
4.329999923706055,4.449999809265137,4.289999961853027,4.380000114440918,4.380000114440918,382200
4.300000190734863,4.449999809265137,4.300000190734863,4.340000152587891,4.340000152587891,594200
3.359999895095825,3.8399999141693115,3.1500000953674316,3.4200000762939453,3.4200000762939453,1758100
