Open,High,Low,Close,Adj Close,Volume
0.33000001311302185,0.3400000035762787,0.3199999928474426,0.33000001311302185,0.33000001311302185,58600
0.33000001311302185,0.3400000035762787,0.3100000023841858,0.3400000035762787,0.3400000035762787,38500
0.33000001311302185,0.33000001311302185,0.3199999928474426,0.3199999928474426,0.3199999928474426,137800
0.3199999928474426,0.3400000035762787,0.3199999928474426,0.33000001311302185,0.33000001311302185,96800
0.3499999940395355,0.4399999976158142,0.3199999928474426,0.33000001311302185,0.33000001311302185,3626600
0.30000001192092896,0.3400000035762787,0.28999999165534973,0.30000001192092896,0.30000001192092896,942900
0.2800000011920929,0.3199999928474426,0.25999999046325684,0.25999999046325684,0.25999999046325684,1041000
0.27000001072883606,0.3799999952316284,0.23999999463558197,0.3400000035762787,0.3400000035762787,563200
0.3400000035762787,0.3400000035762787,0.27000001072883606,0.27000001072883606,0.27000001072883606,1417600
