Open,High,Low,Close,Adj Close,Volume
3.299999952316284,3.700000047683716,3.299999952316284,3.3499999046325684,3.3499999046325684,3457000
3.3499999046325684,3.690000057220459,3.3499999046325684,3.5,3.5,811700
3.5999999046325684,4.179999828338623,3.549999952316284,4.0,4.0,573500
4.190000057220459,8.607999801635742,4.150000095367432,8.0,8.0,1964500
7.449999809265137,9.479999542236328,6.75,9.0,9.0,2498900
