Open,High,Low,Close,Adj Close,Volume
16.049999237060547,16.31999969482422,15.699999809265137,15.970000267028809,15.53361988067627,3259600
16.059999465942383,16.079999923706055,15.449999809265137,15.770000457763672,15.33908462524414,3073800
15.800000190734863,16.15999984741211,15.770000457763672,15.880000114440918,15.44607925415039,2792200
15.989999771118164,16.559999465942383,15.619999885559082,16.25,15.805968284606934,3543700
16.0,16.200000762939453,14.920000076293945,15.710000038146973,15.28072452545166,5264700
15.8100004196167,16.6299991607666,15.609999656677246,15.729999542236328,15.300177574157715,3652900
15.800000190734863,16.020000457763672,15.149999618530273,15.180000305175781,14.765207290649414,3300100
15.350000381469727,15.550000190734863,14.760000228881836,14.970000267028809,14.560944557189941,3128400
15.050000190734863,15.520000457763672,5.800000190734863,7.920000076293945,7.703586101531982,102149900
