Open,High,Low,Close,Adj Close,Volume
0.5,0.5,0.5,0.5,0.5,0
0.4000000059604645,0.4000000059604645,0.4000000059604645,0.4000000059604645,0.4000000059604645,300
0.4000000059604645,0.4000000059604645,0.4000000059604645,0.4000000059604645,0.4000000059604645,0
0.3799999952316284,0.4000000059604645,0.2800000011920929,0.4000000059604645,0.4000000059604645,84800
0.3499999940395355,0.4099999964237213,0.3499999940395355,0.4099999964237213,0.4099999964237213,300
0.4099999964237213,0.4099999964237213,0.4099999964237213,0.4099999964237213,0.4099999964237213,0
0.4099999964237213,0.4099999964237213,0.4099999964237213,0.4099999964237213,0.4099999964237213,0
0.4099999964237213,0.4099999964237213,0.4099999964237213,0.4099999964237213,0.4099999964237213,0
0.4099999964237213,0.4099999964237213,0.4099999964237213,0.4099999964237213,0.4099999964237213,0
0.3199999928474426,0.3199999928474426,0.3199999928474426,0.3199999928474426,0.3199999928474426,200
