Open,High,Low,Close,Adj Close,Volume
6.559999942779541,6.909999847412109,6.400000095367432,6.880000114440918,6.880000114440918,300700
7.0,7.099999904632568,6.789999961853027,6.96999979019165,6.96999979019165,263400
7.010000228881836,7.25,6.880000114440918,7.0,7.0,279900
6.880000114440918,7.050000190734863,6.760000228881836,6.829999923706055,6.829999923706055,296000
6.829999923706055,7.0,6.599999904632568,6.659999847412109,6.659999847412109,320300
6.71999979019165,6.96999979019165,6.349999904632568,6.400000095367432,6.400000095367432,312600
6.400000095367432,6.889999866485596,6.400000095367432,6.769999980926514,6.769999980926514,291200
6.769999980926514,7.800000190734863,6.644999980926514,7.510000228881836,7.510000228881836,412700
7.570000171661377,8.225000381469727,7.150000095367432,7.300000190734863,7.300000190734863,301000
