Open,High,Low,Close,Adj Close,Volume
0.006099999882280827,0.009999999776482582,0.006000000052154064,0.006399999838322401,0.006399999838322401,1136884
0.006000000052154064,0.009600000455975533,0.006000000052154064,0.008100000210106373,0.008100000210106373,730256
0.006099999882280827,0.009499999694526196,0.006099999882280827,0.009499999694526196,0.009499999694526196,467072
0.00800000037997961,0.013899999670684338,0.00800000037997961,0.009999999776482582,0.009999999776482582,1050121
0.008100000210106373,0.014999999664723873,0.008100000210106373,0.014000000432133675,0.014000000432133675,2084103
0.013000000268220901,0.08190000057220459,0.01269999984651804,0.03999999910593033,0.03999999910593033,9115846
0.04010000079870224,0.0778999999165535,0.035599999129772186,0.05900000035762787,0.05900000035762787,17279453
0.0649000033736229,0.08959999680519104,0.054999999701976776,0.06700000166893005,0.06700000166893005,13329083
0.06199999898672104,0.07699999958276749,0.032999999821186066,0.03579999879002571,0.03579999879002571,9541475
