Open,High,Low,Close,Adj Close,Volume
0.045899998396635056,0.045899998396635056,0.03500000014901161,0.03500000014901161,0.03500000014901161,2500
0.03500000014901161,0.03500000014901161,0.03500000014901161,0.03500000014901161,0.03500000014901161,0
0.013899999670684338,0.013899999670684338,0.013899999670684338,0.013899999670684338,0.013899999670684338,3100
0.013899999670684338,0.013899999670684338,0.013899999670684338,0.013899999670684338,0.013899999670684338,0
0.013899999670684338,0.013899999670684338,0.013899999670684338,0.013899999670684338,0.013899999670684338,0
0.013899999670684338,0.013899999670684338,0.013899999670684338,0.013899999670684338,0.013899999670684338,0
0.04989999905228615,0.04989999905228615,0.04989999905228615,0.04989999905228615,0.04989999905228615,9500
0.04989999905228615,0.04989999905228615,0.04989999905228615,0.04989999905228615,0.04989999905228615,0
0.014100000262260437,0.0142000000923872,0.014100000262260437,0.0142000000923872,0.0142000000923872,850
