Open,High,Low,Close,Adj Close,Volume
7.866000175476074,7.910999774932861,7.809000015258789,7.86299991607666,7.792385578155518,162300
7.869999885559082,7.960999965667725,7.869999885559082,7.920000076293945,7.848874092102051,439300
7.860000133514404,7.860000133514404,7.860000133514404,7.860000133514404,7.789412975311279,195700
7.809999942779541,7.980000019073486,7.809999942779541,7.9720001220703125,7.900406837463379,166000
7.927000045776367,8.0,7.829999923706055,7.920000076293945,7.848874092102051,52600
8.064000129699707,8.260000228881836,8.064000129699707,8.199999809265137,8.126358985900879,38900
8.210000038146973,8.222999572753906,8.199999809265137,8.199999809265137,8.126358985900879,85000
8.260000228881836,8.350000381469727,8.260000228881836,8.319999694824219,8.245281219482422,225300
8.3100004196167,8.420000076293945,8.300000190734863,8.319999694824219,8.245281219482422,32800
