Open,High,Low,Close,Adj Close,Volume
0.020500000566244125,0.05990000069141388,0.020500000566244125,0.05939999967813492,0.05939999967813492,135335
0.04010000079870224,0.0689999982714653,0.03200000151991844,0.04800000041723251,0.04800000041723251,130553
0.02500000037252903,0.07090000063180923,0.021700000390410423,0.057999998331069946,0.057999998331069946,72925
0.024000000208616257,0.07000000029802322,0.024000000208616257,0.06939999759197235,0.06939999759197235,127134
0.04830000177025795,0.06499999761581421,0.04830000177025795,0.06499999761581421,0.06499999761581421,132092
0.06499999761581421,0.06499999761581421,0.04010000079870224,0.05510000139474869,0.05510000139474869,112127
0.03999999910593033,0.07989999651908875,0.020099999383091927,0.057500001043081284,0.057500001043081284,185931
0.03999999910593033,0.07970000058412552,0.03999999910593033,0.05640000104904175,0.05640000104904175,69881
0.05640000104904175,0.07400000095367432,0.03511999920010567,0.04349999874830246,0.04349999874830246,261145
