Open,High,Low,Close,Adj Close,Volume
0.05999999865889549,0.05999999865889549,0.05999999865889549,0.05999999865889549,0.05999999865889549,20000
0.04670000076293945,0.05040000006556511,0.04500000178813934,0.05040000006556511,0.05040000006556511,274500
0.07000000029802322,0.07000000029802322,0.07000000029802322,0.07000000029802322,0.07000000029802322,200000
0.05000000074505806,0.05790000036358833,0.03999999910593033,0.05790000036358833,0.05790000036358833,139500
0.0575999990105629,0.05999999865889549,0.0560000017285347,0.0560000017285347,0.0560000017285347,180000
0.053700000047683716,0.0560000017285347,0.053700000047683716,0.053700000047683716,0.053700000047683716,44700
0.06499999761581421,0.06499999761581421,0.04619999974966049,0.05999999865889549,0.05999999865889549,145000
0.046300001442432404,0.05000000074505806,0.046300001442432404,0.05000000074505806,0.05000000074505806,10500
0.03739999979734421,0.03849999979138374,0.03739999979734421,0.03849999979138374,0.03849999979138374,176000
