Open,High,Low,Close,Adj Close,Volume
0.019999999552965164,0.041999999433755875,0.014000000432133675,0.041999999433755875,0.041999999433755875,190200
0.024000000208616257,0.024000000208616257,0.014000000432133675,0.01600000075995922,0.01600000075995922,163900
0.01600000075995922,0.01600000075995922,0.01600000075995922,0.01600000075995922,0.01600000075995922,277600
0.01600000075995922,0.01600000075995922,0.01600000075995922,0.01600000075995922,0.01600000075995922,2900
0.003000000026077032,0.01600000075995922,0.003000000026077032,0.01600000075995922,0.01600000075995922,39500
0.014999999664723873,0.01600000075995922,0.014999999664723873,0.01600000075995922,0.01600000075995922,60000
0.017999999225139618,0.017999999225139618,0.017999999225139618,0.017999999225139618,0.017999999225139618,3000
0.017999999225139618,0.017999999225139618,0.017999999225139618,0.017999999225139618,0.017999999225139618,12500
0.014000000432133675,0.014000000432133675,0.014000000432133675,0.014000000432133675,0.014000000432133675,39200
