Open,High,Low,Close,Adj Close,Volume
0.5019999742507935,0.5139999985694885,0.4519999921321869,0.4650000035762787,0.4650000035762787,177600
0.4699999988079071,0.49000000953674316,0.4569999873638153,0.4699999988079071,0.4699999988079071,47000
0.492000013589859,0.49900001287460327,0.44999998807907104,0.4620000123977661,0.4620000123977661,33800
0.4779999852180481,0.47999998927116394,0.44999998807907104,0.45500001311302185,0.45500001311302185,40300
0.4690000116825104,0.4699999988079071,0.4410000145435333,0.4410000145435333,0.4410000145435333,144600
0.4410000145435333,0.47999998927116394,0.4410000145435333,0.45899999141693115,0.45899999141693115,52000
0.46000000834465027,0.4819999933242798,0.4440000057220459,0.4449999928474426,0.4449999928474426,459100
0.47200000286102295,0.6179999709129333,0.4519999921321869,0.5199999809265137,0.5199999809265137,2102800
0.5460000038146973,0.5600000023841858,0.3659999966621399,0.40400001406669617,0.40400001406669617,1004100
