Open,High,Low,Close,Adj Close,Volume
4.75,4.767000198364258,4.5,4.599999904632568,4.599999904632568,196000
4.610000133514404,4.610000133514404,3.9000000953674316,3.9700000286102295,3.9700000286102295,326000
4.090000152587891,4.199999809265137,4.010000228881836,4.179999828338623,4.179999828338623,99000
4.380000114440918,4.646999835968018,4.260000228881836,4.489999771118164,4.489999771118164,342100
4.670000076293945,4.670000076293945,4.210000038146973,4.420000076293945,4.420000076293945,157300
4.570000171661377,4.880000114440918,4.440000057220459,4.730000019073486,4.730000019073486,418100
4.849999904632568,5.630000114440918,4.659999847412109,5.570000171661377,5.570000171661377,694800
6.840000152587891,10.14900016784668,6.349999904632568,8.979999542236328,8.979999542236328,35960900
6.150000095367432,6.550000190734863,5.25,6.159999847412109,6.159999847412109,3193100
