Open,High,Low,Close,Adj Close,Volume
0.119998998939991,0.119998998939991,0.0899989977478981,0.119998998939991,0.119998998939991,426252
0.119998998939991,0.13499900698661804,0.10499899834394455,0.119998998939991,0.119998998939991,286667
0.10499899834394455,0.13499900698661804,0.10499899834394455,0.11249899864196777,0.11249899864196777,134155
0.119998998939991,0.119998998939991,0.0899989977478981,0.10499899834394455,0.10499899834394455,549430
0.10499899834394455,0.10499899834394455,0.0899989977478981,0.10499899834394455,0.10499899834394455,944879
0.10499899834394455,0.10499899834394455,0.07499899715185165,0.10499899834394455,0.10499899834394455,704485
0.10499899834394455,0.10499899834394455,0.059999000281095505,0.059999000281095505,0.059999000281095505,1857294
0.03754999861121178,0.0689999982714653,0.03485000133514404,0.06800000369548798,0.06800000369548798,522443
0.06800000369548798,0.06800000369548798,0.04500000178813934,0.05050000175833702,0.05050000175833702,1452515
