Open,High,Low,Close,Adj Close,Volume
0.4000000059604645,0.4000000059604645,0.4000000059604645,0.4000000059604645,0.4000000059604645,1300
0.4000000059604645,0.4000000059604645,0.4000000059604645,0.4000000059604645,0.4000000059604645,0
0.3499999940395355,0.4000000059604645,0.3499999940395355,0.4000000059604645,0.4000000059604645,13800
0.3499999940395355,0.4000000059604645,0.3499999940395355,0.4000000059604645,0.4000000059604645,8000
0.4000000059604645,0.4000000059604645,0.4000000059604645,0.4000000059604645,0.4000000059604645,0
0.4000000059604645,0.4000000059604645,0.4000000059604645,0.4000000059604645,0.4000000059604645,0
0.30000001192092896,0.4000000059604645,0.30000001192092896,0.4000000059604645,0.4000000059604645,15800
0.5600000023841858,1.2100000381469727,0.5600000023841858,0.8399999737739563,0.8399999737739563,670700
0.8600000143051147,1.1100000143051147,0.8500000238418579,1.0399999618530273,1.0399999618530273,312400
