Open,High,Low,Close,Adj Close,Volume
0.10000000149011612,0.10000000149011612,0.0860000029206276,0.0860000029206276,0.0860000029206276,2500
0.08500000089406967,0.09000000357627869,0.07000000029802322,0.09000000357627869,0.09000000357627869,145500
0.09000000357627869,0.09000000357627869,0.09000000357627869,0.09000000357627869,0.09000000357627869,0
0.10199999809265137,0.10199999809265137,0.10000000149011612,0.10000000149011612,0.10000000149011612,17400
0.10000000149011612,0.10000000149011612,0.10000000149011612,0.10000000149011612,0.10000000149011612,0
0.10000000149011612,0.10000000149011612,0.10000000149011612,0.10000000149011612,0.10000000149011612,0
0.10000000149011612,0.10000000149011612,0.10000000149011612,0.10000000149011612,0.10000000149011612,0
0.11999999731779099,0.11999999731779099,0.09000000357627869,0.09000000357627869,0.09000000357627869,5200
0.07100000232458115,0.09000000357627869,0.07100000232458115,0.07100000232458115,0.07100000232458115,20400
