Open,High,Low,Close,Adj Close,Volume
0.18000000715255737,0.1899999976158142,0.18000000715255737,0.18000000715255737,0.18000000715255737,431800
0.1899999976158142,0.1899999976158142,0.17000000178813934,0.1899999976158142,0.1899999976158142,274800
0.1899999976158142,0.1899999976158142,0.17000000178813934,0.1899999976158142,0.1899999976158142,267800
0.18000000715255737,0.18000000715255737,0.18000000715255737,0.18000000715255737,0.18000000715255737,103600
0.1899999976158142,0.1899999976158142,0.18000000715255737,0.18000000715255737,0.18000000715255737,146600
0.18000000715255737,0.23000000417232513,0.17000000178813934,0.18000000715255737,0.18000000715255737,13819800
0.20000000298023224,0.2199999988079071,0.1599999964237213,0.20999999344348907,0.20999999344348907,5823200
0.20000000298023224,0.23999999463558197,0.1899999976158142,0.23000000417232513,0.23000000417232513,7144200
0.2199999988079071,0.23000000417232513,0.17000000178813934,0.18000000715255737,0.18000000715255737,3738300
