Open,High,Low,Close,Adj Close,Volume
6.099999904632568,6.125,5.875,6.099999904632568,6.099999904632568,9376
6.074999809265137,6.5,5.875,6.275000095367432,6.275000095367432,7432
6.375,6.75,5.875,6.574999809265137,6.574999809265137,4540
6.25,6.75,5.925000190734863,6.525000095367432,6.525000095367432,8796
6.650000095367432,6.699999809265137,5.875,6.5,6.5,8572
6.300000190734863,6.300000190734863,5.875,6.0,6.0,3296
6.0,6.275000095367432,5.699999809265137,5.824999809265137,5.824999809265137,6316
5.75,6.400000095367432,5.599999904632568,6.050000190734863,6.050000190734863,15640
6.025000095367432,6.074999809265137,4.5,4.824999809265137,4.824999809265137,108644
