Open,High,Low,Close,Adj Close,Volume
0.20000000298023224,0.20000000298023224,0.18000000715255737,0.1899999976158142,0.1899999976158142,587566
0.19359999895095825,0.20200000703334808,0.17003999650478363,0.1850000023841858,0.1850000023841858,510563
0.1850000023841858,0.1899999976158142,0.17000000178813934,0.1850000023841858,0.1850000023841858,193169
0.17000000178813934,0.1899999976158142,0.17000000178813934,0.1850000023841858,0.1850000023841858,247836
0.1850000023841858,0.19990000128746033,0.18000000715255737,0.19347000122070312,0.19347000122070312,66349
0.19594000279903412,0.19990000128746033,0.17100000381469727,0.18995000422000885,0.18995000422000885,37331
0.18000000715255737,0.1899999976158142,0.16203999519348145,0.18000000715255737,0.18000000715255737,2198868
0.18199999630451202,0.18303999304771423,0.14740000665187836,0.14740000665187836,0.14740000665187836,775031
0.14020000398159027,0.1599999964237213,0.11110000312328339,0.1136000007390976,0.1136000007390976,1489244
