Open,High,Low,Close,Adj Close,Volume
4.380000114440918,4.409999847412109,4.230000019073486,4.380000114440918,4.380000114440918,10600
4.380000114440918,4.570000171661377,4.360000133514404,4.5,4.5,14100
4.639999866485596,4.860000133514404,4.514999866485596,4.800000190734863,4.800000190734863,18800
4.880000114440918,4.929999828338623,4.611999988555908,4.920000076293945,4.920000076293945,18400
4.78000020980835,4.920000076293945,4.632999897003174,4.909999847412109,4.909999847412109,2400
4.909999847412109,4.909999847412109,4.599999904632568,4.889999866485596,4.889999866485596,27100
4.626999855041504,4.849999904632568,4.626999855041504,4.710000038146973,4.710000038146973,8300
4.800000190734863,4.800000190734863,4.599999904632568,4.679999828338623,4.679999828338623,3500
4.610000133514404,5.25,4.46999979019165,5.179999828338623,5.179999828338623,67100
