Open,High,Low,Close,Adj Close,Volume
0.023649999871850014,0.023649999871850014,0.019999999552965164,0.019999999552965164,0.019999999552965164,74000
0.019999999552965164,0.02239999920129776,0.019999999552965164,0.019999999552965164,0.019999999552965164,33610
0.019999999552965164,0.019999999552965164,0.019999999552965164,0.019999999552965164,0.019999999552965164,0
0.020999999716877937,0.02319999970495701,0.020999999716877937,0.02319999970495701,0.02319999970495701,6000
0.02239999920129776,0.02239999920129776,0.02199999988079071,0.02199999988079071,0.02199999988079071,200000
0.02250000089406967,0.02250000089406967,0.02250000089406967,0.02250000089406967,0.02250000089406967,20000
0.018699999898672104,0.019999999552965164,0.018699999898672104,0.019999999552965164,0.019999999552965164,50766
0.021199999377131462,0.021199999377131462,0.021199999377131462,0.021199999377131462,0.021199999377131462,700
0.019999999552965164,0.019999999552965164,0.01600000075995922,0.01600000075995922,0.01600000075995922,91105
