Open,High,Low,Close,Adj Close,Volume
9.079999923706055,9.079999923706055,8.399999618530273,8.460000038146973,8.460000038146973,1145700
8.539999961853027,8.850000381469727,8.40999984741211,8.699999809265137,8.699999809265137,627000
8.850000381469727,9.0,8.699999809265137,9.0,9.0,731500
9.0,9.100000381469727,8.5600004196167,8.649999618530273,8.649999618530273,769100
8.65999984741211,9.390000343322754,8.65999984741211,9.130000114440918,9.130000114440918,1290900
9.199999809265137,10.149999618530273,9.175000190734863,10.0,10.0,2377300
10.130000114440918,10.199999809265137,9.649999618530273,9.960000038146973,9.960000038146973,1185600
10.479999542236328,11.270000457763672,10.154999732971191,10.220000267028809,10.220000267028809,1644900
10.220000267028809,10.220000267028809,9.404999732971191,9.470000267028809,9.470000267028809,723000
