Open,High,Low,Close,Adj Close,Volume
0.13500000536441803,0.13500000536441803,0.13500000536441803,0.13500000536441803,0.13500000536441803,44301
0.17000000178813934,0.28999999165534973,0.10000000149011612,0.11999999731779099,0.11999999731779099,20099
0.11999999731779099,0.11999999731779099,0.11999999731779099,0.11999999731779099,0.11999999731779099,0
0.10064999759197235,0.10064999759197235,0.10064999759197235,0.10064999759197235,0.10064999759197235,1000
0.10064999759197235,0.10064999759197235,0.10064999759197235,0.10064999759197235,0.10064999759197235,0
0.10064999759197235,0.10064999759197235,0.10064999759197235,0.10064999759197235,0.10064999759197235,0
0.10000000149011612,0.10000000149011612,0.10000000149011612,0.10000000149011612,0.10000000149011612,250
0.10000000149011612,0.10000000149011612,0.10000000149011612,0.10000000149011612,0.10000000149011612,0
0.05000000074505806,0.05000000074505806,0.05000000074505806,0.05000000074505806,0.05000000074505806,7000
