Open,High,Low,Close,Adj Close,Volume
0.010999999940395355,0.010999999940395355,0.010999999940395355,0.010999999940395355,0.010999999940395355,100000
0.010999999940395355,0.010999999940395355,0.010999999940395355,0.010999999940395355,0.010999999940395355,0
0.010999999940395355,0.010999999940395355,0.010999999940395355,0.010999999940395355,0.010999999940395355,0
0.010999999940395355,0.010999999940395355,0.010999999940395355,0.010999999940395355,0.010999999940395355,0
0.010999999940395355,0.010999999940395355,0.010999999940395355,0.010999999940395355,0.010999999940395355,0
0.007499999832361937,0.007499999832361937,0.007499999832361937,0.007499999832361937,0.007499999832361937,1333
0.007499999832361937,0.007499999832361937,0.007499999832361937,0.007499999832361937,0.007499999832361937,0
0.007499999832361937,0.007499999832361937,0.007499999832361937,0.007499999832361937,0.007499999832361937,0
0.007499999832361937,0.007499999832361937,0.007499999832361937,0.007499999832361937,0.007499999832361937,0
0.016100000590085983,0.016100000590085983,0.01600000075995922,0.016100000590085983,0.016100000590085983,20097
