Open,High,Low,Close,Adj Close,Volume
0.36010000109672546,0.40549999475479126,0.36000001430511475,0.36000001430511475,0.36000001430511475,34957
0.36000001430511475,0.398499995470047,0.3499999940395355,0.3799000084400177,0.3799000084400177,50955
0.35260000824928284,0.37929999828338623,0.35260000824928284,0.37929999828338623,0.37929999828338623,4000
0.3889999985694885,0.414900004863739,0.3580000102519989,0.3700000047683716,0.3700000047683716,67561
0.4099999964237213,0.4099999964237213,0.3700000047683716,0.4000000059604645,0.4000000059604645,43187
0.4000000059604645,0.4000000059604645,0.3700999915599823,0.4000000059604645,0.4000000059604645,45006
0.38499999046325684,0.4099999964237213,0.38499999046325684,0.4000000059604645,0.4000000059604645,12066
0.4099999964237213,0.4099999964237213,0.4000000059604645,0.4000000059604645,0.4000000059604645,6725
0.375,0.4000000059604645,0.2621999979019165,0.2980000078678131,0.2980000078678131,480751
