Open,High,Low,Close,Adj Close,Volume
0.28279998898506165,0.28279998898506165,0.28279998898506165,0.28279998898506165,0.28279998898506165,1500
0.3100000023841858,0.3199999928474426,0.3100000023841858,0.3100000023841858,0.3100000023841858,32400
0.2939999997615814,0.2939999997615814,0.2939999997615814,0.2939999997615814,0.2939999997615814,1500
0.38999998569488525,0.38999998569488525,0.38999998569488525,0.38999998569488525,0.38999998569488525,600
