Open,High,Low,Close,Adj Close,Volume
0.013100000098347664,0.013100000098347664,0.013100000098347664,0.013100000098347664,0.013100000098347664,300
0.013100000098347664,0.013100000098347664,0.013100000098347664,0.013100000098347664,0.013100000098347664,0
0.013100000098347664,0.013100000098347664,0.013100000098347664,0.013100000098347664,0.013100000098347664,0
0.013100000098347664,0.013100000098347664,0.013100000098347664,0.013100000098347664,0.013100000098347664,0
0.013100000098347664,0.013100000098347664,0.013100000098347664,0.013100000098347664,0.013100000098347664,0
0.013100000098347664,0.013100000098347664,0.013100000098347664,0.013100000098347664,0.013100000098347664,0
0.011300000362098217,0.01484999991953373,0.011300000362098217,0.01484999991953373,0.01484999991953373,10100
0.01484999991953373,0.01484999991953373,0.01484999991953373,0.01484999991953373,0.01484999991953373,0
0.011699999682605267,0.011699999682605267,0.011699999682605267,0.011699999682605267,0.011699999682605267,200
