Open,High,Low,Close,Adj Close,Volume
0.041600000113248825,0.042500000447034836,0.03880000114440918,0.04179999977350235,0.04179999977350235,50700
0.04179999977350235,0.04179999977350235,0.04179999977350235,0.04179999977350235,0.04179999977350235,0
0.04179999977350235,0.04179999977350235,0.04179999977350235,0.04179999977350235,0.04179999977350235,0
0.04490000009536743,0.04490000009536743,0.04490000009536743,0.04490000009536743,0.04490000009536743,2000
0.04490000009536743,0.04490000009536743,0.04490000009536743,0.04490000009536743,0.04490000009536743,0
0.04490000009536743,0.04490000009536743,0.04490000009536743,0.04490000009536743,0.04490000009536743,0
0.04490000009536743,0.04490000009536743,0.04490000009536743,0.04490000009536743,0.04490000009536743,0
0.04490000009536743,0.04490000009536743,0.04490000009536743,0.04490000009536743,0.04490000009536743,0
0.03700000047683716,0.03700000047683716,0.03500000014901161,0.03554999828338623,0.03554999828338623,52000
