Open,High,Low,Close,Adj Close,Volume
0.10999999940395355,0.10999999940395355,0.10999999940395355,0.10999999940395355,0.10999999940395355,3000
0.10119999945163727,0.10119999945163727,0.029999999329447746,0.10000000149011612,0.10000000149011612,31500
0.10000000149011612,0.10000000149011612,0.06499999761581421,0.06499999761581421,0.06499999761581421,20560
0.07649999856948853,0.07649999856948853,0.07649999856948853,0.07649999856948853,0.07649999856948853,2500
0.10000000149011612,0.10000000149011612,0.05999999865889549,0.05999999865889549,0.05999999865889549,12000
0.019999999552965164,0.05999999865889549,0.019999999552965164,0.05999999865889549,0.05999999865889549,111000
0.10000000149011612,0.10000000149011612,0.10000000149011612,0.10000000149011612,0.10000000149011612,1000
0.10000000149011612,0.10000000149011612,0.10000000149011612,0.10000000149011612,0.10000000149011612,2500
0.05999999865889549,0.06700000166893005,0.019999999552965164,0.019999999552965164,0.019999999552965164,195089
