Open,High,Low,Close,Adj Close,Volume
2.5299999713897705,2.5799999237060547,2.4800000190734863,2.569999933242798,2.569999933242798,145300
2.5799999237060547,2.619999885559082,2.490000009536743,2.509999990463257,2.509999990463257,127000
2.509999990463257,2.5399999618530273,2.4200000762939453,2.509999990463257,2.509999990463257,186300
2.5199999809265137,2.5299999713897705,2.4100000858306885,2.450000047683716,2.450000047683716,179900
2.450000047683716,2.509999990463257,2.4200000762939453,2.490000009536743,2.490000009536743,148300
2.5199999809265137,2.549999952316284,2.4600000381469727,2.509999990463257,2.509999990463257,105400
2.549999952316284,2.680000066757202,2.5399999618530273,2.609999895095825,2.609999895095825,214100
2.609999895095825,2.6500000953674316,2.559999942779541,2.5799999237060547,2.5799999237060547,93700
2.630000114440918,3.130000114440918,2.630000114440918,3.009999990463257,3.009999990463257,2396300
