Open,High,Low,Close,Adj Close,Volume
0.10999999940395355,0.10999999940395355,0.10000000149011612,0.10999999940395355,0.10999999940395355,72800
0.10999999940395355,0.10999999940395355,0.10000000149011612,0.10999999940395355,0.10999999940395355,14500
0.10000000149011612,0.10000000149011612,0.09000000357627869,0.09000000357627869,0.09000000357627869,74400
0.09000000357627869,0.09000000357627869,0.09000000357627869,0.09000000357627869,0.09000000357627869,58000
0.10000000149011612,0.10000000149011612,0.09000000357627869,0.09000000357627869,0.09000000357627869,26300
0.09000000357627869,0.09000000357627869,0.09000000357627869,0.09000000357627869,0.09000000357627869,65000
0.09000000357627869,0.10999999940395355,0.09000000357627869,0.09000000357627869,0.09000000357627869,19700
0.10000000149011612,0.12999999523162842,0.10000000149011612,0.12999999523162842,0.12999999523162842,1400
0.09000000357627869,0.10000000149011612,0.09000000357627869,0.10000000149011612,0.10000000149011612,127500
