Open,High,Low,Close,Adj Close,Volume
0.02199999988079071,0.02199999988079071,0.019600000232458115,0.019600000232458115,0.019600000232458115,100000
0.01860000006854534,0.023180000483989716,0.01860000006854534,0.023180000483989716,0.023180000483989716,2458
0.023180000483989716,0.023180000483989716,0.023180000483989716,0.023180000483989716,0.023180000483989716,0
0.023180000483989716,0.023180000483989716,0.023180000483989716,0.023180000483989716,0.023180000483989716,0
0.023180000483989716,0.023180000483989716,0.023180000483989716,0.023180000483989716,0.023180000483989716,0
0.023180000483989716,0.023180000483989716,0.023180000483989716,0.023180000483989716,0.023180000483989716,0
0.023180000483989716,0.023180000483989716,0.023180000483989716,0.023180000483989716,0.023180000483989716,0
0.023180000483989716,0.023180000483989716,0.023180000483989716,0.023180000483989716,0.023180000483989716,0
0.020549999549984932,0.020549999549984932,0.018300000578165054,0.018300000578165054,0.018300000578165054,1250
