Open,High,Low,Close,Adj Close,Volume
1.600000023841858,1.6299999952316284,1.437999963760376,1.600000023841858,1.600000023841858,52300
1.649999976158142,1.9900000095367432,1.5700000524520874,1.940000057220459,1.940000057220459,208300
1.909999966621399,2.3299999237060547,1.809999942779541,2.2899999618530273,2.2899999618530273,185800
2.3499999046325684,3.7200000286102295,2.3499999046325684,3.009999990463257,3.009999990463257,3076300
3.200000047683716,4.130000114440918,3.065000057220459,3.759999990463257,3.759999990463257,848700
3.690000057220459,4.170000076293945,3.190000057220459,4.0,4.0,355400
4.099999904632568,4.920000076293945,4.085000038146973,4.539999961853027,4.539999961853027,564900
4.769999980926514,6.489999771118164,4.570000171661377,6.25,6.25,1507500
6.170000076293945,6.349999904632568,4.28000020980835,4.889999866485596,4.889999866485596,1135200
