Open,High,Low,Close,Adj Close,Volume
1.0399999618530273,1.100000023841858,0.9729999899864197,0.9959999918937683,0.9959999918937683,44500
1.0,1.0199999809265137,0.9700000286102295,0.9850000143051147,0.9850000143051147,56500
0.9959999918937683,1.0199999809265137,0.9629999995231628,0.9950000047683716,0.9950000047683716,70100
0.9599999785423279,0.9900000095367432,0.902999997138977,0.9330000281333923,0.9330000281333923,66600
0.8899999856948853,0.9169999957084656,0.7070000171661377,0.7329999804496765,0.7329999804496765,158100
0.7099999785423279,0.7099999785423279,0.6150000095367432,0.6259999871253967,0.6259999871253967,70900
0.6579999923706055,0.8889999985694885,0.6549999713897705,0.7509999871253967,0.7509999871253967,459600
0.8100000023841858,0.8799999952316284,0.7649999856948853,0.800000011920929,0.800000011920929,144000
0.7749999761581421,0.7749999761581421,0.6000000238418579,0.6000000238418579,0.6000000238418579,482000
