Open,High,Low,Close,Adj Close,Volume
1.7999999523162842,1.7999999523162842,1.61899995803833,1.6799999475479126,1.6799999475479126,544100
1.6299999952316284,1.6699999570846558,1.3420000076293945,1.5,1.5,555800
1.4600000381469727,1.5499999523162842,1.4199999570846558,1.5069999694824219,1.5069999694824219,303000
1.5700000524520874,1.7599999904632568,1.4800000190734863,1.7599999904632568,1.7599999904632568,257300
1.7599999904632568,2.140000104904175,1.7599999904632568,1.899999976158142,1.899999976158142,515600
1.9199999570846558,1.9199999570846558,1.4800000190734863,1.4800000190734863,1.4800000190734863,110700
1.590000033378601,2.0199999809265137,1.5299999713897705,1.9700000286102295,1.9700000286102295,882400
1.9199999570846558,1.9700000286102295,1.7000000476837158,1.9299999475479126,1.9299999475479126,333900
1.940000057220459,1.940000057220459,0.9700000286102295,1.1699999570846558,1.1699999570846558,1444100
