Open,High,Low,Close,Adj Close,Volume
0.2678999900817871,0.2734000086784363,0.26750001311302185,0.2734000086784363,0.2734000086784363,22000
0.26499998569488525,0.26499998569488525,0.2578999996185303,0.25999999046325684,0.25999999046325684,12181
0.24699999392032623,0.27309998869895935,0.24310000240802765,0.27000001072883606,0.27000001072883606,70500
0.2612999975681305,0.28999999165534973,0.25999999046325684,0.26930001378059387,0.26930001378059387,88100
0.2782000005245209,0.29429998993873596,0.2782000005245209,0.28999999165534973,0.28999999165534973,93211
0.2849000096321106,0.2849000096321106,0.28450000286102295,0.28450000286102295,0.28450000286102295,16100
0.28200000524520874,0.28200000524520874,0.28200000524520874,0.28200000524520874,0.28200000524520874,2000
0.2515999972820282,0.2515999972820282,0.2296999990940094,0.23999999463558197,0.23999999463558197,27500
0.31450000405311584,0.31450000405311584,0.31450000405311584,0.31450000405311584,0.31450000405311584,1000
