Open,High,Low,Close,Adj Close,Volume
0.6940000057220459,0.7300000190734863,0.6940000057220459,0.7210000157356262,0.7210000157356262,169100
0.6980000138282776,0.7200000286102295,0.6980000138282776,0.7139999866485596,0.7139999866485596,156200
0.6909999847412109,0.7289999723434448,0.671999990940094,0.7210000157356262,0.7210000157356262,169700
0.7129999995231628,0.7960000038146973,0.7009999752044678,0.7799999713897705,0.7799999713897705,411700
0.7509999871253967,0.7710000276565552,0.7300000190734863,0.7699999809265137,0.7699999809265137,159200
0.7400000095367432,0.7699999809265137,0.7099999785423279,0.7300000190734863,0.7300000190734863,196500
0.7229999899864197,0.7409999966621399,0.6909999847412109,0.7300000190734863,0.7300000190734863,169600
0.7099999785423279,0.7889999747276306,0.7099999785423279,0.7870000004768372,0.7870000004768372,284400
0.43299999833106995,0.4399999976158142,0.3009999990463257,0.3070000112056732,0.3070000112056732,6158700
