Open,High,Low,Close,Adj Close,Volume
0.05000000074505806,0.05000000074505806,0.03999999910593033,0.05000000074505806,0.05000000074505806,50300
0.03999999910593033,0.05000000074505806,0.03999999910593033,0.05000000074505806,0.05000000074505806,18000
0.03999999910593033,0.05000000074505806,0.03999999910593033,0.05000000074505806,0.05000000074505806,49000
0.05000000074505806,0.05000000074505806,0.05000000074505806,0.05000000074505806,0.05000000074505806,84600
0.05000000074505806,0.05000000074505806,0.05000000074505806,0.05000000074505806,0.05000000074505806,13500
0.05000000074505806,0.05000000074505806,0.05000000074505806,0.05000000074505806,0.05000000074505806,200
0.05000000074505806,0.05000000074505806,0.05000000074505806,0.05000000074505806,0.05000000074505806,16600
0.05000000074505806,0.05999999865889549,0.05000000074505806,0.05999999865889549,0.05999999865889549,117500
0.05000000074505806,0.05000000074505806,0.05000000074505806,0.05000000074505806,0.05000000074505806,10600
