Open,High,Low,Close,Adj Close,Volume
0.01600000075995922,0.01899999938905239,0.014100000262260437,0.014100000262260437,0.014100000262260437,136000
0.017500000074505806,0.01899999938905239,0.017000000923871994,0.017999999225139618,0.017999999225139618,337700
0.01769999973475933,0.02199999988079071,0.014999999664723873,0.02019999921321869,0.02019999921321869,923700
0.01850000023841858,0.01850000023841858,0.014999999664723873,0.014999999664723873,0.014999999664723873,14300
0.014700000174343586,0.017799999564886093,0.012500000186264515,0.015300000086426735,0.015300000086426735,235500
0.014700000174343586,0.020999999716877937,0.014700000174343586,0.01889999955892563,0.01889999955892563,650800
0.01889999955892563,0.01889999955892563,0.01889999955892563,0.01889999955892563,0.01889999955892563,0
0.01889999955892563,0.01889999955892563,0.01889999955892563,0.01889999955892563,0.01889999955892563,0
0.014999999664723873,0.014999999664723873,0.009999999776482582,0.011900000274181366,0.011900000274181366,173300
