Open,High,Low,Close,Adj Close,Volume
0.037300001829862595,0.037300001829862595,0.03720000013709068,0.03720000013709068,0.03720000013709068,38910
0.03700000047683716,0.03700000047683716,0.03700000047683716,0.03700000047683716,0.03700000047683716,2500
0.03700000047683716,0.03700000047683716,0.03700000047683716,0.03700000047683716,0.03700000047683716,0
0.03700000047683716,0.03700000047683716,0.03700000047683716,0.03700000047683716,0.03700000047683716,0
0.05000000074505806,0.05000000074505806,0.03641999885439873,0.03641999885439873,0.03641999885439873,55380
0.05000000074505806,0.05000000074505806,0.05000000074505806,0.05000000074505806,0.05000000074505806,7000
0.05000000074505806,0.05000000074505806,0.05000000074505806,0.05000000074505806,0.05000000074505806,0
0.05000000074505806,0.05000000074505806,0.05000000074505806,0.05000000074505806,0.05000000074505806,0
0.03220000118017197,0.03220000118017197,0.03220000118017197,0.03220000118017197,0.03220000118017197,40000
