Open,High,Low,Close,Adj Close,Volume
0.9100000262260437,0.9300000071525574,0.9100000262260437,0.9200000166893005,0.9200000166893005,12600
0.9100000262260437,0.9200000166893005,0.8999999761581421,0.9200000166893005,0.9200000166893005,24000
0.9200000166893005,0.9200000166893005,0.8999999761581421,0.9100000262260437,0.9100000262260437,15700
0.9100000262260437,0.9100000262260437,0.8999999761581421,0.8999999761581421,0.8999999761581421,7400
0.8999999761581421,0.9300000071525574,0.8899999856948853,0.9100000262260437,0.9100000262260437,20800
0.9100000262260437,0.9200000166893005,0.7799999713897705,0.8600000143051147,0.8600000143051147,17900
0.8600000143051147,0.8999999761581421,0.7900000214576721,0.8600000143051147,0.8600000143051147,32900
0.8199999928474426,0.949999988079071,0.8199999928474426,0.9100000262260437,0.9100000262260437,58800
0.8899999856948853,1.0299999713897705,0.8700000047683716,1.0099999904632568,1.0099999904632568,99000
