Open,High,Low,Close,Adj Close,Volume
0.2257000058889389,0.2257000058889389,0.2257000058889389,0.2257000058889389,0.2257000058889389,43478
0.22269999980926514,0.22269999980926514,0.22269999980926514,0.22269999980926514,0.22269999980926514,700
0.23000000417232513,0.23170000314712524,0.23000000417232513,0.23170000314712524,0.23170000314712524,8000
0.23569999635219574,0.23569999635219574,0.23569999635219574,0.23569999635219574,0.23569999635219574,5703
0.25,0.250900000333786,0.2451000064611435,0.2479500025510788,0.2479500025510788,53550
0.24899999797344208,0.27250000834465027,0.24899999797344208,0.27250000834465027,0.27250000834465027,28004
0.27639999985694885,0.28299999237060547,0.27639999985694885,0.28299999237060547,0.28299999237060547,8000
0.29600000381469727,0.3603000044822693,0.29600000381469727,0.3603000044822693,0.3603000044822693,14496
