Open,High,Low,Close,Adj Close,Volume
0.7599999904632568,0.7767000198364258,0.7400000095367432,0.7408999800682068,0.7408999800682068,1450771
0.7376999855041504,0.7749000191688538,0.7200000286102295,0.75,0.75,1373692
0.7366999983787537,0.8299999833106995,0.7366999983787537,0.8235999941825867,0.8235999941825867,993636
0.800000011920929,0.8101000189781189,0.7328000068664551,0.7353000044822693,0.7353000044822693,989102
0.7430999875068665,0.7875000238418579,0.7350500226020813,0.7789999842643738,0.7789999842643738,789466
0.7839999794960022,0.7839999794960022,0.7455000281333923,0.7649999856948853,0.7649999856948853,723757
0.7717999815940857,0.8082000017166138,0.7300000190734863,0.7350000143051147,0.7350000143051147,761361
0.7206000089645386,0.7797999978065491,0.6900100111961365,0.7063999772071838,0.7063999772071838,1027971
0.35670000314712524,0.4341000020503998,0.28999999165534973,0.3790999948978424,0.3790999948978424,17337121
