Open,High,Low,Close,Adj Close,Volume
0.27000001072883606,0.2800000011920929,0.2151000052690506,0.2303999960422516,0.2303999960422516,45392569
0.23520000278949738,0.3474999964237213,0.23520000278949738,0.2752000093460083,0.2752000093460083,18432810
0.26660001277923584,0.3447999954223633,0.2627429962158203,0.30090001225471497,0.30090001225471497,7140410
0.2808000147342682,0.28630000352859497,0.2574000060558319,0.26499998569488525,0.26499998569488525,2510455
0.2800000011920929,0.2856000065803528,0.23600000143051147,0.25,0.25,6691219
0.0012000000569969416,0.20000000298023224,0.0012000000569969416,0.20000000298023224,0.20000000298023224,2311312
0.20000000298023224,0.2994999885559082,0.1599999964237213,0.27000001072883606,0.27000001072883606,17684447
0.22499999403953552,0.48989999294281006,0.22499999403953552,0.3799999952316284,0.3799999952316284,4524084
