Open,High,Low,Close,Adj Close,Volume
1.7100000381469727,1.7100000381469727,1.6699999570846558,1.7100000381469727,1.7100000381469727,13300
1.7100000381469727,1.7100000381469727,1.7000000476837158,1.7000000476837158,1.7000000476837158,4200
1.649999976158142,1.6699999570846558,1.649999976158142,1.6699999570846558,1.6699999570846558,6600
1.6200000047683716,1.6200000047683716,1.6200000047683716,1.6200000047683716,1.6200000047683716,4000
1.6100000143051147,1.6100000143051147,1.6100000143051147,1.6100000143051147,1.6100000143051147,37400
1.5499999523162842,1.5499999523162842,1.5499999523162842,1.5499999523162842,1.5499999523162842,2200
1.6399999856948853,1.6399999856948853,1.5499999523162842,1.5499999523162842,1.5499999523162842,4500
1.6399999856948853,1.6699999570846558,1.590000033378601,1.6699999570846558,1.6699999570846558,14200
1.25,1.25,1.2400000095367432,1.2400000095367432,1.2400000095367432,122800
