Open,High,Low,Close,Adj Close,Volume
4.21999979019165,4.269999980926514,4.170000076293945,4.230000019073486,4.230000019073486,604500
4.269999980926514,4.409999847412109,4.269999980926514,4.380000114440918,4.380000114440918,507500
4.349999904632568,4.349999904632568,4.239999771118164,4.269999980926514,4.269999980926514,421000
4.150000095367432,4.320000171661377,4.139999866485596,4.320000171661377,4.320000171661377,990000
4.309999942779541,4.389999866485596,4.260000228881836,4.320000171661377,4.320000171661377,1160200
4.309999942779541,4.619999885559082,4.309999942779541,4.550000190734863,4.550000190734863,762600
4.539999961853027,4.610000133514404,4.489999771118164,4.579999923706055,4.579999923706055,689900
4.53000020980835,4.670000076293945,4.53000020980835,4.610000133514404,4.610000133514404,652000
3.200000047683716,3.384999990463257,2.9000000953674316,3.2799999713897705,3.2799999713897705,4873900
