Open,High,Low,Close,Adj Close,Volume
0.02500000037252903,0.026000000536441803,0.02500000037252903,0.026000000536441803,0.026000000536441803,141400
0.02199999988079071,0.02199999988079071,0.02199999988079071,0.02199999988079071,0.02199999988079071,8900
0.03200000151991844,0.03200000151991844,0.03200000151991844,0.03200000151991844,0.03200000151991844,5100
0.03200000151991844,0.03200000151991844,0.03200000151991844,0.03200000151991844,0.03200000151991844,0
0.014999999664723873,0.023000000044703484,0.014999999664723873,0.02199999988079071,0.02199999988079071,15700
0.02199999988079071,0.02199999988079071,0.02199999988079071,0.02199999988079071,0.02199999988079071,100
0.02199999988079071,0.02199999988079071,0.02199999988079071,0.02199999988079071,0.02199999988079071,4400
0.029999999329447746,0.029999999329447746,0.029999999329447746,0.029999999329447746,0.029999999329447746,200
0.0430000014603138,0.0430000014603138,0.03500000014901161,0.03999999910593033,0.03999999910593033,14000
