Open,High,Low,Close,Adj Close,Volume
9.800000190734863,12.399999618530273,9.0,9.600000381469727,9.600000381469727,2743843
9.0,10.600000381469727,7.800000190734863,8.899999618530273,8.899999618530273,583087
11.0,11.0,8.699999809265137,9.0,9.0,712771
9.0,9.0,7.800000190734863,8.0,8.0,280876
8.0,8.5,7.5,8.399999618530273,8.399999618530273,596498
9.899999618530273,10.800000190734863,8.5,9.399999618530273,9.399999618530273,663774
9.199999809265137,9.399999618530273,8.899999618530273,9.300000190734863,9.300000190734863,195725
9.5,10.800000190734863,9.100000381469727,10.199999809265137,10.199999809265137,363840
8.100000381469727,8.600000381469727,7.0,7.400000095367432,7.400000095367432,467193
