Open,High,Low,Close,Adj Close,Volume
4.800000190734863,4.96999979019165,4.789999961853027,4.900000095367432,4.900000095367432,423100
4.880000114440918,5.079999923706055,4.849999904632568,5.079999923706055,5.079999923706055,572400
5.099999904632568,5.179999828338623,5.010000228881836,5.119999885559082,5.119999885559082,723200
5.119999885559082,5.139999866485596,4.840000152587891,4.949999809265137,4.949999809265137,584700
5.010000228881836,5.110000133514404,4.949999809265137,4.960000038146973,4.960000038146973,365900
5.03000020980835,5.059999942779541,4.960000038146973,4.980000019073486,4.980000019073486,448000
5.03000020980835,5.150000095367432,5.0,5.039999961853027,5.039999961853027,690800
5.050000190734863,5.210000038146973,4.880000114440918,4.909999847412109,4.909999847412109,822800
5.090000152587891,5.449999809265137,5.050000190734863,5.429999828338623,5.429999828338623,822100
