Open,High,Low,Close,Adj Close,Volume
4.650000095367432,4.945000171661377,4.650000095367432,4.889999866485596,4.889999866485596,110400
4.75,4.75,4.429999828338623,4.440000057220459,4.440000057220459,126000
4.539999961853027,4.699999809265137,4.480000019073486,4.679999828338623,4.679999828338623,100000
4.760000228881836,4.760000228881836,4.565000057220459,4.710000038146973,4.710000038146973,130800
4.639999866485596,4.889999866485596,4.579999923706055,4.789999961853027,4.789999961853027,178600
4.769999980926514,4.824999809265137,4.710000038146973,4.739999771118164,4.739999771118164,146000
4.690000057220459,4.696000099182129,4.510000228881836,4.519999980926514,4.519999980926514,147900
4.639999866485596,4.639999866485596,4.420000076293945,4.420000076293945,4.420000076293945,139100
3.7899999618530273,3.880000114440918,2.5999999046325684,2.819999933242798,2.819999933242798,1338500
