Open,High,Low,Close,Adj Close,Volume
0.026399999856948853,0.026399999856948853,0.026399999856948853,0.026399999856948853,0.026399999856948853,65000
0.026399999856948853,0.026399999856948853,0.026399999856948853,0.026399999856948853,0.026399999856948853,0
0.026399999856948853,0.026399999856948853,0.026399999856948853,0.026399999856948853,0.026399999856948853,0
0.026399999856948853,0.026399999856948853,0.026399999856948853,0.026399999856948853,0.026399999856948853,0
0.026399999856948853,0.026399999856948853,0.026399999856948853,0.026399999856948853,0.026399999856948853,0
0.027799999341368675,0.027799999341368675,0.027799999341368675,0.027799999341368675,0.027799999341368675,2600
0.027799999341368675,0.027799999341368675,0.027799999341368675,0.027799999341368675,0.027799999341368675,0
0.02979999966919422,0.04500000178813934,0.02979999966919422,0.04500000178813934,0.04500000178813934,32300
0.027799999341368675,0.027799999341368675,0.027799999341368675,0.027799999341368675,0.027799999341368675,5100
