Open,High,Low,Close,Adj Close,Volume
1.8200000524520874,1.8200000524520874,1.7699999809265137,1.8200000524520874,1.8200000524520874,1100
1.7899999618530273,1.8200000524520874,1.7899999618530273,1.8200000524520874,1.8200000524520874,6100
1.8899999856948853,1.940000057220459,1.8899999856948853,1.940000057220459,1.940000057220459,9200
1.940000057220459,2.0199999809265137,1.940000057220459,2.009999990463257,2.009999990463257,157300
2.0299999713897705,2.0799999237060547,2.0199999809265137,2.0199999809265137,2.0199999809265137,383000
2.0199999809265137,2.069999933242798,2.009999990463257,2.0399999618530273,2.0399999618530273,639400
2.059999942779541,2.0999999046325684,2.049999952316284,2.0799999237060547,2.0799999237060547,132000
2.069999933242798,2.0799999237060547,2.059999942779541,2.0799999237060547,2.0799999237060547,42500
2.0,2.109999895095825,2.0,2.059999942779541,2.059999942779541,154300
