Open,High,Low,Close,Adj Close,Volume
7.480000019073486,7.679999828338623,7.199999809265137,7.239999771118164,7.239999771118164,5900
7.210000038146973,7.21999979019165,7.019999980926514,7.019999980926514,7.019999980926514,4000
6.960000038146973,7.21999979019165,6.920000076293945,7.010000228881836,7.010000228881836,7100
7.050000190734863,7.5,6.900000095367432,7.400000095367432,7.400000095367432,6800
7.349999904632568,7.460000038146973,7.099999904632568,7.449999809265137,7.449999809265137,8400
7.309999942779541,8.600000381469727,7.309999942779541,8.420000076293945,8.420000076293945,34700
8.430000305175781,9.369999885559082,7.760000228881836,9.220000267028809,9.220000267028809,43300
9.4399995803833,9.4399995803833,8.829999923706055,9.199999809265137,9.199999809265137,35300
9.229999542236328,9.289999961853027,6.300000190734863,7.070000171661377,7.070000171661377,78000
