Open,High,Low,Close,Adj Close,Volume
3.819999933242798,4.037499904632568,3.6500000953674316,3.9000000953674316,3.9000000953674316,178654
3.819999933242798,3.9000000953674316,3.3499999046325684,3.640000104904175,3.640000104904175,218540
3.5799999237060547,3.640000104904175,3.3499999046325684,3.5899999141693115,3.5899999141693115,104219
3.440000057220459,3.5,2.9000000953674316,3.009999990463257,3.009999990463257,174644
3.049999952316284,3.1277999877929688,2.9000000953674316,2.9700000286102295,2.9700000286102295,165741
2.880000114440918,2.9600000381469727,2.259999990463257,2.3299999237060547,2.3299999237060547,267449
2.490000009536743,2.5399999618530273,2.300100088119507,2.450000047683716,2.450000047683716,124813
2.490000009536743,2.490000009536743,2.200000047683716,2.240000009536743,2.240000009536743,77541
2.2100000381469727,2.358799934387207,1.7100000381469727,1.7599999904632568,1.7599999904632568,208778
