Open,High,Low,Close,Adj Close,Volume
1.3799999952316284,1.434999942779541,1.3300000429153442,1.409999966621399,1.409999966621399,185600
1.399999976158142,1.4600000381469727,1.2799999713897705,1.350000023841858,1.350000023841858,152200
1.350000023841858,1.5800000429153442,1.350000023841858,1.559999942779541,1.559999942779541,431500
1.600000023841858,1.8300000429153442,1.5399999618530273,1.7200000286102295,1.7200000286102295,646400
1.649999976158142,1.7699999809265137,1.5199999809265137,1.7400000095367432,1.7400000095367432,573800
1.7699999809265137,1.7899999618530273,1.6629999876022339,1.7699999809265137,1.7699999809265137,292600
1.6699999570846558,1.7999999523162842,1.6699999570846558,1.7200000286102295,1.7200000286102295,155000
1.690000057220459,1.8200000524520874,1.6799999475479126,1.809999942779541,1.809999942779541,199200
1.8200000524520874,3.680000066757202,1.7000000476837158,3.0899999141693115,3.0899999141693115,12531400
