Open,High,Low,Close,Adj Close,Volume
0.18000000715255737,0.18000000715255737,0.18000000715255737,0.18000000715255737,0.18000000715255737,0
0.18000000715255737,0.18000000715255737,0.18000000715255737,0.18000000715255737,0.18000000715255737,0
0.22220000624656677,0.22220000624656677,0.22220000624656677,0.22220000624656677,0.22220000624656677,200
0.19900000095367432,0.23250000178813934,0.19900000095367432,0.23000000417232513,0.23000000417232513,38300
0.2370000034570694,0.2370000034570694,0.23499999940395355,0.23600000143051147,0.23600000143051147,36900
0.20000000298023224,0.20000000298023224,0.1688999980688095,0.17000000178813934,0.17000000178813934,126300
0.17000000178813934,0.17000000178813934,0.17000000178813934,0.17000000178813934,0.17000000178813934,0
0.17499999701976776,0.23499999940395355,0.1599999964237213,0.23499999940395355,0.23499999940395355,58100
0.20000000298023224,0.20000000298023224,0.1599999964237213,0.1599999964237213,0.1599999964237213,3800
