Open,High,Low,Close,Adj Close,Volume
0.17389999330043793,0.17389999330043793,0.17389999330043793,0.17389999330043793,0.17389999330043793,0
0.10040000081062317,0.16500000655651093,0.10040000081062317,0.16500000655651093,0.16500000655651093,600
0.1671999990940094,0.1729000061750412,0.16040000319480896,0.16040000319480896,0.16040000319480896,12700
0.16040000319480896,0.17000000178813934,0.16040000319480896,0.16840000450611115,0.16840000450611115,13800
0.10400000214576721,0.1657000035047531,0.10400000214576721,0.15399999916553497,0.15399999916553497,18500
0.16369999945163727,0.16369999945163727,0.16369999945163727,0.16369999945163727,0.16369999945163727,9700
0.1670999974012375,0.1670999974012375,0.16590000689029694,0.16590000689029694,0.16590000689029694,5200
0.16590000689029694,0.16590000689029694,0.16590000689029694,0.16590000689029694,0.16590000689029694,0
0.16920000314712524,0.16920000314712524,0.1151999980211258,0.1151999980211258,0.1151999980211258,5600
