Open,High,Low,Close,Adj Close,Volume
0.05999999865889549,0.061900001019239426,0.05920000001788139,0.05920000001788139,0.05920000001788139,5800
0.06069999933242798,0.06069999933242798,0.054999999701976776,0.054999999701976776,0.054999999701976776,4900
0.06679999828338623,0.06710000336170197,0.06679999828338623,0.06710000336170197,0.06710000336170197,6335
0.07119999825954437,0.07699999958276749,0.07119999825954437,0.07119999825954437,0.07119999825954437,114100
0.07119999825954437,0.07119999825954437,0.07119999825954437,0.07119999825954437,0.07119999825954437,0
0.07119999825954437,0.07119999825954437,0.07119999825954437,0.07119999825954437,0.07119999825954437,0
0.06689999997615814,0.06689999997615814,0.06689999997615814,0.06689999997615814,0.06689999997615814,765
0.06909999996423721,0.0729999989271164,0.06909999996423721,0.0729999989271164,0.0729999989271164,52026
0.06350000202655792,0.0729999989271164,0.05609999969601631,0.057999998331069946,0.057999998331069946,9800
