Open,High,Low,Close,Adj Close,Volume
0.39800000190734863,0.4169999957084656,0.3889999985694885,0.40700000524520874,0.40700000524520874,84400
0.3959999978542328,0.4399999976158142,0.3630000054836273,0.3709999918937683,0.3709999918937683,216000
0.41499999165534973,0.41499999165534973,0.36500000953674316,0.3779999911785126,0.3779999911785126,104800
0.39800000190734863,0.40799999237060547,0.3659999966621399,0.36899998784065247,0.36899998784065247,92400
0.36899998784065247,0.3799999952316284,0.3199999928474426,0.33000001311302185,0.33000001311302185,248900
0.3199999928474426,0.33899998664855957,0.31200000643730164,0.3190000057220459,0.3190000057220459,83500
0.31700000166893005,0.3440000116825104,0.31700000166893005,0.328000009059906,0.328000009059906,2417100
0.39899998903274536,0.8799999952316284,0.3449999988079071,0.6489999890327454,0.6489999890327454,58612900
0.44200000166893005,0.5839999914169312,0.43299999833106995,0.4869999885559082,0.4869999885559082,5389000
