Open,High,Low,Close,Adj Close,Volume
0.06300000101327896,0.06300000101327896,0.03999999910593033,0.04100000113248825,0.04100000113248825,20500
0.041999999433755875,0.0560000017285347,0.04100000113248825,0.041999999433755875,0.041999999433755875,9000
0.0430000014603138,0.0560000017285347,0.029999999329447746,0.03999999910593033,0.03999999910593033,25900
0.03999999910593033,0.04899999871850014,0.03999999910593033,0.04800000041723251,0.04800000041723251,7500
0.04699999839067459,0.04800000041723251,0.04100000113248825,0.04100000113248825,0.04100000113248825,15700
0.041999999433755875,0.04800000041723251,0.04100000113248825,0.04100000113248825,0.04100000113248825,3600
0.04800000041723251,0.05400000140070915,0.041999999433755875,0.041999999433755875,0.041999999433755875,11100
0.04399999976158142,0.04399999976158142,0.041999999433755875,0.041999999433755875,0.041999999433755875,1300
0.04399999976158142,0.04399999976158142,0.04399999976158142,0.04399999976158142,0.04399999976158142,1300
0.04399999976158142,0.04699999839067459,0.029999999329447746,0.029999999329447746,0.029999999329447746,3300
