Open,High,Low,Close,Adj Close,Volume
2.0999999046325684,2.190000057220459,2.049999952316284,2.0799999237060547,2.0799999237060547,2498700
2.130000114440918,2.2100000381469727,2.0399999618530273,2.059999942779541,2.059999942779541,2308500
2.0899999141693115,2.125,1.9600000381469727,2.0,2.0,2891200
1.9600000381469727,1.9800000190734863,1.8700000047683716,1.899999976158142,1.899999976158142,1991000
1.909999966621399,1.9299999475479126,1.8200000524520874,1.840000033378601,1.840000033378601,2851700
1.850000023841858,1.8700000047683716,1.75,1.850000023841858,1.850000023841858,3682400
1.840000033378601,1.9500000476837158,1.7949999570846558,1.899999976158142,1.899999976158142,2376300
1.8300000429153442,1.9850000143051147,1.8200000524520874,1.850000023841858,1.850000023841858,2970900
1.7999999523162842,1.8140000104904175,1.440000057220459,1.440000057220459,1.440000057220459,7952200
