Open,High,Low,Close,Adj Close,Volume
11.609999656677246,12.180000305175781,11.5649995803833,12.039999961853027,12.039999961853027,169100
11.680000305175781,11.770000457763672,11.22700023651123,11.699999809265137,11.699999809265137,136900
12.0,12.819999694824219,11.839500427246094,12.720000267028809,12.720000267028809,305200
12.779999732971191,12.779999732971191,12.029999732971191,12.359999656677246,12.359999656677246,138100
12.170000076293945,12.261899948120117,11.640000343322754,11.6899995803833,11.6899995803833,116900
11.520000457763672,11.699999809265137,10.399999618530273,10.729999542236328,10.729999542236328,221600
10.640000343322754,10.787799835205078,10.5,10.6899995803833,10.6899995803833,115500
10.800000190734863,10.895000457763672,10.020000457763672,10.210000038146973,10.210000038146973,215400
10.180000305175781,10.220000267028809,9.520000457763672,9.920000076293945,9.920000076293945,214700
