Open,High,Low,Close,Adj Close,Volume
0.050999999046325684,0.050999999046325684,0.050999999046325684,0.050999999046325684,0.050999999046325684,0
0.054999999701976776,0.054999999701976776,0.05220000073313713,0.05220000073313713,0.05220000073313713,32000
0.054999999701976776,0.054999999701976776,0.050599999725818634,0.052400000393390656,0.052400000393390656,9780
0.052400000393390656,0.052400000393390656,0.052400000393390656,0.052400000393390656,0.052400000393390656,0
0.05000000074505806,0.05000000074505806,0.05000000074505806,0.05000000074505806,0.05000000074505806,10000
0.05000000074505806,0.05000000074505806,0.05000000074505806,0.05000000074505806,0.05000000074505806,0
0.052000001072883606,0.052000001072883606,0.05000000074505806,0.05000000074505806,0.05000000074505806,15800
0.05000000074505806,0.05000000074505806,0.05000000074505806,0.05000000074505806,0.05000000074505806,0
0.042500000447034836,0.042500000447034836,0.0357000008225441,0.0357000008225441,0.0357000008225441,20000
