Open,High,Low,Close,Adj Close,Volume
1.7699999809265137,1.9900000095367432,1.7699999809265137,1.8700000047683716,1.8700000047683716,70900
1.809999942779541,1.850000023841858,1.7899999618530273,1.7999999523162842,1.7999999523162842,17000
1.8200000524520874,1.8200000524520874,1.7389999628067017,1.7730000019073486,1.7730000019073486,19000
1.75,1.9149999618530273,1.75,1.8700000047683716,1.8700000047683716,33700
1.9299999475479126,1.9900000095367432,1.809999942779541,1.8700000047683716,1.8700000047683716,40300
1.850000023841858,1.934000015258789,1.8200000524520874,1.840000033378601,1.840000033378601,20000
1.8899999856948853,2.075000047683716,1.7799999713897705,2.059999942779541,2.059999942779541,95400
2.180000066757202,2.6700000762939453,2.109999895095825,2.177999973297119,2.177999973297119,1150600
1.940000057220459,1.9900000095367432,1.6799999475479126,1.7000000476837158,1.7000000476837158,178400
