Open,High,Low,Close,Adj Close,Volume
0.007000000216066837,0.03400000184774399,0.003000000026077032,0.004999999888241291,0.004999999888241291,93623
0.014999999664723873,0.014999999664723873,0.004999999888241291,0.006500000134110451,0.006500000134110451,73676
0.011300000362098217,0.011300000362098217,0.011300000362098217,0.011300000362098217,0.011300000362098217,14058
0.01140000019222498,0.01140000019222498,0.01140000019222498,0.01140000019222498,0.01140000019222498,3000
0.004999999888241291,0.0052999998442828655,0.004999999888241291,0.0052999998442828655,0.0052999998442828655,20500
0.0052999998442828655,0.0052999998442828655,0.0052999998442828655,0.0052999998442828655,0.0052999998442828655,0
0.0052999998442828655,0.0052999998442828655,0.0052999998442828655,0.0052999998442828655,0.0052999998442828655,0
0.0052999998442828655,0.019999999552965164,0.0052999998442828655,0.019999999552965164,0.019999999552965164,117462
