Open,High,Low,Close,Adj Close,Volume
6.880000114440918,6.949999809265137,6.670000076293945,6.869999885559082,6.869999885559082,194500
6.900000095367432,6.900000095367432,6.710000038146973,6.760000228881836,6.760000228881836,120800
6.739999771118164,6.760000228881836,6.570000171661377,6.699999809265137,6.699999809265137,161000
6.550000190734863,6.789999961853027,6.550000190734863,6.789999961853027,6.789999961853027,140300
6.829999923706055,6.829999923706055,6.400000095367432,6.460000038146973,6.460000038146973,197300
6.400000095367432,6.480000019073486,6.320000171661377,6.46999979019165,6.46999979019165,75000
6.5,6.710000038146973,6.5,6.690000057220459,6.690000057220459,67700
6.639999866485596,6.849999904632568,6.639999866485596,6.789999961853027,6.789999961853027,73800
6.789999961853027,6.789999961853027,6.480000019073486,6.5,6.5,118900
