Open,High,Low,Close,Adj Close,Volume
4.0,4.489999771118164,2.609999895095825,3.049999952316284,3.049999952316284,575300
3.5799999237060547,4.75,3.4100000858306885,4.0,4.0,645100
