Open,High,Low,Close,Adj Close,Volume
0.017999999225139618,0.017999999225139618,0.017999999225139618,0.017999999225139618,0.017999999225139618,0
0.019999999552965164,0.019999999552965164,0.019999999552965164,0.019999999552965164,0.019999999552965164,3000
0.03799999877810478,0.03799999877810478,0.02500000037252903,0.02500000037252903,0.02500000037252903,3100
0.02500000037252903,0.02500000037252903,0.02500000037252903,0.02500000037252903,0.02500000037252903,0
0.02500000037252903,0.02500000037252903,0.02500000037252903,0.02500000037252903,0.02500000037252903,0
0.02500000037252903,0.03700000047683716,0.02500000037252903,0.03700000047683716,0.03700000047683716,16900
0.03700000047683716,0.03700000047683716,0.03700000047683716,0.03700000047683716,0.03700000047683716,34000
0.03700000047683716,0.03700000047683716,0.03700000047683716,0.03700000047683716,0.03700000047683716,0
0.03200000151991844,0.039000000804662704,0.023000000044703484,0.023000000044703484,0.023000000044703484,17000
