Open,High,Low,Close,Adj Close,Volume
1.2400000095367432,1.2450000047683716,1.1926000118255615,1.2000000476837158,1.2000000476837158,43961
1.190000057220459,1.2099000215530396,1.1749999523162842,1.190000057220459,1.190000057220459,15574
1.2100000381469727,1.2699999809265137,1.2100000381469727,1.2599999904632568,1.2599999904632568,24871
1.246000051498413,1.246000051498413,1.2300000190734863,1.2400000095367432,1.2400000095367432,9754
1.2200000286102295,1.2599999904632568,1.2170000076293945,1.25,1.25,102508
1.2400000095367432,1.2999999523162842,1.2300000190734863,1.2899999618530273,1.2899999618530273,84440
1.2920000553131104,1.3899999856948853,1.2920000553131104,1.3799999952316284,1.3799999952316284,67577
1.2999999523162842,1.3799999952316284,1.2999999523162842,1.340000033378601,1.340000033378601,55664
1.4500000476837158,1.559999942779541,1.3700000047683716,1.5,1.5,277767
