Open,High,Low,Close,Adj Close,Volume
5.690000057220459,5.88100004196167,5.690000057220459,5.789999961853027,5.789999961853027,13300
5.900000095367432,5.900000095367432,5.75,5.809999942779541,5.809999942779541,18000
5.849999904632568,5.929999828338623,5.849999904632568,5.900000095367432,5.900000095367432,35000
6.0,6.0,5.789999961853027,5.929999828338623,5.929999828338623,7000
6.0,6.044000148773193,5.900000095367432,5.900000095367432,5.900000095367432,28300
5.900000095367432,5.901000022888184,5.789999961853027,5.849999904632568,5.849999904632568,9300
5.922999858856201,5.942999839782715,5.869999885559082,5.908999919891357,5.908999919891357,5600
5.880000114440918,5.880000114440918,5.789999961853027,5.835000038146973,5.835000038146973,50800
5.796000003814697,5.909999847412109,5.775000095367432,5.800000190734863,5.800000190734863,20700
