Open,High,Low,Close,Adj Close,Volume
5.289999961853027,5.550000190734863,5.058000087738037,5.210000038146973,5.210000038146973,8900
5.193999767303467,5.489999771118164,5.125999927520752,5.210000038146973,5.210000038146973,7500
5.170000076293945,5.440000057220459,4.710000038146973,4.710000038146973,4.710000038146973,31700
4.900000095367432,5.150000095367432,4.860000133514404,4.880000114440918,4.880000114440918,15600
4.670000076293945,5.079999923706055,4.210000038146973,4.409999847412109,4.409999847412109,73200
4.429999828338623,4.460999965667725,4.210000038146973,4.420000076293945,4.420000076293945,15000
4.159999847412109,4.420000076293945,3.7799999713897705,4.050000190734863,4.050000190734863,47800
4.099999904632568,4.690000057220459,3.8399999141693115,4.099999904632568,4.099999904632568,120400
4.199999809265137,4.369999885559082,2.5799999237060547,3.049999952316284,3.049999952316284,139400
