Open,High,Low,Close,Adj Close,Volume
0.6050000190734863,0.6200000047683716,0.5630000233650208,0.6060000061988831,0.6060000061988831,41500
0.5799999833106995,0.6060000061988831,0.5669999718666077,0.5960000157356262,0.5960000157356262,19400
0.6079999804496765,0.6079999804496765,0.5699999928474426,0.5860000252723694,0.5860000252723694,20900
0.5699999928474426,0.6000000238418579,0.5600000023841858,0.5600000023841858,0.5600000023841858,27100
0.5789999961853027,0.6309999823570251,0.5619999766349792,0.6200000047683716,0.6200000047683716,6019100
0.7490000128746033,0.800000011920929,0.6859999895095825,0.7839999794960022,0.7839999794960022,8497200
0.6850000023841858,0.8330000042915344,0.6850000023841858,0.7599999904632568,0.7599999904632568,945600
0.7200000286102295,0.8600000143051147,0.7200000286102295,0.8349999785423279,0.8349999785423279,593500
0.7799999713897705,0.8119999766349792,0.6330000162124634,0.6620000004768372,0.6620000004768372,252700
