Open,High,Low,Close,Adj Close,Volume
2.119999885559082,2.1600000858306885,2.059999942779541,2.0899999141693115,2.0899999141693115,2688500
2.119999885559082,2.259999990463257,2.0799999237060547,2.2300000190734863,2.2300000190734863,1902900
2.25,2.2799999713897705,2.180000066757202,2.2799999713897705,2.2799999713897705,1361000
2.2899999618530273,2.440000057220459,2.25,2.359999895095825,2.359999895095825,1679800
2.3499999046325684,2.4000000953674316,2.299999952316284,2.3499999046325684,2.3499999046325684,1195800
2.309999942779541,2.3399999141693115,2.240000009536743,2.2699999809265137,2.2699999809265137,1204100
2.240000009536743,2.3399999141693115,2.180000066757202,2.240000009536743,2.240000009536743,1274900
2.390000104904175,2.6700000762939453,2.319999933242798,2.5299999713897705,2.5299999713897705,5420800
