Open,High,Low,Close,Adj Close,Volume
0.08399999886751175,0.08399999886751175,0.08399999886751175,0.08399999886751175,0.08399999886751175,0
0.09399999678134918,0.09399999678134918,0.09399999678134918,0.09399999678134918,0.09399999678134918,1000
0.11800000071525574,0.11800000071525574,0.10000000149011612,0.10000000149011612,0.10000000149011612,8111
0.11800000071525574,0.11800000071525574,0.09399999678134918,0.09399999678134918,0.09399999678134918,55100
0.09399999678134918,0.09399999678134918,0.09399999678134918,0.09399999678134918,0.09399999678134918,0
0.10830000042915344,0.11599999666213989,0.10830000042915344,0.11599999666213989,0.11599999666213989,1500
0.11599999666213989,0.11599999666213989,0.11599999666213989,0.11599999666213989,0.11599999666213989,0
0.11599999666213989,0.11599999666213989,0.11599999666213989,0.11599999666213989,0.11599999666213989,0
0.10400000214576721,0.10400000214576721,0.09000000357627869,0.09000000357627869,0.09000000357627869,12200
