Open,High,Low,Close,Adj Close,Volume
0.1826000064611435,0.1949000060558319,0.17260000109672546,0.1949000060558319,0.1949000060558319,17100
0.1784999966621399,0.18459999561309814,0.16259999573230743,0.18459999561309814,0.18459999561309814,80900
0.18559999763965607,0.1898999959230423,0.1589999943971634,0.17980000376701355,0.17980000376701355,51400
0.18979999423027039,0.1899999976158142,0.18199999630451202,0.1899999976158142,0.1899999976158142,33400
0.19059999287128448,0.19249999523162842,0.17299999296665192,0.17299999296665192,0.17299999296665192,113500
0.18000000715255737,0.25999999046325684,0.17000000178813934,0.24580000340938568,0.24580000340938568,379000
0.24500000476837158,0.24500000476837158,0.2199999988079071,0.23680000007152557,0.23680000007152557,7700
0.2199999988079071,0.2199999988079071,0.20020000636577606,0.20749999582767487,0.20749999582767487,16400
0.21969999372959137,0.2549999952316284,0.1981000006198883,0.25,0.25,89600
