Open,High,Low,Close,Adj Close,Volume
0.7329999804496765,0.7329999804496765,0.7329999804496765,0.7329999804496765,0.7329999804496765,0
0.7329999804496765,0.7329999804496765,0.7329999804496765,0.7329999804496765,0.7329999804496765,0
0.7329999804496765,0.7329999804496765,0.7329999804496765,0.7329999804496765,0.7329999804496765,0
0.7329999804496765,0.7329999804496765,0.7329999804496765,0.7329999804496765,0.7329999804496765,0
0.7329999804496765,0.7329999804496765,0.7329999804496765,0.7329999804496765,0.7329999804496765,0
0.7329999804496765,0.7329999804496765,0.7329999804496765,0.7329999804496765,0.7329999804496765,0
0.7329999804496765,0.7329999804496765,0.7329999804496765,0.7329999804496765,0.7329999804496765,0
0.7329999804496765,0.7329999804496765,0.7329999804496765,0.7329999804496765,0.7329999804496765,0
0.5580000281333923,0.5580000281333923,0.5580000281333923,0.5580000281333923,0.5580000281333923,1200
0.7009999752044678,0.7009999752044678,0.01600000075995922,0.01600000075995922,0.01600000075995922,3100
