Open,High,Low,Close,Adj Close,Volume
6.739999771118164,7.119999885559082,6.679999828338623,6.869999885559082,6.869999885559082,142900
6.840000152587891,6.920000076293945,6.480000019073486,6.570000171661377,6.570000171661377,141100
6.619999885559082,6.920000076293945,6.510000228881836,6.849999904632568,6.849999904632568,139000
6.75,7.369999885559082,6.53000020980835,7.179999828338623,7.179999828338623,348700
7.179999828338623,7.800000190734863,7.099999904632568,7.769999980926514,7.769999980926514,198300
7.690000057220459,7.75,7.150000095367432,7.190000057220459,7.190000057220459,228100
7.119999885559082,7.400000095367432,7.019999980926514,7.179999828338623,7.179999828338623,225300
7.179999828338623,7.619999885559082,6.920000076293945,7.53000020980835,7.53000020980835,199700
7.579999923706055,10.260000228881836,7.579999923706055,9.649999618530273,9.649999618530273,2198700
