Open,High,Low,Close,Adj Close,Volume
3.0,3.009999990463257,3.0,3.0,3.0,330
3.0999999046325684,4.900000095367432,3.0799999237060547,4.0,4.0,28250
4.0,4.0,3.5,3.799999952316284,3.799999952316284,2450
3.7300000190734863,3.9000000953674316,3.5,3.619999885559082,3.619999885559082,1180
3.5,3.5,3.200000047683716,3.2300000190734863,3.2300000190734863,1900
3.259999990463257,3.4600000381469727,2.940000057220459,3.2699999809265137,3.2699999809265137,3800
3.200000047683716,4.28000020980835,3.200000047683716,4.119999885559082,4.119999885559082,21420
4.449999809265137,5.099999904632568,4.179999828338623,4.570000171661377,4.570000171661377,39860
4.429999828338623,4.800000190734863,3.7799999713897705,4.0,4.0,5980
